name	occurrences	editions	_match_status	_confidence	_person_id	_person_name	context	place_ref	action	suggested_id	notes
המגיד	418	Adat-Zadikim2024-09-25b,Adat-Zadikim2024-09-25b_corrected,Buzina_Denehora20251129_corrected,Hitgalut-HaZadikim2025-12-01_gemini,Khal-Hasidim2024-9-25,Khal-Hasidim2024-9-25_corrected,Kokhvei-Or2025-11-29_corrected,Maasiot-Pliot2026-01-10_corrected,Maasiot-veSihot-Zadikim2026-01-10_corrected,MaasiyotUmaamarimYekarim_with_annotations (1)_corrected,MaasyiotMzadikeiYesodeiOlam_20251128_corrected,Mifalot-HaZadikim2025-06-22_corrected,Shemen-Hatov2025-12-01_gemini,Shivei-Habesht2024-12-15_corrected,Shivhei-Harav2024-10-29,Shivhei-Harav2024-10-29_corrected,Shlosha-edrei-zon2025-11-28_corrected,Sipurei-Zadikim2025-06-22,Sipurei-Zadikim2025-06-22_corrected,Sipurim-Nehmadim20251129_corrected,SipurimUmaamarimYekarim_Hebrewbooks_org_3804_gemini,maase-zadikim2025-06-22,maase-zadikim2025-06-22_corrected,shivheiZadikim2026-01-10_corrected	no_match	0.0			"שמעתי מאבא מארי שיחי' הרב הקדוש הגאון בו״ק מוה' מנחם מענדיל נ""י
                            מוויטעפסק בעהמ""ח ספר פרי
                            הארץ הי' לומד אצל הרב הק' המגיד הגדול
                 "				
בעש״ט	398	Buzina_Denehora20251129,Buzina_Denehora20251129_corrected,Maasiot-Pliot2026-01-10,Maasiot-Pliot2026-01-10_corrected,Maasiot-veSihot-Zadikim2026-01-10,Maasiot-veSihot-Zadikim2026-01-10_corrected,MaasiyotUmaamarimYekarim_with_annotations (1),MaasiyotUmaamarimYekarim_with_annotations (1)_corrected,MaasyiotMzadikeiYesodeiOlam_20251128,Sefer-Moraim-Gdolim2025-11-28,Sefer-Moraim-Gdolim2025-11-28_corrected,Sipurei-Kdoshim-2025-11-28,Sipurei-Kdoshim-2025-11-28_corrected,Sipurim-Nehmadim20251129,Sipurim-Nehmadim20251129_corrected,shivheiZadikim2026-01-10	name_exact	0.95	Tsadik_001.001		"מסיני. והייתי על קבר הבעש״ט ובקשתי ממנו שיהי׳ לי כח לקבל
					את התורה וחזרתי לביתי וקבלתי התורה בחג השבועות. בקולות
					וברקם. ועכשיו אני רואה שאין כח בידי ובקשתי מזקיני.
					הבעש״ט. שיקחו ממני זאת"				
הבעש״ט	328	Buzina_Denehora20251129_corrected,Hitgalut-HaZadikim2025-12-01_gemini,Kokhvei-Or2025-11-29_corrected,Maasiot-Pliot2026-01-10_corrected,Maasiot-veSihot-Zadikim2026-01-10,Maasiot-veSihot-Zadikim2026-01-10_corrected,MaasiyotUmaamarimYekarim_with_annotations (1),MaasiyotUmaamarimYekarim_with_annotations (1)_corrected,MaasyiotMzadikeiYesodeiOlam_20251128_corrected,Mifalot-HaZadikim2025-06-22,Shemen-Hatov2025-12-01_gemini,Shlosha-edrei-zon2025-11-28_corrected,Sipurei-Kdoshim-2025-11-28,Sipurei-Kdoshim-2025-11-28_corrected,SipureiAnsheiShem2025-12-01_gemini,Sipurim-Nehmadim20251129,Sipurim-Nehmadim20251129_corrected,SipurimUmaamarimYekarim_Hebrewbooks_org_3804_gemini,shivheiZadikim2026-01-10_corrected	name_exact	0.95	Tsadik_001.001		"פ""א בא מחותנו הרב הק'. ר׳ שלמה קארלינר ולק' טאלטשין
					והלך הרב ר שלמה מן האכסניא שלו אלי הרב הק׳ ר׳ ברוך.
					והלכו עמו עולם גדול מאנשי טאלטשין. וכשפתח הרב הק ר׳ שלמה.
					את הפתח נרתת לאחוריו. ו"				
"הבעש""ט"	323	Adat-Zadikim2024-09-25b,Buzina_Denehora20251129_corrected,Hitgalut-HaZadikim2025-12-01_gemini,Khal-Hasidim2024-9-25,Kokhvei-Or2025-11-29_corrected,Maasiot-Pliot2026-01-10_corrected,MaasiyotUmaamarimYekarim_with_annotations (1),MaasiyotUmaamarimYekarim_with_annotations (1)_corrected,MaasyiotMzadikeiYesodeiOlam_20251128_corrected,Mifalot-HaZadikim2025-06-22,Shemen-Hatov2025-12-01_gemini,Sipurim-Nehmadim20251129_corrected,maase-zadikim2025-06-22	name_exact	0.95	Tsadik_001.001		"הבעש״ט ז""ל קודם פטירתו קרא לכל
                    התלמידים שלהם ויצוה להם איך יתנהגו וממה יהי' פרנסת כל אחד. ולקצת מהם גילה איך
                    שיתנהג הזמן אתם. והי' אצלו תלמיד אחד אשר היה משרתו "				
ברוך	283	Buzina_Denehora20251129,Buzina_Denehora20251129_corrected,Hitgalut-HaZadikim2025-12-01_gemini,Khal-Hasidim2024-9-25,Khal-Hasidim2024-9-25_corrected,Kokhvei-Or2025-11-29,Kokhvei-Or2025-11-29_corrected,Maasiot-veSihot-Zadikim2026-01-10,Maasiot-veSihot-Zadikim2026-01-10_corrected,MaasiyotUmaamarimYekarim_with_annotations (1),MaasiyotUmaamarimYekarim_with_annotations (1)_corrected,Mifalot-HaZadikim2025-06-22,Mifalot-HaZadikim2025-06-22_corrected,Sefer-Moraim-Gdolim2025-11-28,Sefer-Moraim-Gdolim2025-11-28_corrected,Shivhei-Harav2024-10-29,Shivhei-Harav2024-10-29_corrected,Sipurei-Zadikim2025-06-22,Sipurei-Zadikim2025-06-22_corrected,maase-zadikim2025-06-22_corrected,shivheiZadikim2026-01-10,shivheiZadikim2026-01-10_corrected	no_match	0.0			"בימי חורפו היה יושב הרב הק׳ ר״ר ברוך וצללה״ה בק""ק אוסטרא
					והי׳ נחבא אל הכלים ולא אמר שום תורה. פ""א ביקש
					אותו הרב הק' ר' פנחס מקאריץ לומר לו תורה. השיב לו אחות
					לנו קטנה. היינו השכל היא קט"				
משה	242	Adat-Zadikim2024-09-25b,Adat-Zadikim2024-09-25b_corrected,Buzina_Denehora20251129,Buzina_Denehora20251129_corrected,Dvarim-Yekarim2025-12-01_gemini,Hitgalut-HaZadikim2025-12-01_gemini,Khal-Hasidim2024-9-25,Khal-Hasidim2024-9-25_corrected,Kokhvei-Or2025-11-29,Kokhvei-Or2025-11-29_corrected,Maasiot-veSihot-Zadikim2026-01-10,Maasiot-veSihot-Zadikim2026-01-10_corrected,MaasiyotUmaamarimYekarim_with_annotations (1),MaasiyotUmaamarimYekarim_with_annotations (1)_corrected,MaasyiotMzadikeiYesodeiOlam_20251128,MaasyiotMzadikeiYesodeiOlam_20251128_corrected,Mifalot-HaZadikim2025-06-22,Mifalot-HaZadikim2025-06-22_corrected,Shemen-Hatov2025-12-01_gemini,Shivei-Habesht2024-12-15_corrected,Shivhei-Harav2024-10-29_corrected,Shlosha-edrei-zon2025-11-28,Shlosha-edrei-zon2025-11-28_corrected,Sipurei-Kdoshim-2025-11-28,Sipurei-Kdoshim-2025-11-28_corrected,Sipurei-Zadikim2025-06-22_corrected,Sipurim-Nehmadim20251129,Sipurim-Nehmadim20251129_corrected,SipurimUmaamarimYekarim_Hebrewbooks_org_3804_gemini,Smichat-Moshe_2025-08-26,maase-zadikim2025-06-22_corrected,shivheiZadikim2026-01-10,shivheiZadikim2026-01-10_corrected	name_exact	0.95	Biblical_Moses		"לאנשי העיר קראקא המעוטרה ובעת ההוא התחיל
                    להופיע יקר וגדולת רבינו משה בעל המפה על
                        הש""ע אשר היי אז בן שמונה עשרה שנה ובכל קצוי ארץ שמעו את
                   "				
דוד	231	Adat-Zadikim2024-09-25b,Adat-Zadikim2024-09-25b_corrected,Buzina_Denehora20251129,Buzina_Denehora20251129_corrected,Khal-Hasidim2024-9-25,Khal-Hasidim2024-9-25_corrected,Khal-Kdoshim2025-06-22_corrected,Kokhvei-Or2025-11-29,Kokhvei-Or2025-11-29_corrected,Maasiot-veSihot-Zadikim2026-01-10,Maasiot-veSihot-Zadikim2026-01-10_corrected,MaasyiotMzadikeiYesodeiOlam_20251128,MaasyiotMzadikeiYesodeiOlam_20251128_corrected,Mifalot-HaZadikim2025-06-22_corrected,PeerMikdoshim2024-10-13_corrected,Shemen-Hatov2025-12-01_gemini,Shivei-Habesht2024-12-15_corrected,Shivhei-Harav2024-10-29_corrected,Shlosha-edrei-zon2025-11-28,Shlosha-edrei-zon2025-11-28_corrected,Sipurei-Kdoshim-2025-11-28,Sipurei-Kdoshim-2025-11-28_corrected,Sipurei-Zadikim2025-06-22,Sipurei-Zadikim2025-06-22_corrected,SipureiAnsheiShem2025-12-01_gemini,Sipurim-Nehmadim20251129,Sipurim-Nehmadim20251129_corrected,SipurimUmaamarimYekarim_Hebrewbooks_org_3804_gemini,maase-zadikim2025-06-22,maase-zadikim2025-06-22_corrected,shivheiZadikim2026-01-10,shivheiZadikim2026-01-10_corrected	name_exact	0.95	Biblical_David		"מעשה שנסע הרב הקדוש ר׳ דוד ממיקלייעב
                        להבעש״ט על יוה״כ והיה דרכו בקודש
                    תמיד להיות אצל הבעש״ט כל ימים הנוראים
                    היינו מקודם ר""ה עד אחר יוה״כ"				
ליב	223	Adat-Zadikim2024-09-25b_corrected,Buzina_Denehora20251129,Buzina_Denehora20251129_corrected,Hitgalut-HaZadikim2025-12-01_gemini,Khal-Hasidim2024-9-25,Khal-Hasidim2024-9-25_corrected,MaasiyotUmaamarimYekarim_with_annotations (1),MaasiyotUmaamarimYekarim_with_annotations (1)_corrected,Mifalot-HaZadikim2025-06-22,Mifalot-HaZadikim2025-06-22_corrected,Shemen-Hatov2025-12-01_gemini,Shivei-Habesht2024-12-15_corrected,Shivhei-Harav2024-10-29,Shivhei-Harav2024-10-29_corrected,Sipurei-Zadikim2025-06-22,Sipurei-Zadikim2025-06-22_corrected,Sipurim-Nehmadim20251129,Sipurim-Nehmadim20251129_corrected,Smichat-Moshe_2025-08-26,maase-zadikim2025-06-22_corrected	phonetic	0.5	Tsadik_012.077		"המעשה המבואר בשבחי בעש״ט מהבעש״ט אשר היה אצל הדירזאווצעס
                    דק' סלוצק הרכיב שם חמר גמל ולא סיפרה
                    לאמיתה והוא לא אשם בזה כי עבור המרחק רב אשר מהעיר הנ""ל להכותב שבחי"				
ישראל	218	Adat-Zadikim2024-09-25b_corrected,Buzina_Denehora20251129,Khal-Hasidim2024-9-25,Khal-Hasidim2024-9-25_corrected,Khal-Kdoshim2025-06-22_corrected,Kokhvei-Or2025-11-29_corrected,Maasiot-veSihot-Zadikim2026-01-10,Maasiot-veSihot-Zadikim2026-01-10_corrected,MaasiyotUmaamarimYekarim_with_annotations (1),MaasiyotUmaamarimYekarim_with_annotations (1)_corrected,Mifalot-HaZadikim2025-06-22,Mifalot-HaZadikim2025-06-22_corrected,Shemen-Hatov2025-12-01_gemini,Shivei-Habesht2024-12-15_corrected,Shivhei-Harav2024-10-29,Shivhei-Harav2024-10-29_corrected,Sipurei-Zadikim2025-06-22,Sipurei-Zadikim2025-06-22_corrected,SipureiAnsheiShem2025-12-01_gemini,SipurimUmaamarimYekarim_Hebrewbooks_org_3804_gemini,maase-zadikim2025-06-22_corrected,tmimei_derech_2026-01-10,tmimei_derech_2026-01-10_corrected	no_match	0.0			"מעשה מלידת הרב הגאון הקדוש מוה׳ ישראל מ״מ דק""ק קאזעניץ :"				
יעקב	206	Adat-Zadikim2024-09-25b,Adat-Zadikim2024-09-25b_corrected,Buzina_Denehora20251129,Buzina_Denehora20251129_corrected,Khal-Hasidim2024-9-25,Khal-Hasidim2024-9-25_corrected,Khal-Kdoshim2025-06-22_corrected,Kokhvei-Or2025-11-29_corrected,Maasiot-veSihot-Zadikim2026-01-10,Maasiot-veSihot-Zadikim2026-01-10_corrected,MaasiyotUmaamarimYekarim_with_annotations (1),MaasiyotUmaamarimYekarim_with_annotations (1)_corrected,MaasyiotMzadikeiYesodeiOlam_20251128,MaasyiotMzadikeiYesodeiOlam_20251128_corrected,Mifalot-HaZadikim2025-06-22_corrected,Shemen-Hatov2025-12-01_gemini,Shivei-Habesht2024-12-15_corrected,Shlosha-edrei-zon2025-11-28,Shlosha-edrei-zon2025-11-28_corrected,Sipurei-Kdoshim-2025-11-28,Sipurei-Kdoshim-2025-11-28_corrected,Sipurei-Zadikim2025-06-22,Sipurei-Zadikim2025-06-22_corrected,Sipurim-Nehmadim20251129,Sipurim-Nehmadim20251129_corrected,maase-zadikim2025-06-22,maase-zadikim2025-06-22_corrected,shivheiZadikim2026-01-10,shivheiZadikim2026-01-10_corrected,tmimei_derech_2026-01-10,tmimei_derech_2026-01-10_corrected	name_exact	0.95	Biblical_Jacob		"הבעש״ט ז""ל קודם פטירתו קרא לכל
                    התלמידים שלהם ויצוה להם איך יתנהגו וממה יהי' פרנסת כל אחד. ולקצת מהם גילה איך
                    שיתנהג הזמן אתם. והי' אצלו תלמיד אחד אשר היה משרתו "				
אברהם	205	Buzina_Denehora20251129,Buzina_Denehora20251129_corrected,Hitgalut-HaZadikim2025-12-01_gemini,Khal-Hasidim2024-9-25,Khal-Hasidim2024-9-25_corrected,Kokhvei-Or2025-11-29,Kokhvei-Or2025-11-29_corrected,Maasiot-veSihot-Zadikim2026-01-10,Maasiot-veSihot-Zadikim2026-01-10_corrected,MaasyiotMzadikeiYesodeiOlam_20251128,MaasyiotMzadikeiYesodeiOlam_20251128_corrected,Mifalot-HaZadikim2025-06-22,Mifalot-HaZadikim2025-06-22_corrected,Shemen-Hatov2025-12-01_gemini,Shivei-Habesht2024-12-15_corrected,Shivhei-Harav2024-10-29,Shivhei-Harav2024-10-29_corrected,Shlosha-edrei-zon2025-11-28,Shlosha-edrei-zon2025-11-28_corrected,Sipurei-Kdoshim-2025-11-28,Sipurei-Kdoshim-2025-11-28_corrected,Sipurei-Zadikim2025-06-22,Sipurei-Zadikim2025-06-22_corrected,SipurimUmaamarimYekarim_Hebrewbooks_org_3804_gemini,Smichat-Moshe_2025-08-26,maase-zadikim2025-06-22,maase-zadikim2025-06-22_corrected,tmimei_derech_2026-01-10,tmimei_derech_2026-01-10_corrected	name_exact	0.95	Tsadik_012.193		"פ״א נתארח בק""ק ראשקיב בימי החורף ועדיין לא קידש את
					הלבנה. מחמת שלא האירה הלבנה עד זו הלילה. ואף בזו
					הלילה לא האירה הלבנה. ומאוד הי׳ בזו הלילה ענן גדול. ושלג
					ירד עד למאוד. והוא הכין א״ע "				
אליהו	195	Adat-Zadikim2024-09-25b,Adat-Zadikim2024-09-25b_corrected,Buzina_Denehora20251129,Hitgalut-HaZadikim2025-12-01_gemini,Khal-Hasidim2024-9-25,Khal-Hasidim2024-9-25_corrected,Kokhvei-Or2025-11-29,Kokhvei-Or2025-11-29_corrected,Maasiot-Pliot2026-01-10,Maasiot-Pliot2026-01-10_corrected,Maasiot-veSihot-Zadikim2026-01-10,Maasiot-veSihot-Zadikim2026-01-10_corrected,MaasiyotUmaamarimYekarim_with_annotations (1),MaasiyotUmaamarimYekarim_with_annotations (1)_corrected,MaasyiotMzadikeiYesodeiOlam_20251128,MaasyiotMzadikeiYesodeiOlam_20251128_corrected,Mifalot-HaZadikim2025-06-22_corrected,PeerMikdoshim2024-10-13,PeerMikdoshim2024-10-13_corrected,Shemen-Hatov2025-12-01_gemini,Shivei-Habesht2024-12-15_corrected,Shivhei-Harav2024-10-29,Shivhei-Harav2024-10-29_corrected,Sipurei-Kdoshim-2025-11-28,Sipurei-Kdoshim-2025-11-28_corrected,Sipurei-Zadikim2025-06-22,Sipurei-Zadikim2025-06-22_corrected,SipureiAnsheiShem2025-12-01_gemini,Sipurim-Nehmadim20251129,Sipurim-Nehmadim20251129_corrected,SipurimUmaamarimYekarim_Hebrewbooks_org_3804_gemini,Smichat-Moshe_2025-08-26,Smichat-Moshe_2025-08-26_corrected,tmimei_derech_2026-01-10,tmimei_derech_2026-01-10_corrected	name_exact	0.95	Biblical_Elijah		"מעשה שבקשו תלמידי הבעש״ט מאוד את
                        הבעש״ט שיראה להם את
                        אליהו ז""ל. ובקשו אותו כמה פעמים והי' מבטיח להם שיראה
                    להם. פעם אחת הלך הבעש״ט עם"				
יצחק	165	Buzina_Denehora20251129,Hitgalut-HaZadikim2025-12-01_gemini,Khal-Hasidim2024-9-25,Khal-Hasidim2024-9-25_corrected,Khal-Kdoshim2025-06-22_corrected,Kokhvei-Or2025-11-29,Kokhvei-Or2025-11-29_corrected,Maasiot-veSihot-Zadikim2026-01-10,Maasiot-veSihot-Zadikim2026-01-10_corrected,MaasiyotUmaamarimYekarim_with_annotations (1),MaasiyotUmaamarimYekarim_with_annotations (1)_corrected,MaasyiotMzadikeiYesodeiOlam_20251128,MaasyiotMzadikeiYesodeiOlam_20251128_corrected,Mifalot-HaZadikim2025-06-22,Mifalot-HaZadikim2025-06-22_corrected,PeerMikdoshim2024-10-13_corrected,Shemen-Hatov2025-12-01_gemini,Shivei-Habesht2024-12-15_corrected,Shlosha-edrei-zon2025-11-28,Shlosha-edrei-zon2025-11-28_corrected,Sipurei-Kdoshim-2025-11-28,Sipurei-Kdoshim-2025-11-28_corrected,Sipurim-Nehmadim20251129_corrected,Smichat-Moshe_2025-08-26,maase-zadikim2025-06-22,maase-zadikim2025-06-22_corrected,shivheiZadikim2026-01-10,shivheiZadikim2026-01-10_corrected,tmimei_derech_2026-01-10,tmimei_derech_2026-01-10_corrected	name_exact	0.95	Biblical_Isaac		"עט""ר הה""ק ר׳ ישראל שליט״א יקח ג""כ ספר אחר כשיצא מהדפוס
					עט״ר הה״ק הר׳ יצחק שליט״א יקח אי״ה ספר אחד כשיצא לאור במחיר
					אשר ישית עליו המביא לבית הדפוס ובאתי עה״ח ישראל בפקודת קדשו
					עט״ר תנא ד"				
מרדכי	159	Adat-Zadikim2024-09-25b_corrected,Buzina_Denehora20251129,Hitgalut-HaZadikim2025-12-01_gemini,Khal-Hasidim2024-9-25,Khal-Hasidim2024-9-25_corrected,Khal-Kdoshim2025-06-22_corrected,Kokhvei-Or2025-11-29,Kokhvei-Or2025-11-29_corrected,Maasiot-veSihot-Zadikim2026-01-10,Maasiot-veSihot-Zadikim2026-01-10_corrected,MaasyiotMzadikeiYesodeiOlam_20251128,MaasyiotMzadikeiYesodeiOlam_20251128_corrected,Mifalot-HaZadikim2025-06-22,Mifalot-HaZadikim2025-06-22_corrected,Shemen-Hatov2025-12-01_gemini,Shivhei-Harav2024-10-29,Shivhei-Harav2024-10-29_corrected,Sipurei-Zadikim2025-06-22,Sipurei-Zadikim2025-06-22_corrected,SipureiAnsheiShem2025-12-01_gemini,SipurimUmaamarimYekarim_Hebrewbooks_org_3804_gemini,Smichat-Moshe_2025-08-26,shivheiZadikim2026-01-10,shivheiZadikim2026-01-10_corrected,tmimei_derech_2026-01-10,tmimei_derech_2026-01-10_corrected	name_exact	0.95	Tsadik_012.301		"ויהי אחרי הדברים האלה עשה הרה״מ שידוך
                    עם היתומה בת הרר""א הנ""ל עם הרה״ק ר׳ מנחם נחום
                            מ ז""ל עבור
                    בנו הרה״ק ר' טשארנאבילמרדכי מ ז""ל והי"				
פנחס	144	Buzina_Denehora20251129,Buzina_Denehora20251129_corrected,Hitgalut-HaZadikim2025-12-01_gemini,Khal-Hasidim2024-9-25,Khal-Hasidim2024-9-25_corrected,Maasiot-veSihot-Zadikim2026-01-10,Maasiot-veSihot-Zadikim2026-01-10_corrected,MaasiyotUmaamarimYekarim_with_annotations (1),MaasiyotUmaamarimYekarim_with_annotations (1)_corrected,MaasyiotMzadikeiYesodeiOlam_20251128,MaasyiotMzadikeiYesodeiOlam_20251128_corrected,Mifalot-HaZadikim2025-06-22_corrected,Sefer-Moraim-Gdolim2025-11-28,Sefer-Moraim-Gdolim2025-11-28_corrected,Shemen-Hatov2025-12-01_gemini,Shivei-Habesht2024-12-15_corrected,Shivhei-Harav2024-10-29,Shivhei-Harav2024-10-29_corrected,SipurimUmaamarimYekarim_Hebrewbooks_org_3804_gemini,maase-zadikim2025-06-22,maase-zadikim2025-06-22_corrected,shivheiZadikim2026-01-10,shivheiZadikim2026-01-10_corrected	name_exact	0.95	Tsadik_017.002		"תהלים קז
					ויצעקו אל ד' בצר להם. והקשה. מה הי׳ כוונת דהמע""ה
					שעשה מזמור מזה. הא בגמרא איתא סתם
					ארבעה צריכים להודות וכל אחד כשאירע לו איזה נס יזמר
					להקב""ה כמו שירצה. ותירץ. דזה ידוע. מא"				
מאיר	141	Khal-Hasidim2024-9-25,Khal-Hasidim2024-9-25_corrected,Kokhvei-Or2025-11-29,Kokhvei-Or2025-11-29_corrected,Maasiot-veSihot-Zadikim2026-01-10,Maasiot-veSihot-Zadikim2026-01-10_corrected,PeerMikdoshim2024-10-13,PeerMikdoshim2024-10-13_corrected,Shemen-Hatov2025-12-01_gemini,Shlosha-edrei-zon2025-11-28_corrected,Sipurei-Zadikim2025-06-22,Sipurei-Zadikim2025-06-22_corrected,Smichat-Moshe_2025-08-26,shivheiZadikim2026-01-10,shivheiZadikim2026-01-10_corrected	no_match	0.0			"גם שמעתי מר' מאיר הנ""ל שהיה באותו העיר אומן הנקרא שופאוואל
                    והיה מתפלל בקיץ ובחורף בבה""כ בקביעות
                        בקבועות אפי' לא היה עשרה בבה""כ היה מתפלל ביחידות פ״א ראה
   "				
׳	131	Buzina_Denehora20251129,Maasiot-Pliot2026-01-10,Maasiot-veSihot-Zadikim2026-01-10,Maasiot-veSihot-Zadikim2026-01-10_corrected,MaasiyotUmaamarimYekarim_with_annotations (1),MaasiyotUmaamarimYekarim_with_annotations (1)_corrected,MaasyiotMzadikeiYesodeiOlam_20251128,Sefer-Moraim-Gdolim2025-11-28,Shlosha-edrei-zon2025-11-28,Shlosha-edrei-zon2025-11-28_corrected,Sipurim-Nehmadim20251129,Smichat-Moshe_2025-08-26,shivheiZadikim2026-01-10,shivheiZadikim2026-01-10_corrected	no_match	0.0			"אמר המביא להבי״ד הן זה רבות בשנים עברו. מאז בא לידי
					מתנה טובה מרגניתא טבא אור הגנוז אשר עדיין לא הי'
					נעולמיםלעולמים. המה כתבי קודש. לקוטים יקרים מפנינים שיצאו מפי
					קודש הקדשים. נשיא אלקי"				
נחום	129	Adat-Zadikim2024-09-25b,Adat-Zadikim2024-09-25b_corrected,Dvarim-Yekarim2025-12-01_gemini,Khal-Hasidim2024-9-25,Khal-Hasidim2024-9-25_corrected,MaasiyotUmaamarimYekarim_with_annotations (1),MaasiyotUmaamarimYekarim_with_annotations (1)_corrected,Mifalot-HaZadikim2025-06-22,Mifalot-HaZadikim2025-06-22_corrected,Shemen-Hatov2025-12-01_gemini,Shivhei-Harav2024-10-29_corrected,Sipurei-Zadikim2025-06-22_corrected,SipurimUmaamarimYekarim_Hebrewbooks_org_3804_gemini,shivheiZadikim2026-01-10,shivheiZadikim2026-01-10_corrected	no_match	0.0			"אשר נתקשר בשידוכין עם הרה״ק ר' מנחם הנ""ל ואמר אז כי יקר
                    אצלו מאוד צאצאי הקדוש ר' אהרן מחמת כי
                    הי' אז בעת קישורי התנאים שאמר הרר""מ שראה אותם בלבושים הנ""ל
       "				
בעריש	120	Maasiot-veSihot-Zadikim2026-01-10,Maasiot-veSihot-Zadikim2026-01-10_corrected,Shemen-Hatov2025-12-01_gemini,Shlosha-edrei-zon2025-11-28,Shlosha-edrei-zon2025-11-28_corrected,Smichat-Moshe_2025-08-26	no_match	0.0			"הרב הצדיק הגאון הקדוש מוה׳ צבי מזידיטשוב זל""הה קודם שנתפרסם
					בעולם היה עני מאוד וביקש מהשי״ת על פרנסה ופעם אחת קם בחצית
					לילה לעבודת השם כמנהגו וראה אור גדול בביתו והיה מדמה לו ששורף
					איזה"				
יוסף	109	Buzina_Denehora20251129,Khal-Hasidim2024-9-25,Khal-Hasidim2024-9-25_corrected,Kokhvei-Or2025-11-29,Kokhvei-Or2025-11-29_corrected,Maasiot-veSihot-Zadikim2026-01-10,Maasiot-veSihot-Zadikim2026-01-10_corrected,MaasiyotUmaamarimYekarim_with_annotations (1),MaasiyotUmaamarimYekarim_with_annotations (1)_corrected,MaasyiotMzadikeiYesodeiOlam_20251128_corrected,Mifalot-HaZadikim2025-06-22_corrected,Shemen-Hatov2025-12-01_gemini,Shivei-Habesht2024-12-15_corrected,Smichat-Moshe_2025-08-26,shivheiZadikim2026-01-10,shivheiZadikim2026-01-10_corrected	name_exact	0.95	Biblical_Joseph		"חולין ו׳ ע״א
					פנחס בן יאיר הוי קאזיל לפדיון שבויים. פגע בי׳ בגינאי
					נהרא. אמר לי׳. גינאי חלוק לי מימך. ואעבור
					בך. חלק לי'. הוה האי גברא דהוי דארי חיטי לפיסחא אמר לי'
					חלוק למי להאי וכ"				
עזריאל	107	Khal-Hasidim2024-9-25,Khal-Hasidim2024-9-25_corrected,Maasiot-veSihot-Zadikim2026-01-10,Maasiot-veSihot-Zadikim2026-01-10_corrected,Sipurei-Zadikim2025-06-22,Sipurei-Zadikim2025-06-22_corrected	no_match	0.0			"ואחר כך לעת זקנתו קבל את הרב הגדול ר׳ עזריאל לו לגבאי ולר׳
                        עזריאל הזה הרכינו ראשם כל הצדיקי׳ גדולים שיברך אותם
                    והוא היה תלמיד חבר להרב הגאון ר' ישראל
      "				
שלמה	102	Buzina_Denehora20251129,Buzina_Denehora20251129_corrected,Hitgalut-HaZadikim2025-12-01_gemini,Khal-Hasidim2024-9-25,Khal-Hasidim2024-9-25_corrected,Maasiot-Pliot2026-01-10,Maasiot-Pliot2026-01-10_corrected,Maasiot-veSihot-Zadikim2026-01-10,Maasiot-veSihot-Zadikim2026-01-10_corrected,MaasiyotUmaamarimYekarim_with_annotations (1),MaasiyotUmaamarimYekarim_with_annotations (1)_corrected,Mifalot-HaZadikim2025-06-22_corrected,PeerMikdoshim2024-10-13_corrected,Shemen-Hatov2025-12-01_gemini,Shivhei-Harav2024-10-29,Shivhei-Harav2024-10-29_corrected,Shlosha-edrei-zon2025-11-28,Shlosha-edrei-zon2025-11-28_corrected,Sipurei-Zadikim2025-06-22,Sipurei-Zadikim2025-06-22_corrected,Smichat-Moshe_2025-08-26,maase-zadikim2025-06-22,maase-zadikim2025-06-22_corrected	name_exact	0.95	Biblical_Solomon		"אמר המביא להבי״ד הן זה רבות בשנים עברו. מאז בא לידי
					מתנה טובה מרגניתא טבא אור הגנוז אשר עדיין לא הי'
					נעולמיםלעולמים. המה כתבי קודש. לקוטים יקרים מפנינים שיצאו מפי
					קודש הקדשים. נשיא אלקי"				
"הר""ח"	96	Adat-Zadikim2024-09-25b,Adat-Zadikim2024-09-25b_corrected,Khal-Hasidim2024-9-25,Khal-Hasidim2024-9-25_corrected	no_match	0.0			"עתה נספר את אשר העיד אליהו הנביא ז""ל על רבינו
                        משה ומזה המעשה אשר נספר נקח מוסר לדעת איך צריך האדם
                    להחזיק עצמו בשפלות והמעש׳ שהיתה כך היתה רבינו הנ""ל הי' לו "				
אלימלך	91	Hitgalut-HaZadikim2025-12-01_gemini,Maasiot-Pliot2026-01-10,Maasiot-Pliot2026-01-10_corrected,Maasiot-veSihot-Zadikim2026-01-10,Maasiot-veSihot-Zadikim2026-01-10_corrected,PeerMikdoshim2024-10-13_corrected,Shemen-Hatov2025-12-01_gemini,Shlosha-edrei-zon2025-11-28,Shlosha-edrei-zon2025-11-28_corrected,shivheiZadikim2026-01-10,shivheiZadikim2026-01-10_corrected,tmimei_derech_2026-01-10,tmimei_derech_2026-01-10_corrected	name_exact	0.95	Tsadik_019.001		"בימים ההם היתה עיר לובלין מלאה סופרים וחכמים גדולים בתורה וביראת
					השם. אולם כולם היו מתנגדים ולא דרכו בדרכי החסידות וכמו זר
					נחשב אצלם ההולך בדרך הזה ולא הבינו כי החסיד ג״כ עובד את השי״ת בכל ל"				
הרר״ש	89	Khal-Hasidim2024-9-25,Khal-Hasidim2024-9-25_corrected,Shemen-Hatov2025-12-01_gemini,Sipurei-Zadikim2025-06-22,Sipurei-Zadikim2025-06-22_corrected	no_match	0.0			"עכ""ז מורשי לבבי הציקוני לחרות בעט ברזל סיפור קטן הכמות ורב האיכות אשר לבב כל קורא
                    משכיל יתלהב מזה כי פוק חזי מאן הוא גברא רבא דקא מסהיד עלה. הנה בעת גדולת האי
                     "				
מיכל	82	Adat-Zadikim2024-09-25b,Adat-Zadikim2024-09-25b_corrected,Hitgalut-HaZadikim2025-12-01_gemini,Khal-Hasidim2024-9-25,Khal-Hasidim2024-9-25_corrected,Kokhvei-Or2025-11-29_corrected,Maasiot-veSihot-Zadikim2026-01-10,Maasiot-veSihot-Zadikim2026-01-10_corrected,Mifalot-HaZadikim2025-06-22,Mifalot-HaZadikim2025-06-22_corrected,Sefer-Moraim-Gdolim2025-11-28,Shemen-Hatov2025-12-01_gemini,Shlosha-edrei-zon2025-11-28,Shlosha-edrei-zon2025-11-28_corrected,Sipurei-Zadikim2025-06-22,Sipurei-Zadikim2025-06-22_corrected,tmimei_derech_2026-01-10,tmimei_derech_2026-01-10_corrected	no_match	0.0			"ומעשה כזו היתה ג״כ בדור שלפנינו אצל הצדיק הגדול ר' מיכל
                            מזלאטשוב אשר הוכיח איש א׳ עבור מדת
                    הבטחון והאיש הנ""ל התנצל לפניו כי הוא בוטח בד׳ ית""ש ואמר לו הר"				
הבע״ש	81	Khal-Hasidim2024-9-25_corrected,Maasiot-veSihot-Zadikim2026-01-10,Maasiot-veSihot-Zadikim2026-01-10_corrected,Shemen-Hatov2025-12-01_gemini,Sipurei-Kdoshim-2025-11-28,Sipurei-Kdoshim-2025-11-28_corrected	name_exact	0.95	Tsadik_001.001		"וגם שמעתי ממנו ואח״כ שמעתי מהרב דקהלתינו שפ״א בא חנוני בעיר שדה לבן מברעסלי עם בריקע
                    גדולה עם סחורה גיוואנט ובא בלילה ולא רצה לפתוח החנות
                        החנית בלילה וצוה ל"				
שמואל	79	Adat-Zadikim2024-09-25b,Adat-Zadikim2024-09-25b_corrected,Buzina_Denehora20251129,Hitgalut-HaZadikim2025-12-01_gemini,Khal-Hasidim2024-9-25,Khal-Hasidim2024-9-25_corrected,Maasiot-veSihot-Zadikim2026-01-10,Maasiot-veSihot-Zadikim2026-01-10_corrected,MaasiyotUmaamarimYekarim_with_annotations (1),MaasiyotUmaamarimYekarim_with_annotations (1)_corrected,MaasyiotMzadikeiYesodeiOlam_20251128,MaasyiotMzadikeiYesodeiOlam_20251128_corrected,PeerMikdoshim2024-10-13_corrected,Shemen-Hatov2025-12-01_gemini,Shivei-Habesht2024-12-15_corrected,Sipurim-Nehmadim20251129,Sipurim-Nehmadim20251129_corrected,SipurimUmaamarimYekarim_Hebrewbooks_org_3804_gemini,Smichat-Moshe_2025-08-26,shivheiZadikim2026-01-10,shivheiZadikim2026-01-10_corrected	name_exact	0.95	tempH-100		"המעשה המבואר בשבחי בעש״ט מהבעש״ט אשר היה אצל הדירזאווצעס
                    דק' סלוצק הרכיב שם חמר גמל ולא סיפרה
                    לאמיתה והוא לא אשם בזה כי עבור המרחק רב אשר מהעיר הנ""ל להכותב שבחי"				
שמעלקא	78	Khal-Hasidim2024-9-25,Khal-Hasidim2024-9-25_corrected,Khal-Kdoshim2025-06-22,Khal-Kdoshim2025-06-22_corrected,Maasiot-veSihot-Zadikim2026-01-10,Maasiot-veSihot-Zadikim2026-01-10_corrected,PeerMikdoshim2024-10-13_corrected,Shemen-Hatov2025-12-01_gemini,Shivei-Habesht2024-12-15_corrected,Smichat-Moshe_2025-08-26,maase-zadikim2025-06-22,maase-zadikim2025-06-22_corrected	name_exact	0.95	Tsadik_017.003		"מהאחים הגאונים הגדולים הצדיקים הקדושים מ'
                        שמעלקא ומ' פנחס הורוויץ ז״ל בעמ""ח ס' המקנה והפלאה:"				
מאיריל	77	Maasiot-veSihot-Zadikim2026-01-10,Maasiot-veSihot-Zadikim2026-01-10_corrected	no_match	0.0			"פעם אחת נתוועדו למקום אחד הרבי ר' מאיריל ז""ל עם הגאין
					הצדיק ר׳ שלמה קלונער המגיד מבראד ז""ל אמר הרבי ר׳ מאיריל"				
"מהר""צ"	71	Buzina_Denehora20251129_corrected,Khal-Hasidim2024-9-25,Shemen-Hatov2025-12-01_gemini,maase-zadikim2025-06-22,maase-zadikim2025-06-22_corrected	name_exact	0.95	Tsadik_058.002		"זלה""ה. כי פעם אחת היה במעזיביו. והתחבא שם באדרו. עם
					חסיד אחד. לשמוע שיר השירים מפה קדוש הרב ר״ר ברוך. ויהי
					כאשר התחיל בשיר בהתלהבות והשתוקקות אמר החסיד להרב
					הק' מהר""צ ז""ל. כי נבוכו רעיו"				
נפתלי	68	Kokhvei-Or2025-11-29,Kokhvei-Or2025-11-29_corrected,Maasiot-Pliot2026-01-10,Maasiot-Pliot2026-01-10_corrected,Mifalot-HaZadikim2025-06-22,Mifalot-HaZadikim2025-06-22_corrected,Shemen-Hatov2025-12-01_gemini,Shlosha-edrei-zon2025-11-28,Shlosha-edrei-zon2025-11-28_corrected,tmimei_derech_2026-01-10,tmimei_derech_2026-01-10_corrected	no_match	0.0			"אח״כ סיבב הש""י בנפלאותיו העצומים שיצא אדומו״ר
					זצ""ל לברסלב שהיא קרובה לנעמרוב עיר מושבו
					של מורנ""ת ז""ל בערך י""ח מיל (שקורין ווערסט) ומיד כששמע
					זאת מורנ""ת ז""ל רצה ליסע אליו במהירות האפשרי "				
חיים	67	Adat-Zadikim2024-09-25b,Adat-Zadikim2024-09-25b_corrected,Buzina_Denehora20251129,Buzina_Denehora20251129_corrected,Khal-Hasidim2024-9-25,Khal-Hasidim2024-9-25_corrected,Maasiot-veSihot-Zadikim2026-01-10,Maasiot-veSihot-Zadikim2026-01-10_corrected,Shemen-Hatov2025-12-01_gemini,Shivei-Habesht2024-12-15_corrected,Shivhei-Harav2024-10-29,Shivhei-Harav2024-10-29_corrected,Sipurim-Nehmadim20251129,Sipurim-Nehmadim20251129_corrected,Smichat-Moshe_2025-08-26,shivheiZadikim2026-01-10,shivheiZadikim2026-01-10_corrected,tmimei_derech_2026-01-10,tmimei_derech_2026-01-10_corrected	no_match	0.0			"עתה נספר את אשר העיד אליהו הנביא ז""ל על רבינו
                        משה ומזה המעשה אשר נספר נקח מוסר לדעת איך צריך האדם
                    להחזיק עצמו בשפלות והמעש׳ שהיתה כך היתה רבינו הנ""ל הי' לו "				
"הרר""י"	66	Adat-Zadikim2024-09-25b,Adat-Zadikim2024-09-25b_corrected,Khal-Hasidim2024-9-25,Khal-Hasidim2024-9-25_corrected,Shivhei-Harav2024-10-29,Shivhei-Harav2024-10-29_corrected,Sipurei-Zadikim2025-06-22,Sipurei-Zadikim2025-06-22_corrected	phonetic	0.667	Tsadik_008.001		"הבעש״ט ז""ל קודם פטירתו קרא לכל
                    התלמידים שלהם ויצוה להם איך יתנהגו וממה יהי' פרנסת כל אחד. ולקצת מהם גילה איך
                    שיתנהג הזמן אתם. והי' אצלו תלמיד אחד אשר היה משרתו "				
אהרן	65	Buzina_Denehora20251129,Buzina_Denehora20251129_corrected,Kokhvei-Or2025-11-29,Kokhvei-Or2025-11-29_corrected,Maasiot-veSihot-Zadikim2026-01-10,Maasiot-veSihot-Zadikim2026-01-10_corrected,MaasiyotUmaamarimYekarim_with_annotations (1),MaasiyotUmaamarimYekarim_with_annotations (1)_corrected,Shemen-Hatov2025-12-01_gemini,Sipurei-Kdoshim-2025-11-28,Sipurei-Kdoshim-2025-11-28_corrected,Sipurei-Zadikim2025-06-22_corrected	name_exact	0.95	Tsadik_016.001		"עט״ר הה""ק מו""ה ישראל שליט״א יקח אי""ה ספר
					אחד מהמופלא ה״ר נחמן המוכ״ז כשיצא לאור ממכבש
					הדפוס במחיר אשר ישית עליו באתי על החתום בפקודת קדשו :
					אהרן דאהל"				
״	64	Buzina_Denehora20251129,Buzina_Denehora20251129_corrected,Maasiot-Pliot2026-01-10,Maasiot-veSihot-Zadikim2026-01-10,Maasiot-veSihot-Zadikim2026-01-10_corrected,MaasiyotUmaamarimYekarim_with_annotations (1),MaasiyotUmaamarimYekarim_with_annotations (1)_corrected,Sefer-Moraim-Gdolim2025-11-28,Shlosha-edrei-zon2025-11-28,Sipurim-Nehmadim20251129,shivheiZadikim2026-01-10,shivheiZadikim2026-01-10_corrected	no_match	0.0			"פ""א בא מחותנו הרב הק'. ר׳ שלמה קארלינר ולק' טאלטשין
					והלך הרב ר שלמה מן האכסניא שלו אלי הרב הק׳ ר׳ ברוך.
					והלכו עמו עולם גדול מאנשי טאלטשין. וכשפתח הרב הק ר׳ שלמה.
					את הפתח נרתת לאחוריו. ו"				
רש״י	56	Buzina_Denehora20251129,Buzina_Denehora20251129_corrected,Hitgalut-HaZadikim2025-12-01_gemini,Maasiot-Pliot2026-01-10,Maasiot-Pliot2026-01-10_corrected,Maasiot-veSihot-Zadikim2026-01-10,Maasiot-veSihot-Zadikim2026-01-10_corrected,Mifalot-HaZadikim2025-06-22_corrected,Shlosha-edrei-zon2025-11-28_corrected,SipurimUmaamarimYekarim_Hebrewbooks_org_3804_gemini,Smichat-Moshe_2025-08-26	no_match	0.0			"ע״ד צחות
					אולי לא תלך האשה אחרי פרש״י אלי כתיב. בת הי' לו
					לאליעזר. והי׳ מחזר וכו'. אמר לי׳ אברהם אתה ארור
					והוא ברוך ואין ארור. מדבק בברוך ולכאורה קשה. איפכא
					הוה לי׳ למימר. ואין ברוך"				
"מורנ""ת"	55	Kokhvei-Or2025-11-29,Kokhvei-Or2025-11-29_corrected	no_match	0.0			"הנה שמתי אל לבבי להעלות על הכתב קצת
			סיפורים מאנשי רבינו הקדוש והנורא ר׳
			נהמן זצוק""ל ובראשיתם קדמתי את הסיפור ממורנ""ת
			כי עליו סמך את ידיו והאיר בו כמאור הגדול במאור
			הקטן לממשלת והכנעת לוחמי"				
״ק	51	Buzina_Denehora20251129,Buzina_Denehora20251129_corrected,MaasiyotUmaamarimYekarim_with_annotations (1),MaasiyotUmaamarimYekarim_with_annotations (1)_corrected,Shlosha-edrei-zon2025-11-28,shivheiZadikim2026-01-10,shivheiZadikim2026-01-10_corrected	no_match	0.0			"פ""א בל""ג בעומר שאל לצדיק וגאון אחד שהי' אז במסובה. אם
					יכול הוא לומר מאמר הזוהר ואמר לו הן וצוה לו לומר מאמר
					הזוהר. ואחר שסיים המאמר אמר לו הרב ר״ב אם אתם יכולים
					ללמוד בנגלה כמו בס׳ הזוה"				
״ט	51	Buzina_Denehora20251129,Maasiot-veSihot-Zadikim2026-01-10,Maasiot-veSihot-Zadikim2026-01-10_corrected,MaasiyotUmaamarimYekarim_with_annotations (1),MaasiyotUmaamarimYekarim_with_annotations (1)_corrected,MaasyiotMzadikeiYesodeiOlam_20251128,Sefer-Moraim-Gdolim2025-11-28,Shlosha-edrei-zon2025-11-28,Sipurim-Nehmadim20251129	no_match	0.0			"פעם אחת בא הרב הק' ר' ברוך זצלה""ה. קודם חג השבועות.
					לק' מעזעביז ולא הי' אצל אחיו הרב הק' מסדילקוב ברק
					בבוא העירה, נסע על קבר הבעש״ט ומשם החזיר א""ע לביתו לק'.
					טאלטשין ותיכף אחר חג השבועו"				
אביגדור	51	Buzina_Denehora20251129,Buzina_Denehora20251129_corrected,Khal-Hasidim2024-9-25,Khal-Hasidim2024-9-25_corrected,Shemen-Hatov2025-12-01_gemini,Shivhei-Harav2024-10-29,Shivhei-Harav2024-10-29_corrected	no_match	0.0			"סיפר ר׳ אביגדר מק׳ ליטין שנסע הרב הק' ר׳ חיים
					טשערניוויצער מן וואליחיי מק' באטישאהן לק׳ מעזיביז.
					על קבר הבעש״ט. וכשבא לק׳ מעזיבוז. לא הי׳ הרב ר״ר ברוך
					בביתו. שיום אז קודם ביאת הרב ר׳ חי"				
צבי	49	Adat-Zadikim2024-09-25b,Adat-Zadikim2024-09-25b_corrected,Buzina_Denehora20251129,Buzina_Denehora20251129_corrected,Khal-Hasidim2024-9-25,Khal-Hasidim2024-9-25_corrected,Kokhvei-Or2025-11-29,Kokhvei-Or2025-11-29_corrected,Maasiot-veSihot-Zadikim2026-01-10,Maasiot-veSihot-Zadikim2026-01-10_corrected,Shemen-Hatov2025-12-01_gemini,Shivei-Habesht2024-12-15_corrected,SipureiAnsheiShem2025-12-01_gemini,Smichat-Moshe_2025-08-26,maase-zadikim2025-06-22_corrected	phonetic	0.5	Tsadik_012.109		"מעשה מנסיעת הבעש״ט לקאנסטאנטינאפל אשר רצה לנסוע
                        לא""י וזו המעשה הי' מספר הגאון הק׳ האלקי ר׳
                        ישראל דוב מווילעדניק זצ""ל ביום
                    שביעי של פ"				
ר״מ	48	Khal-Hasidim2024-9-25,Khal-Hasidim2024-9-25_corrected,Mifalot-HaZadikim2025-06-22,Mifalot-HaZadikim2025-06-22_corrected,Shemen-Hatov2025-12-01_gemini,Shivhei-Harav2024-10-29,Shivhei-Harav2024-10-29_corrected,Sipurei-Zadikim2025-06-22,Sipurei-Zadikim2025-06-22_corrected,shivheiZadikim2026-01-10_corrected	no_match	0.0			"הרב האלקי הגאון הקדוש מו' מנחם מענדיל נ""ע
                            מוויטעפסק בעמה""ח ספר פרי
                            הארץ הי׳ לומד אצל הרב הק׳ המגיד
                    הגדול ממעזריטש ז""ל מנערות"				
יהושע	47	Buzina_Denehora20251129,Khal-Hasidim2024-9-25,Khal-Hasidim2024-9-25_corrected,Mifalot-HaZadikim2025-06-22,Mifalot-HaZadikim2025-06-22_corrected,Shemen-Hatov2025-12-01_gemini,Shivhei-Harav2024-10-29,Shivhei-Harav2024-10-29_corrected,Smichat-Moshe_2025-08-26	no_match	0.0			"פ׳ בשלח
					כתוב זאת זכרון בס׳ ושים באזני יהושע. כי מחה אמתה את
					זכר עמלק. כי הקב״ה הראה למשה כל הדורות עד סוף
					כל הדורות. והראה לו שיעמוד המן מזרע עמלק. וירצה להשמיד
					ולהרוג את כל היהודי"				
אליעזר	47	Buzina_Denehora20251129,Khal-Hasidim2024-9-25,Khal-Hasidim2024-9-25_corrected,Maasiot-Pliot2026-01-10,Maasiot-Pliot2026-01-10_corrected,Maasiot-veSihot-Zadikim2026-01-10,Maasiot-veSihot-Zadikim2026-01-10_corrected,MaasiyotUmaamarimYekarim_with_annotations (1),MaasiyotUmaamarimYekarim_with_annotations (1)_corrected,Shemen-Hatov2025-12-01_gemini,Shivei-Habesht2024-12-15_corrected,Shlosha-edrei-zon2025-11-28,Shlosha-edrei-zon2025-11-28_corrected,Smichat-Moshe_2025-08-26	no_match	0.0			"ע״ד צחות
					אולי לא תלך האשה אחרי פרש״י אלי כתיב. בת הי' לו
					לאליעזר. והי׳ מחזר וכו'. אמר לי׳ אברהם אתה ארור
					והוא ברוך ואין ארור. מדבק בברוך ולכאורה קשה. איפכא
					הוה לי׳ למימר. ואין ברוך"				
בונם	47	Hitgalut-HaZadikim2025-12-01_gemini,Shemen-Hatov2025-12-01_gemini,shivheiZadikim2026-01-10,shivheiZadikim2026-01-10_corrected	no_match	0.0			"סיפר הרב הגדול החסיד המפורסם בנש""ק מוהר״ר אברהם שליט״א האבד״ק
					סטאשוב ופאריסאוו נכד של הרבינו היהודי הקדוש זצוקללה""ה ששמע מפ""ק
					הרב הגאון הקדוש ציס״ע הרבי ר׳ העניך זצוק״ל מאלקסאנדר שפעם אחת יש"				
"ר""ג"	47	Khal-Hasidim2024-9-25,Shivhei-Harav2024-10-29,Shivhei-Harav2024-10-29_corrected	name_exact	0.95	Tsadik_012.007		"שמעתי מפי הרב המאה""ג החסיד דקהלתינו מו׳ גדליה פ""א ביקש
                        הבעש""ט את הרב דק""ק קיטוב ושאל מאתו ספר הזוהר ובהליכתו לביתו פגע בו גיסו ר' גרשון ושאל אותו מה לך תחת חיקך ולא רצה לאמר לו"				
"גר""א"	46	shivheiZadikim2026-01-10,shivheiZadikim2026-01-10_corrected	no_match	0.0			"פעם אחת חלם לאיש אחד שאביו הנפטר מכמה שנים. בא לו: ותפסו בחזקה
					ומסית אותו ומדיחו שימיר ח""ו. ובאם לא ישמע לו יעשה בו דין. וכשהקיץ
					משנתו נבהל מאד על חלומו זה. ותלה הדבר במקרה בלתי טהור. ונתחזק"				
לוי יצחק	45	Hitgalut-HaZadikim2025-12-01_gemini,Khal-Hasidim2024-9-25,Kokhvei-Or2025-11-29,Kokhvei-Or2025-11-29_corrected,Maasiot-veSihot-Zadikim2026-01-10,Maasiot-veSihot-Zadikim2026-01-10_corrected,MaasiyotUmaamarimYekarim_with_annotations (1),MaasiyotUmaamarimYekarim_with_annotations (1)_corrected,Shemen-Hatov2025-12-01_gemini,Shlosha-edrei-zon2025-11-28,Shlosha-edrei-zon2025-11-28_corrected,shivheiZadikim2026-01-10,shivheiZadikim2026-01-10_corrected	name_exact	0.95	Tsadik_023.001		"מעשה נפלאה מרבינו הגאון הקדוש ר׳ לוי יצחק זצוק""ל
					מבארדיטשוב."				
שלום	45	Khal-Hasidim2024-9-25,Khal-Hasidim2024-9-25_corrected,Kokhvei-Or2025-11-29,Kokhvei-Or2025-11-29_corrected,Maasiot-veSihot-Zadikim2026-01-10,Maasiot-veSihot-Zadikim2026-01-10_corrected,MaasyiotMzadikeiYesodeiOlam_20251128_corrected,Mifalot-HaZadikim2025-06-22,Mifalot-HaZadikim2025-06-22_corrected,Shemen-Hatov2025-12-01_gemini,Sipurei-Zadikim2025-06-22,Sipurei-Zadikim2025-06-22_corrected,Sipurim-Nehmadim20251129,Smichat-Moshe_2025-08-26_corrected,maase-zadikim2025-06-22,maase-zadikim2025-06-22_corrected,shivheiZadikim2026-01-10	phonetic	0.5	Tsadik_078.001		"שמעתי מפי מ""מ הנ' פ""א גזר הר' שלום מארץ
                        המערב תענית על הגשמים בירושלים והיה צדיק גדול חשוב וצוה שיתכנסו כולם בבה""כ אחת להתפלל
                    בכנופיא שלח להר""ג הנ""ל שהוא ית"				
הגאון	45	Khal-Hasidim2024-9-25,Khal-Hasidim2024-9-25_corrected,Maasiot-veSihot-Zadikim2026-01-10,Shemen-Hatov2025-12-01_gemini,Shivhei-Harav2024-10-29,Sipurei-Zadikim2025-06-22_corrected,shivheiZadikim2026-01-10	no_match	0.0			"איש הי' בארץ רוסי' הלבינה בעיר
                        לאזנע ושמו ר' ברוך ויולד האיש
                    לעת זקנתו שני בנים ויקרא שם האחד שניאור
                        זלמן ושם השני קרא יהודה ליב וכא"				
זאב	43	Adat-Zadikim2024-09-25b,Adat-Zadikim2024-09-25b_corrected,Hitgalut-HaZadikim2025-12-01_gemini,Khal-Hasidim2024-9-25,Khal-Hasidim2024-9-25_corrected,Mifalot-HaZadikim2025-06-22,Mifalot-HaZadikim2025-06-22_corrected,Shlosha-edrei-zon2025-11-28,Shlosha-edrei-zon2025-11-28_corrected,Sipurim-Nehmadim20251129,Sipurim-Nehmadim20251129_corrected,maase-zadikim2025-06-22,maase-zadikim2025-06-22_corrected,shivheiZadikim2026-01-10_corrected	phonetic	0.5	Tsadik_048.001		"שמעתי מאבא מארי הרב שיחי' מעשה שהבעש״ט ז""ל נבג""מ ישב עם החברי' קדישא שלו על סעודת שבת בערב.
                    ותיכף אחר קידוש שחק הבעש״ט שחוק נורא
                    מאוד עד שראו כי כמעט כלתה נפשו "				
נחמן	42	Buzina_Denehora20251129,Khal-Hasidim2024-9-25,Khal-Hasidim2024-9-25_corrected,Kokhvei-Or2025-11-29,PeerMikdoshim2024-10-13,PeerMikdoshim2024-10-13_corrected	no_match	0.0			"עט״ר הה""ק מו""ה ישראל שליט״א יקח אי""ה ספר
					אחד מהמופלא ה״ר נחמן המוכ״ז כשיצא לאור ממכבש
					הדפוס במחיר אשר ישית עליו באתי על החתום בפקודת קדשו :
					אהרן דאהל"				
עוזיאל	42	Khal-Hasidim2024-9-25,Khal-Hasidim2024-9-25_corrected,Shemen-Hatov2025-12-01_gemini	no_match	0.0			"הרב הגאון האלקי ר׳ לוי יצחק טרם נתקבל לאב""ד בקהילות גדולות
                    וטרם יצא טבעו ושמו הקדוש בעולם לאות ולמופת בישראל בהיותו
                        בהיותי עוד צעיר לימים הי׳ אב""ד בעיר ריטש"				
"מהר""ש"	40	Khal-Hasidim2024-9-25,Khal-Hasidim2024-9-25_corrected,Shemen-Hatov2025-12-01_gemini,Shlosha-edrei-zon2025-11-28_corrected,maase-zadikim2025-06-22,maase-zadikim2025-06-22_corrected	no_match	0.0			"הרב הקדוש מו""ה זושא ז""ל היה תלמיד הרב
                    הגדול והקדוש המגיד ממעזריטש ז""ל ושמע
                    שם הרב המגיד הלך למרחקים עד כי נשמע הקול במקומות הקירה
                    והאחים הקד"				
"בעש""ט"	39	Buzina_Denehora20251129,Buzina_Denehora20251129_corrected,Khal-Hasidim2024-9-25,Kokhvei-Or2025-11-29,Maasiot-Pliot2026-01-10,Maasiot-veSihot-Zadikim2026-01-10,Maasiot-veSihot-Zadikim2026-01-10_corrected,MaasiyotUmaamarimYekarim_with_annotations (1),MaasiyotUmaamarimYekarim_with_annotations (1)_corrected,MaasyiotMzadikeiYesodeiOlam_20251128,Sipurei-Kdoshim-2025-11-28,Sipurei-Kdoshim-2025-11-28_corrected,Sipurim-Nehmadim20251129	name_exact	0.95	Tsadik_001.001		"פ״א בא אליו הרב ר׳ אהרן מק' מעזיביו לק׳ טאלטשין .
					והרב ר׳ אהרן הי' עוד אצל הבעש""ט וכשהי׳ הרב
					הק׳ ר""ב ילד קטן הי׳ נושא אותו הרב ר' אהרן על ידיו
					אצל הבעש״ט. ומחמת זה כבואו לק' טאלטשין נסע"				
"האר""י"	38	Khal-Hasidim2024-9-25,Khal-Hasidim2024-9-25_corrected,Khal-Kdoshim2025-06-22,Khal-Kdoshim2025-06-22_corrected,Sefer-Moraim-Gdolim2025-11-28_corrected,Shemen-Hatov2025-12-01_gemini,Shivhei-Harav2024-10-29_corrected,SipureiAnsheiShem2025-12-01_gemini,maase-zadikim2025-06-22,maase-zadikim2025-06-22_corrected	name_exact	0.95	Rabbinic_AriZal		"פ""א באו הגזלנים אליו ואמרו אדונינו הנה אנחנו יודעים דרך קצרה לילך אל ארץ ישראל דרך מערות ומחילות אם רצונו לך אתנו
                    ואנחנו נהיה מורים לפניו הדרך אשר תלך בה ויואל ללכת אתם והיה בהליכת"				
גדליה	38	Khal-Hasidim2024-9-25,Khal-Hasidim2024-9-25_corrected,Khal-Kdoshim2025-06-22,Khal-Kdoshim2025-06-22_corrected,Shivei-Habesht2024-12-15_corrected,Sipurim-Nehmadim20251129,Sipurim-Nehmadim20251129_corrected	no_match	0.0			"שמעתי מפי הרב המאה""ג החסיד דקהלתינו מו׳ גדליה פ""א ביקש
                        הבעש""ט את הרב דק""ק קיטוב ושאל מאתו ספר הזוהר ובהליכתו לביתו פגע בו גיסו ר' גרשון ושאל אותו מה לך תחת חיקך ולא רצה לאמר לו"				
ישעיה	38	Khal-Hasidim2024-9-25_corrected,PeerMikdoshim2024-10-13,PeerMikdoshim2024-10-13_corrected,Shivhei-Harav2024-10-29_corrected,Sipurim-Nehmadim20251129,Sipurim-Nehmadim20251129_corrected	no_match	0.0			"ויהי אחרי פטירת רבינו הקדוש מלאו מקומו הני תרי צנתרי דדהבא ה״ה הרב הקדוש האלקי
                    מו״ה אהרן הלו הורוויץ נצר מגזע הרב הקדוש ר׳ ישעיה
                        בעה״מ ספר  והשני היה בנו הר"				
"מהר""פ"	36	Khal-Hasidim2024-9-25,Khal-Hasidim2024-9-25_corrected,maase-zadikim2025-06-22,maase-zadikim2025-06-22_corrected	no_match	0.0			"הרב הקדוש מו""ה זושא ז""ל היה תלמיד הרב
                    הגדול והקדוש המגיד ממעזריטש ז""ל ושמע
                    שם הרב המגיד הלך למרחקים עד כי נשמע הקול במקומות הקירה
                    והאחים הקד"				
משה ליב	36	Khal-Hasidim2024-9-25,Maasiot-veSihot-Zadikim2026-01-10,Maasiot-veSihot-Zadikim2026-01-10_corrected,PeerMikdoshim2024-10-13,Sipurim-Nehmadim20251129,Sipurim-Nehmadim20251129_corrected,maase-zadikim2025-06-22	name_exact	0.95	Tsadik_037.001		"הידועה
                        הידיעה ומפורסמת לאנשי סגולה בעוד טרם נתגלה צדקתו וקדושתו הצדיק ר' משה ליב זי""ע היה תלמיד מובהק להרב הגאון האמיתי הקדוש המקובל האלקי מו""ה
                        שמעלקא מ"				
ראובן	36	Shemen-Hatov2025-12-01_gemini,Smichat-Moshe_2025-08-26,tmimei_derech_2026-01-10,tmimei_derech_2026-01-10_corrected	no_match	0.0			"וז״ל ושמעתי שהגאון החסיד מ׳ שמעלקא
					הלוי זלה""ה האבד״ק נ״ש בהיותו רב בק׳
					שינאווי כשהי׳ יושב בדין הי' מעוטף בטליתו
					על פניו לבלתי ראות פני בעלי דינין.
					ואמרו על אחד מגאוני הדור שלפנינו
"				
יחיאל מיכל	35	Buzina_Denehora20251129,Buzina_Denehora20251129_corrected,Hitgalut-HaZadikim2025-12-01_gemini,Khal-Hasidim2024-9-25,Khal-Hasidim2024-9-25_corrected,Shemen-Hatov2025-12-01_gemini,Smichat-Moshe_2025-08-26,shivheiZadikim2026-01-10,shivheiZadikim2026-01-10_corrected,tmimei_derech_2026-01-10,tmimei_derech_2026-01-10_corrected	phonetic	0.571	Tsadik_013.002		"נכדו הרב ר׳ יחיאל מיכל כשהי׳ ילד קטן היו משחק את
					עצמו במחבאים עם ילד אחר. והחביא א״ע הרב
					הנ""ל ושתה במחבא זמן רב בסוברו שהילך מחפשו ולא יוכל
					למצאנו. אך בראותו ששהה ביותר יצא מהמחבא ולא מ"				
זוסיא	34	Maasiot-Pliot2026-01-10,Maasiot-Pliot2026-01-10_corrected,Maasiot-veSihot-Zadikim2026-01-10,Maasiot-veSihot-Zadikim2026-01-10_corrected,Shemen-Hatov2025-12-01_gemini,Sipurei-Kdoshim-2025-11-28,Sipurei-Kdoshim-2025-11-28_corrected	name_exact	0.95	Tsadik_020.001		"פעם אחד בא הקדוש והטהור רבי ר׳ זושא מהאינפאלי זללה""ה
					לכבוד רבינו מאוה""ג הגאון הקדוש רבי רבי שמעלקי
					מניקלשפורג זי""ע וביקש ר״ר זוסיא שילמוד אתו השיב לו הרה״ק
					ר״ר שמעלקי אם אתם תלמדו עמי ח"				
"ר""מ"	33	Adat-Zadikim2024-09-25b,Adat-Zadikim2024-09-25b_corrected,Khal-Hasidim2024-9-25,Khal-Hasidim2024-9-25_corrected,Shlosha-edrei-zon2025-11-28_corrected,shivheiZadikim2026-01-10_corrected	no_match	0.0			"שמעתי מאבא מארי שיחי' הרב הקדוש הגאון בו״ק מוה' מנחם מענדיל נ""י
                            מוויטעפסק בעהמ""ח ספר פרי
                            הארץ הי' לומד אצל הרב הק' המגיד הגדול
                 "				
מנחם מענדיל	33	Adat-Zadikim2024-09-25b_corrected,Buzina_Denehora20251129,Khal-Hasidim2024-9-25,Khal-Hasidim2024-9-25_corrected,Maasiot-veSihot-Zadikim2026-01-10,Maasiot-veSihot-Zadikim2026-01-10_corrected,Mifalot-HaZadikim2025-06-22_corrected,Sefer-Moraim-Gdolim2025-11-28,Sefer-Moraim-Gdolim2025-11-28_corrected,Shemen-Hatov2025-12-01_gemini,Shivhei-Harav2024-10-29_corrected,Smichat-Moshe_2025-08-26,shivheiZadikim2026-01-10,shivheiZadikim2026-01-10_corrected	name_exact	0.95	Tsadik_012.172		"שמעתי מאבא מארי שיחי' הרב הקדוש הגאון בו״ק מוה' מנחם מענדיל נ""י
                            מ הי' לומד אצל הרב הק' וויטעפסק בעהמ""ח ספר פרי
                            הארץהמגיד הגדול
                 "				
הפלאה	33	Shemen-Hatov2025-12-01_gemini	no_match	0.0			"כד) חסיד א׳ זקן מווארשא הי׳ בפפד״מ
					וכתב פיתקא שמו ושמות
					בניו ונתן להרב ההפלאה. לקח הרב הפלאה
					כסף ונתן לו. א׳ לו אדרבה אני נותן לכם
					מעות. תמה עליו. מה צריך לפתקא.
					אמר לו חסיד א"				
"מוהר""ז"	33	shivheiZadikim2026-01-10,shivheiZadikim2026-01-10_corrected	phonetic	0.5	Tsadik_017.003		"פ""א נכנס הרב מוהר""ז הנ""ל אצל רבו הקדוש ר""ש אחר שגמר בעדו שידוך. ואמר לו
					הה""ק רבו ר""ש ז""ל בזה""ל זעליג אני נותן לך ברירה לשאול ממני מה שאתן לך
					א' מג׳ דברים אלו בשכר שדכנות שלך או שיהי׳ לך אריכ"				
ק	32	Buzina_Denehora20251129,MaasiyotUmaamarimYekarim_with_annotations (1),shivheiZadikim2026-01-10,shivheiZadikim2026-01-10_corrected	no_match	0.0			"הנה ג״ק הגיעני וקבלתי. וראיתי ראיה אחת בשתי שורות עליונות
					אשר רומ״ע אומר כאלו מוכרח להתענות. ותרגז בטני לקול
					הקורא. והנני מוסיף בגזירת עירין ובצירוף קיב״ה ושכינתי׳ לבל
					יכניס עצמו ח""ו בז"				
אדם	32	Khal-Hasidim2024-9-25,Khal-Hasidim2024-9-25_corrected,Shivei-Habesht2024-12-15_corrected,maase-zadikim2025-06-22_corrected	no_match	0.0			"שמעתי מהרב הק' ר׳ שמשון הרב דק""ק ראשקוב בן הרב הק׳ דק""ק פולנאי מעשה שהיה איש א׳ ונקרא שמו ר׳
                        אדם וממנו באו הכתבים להבעש״ט כי בא פ״א למערה אחת ומצא שם כתבים שהם רזים וסתרין
    "				
הסבא	32	Khal-Hasidim2024-9-25,Khal-Hasidim2024-9-25_corrected,Sipurei-Zadikim2025-06-22_corrected	no_match	0.0			"הנה הצדיק הנעלה הזה נולד בכפר מאיש המוני ובנערותו היה עילוי גדול בלימוד אבל תיכף
                    כאשר הגדיל מעט שם תיכף המסוה על פניו ויסתר מבני האדם במעשיו. ופעם אחת בימי חייו
                   "				
אפטא	32	Maasiot-veSihot-Zadikim2026-01-10,MaasyiotMzadikeiYesodeiOlam_20251128,Sefer-Moraim-Gdolim2025-11-28,Sipurim-Nehmadim20251129,shivheiZadikim2026-01-10	fuzzy	0.667	Tsadik_043.003		"מהרהצה""ק הרב ר׳ אלימלך זצ""ל
					ואחי׳ הרב ר׳ זוסי׳ זצ״ל.
					מהרבי ר׳ שמעלקי
					 ר׳ שלמה סופר.
					ר׳ צבי זצ״ל מזידיטשוב.
					ר' מענדיל זצ״ל מקאסיב
					ר' חיים
					הרהצ״ק מבארדיטשוב ז""ל
					ר"				
איוואן	32	tmimei_derech_2026-01-10,tmimei_derech_2026-01-10_corrected	no_match	0.0			"ויוריד לו איוואן בחבל את הצפחת יי״ש ויעמידה שם ר'
					ישראל. וכאשר בא לאקאש למשמרתו. וישאלו אם עודנו חי.
					ויענהו עודני חי ויש אתי צפחת יי״ש טוב מאוד. אם
					תרצה הוריד אלי חבל ואקשור את הצפחת בק"				
אייזיק	31	Dvarim-Yekarim2025-12-01_gemini,Hitgalut-HaZadikim2025-12-01_gemini,Maasiot-veSihot-Zadikim2026-01-10,Maasiot-veSihot-Zadikim2026-01-10_corrected,MaasiyotUmaamarimYekarim_with_annotations (1),MaasiyotUmaamarimYekarim_with_annotations (1)_corrected,Shemen-Hatov2025-12-01_gemini,Shlosha-edrei-zon2025-11-28,Shlosha-edrei-zon2025-11-28_corrected,Smichat-Moshe_2025-08-26	name_exact	0.85	Biblical_Isaac		"הרב ר' משה הנ""ל הי׳ לו שליח ב""ד ושמו אייזיק והי' לו שנאה
					בלבו על הרב כי הי' מתקיטט עמו תמיד בשליחותו כאשר
					לא ישרה בעיניו כי שינה בדבר שליחותו. ויהי היום הגיע העת
					קרבת מיתתו של הרב ר' מש"				
בער	31	Khal-Hasidim2024-9-25,Khal-Hasidim2024-9-25_corrected,Maasiot-Pliot2026-01-10,Maasiot-Pliot2026-01-10_corrected,Maasiot-veSihot-Zadikim2026-01-10,Maasiot-veSihot-Zadikim2026-01-10_corrected,MaasyiotMzadikeiYesodeiOlam_20251128,MaasyiotMzadikeiYesodeiOlam_20251128_corrected,Shemen-Hatov2025-12-01_gemini,Shivhei-Harav2024-10-29_corrected,shivheiZadikim2026-01-10,shivheiZadikim2026-01-10_corrected	no_match	0.0			"שמעתי מר' שמואל הקצין שסיפר לפני הרב שהוא ור׳ בער
                        בן בונים נסעו בשביל פ״ש קודם ר״ה ובאו להרב המגיד הגדול ורצה המגיד לעכב אותם על ר""ה ולא רצו כי
                    אמרו צריכין "				
שאול	31	Khal-Hasidim2024-9-25,Khal-Hasidim2024-9-25_corrected,Shemen-Hatov2025-12-01_gemini,Shivhei-Harav2024-10-29,Shivhei-Harav2024-10-29_corrected,Sipurei-Kdoshim-2025-11-28,SipurimUmaamarimYekarim_Hebrewbooks_org_3804_gemini	no_match	0.0			"פ""א שמע הרב מוהר""ן מאנשים שהיו מדברים סרה על
                        הבעש""ט והיטב חרה לו עד מאוד עבור זה ואמר להם משל ע״ז
                    פעם א׳ עשו שני שרים גדולים כתר להמלך והוציאו עליו הון רב ו"				
"הגר""א"	31	Shemen-Hatov2025-12-01_gemini,shivheiZadikim2026-01-10,shivheiZadikim2026-01-10_corrected	no_match	0.0			"לד) עוד סיפר הנ""ל ששמע מהה״צ ר'
					הירשלי מטאמשוב ששמע
					מהרה״ק בעל אוהב ישראל ז״ל אשר הרר״ש
					ואחיו בעל הפלאה היו תלמידי הגר""א
					החסיד מווילנא זי״ע. ופ״א רצה הגר""א"				
העשיל	30	Hitgalut-HaZadikim2025-12-01_gemini,Maasiot-veSihot-Zadikim2026-01-10,Maasiot-veSihot-Zadikim2026-01-10_corrected,MaasyiotMzadikeiYesodeiOlam_20251128,MaasyiotMzadikeiYesodeiOlam_20251128_corrected,Shemen-Hatov2025-12-01_gemini	no_match	0.0			"שבחי רבינו העשיל והוא קצת לקוטים מתהלות זקני
					רבינו הגדול ונורא רבי ר' העשיל זצ""ל המפורסם"				
יואל	30	Khal-Hasidim2024-9-25,Khal-Hasidim2024-9-25_corrected,MaasyiotMzadikeiYesodeiOlam_20251128,MaasyiotMzadikeiYesodeiOlam_20251128_corrected,Sefer-Moraim-Gdolim2025-11-28,Sefer-Moraim-Gdolim2025-11-28_corrected,Shemen-Hatov2025-12-01_gemini,Smichat-Moshe_2025-08-26	no_match	0.0			"שמעתי מר׳ יואל מ""מ דק""ק נעמרוב ותמיד
                    היה אצל הרב דק""ק פולנאי בק""ק ראשקיב ובק'
                        שאריגראד ובק""ק נעמרוב שמעתי
                    ממנו שפ״א שבת הבעש״ט
         "				
מענדלי	30	Khal-Hasidim2024-9-25,Khal-Hasidim2024-9-25_corrected,Maasiot-Pliot2026-01-10,Maasiot-Pliot2026-01-10_corrected,Maasiot-veSihot-Zadikim2026-01-10,Maasiot-veSihot-Zadikim2026-01-10_corrected,Sefer-Moraim-Gdolim2025-11-28,Sefer-Moraim-Gdolim2025-11-28_corrected,Sipurim-Nehmadim20251129,Sipurim-Nehmadim20251129_corrected	no_match	0.0			"שמעתי מהרב דקהלתינו כשרצה ר׳ נחמן לנסוע פ""ש לאה״ק הלך על קבר של הבעש״ט עם ר׳ יוסף מקאמינקע וכשחזר
                    מב""ע שמח שמחה גדולה ואמר הבעש״ט ציוה
                    לי לנסוע לאה""ק תמה מאוד
 "				
וואלף	30	Khal-Hasidim2024-9-25,Khal-Hasidim2024-9-25_corrected,Maasiot-veSihot-Zadikim2026-01-10,Maasiot-veSihot-Zadikim2026-01-10_corrected,MaasiyotUmaamarimYekarim_with_annotations (1),MaasiyotUmaamarimYekarim_with_annotations (1)_corrected,Shlosha-edrei-zon2025-11-28,Shlosha-edrei-zon2025-11-28_corrected,shivheiZadikim2026-01-10_corrected	no_match	0.0			"פ""א בעברו מלובלין דרך לעמבערג באו כל חשובי העדה לקראתו לקבל פניו בשמחה
                    ויבוא גם עשיר גדול אחד בתוכם לדרוש שלומו והרב הנ""ל הביט והתבונן בפני העשיר ואמר
                    לו דבר לי"				
ר״ש	29	Khal-Hasidim2024-9-25,Khal-Hasidim2024-9-25_corrected,Kokhvei-Or2025-11-29_corrected,Mifalot-HaZadikim2025-06-22,Mifalot-HaZadikim2025-06-22_corrected,Shemen-Hatov2025-12-01_gemini,Sipurei-Zadikim2025-06-22,Sipurei-Zadikim2025-06-22_corrected,shivheiZadikim2026-01-10_corrected	name_exact	0.95	Tsadik_017.003		"עכ""ז מורשי לבבי הציקוני לחרות בעט ברזל סיפור קטן הכמות ורב האיכות אשר לבב כל קורא
                    משכיל יתלהב מזה כי פוק חזי מאן הוא גברא רבא דקא מסהיד עלה. הנה בעת גדולת האי
                     "				
שמשון	28	Hitgalut-HaZadikim2025-12-01_gemini,Khal-Hasidim2024-9-25,Khal-Hasidim2024-9-25_corrected,PeerMikdoshim2024-10-13,PeerMikdoshim2024-10-13_corrected,Shivei-Habesht2024-12-15_corrected,Shlosha-edrei-zon2025-11-28,Shlosha-edrei-zon2025-11-28_corrected,shivheiZadikim2026-01-10_corrected,tmimei_derech_2026-01-10,tmimei_derech_2026-01-10_corrected	phonetic	0.375	Tsadik_035.001		"הגאון הגדול מוהר״ר יוסף שאול נאטינזאהן ז""ל האבד״ק לעמבערג כי
					להמקובל הגאון הקדוש ר׳ שמשון זצ""ל מאוסטראפאלע נתגלה שיהיה חלקו
					בג״ע ביחד עם הגאון הקדוש רשכבה""ג רבי ר' העשיל זצ""ל ורצה לתהות על ק"				
הה״מ	27	Adat-Zadikim2024-09-25b,Adat-Zadikim2024-09-25b_corrected,Khal-Hasidim2024-9-25,Khal-Hasidim2024-9-25_corrected,Shivhei-Harav2024-10-29,Shivhei-Harav2024-10-29_corrected	phonetic	0.5	Tsadik_002.001		"שמעתי מאבא מארי שיחי' הרב הקדוש הגאון בו״ק מוה' מנחם מענדיל נ""י
                            מוויטעפסק בעהמ""ח ספר פרי
                            הארץ הי' לומד אצל הרב הק' המגיד הגדול
                 "				
"הרר""ד"	26	Adat-Zadikim2024-09-25b,Adat-Zadikim2024-09-25b_corrected,Khal-Hasidim2024-9-25,Khal-Hasidim2024-9-25_corrected	no_match	0.0			"מעשה שנסע הרב הקדוש ר׳ דוד ממיקלייעב
                        להבעש״ט על יוה״כ והיה דרכו בקודש
                    תמיד להיות אצל הבעש״ט כל ימים הנוראים
                    היינו מקודם ר""ה עד אחר יוה״כ"				
מענדיל	26	Adat-Zadikim2024-09-25b,Adat-Zadikim2024-09-25b_corrected,Khal-Hasidim2024-9-25,Khal-Hasidim2024-9-25_corrected,Kokhvei-Or2025-11-29,Kokhvei-Or2025-11-29_corrected,Maasiot-Pliot2026-01-10,Maasiot-Pliot2026-01-10_corrected,Maasiot-veSihot-Zadikim2026-01-10,Maasiot-veSihot-Zadikim2026-01-10_corrected,Mifalot-HaZadikim2025-06-22,Mifalot-HaZadikim2025-06-22_corrected,Shemen-Hatov2025-12-01_gemini,maase-zadikim2025-06-22,maase-zadikim2025-06-22_corrected	phonetic	0.444	Tsadik_012.172		"שמעתי מאבא מארי שיחי' הרב הקדוש הגאון בו״ק מוה' מנחם מענדיל נ""י
                            מוויטעפסק בעהמ""ח ספר פרי
                            הארץ הי' לומד אצל הרב הק' המגיד הגדול
                 "				
ישעי׳	26	Buzina_Denehora20251129,Buzina_Denehora20251129_corrected,PeerMikdoshim2024-10-13,PeerMikdoshim2024-10-13_corrected	no_match	0.0			"פ״א נתארח בק""ק ראשקיב בימי החורף ועדיין לא קידש את
					הלבנה. מחמת שלא האירה הלבנה עד זו הלילה. ואף בזו
					הלילה לא האירה הלבנה. ומאוד הי׳ בזו הלילה ענן גדול. ושלג
					ירד עד למאוד. והוא הכין א״ע "				
"ר""י"	26	Buzina_Denehora20251129,Buzina_Denehora20251129_corrected,Khal-Hasidim2024-9-25,Khal-Hasidim2024-9-25_corrected,Maasiot-veSihot-Zadikim2026-01-10,Shivhei-Harav2024-10-29,Shivhei-Harav2024-10-29_corrected,shivheiZadikim2026-01-10,shivheiZadikim2026-01-10_corrected	no_match	0.0			"הרב ר""ב את פניו אליו ואמר לו מה אומר הלמדן המלבין פני
					חבירו ברבים מפני מה אינו מסיים את המאמר אין לו חלק לעוה״ב :
					היתכן כאשר ראיתי ששורה עליו דינים. ובזה שבזיתי. אותו בטלתי
					מעליו את הדי"				
ר״ב	26	Buzina_Denehora20251129_corrected,Dvarim-Yekarim2025-12-01_gemini,Hitgalut-HaZadikim2025-12-01_gemini,shivheiZadikim2026-01-10_corrected	name_exact	0.95	Tsadik_001.015		"פ״א נתארח בק""ק ראשקיב בימי החורף ועדיין לא קידש את
					הלבנה. מחמת שלא האירה הלבנה עד זו הלילה. ואף בזו
					הלילה לא האירה הלבנה. ומאוד הי׳ בזו הלילה ענן גדול. ושלג
					ירד עד למאוד. והוא הכין א״ע "				
"הבע""ש"	25	Adat-Zadikim2024-09-25b,Khal-Hasidim2024-9-25,Khal-Hasidim2024-9-25_corrected,Sipurei-Kdoshim-2025-11-28,Sipurei-Kdoshim-2025-11-28_corrected	name_exact	0.95	Tsadik_001.001		"מעשה שנסע הבעש״ט מביתו יום ד' לעת ערב
                    ונסע כל הלילה ולמחרתו כל היום ולא הי׳ יודע שום אדם תכלית הכוונה בהנסיעה
                     בהנסיעה וגם להיכן הוא נוסע ויסע מהלך רב ביום
    "				
"המהרש""א"	25	Adat-Zadikim2024-09-25b,Adat-Zadikim2024-09-25b_corrected,Hitgalut-HaZadikim2025-12-01_gemini,Khal-Hasidim2024-9-25,Khal-Hasidim2024-9-25_corrected	no_match	0.0			"מעשה נורא שקרה בימי הגאון מהרש״א ז""ל בעיר אוסטרא היו שני אנשים שותפים סוחרים והי' מסחרם
                    מלייווינט פשוט כדומה. והיו אוהבים זל""ז כל ימיהם פעם אחד ששמעו כי אצל דוכסה אחת
             "				
ר״י	25	Buzina_Denehora20251129,Mifalot-HaZadikim2025-06-22,Mifalot-HaZadikim2025-06-22_corrected,Shemen-Hatov2025-12-01_gemini	no_match	0.0			"בימי מתתתי׳. בן יוחנן כ״ג חשמונאי והקשה. למה תקנו
					להזכיר בחנוכה. את יוחנן כהן גדול. הא בני חשמונאי
					היו כולם צדיקים ויוחנן שמש בכהונה גדולה פ׳ שנים.
					ולבסוף נעשה צדוקי. ותירץ כשאדם עובר ע"				
הרר״י	25	Shemen-Hatov2025-12-01_gemini,Shivhei-Harav2024-10-29,Shivhei-Harav2024-10-29_corrected,Sipurei-Zadikim2025-06-22,Sipurei-Zadikim2025-06-22_corrected	phonetic	0.667	Tsadik_008.001		"התיבה בנוסח ספרד ונפלה עליו תרדמה
					באמצע התפלה ונרדם שם בעת עמדו
					לפני התיבה. ובא אליו בחלום זקינינו
					הק׳ הררצ״ה ואמר לו האיך יש לך כח
					לשנות את נוסחי נוסח אשכנז במקום
					הלזה אשר הי"				
ר״א	24	Adat-Zadikim2024-09-25b,Adat-Zadikim2024-09-25b_corrected,Hitgalut-HaZadikim2025-12-01_gemini,Khal-Hasidim2024-9-25,Khal-Hasidim2024-9-25_corrected,Khal-Kdoshim2025-06-22,Khal-Kdoshim2025-06-22_corrected,Maasiot-veSihot-Zadikim2026-01-10_corrected,Mifalot-HaZadikim2025-06-22,Mifalot-HaZadikim2025-06-22_corrected,Shivhei-Harav2024-10-29,Shivhei-Harav2024-10-29_corrected,Shlosha-edrei-zon2025-11-28_corrected	no_match	0.0			"עוד שמעתי מאבא מארי מעשה שהיה הרב הגדול
                    האלקי ר׳ אהרן מקארלין קודם הפסח אצל הרב
                        המגיד ה""ג במעזריטש ורצה לנסוע
                    לביתו על חג הפסח וילך לקבל"				
ב	24	Buzina_Denehora20251129,Buzina_Denehora20251129_corrected	no_match	0.0			"פ""א בל""ג בעומר שאל לצדיק וגאון אחד שהי' אז במסובה. אם
					יכול הוא לומר מאמר הזוהר ואמר לו הן וצוה לו לומר מאמר
					הזוהר. ואחר שסיים המאמר אמר לו הרב ר״ב אם אתם יכולים
					ללמוד בנגלה כמו בס׳ הזוה"				
מוהר״א	24	Khal-Hasidim2024-9-25,Khal-Hasidim2024-9-25_corrected,Shivei-Habesht2024-12-15_corrected,Shivhei-Harav2024-10-29,Shivhei-Harav2024-10-29_corrected	no_match	0.0			"אמר המחבר בהיות שראיתי בכתבים שהעתקתי ממנו בסדר ההשתלשלות
                        ההשתלשות והתגלות רבינו הקדוש הבעש״ט
                    זיע״א דברים שלא כסדרן ובשם אדמו״ר הרב נבג""מ שמעתי הכל בסדר נכו"				
זלמן	24	Khal-Hasidim2024-9-25,Khal-Hasidim2024-9-25_corrected,Kokhvei-Or2025-11-29_corrected,Maasiot-veSihot-Zadikim2026-01-10,Maasiot-veSihot-Zadikim2026-01-10_corrected,Shivei-Habesht2024-12-15_corrected,Shivhei-Harav2024-10-29,Shivhei-Harav2024-10-29_corrected,shivheiZadikim2026-01-10,shivheiZadikim2026-01-10_corrected	name_exact	0.85	Biblical_Solomon		"שמעתי פ״א הלך ר׳ נחמן ז""ל דרך ק""ק
                        זאלראויע עם סחורה בעת תפלת שחרית ועמד עם עגלה שלו נגד
                    בה""מ ולקח הטו""ת ונכנס לבית המדרש ועטף ט""ות ועמד לפ""הת להתפלל בלי רשו"				
שמעלקי	24	Khal-Hasidim2024-9-25,Khal-Hasidim2024-9-25_corrected,Khal-Kdoshim2025-06-22,Khal-Kdoshim2025-06-22_corrected,Maasiot-Pliot2026-01-10,Maasiot-Pliot2026-01-10_corrected,Mifalot-HaZadikim2025-06-22,Mifalot-HaZadikim2025-06-22_corrected,Shemen-Hatov2025-12-01_gemini,Shlosha-edrei-zon2025-11-28_corrected,shivheiZadikim2026-01-10,shivheiZadikim2026-01-10_corrected	name_exact	0.95	Tsadik_017.003		"נעתיק כאן סיפור נורא מס׳ הנחמד שהגה""ח מאת הגאון הקדוש איש אלקי מופת דורו מו""ה
                        מאיר הלוי הורוויץ אבד""ק טיקטין זקינם של הני צנטרי : דדהבא הגאונים
                    הקדושים מו""ה"				
הרמב״ן	24	Khal-Kdoshim2025-06-22,Khal-Kdoshim2025-06-22_corrected	no_match	0.0			"מעשה מכבוד קדושת הרמב״ן אבי המקובלים ז""ל איך נשאו תשוקת ופעולת
               אחד קדוש מירושלים אה״ק תובב""א לגשת אל החכמה הקדושה חכמת הקבלה
               : בדורות הקודמים אם כי אור אלקי הי' מאיר בתור"				
"רש""י"	24	Maasiot-Pliot2026-01-10,Maasiot-Pliot2026-01-10_corrected,Maasiot-veSihot-Zadikim2026-01-10,Maasiot-veSihot-Zadikim2026-01-10_corrected,Smichat-Moshe_2025-08-26,maase-zadikim2025-06-22_corrected	no_match	0.0			"כג. מעשה פליאה מרבינו מאור הגולה רש""י ז""ל."				
רר״ש	24	Maasiot-Pliot2026-01-10_corrected,Shemen-Hatov2025-12-01_gemini,Smichat-Moshe_2025-08-26_corrected	no_match	0.0			"פעם אחד בא הקדוש והטהור רבי ר׳ זושא מהאינפאלי זללה""ה
					לכבוד רבינו מאוה""ג הגאון הקדוש רבי רבי שמעלקי
					מניקלשפורג זי""ע וביקש ר״ר זוסיא שילמוד אתו השיב לו הרה״ק
					ר״ר שמעלקי אם אתם תלמדו עמי ח"				
מאירל	24	shivheiZadikim2026-01-10,shivheiZadikim2026-01-10_corrected	no_match	0.0			"וחותים. כי למה לכם מעות שאינו שוה כלום. ובמה נחשב הוא הלא זהו טפשות מאיש
					אשר כמוכם שראוי להיות בעל מדרגה. וצהנה וכהנה. והרב החסיד ר׳ מאירל ז""ל הנ״ל
					שמע כל דבריו. ויהי כמחריש. כי לא ידע מה לה"				
דוב בער	23	Adat-Zadikim2024-09-25b,Adat-Zadikim2024-09-25b_corrected,Dvarim-Yekarim2025-12-01_gemini,Khal-Hasidim2024-9-25,Khal-Hasidim2024-9-25_corrected,MaasyiotMzadikeiYesodeiOlam_20251128_corrected,Shivhei-Harav2024-10-29,Shivhei-Harav2024-10-29_corrected	phonetic	0.455	Tsadik_002.001		"ומדי דברי בגדולת רבינו הרב המגיד הגדול אמרתי להעתיק את
                        אה הסיפור איך שנתקרב להבעש״ט
                    מספר כש״ט. וגם אגרת הבעש״ט הנדפס בספר תולדות יעקב יוסף ראיתי ג״כ
       "				
"הרר""ח"	23	Adat-Zadikim2024-09-25b,Adat-Zadikim2024-09-25b_corrected,Khal-Hasidim2024-9-25,Khal-Hasidim2024-9-25_corrected	no_match	0.0			"עתה נספר את אשר העיד אליהו הנביא ז""ל על רבינו
                        משה ומזה המעשה אשר נספר נקח מוסר לדעת איך צריך האדם
                    להחזיק עצמו בשפלות והמעש׳ שהיתה כך היתה רבינו הנ""ל הי' לו "				
פרעה	23	Buzina_Denehora20251129,Khal-Hasidim2024-9-25,Khal-Hasidim2024-9-25_corrected,Maasiot-veSihot-Zadikim2026-01-10,Maasiot-veSihot-Zadikim2026-01-10_corrected,Shlosha-edrei-zon2025-11-28,Shlosha-edrei-zon2025-11-28_corrected	no_match	0.0			"פ׳ בשלח
					ויהי בשלח פרעה את העם ולא נחם אלהים דרך ארץ וגו׳ כי
					קרוב הוא. אמר כי מעשה הצדיקים קדושי עליון אשר מנהיגים
					את עצמן בדרך כל הארץ. אוכלים ושותים וישינים ומתפללים
					מעט ורוב דיבו"				
אייזק	23	Khal-Hasidim2024-9-25_corrected,Shlosha-edrei-zon2025-11-28,Shlosha-edrei-zon2025-11-28_corrected	name_exact	0.85	Biblical_Isaac		"עוד מעשה שהבעש״ט ישב בק""ק זאסלב ושבת שם כמה שבתים ובתוך כך מצאו עכו״ם מת
                    על השדה והביאו אותו לעיר ורצו לעשות עלילה על היהודים והלכו להדוכסה ואמרו לה
                    שהיהודים הר"				
שבתי	22	Adat-Zadikim2024-09-25b,Adat-Zadikim2024-09-25b_corrected,Khal-Hasidim2024-9-25,Khal-Hasidim2024-9-25_corrected,Maasiot-Pliot2026-01-10,Shemen-Hatov2025-12-01_gemini	no_match	0.0			"שמעתי מאבא מארי הרב שיחי' מעשה שהבעש״ט ז""ל נבג""מ ישב עם החברי' קדישא שלו על סעודת שבת בערב.
                    ותיכף אחר קידוש שחק הבעש״ט שחוק נורא
                    מאוד עד שראו כי כמעט כלתה נפשו "				
הר״מ	22	Adat-Zadikim2024-09-25b,Adat-Zadikim2024-09-25b_corrected,Dvarim-Yekarim2025-12-01_gemini,Khal-Hasidim2024-9-25,Khal-Hasidim2024-9-25_corrected,Sefer-Moraim-Gdolim2025-11-28_corrected,Shivhei-Harav2024-10-29,Shivhei-Harav2024-10-29_corrected,Sipurei-Zadikim2025-06-22,Sipurei-Zadikim2025-06-22_corrected	no_match	0.0			"שמעתי מאבא מארי שיחי' הרב הקדוש הגאון בו״ק מוה' מנחם מענדיל נ""י
                            מוויטעפסק בעהמ""ח ספר פרי
                            הארץ הי' לומד אצל הרב הק' המגיד הגדול
                 "				
הרמב״ם	22	Khal-Hasidim2024-9-25,Khal-Hasidim2024-9-25_corrected,Shemen-Hatov2025-12-01_gemini,Sipurim-Nehmadim20251129,shivheiZadikim2026-01-10_corrected	no_match	0.0			"פ""א ראה הרב הנ""ל שבא להבעש״ט איש אחד
                    וקירב הבעש״ט אותו ודיבר אליו והאיש
                    הלז היה מפורסם בניאוף ושאל מפני מה קרבתם את האיש הלז המפורסם בניאוף והשיב לו
           "				
"הר""י"	21	Adat-Zadikim2024-09-25b,Adat-Zadikim2024-09-25b_corrected,Khal-Hasidim2024-9-25,Khal-Hasidim2024-9-25_corrected,Sipurei-Kdoshim-2025-11-28,Sipurei-Kdoshim-2025-11-28_corrected,Sipurei-Zadikim2025-06-22,Sipurei-Zadikim2025-06-22_corrected	no_match	0.0			"הבעש״ט ז""ל קודם פטירתו קרא לכל
                    התלמידים שלהם ויצוה להם איך יתנהגו וממה יהי' פרנסת כל אחד. ולקצת מהם גילה איך
                    שיתנהג הזמן אתם. והי' אצלו תלמיד אחד אשר היה משרתו "				
"ר""ח"	21	Adat-Zadikim2024-09-25b,Adat-Zadikim2024-09-25b_corrected,Buzina_Denehora20251129,Buzina_Denehora20251129_corrected,Khal-Hasidim2024-9-25,Khal-Hasidim2024-9-25_corrected,shivheiZadikim2026-01-10,shivheiZadikim2026-01-10_corrected,tmimei_derech_2026-01-10,tmimei_derech_2026-01-10_corrected	no_match	0.0			"עתה נספר את אשר העיד אליהו הנביא ז""ל על רבינו
                        משה ומזה המעשה אשר נספר נקח מוסר לדעת איך צריך האדם
                    להחזיק עצמו בשפלות והמעש׳ שהיתה כך היתה רבינו הנ""ל הי' לו "				
צבי הירש	21	Khal-Kdoshim2025-06-22_corrected,Maasiot-veSihot-Zadikim2026-01-10,Maasiot-veSihot-Zadikim2026-01-10_corrected,PeerMikdoshim2024-10-13_corrected,Shemen-Hatov2025-12-01_gemini,Smichat-Moshe_2025-08-26,shivheiZadikim2026-01-10,shivheiZadikim2026-01-10_corrected	no_match	0.0			"מעשה מהגאון הגדול אור ישראל וקדושו מוה' צבי הירש
               מ זי״ע : זודיטשובבין רבים החסידים אשר כיונים
               הוגים אל ארובותיהם על ימי הפורים על הצדיק הקדוש לבלי להיות מפוזר ומפורר בפיר"				
יצחק אייזיק	21	Kokhvei-Or2025-11-29,Kokhvei-Or2025-11-29_corrected,Maasiot-veSihot-Zadikim2026-01-10,Maasiot-veSihot-Zadikim2026-01-10_corrected,Shemen-Hatov2025-12-01_gemini	no_match	0.0			"והצדיק ר׳ יצחק אייזיק ז""ל שמובא מאתו בחיי""מ
					(בסיפור מעלת המתקרבים אליו באות
					כ""ג) גם הוא היה מאנשי המגיד ז""ל והיה עוסק במו״מ
					בעסק חילוף מטבע פ״א ראה אדומו״ר ז""ל וכו' כמובא שם
					בחיי״מ"				
בעל הפלאה	21	Shemen-Hatov2025-12-01_gemini,SipurimUmaamarimYekarim_Hebrewbooks_org_3804_gemini,Smichat-Moshe_2025-08-26_corrected	phonetic	0.583	Tsadik_017.002		"טז) עוד כ׳ הרב הנ""ל וז""ל שמעתי מאיש
					אמת ששמע מהרה״ק ר׳ ישראל
					זי״ע מרוזין שסיפר מה ששמע מפי הרה״ק
					ר׳ יצחק מראדוויל בן הרה״ק ר׳ מיכל
					זצ""ל מזלאטשוב איך שפ""א בהיות הרה״צ
					ר״י מראדו"				
אלי׳	20	Hitgalut-HaZadikim2025-12-01_gemini,Smichat-Moshe_2025-08-26,Smichat-Moshe_2025-08-26_corrected,shivheiZadikim2026-01-10,shivheiZadikim2026-01-10_corrected	no_match	0.0			"באה פתאום ילדה קטנה בת מרן הקדוש הרבי ר׳ ירחמיאל זצוקללה״ה בן רבינו
					הקדוש היהודי זצוק""ל וספר שבט מוסר בידה ומסרה הספר להרבי ר׳ בונם וראה
					שדף אחד היה נכפל לסימן לעיין שם ויהי כאשר פתח שם ועיי"				
"הר""ש"	20	Khal-Hasidim2024-9-25,Khal-Hasidim2024-9-25_corrected,Shivhei-Harav2024-10-29,Shivhei-Harav2024-10-29_corrected	no_match	0.0			"איש הי' בארץ רוסי' הלבינה בעיר
                        לאזנע ושמו ר' ברוך ויולד האיש
                    לעת זקנתו שני בנים ויקרא שם האחד שניאור
                        זלמן ושם השני קרא יהודה ליב וכא"				
יצחק מסקווירא	20	MaasiyotUmaamarimYekarim_with_annotations (1),MaasiyotUmaamarimYekarim_with_annotations (1)_corrected,Sipurim-Nehmadim20251129,Sipurim-Nehmadim20251129_corrected,SipurimUmaamarimYekarim_Hebrewbooks_org_3804_gemini	no_match	0.0			"שמעתי מאדמו״ר הרה״ק מרן ר׳ יצחק מסקווירא וצוק""ל
					שסיפר כי פ""א אחז בידו אביו הקדוש המגיד
					מטשארנאביל זצוק""ל גביע כסף ישן ואמר להעומדים אצלו ראו
					כמה מאוס וגרוע גביע זה כי הוא מעולם התוהו וה"	H-LOC_618			
עקיבא איגר	20	MaasyiotMzadikeiYesodeiOlam_20251128,MaasyiotMzadikeiYesodeiOlam_20251128_corrected,Mifalot-HaZadikim2025-06-22,Mifalot-HaZadikim2025-06-22_corrected,Shemen-Hatov2025-12-01_gemini,shivheiZadikim2026-01-10,shivheiZadikim2026-01-10_corrected	no_match	0.0			"א) מעשה נורא מהנשר הגדול זקן הקדושים הגאון רבינו יצחק אבוהב
					בעל מנורת המאור ע""ד הספק חסירות ויתירות שבתורה.
					ב) מגאון הגאונים הצדיק המפורסים רבינו עקיבא איגר בעלותו על כס
					הרבנות בעיר פרי"				
אליהו הנביא	19	Adat-Zadikim2024-09-25b,Adat-Zadikim2024-09-25b_corrected,Khal-Hasidim2024-9-25,Khal-Hasidim2024-9-25_corrected,Sipurei-Kdoshim-2025-11-28,Sipurei-Zadikim2025-06-22,Sipurei-Zadikim2025-06-22_corrected	name_exact	0.95	Biblical_Elijah		"עתה נספר את אשר העיד אליהו הנביא ז""ל על רבינו
                        משה ומזה המעשה אשר נספר נקח מוסר לדעת איך צריך האדם
                    להחזיק עצמו בשפלות והמעש׳ שהיתה כך היתה רבינו הנ""ל הי' לו "				
יחיאל	19	Khal-Hasidim2024-9-25,Khal-Hasidim2024-9-25_corrected,Kokhvei-Or2025-11-29,Kokhvei-Or2025-11-29_corrected,Maasiot-Pliot2026-01-10,Maasiot-Pliot2026-01-10_corrected,shivheiZadikim2026-01-10	no_match	0.0			"שמעתי מהרב דקהלתינו ר׳ גדליה ז""ל ששלח הגאון הקדוש ר׳
                        יחיאל אב""ד דק""ק קאוולי איש א'
                    למדן וחכם לתהות על קנקנו של הבעש״ט
                    וחלה בדרך ובא לק""ק"				
יודיל	19	Khal-Hasidim2024-9-25,Khal-Hasidim2024-9-25_corrected,Kokhvei-Or2025-11-29,Kokhvei-Or2025-11-29_corrected,Shivei-Habesht2024-12-15_corrected	no_match	0.0			"שמעתי מרבי שניאור נכד רב נחמן שרב יודיל
                    היה אצל רב נחמן בק""ק לאדמיר ורב נחמן בנה
                    שם בהמ״ד על המים ממש והמרחץ היה סמוך לבהמ״ד והלכו בשבת בבוקר למקוה ורב
        "				
מוהר״מ	19	Khal-Hasidim2024-9-25,Khal-Hasidim2024-9-25_corrected,Maasiot-Pliot2026-01-10_corrected,Mifalot-HaZadikim2025-06-22,Mifalot-HaZadikim2025-06-22_corrected	no_match	0.0			"שמעתי כי הרב המגיד הגדול דק""ק מעזריטש
                    לא הי' תוקע בעצמו כ""א הרב הק' מו' מנחם מענדיל שנפטר
                        באה״ק הי' תוקע והוא ז""ל הי׳ מקרא את
                    התקיעות וא"				
פאוויל	19	Khal-Hasidim2024-9-25,Khal-Hasidim2024-9-25_corrected,Shivhei-Harav2024-10-29_corrected	no_match	0.0			"איש הי' בארץ רוסי' הלבינה בעיר
                        לאזנע ושמו ר' ברוך ויולד האיש
                    לעת זקנתו שני בנים ויקרא שם האחד שניאור
                        זלמן ושם השני קרא יהודה ליב וכא"				
גרשון	19	Kokhvei-Or2025-11-29,Kokhvei-Or2025-11-29_corrected,MaasiyotUmaamarimYekarim_with_annotations (1),MaasiyotUmaamarimYekarim_with_annotations (1)_corrected,PeerMikdoshim2024-10-13_corrected,Shemen-Hatov2025-12-01_gemini	name_exact	0.95	Tsadik_012.007		"גם תבערת הלב בעבודת ה' של ר׳ אהרן ור׳ יהושע
					מזשערין אין לשער וכן שאר כל אנשיו כמו ר'
					נפתלי ז""ל מנעמרוב ור׳ יחיאל אחיו והרב ר׳ אהרן ז""ל
					מברסלב הרב ר׳ שמואל יצחק ז""ל מטשערין הרב ר' ישעי'
"				
״ש	19	Maasiot-Pliot2026-01-10,Maasiot-veSihot-Zadikim2026-01-10,MaasiyotUmaamarimYekarim_with_annotations (1),MaasiyotUmaamarimYekarim_with_annotations (1)_corrected,shivheiZadikim2026-01-10_corrected	name_exact	0.95	Tsadik_017.003		"והי׳ ריב גדול בין הצדדים ומתדיינים בהדבר עד שנגשו אל
					המשפט לפני הממשלה וקרב הענין אחד אל אחד גבוה מעל
					גבוה עד שהגיע אל בית המלך (קיר״ה) ולהיושבים ראשונה במלכות
					כדת מה לעשות בנידון זה. א"				
אביש	19	MaasyiotMzadikeiYesodeiOlam_20251128,MaasyiotMzadikeiYesodeiOlam_20251128_corrected,Shlosha-edrei-zon2025-11-28,Shlosha-edrei-zon2025-11-28_corrected	no_match	0.0			"בהיות עלה על כסא הרבנות דק""ק פפד״מ הגה״ק רבי אביש
					ז""ל בא אורח אחד להתאכסן בביתו על שבת קדש תוארו
					של האורח הי' מגונה משחת בידו מעיניו ומפיו נוטפות וסרוחות
					וקבלו בסבר פנים יפות כדרכו להכנ"				
"ר""א"	18	Adat-Zadikim2024-09-25b,Adat-Zadikim2024-09-25b_corrected,Khal-Hasidim2024-9-25,Khal-Hasidim2024-9-25_corrected,Maasiot-Pliot2026-01-10,Maasiot-Pliot2026-01-10_corrected,Maasiot-veSihot-Zadikim2026-01-10,Maasiot-veSihot-Zadikim2026-01-10_corrected,Shlosha-edrei-zon2025-11-28,Shlosha-edrei-zon2025-11-28_corrected,shivheiZadikim2026-01-10,shivheiZadikim2026-01-10_corrected	no_match	0.0			"ויאמר להם למה לא אמר לי והקיצור בעוה""ר נסע לביתו ונפל למשכב וביום ג׳ דחול המועד
                    פסח עלה למרום ושבק לנו החיים וכאשר שמעו החבירים נתאבלו עליו מאוד כי ידוע לכל
                    שהר"				
בוצינא דנהורא	18	Buzina_Denehora20251129	no_match	0.0			"תעודת אדונינו מורינו ורבינו ראש גולת אריאל בוצינא דנהורא
					(ואלו הם התעודות בלשונם אות באות שבאו על
					הספר כשיצא לאור בפעם הראשון שנת תר״מ)."				
אורי	18	Hitgalut-HaZadikim2025-12-01_gemini,Maasiot-veSihot-Zadikim2026-01-10,Maasiot-veSihot-Zadikim2026-01-10_corrected	name_exact	0.95	Tsadik_057.001		"בימי בחרותו היה מסתופף בצל קדושת רבינו שלמה מקארלין ובצל קדושת
					רבינו זאב בעהמח״ס אור המאיר זי״ע ואח״כ נטל רשות מהרה״ק רבי זאב
					ליסע לביתו. ובא לביתו לעיר לעמבורג ומקום דירתו היה במרתף צר וקטן"				
זושא	18	Hitgalut-HaZadikim2025-12-01_gemini,Maasiot-Pliot2026-01-10_corrected,Shemen-Hatov2025-12-01_gemini,shivheiZadikim2026-01-10,shivheiZadikim2026-01-10_corrected	name_exact	0.95	Tsadik_020.001		"סיפר אדוני אבי מו״ר הרב הגדול חסידא קדישא מוהר״ר מרדכי זאב זצוק""ל
					האבד״ק קאלביעל בעהח״ס קול הרמ״ז. כי פעם אחת היה סביבות העיר
					הנ״ל לימוד מלחמה בין האנשי חיל שקורין (מנעוורי) והמנהג הוא שהולכ"				
"ר""ש"	18	Khal-Hasidim2024-9-25,Khal-Hasidim2024-9-25_corrected,Kokhvei-Or2025-11-29,Kokhvei-Or2025-11-29_corrected,Maasiot-veSihot-Zadikim2026-01-10,Maasiot-veSihot-Zadikim2026-01-10_corrected,Shemen-Hatov2025-12-01_gemini,shivheiZadikim2026-01-10,shivheiZadikim2026-01-10_corrected,tmimei_derech_2026-01-10,tmimei_derech_2026-01-10_corrected	name_exact	0.95	Tsadik_017.003		"מעשה המבואר בשבחי בעש״ט מהבעש״ט אשר היה אצל הרירזאווצעס בק""ק סלוצק הרכיב שם חמר גמל ולא סיפרה לאמיתה והוא לא אשם בזה כי עבור
                    המרחק רב אשר מהעיר הנ""ל להכותב שבחי בעש״ט נשתנו הדברים
"				
"מוהר""פ"	18	Khal-Hasidim2024-9-25,Khal-Hasidim2024-9-25_corrected	phonetic	0.5	Tsadik_012.007		"עתה נכתוב קצת מפטירתו שהיה הסתלקותו ביום א׳ דשבועות בפסח שקודם זה הי' הרה""ק מו'
                        פנחס מקאריץ אצל
                        הבעש״ט ונחלש מעט ומפני זה בעי״ט
                    האחר"				
מוהר״ז	18	shivheiZadikim2026-01-10,shivheiZadikim2026-01-10_corrected	phonetic	0.5	Tsadik_012.007		עוד מה שסיפר הה״ק מוהר״ז מרבו הק' מוהר״ש ז״ל מעשה נפלאה.				
המהרש״א	17	Adat-Zadikim2024-09-25b,Adat-Zadikim2024-09-25b_corrected,Hitgalut-HaZadikim2025-12-01_gemini,Khal-Hasidim2024-9-25,Khal-Hasidim2024-9-25_corrected	no_match	0.0			"מעשה נורא שקרה בימי הגאון מהרש״א ז""ל בעיר אוסטרא היו שני אנשים שותפים סוחרים והי' מסחרם
                    מלייווינט פשוט כדומה. והיו אוהבים זל""ז כל ימיהם פעם אחד ששמעו כי אצל דוכסה אחת
             "				
'	17	Buzina_Denehora20251129,Buzina_Denehora20251129_corrected,Maasiot-veSihot-Zadikim2026-01-10,Shlosha-edrei-zon2025-11-28,Sipurim-Nehmadim20251129,shivheiZadikim2026-01-10	no_match	0.0			"עט""ר הה""ק מוה' שלום יוסף שליט״א יקח א""כ
					ספר אחד במחיר אשר ישית עליו המוכ״ז באתי עכ״ז
					בפקודת קהשוקדשו : זאב וואלף מרגליות
					התחום בפקודת קדשו : משה יונה שטיינבערג"				
היהודי	17	Hitgalut-HaZadikim2025-12-01_gemini	no_match	0.0			התגלות רבינו היהודי הקדוש מפרשיסחא והתקרבותו להרבי מלובליi				
אדל	17	Khal-Hasidim2024-9-25,Khal-Hasidim2024-9-25_corrected,Shivei-Habesht2024-12-15_corrected,Shivhei-Harav2024-10-29_corrected,maase-zadikim2025-06-22,maase-zadikim2025-06-22_corrected	no_match	0.0			"נודע לכל ומפורסם הנסיעה מהבעש״ט ז""ל
                    לארץ הקדושה כי רצה לראות א""ע עם הרב הקדוש האלקי בעל אור החיים ומן השמים עכבוהו והיה לו צרות גדולות בדרך
                    עד שפעם אחת נעצב וסר"				
איסר	17	Khal-Hasidim2024-9-25,Khal-Hasidim2024-9-25_corrected,Sipurei-Zadikim2025-06-22,Sipurei-Zadikim2025-06-22_corrected	no_match	0.0			"בעיר פאלעצק במדינת רייסן היה איש
                    אחד מהמוני עם הפשוטים אשר התפרנס ממלאכתו ממלאכת החייטים והיה עוסק במלאכתו באמונה
                    לא ויתר שום דבר משום אדם ועסק במצות ה׳ בכל יכו"				
עוזר	17	Kokhvei-Or2025-11-29,Maasiot-veSihot-Zadikim2026-01-10,Maasiot-veSihot-Zadikim2026-01-10_corrected,Shemen-Hatov2025-12-01_gemini	no_match	0.0			"והנגיד ר׳ לייב מקרומינטשאק ובנו ר׳ יצחק אייזיק חתנו
					של אדומו״ר ז""ל וכן ר' יוסף חתנו השני ר׳ ישראל מליפיוועץ
					ר׳ אייזיק יוסף מליפיוועץ ר׳ חיים שארעס מברסלב ר'
					יעקב מברסלב ר׳ דוד מברסלב ר׳"				
סענדיר	17	Maasiot-veSihot-Zadikim2026-01-10,Maasiot-veSihot-Zadikim2026-01-10_corrected	no_match	0.0			"מעשה שהחסידים הגאונים הותירו למניקת להנשא והחסידים
					ההם היו בראשם הרב הצדיק הגאון הקדוש ר׳ ארון קליוואנער והשני
					הרב הצדיק הגאון הגדול ר׳ יעקב שמשון משפיטיווקע ז""ל והשלישי
					הרב הצדיק הגאון"				
הירשלי	17	Shemen-Hatov2025-12-01_gemini,Shlosha-edrei-zon2025-11-28,Shlosha-edrei-zon2025-11-28_corrected	no_match	0.0			"קעב) אגרת הקודש מס׳ נועם אלימלך
					בקונט׳ לקוטי שושנים מאת
					הה״ק ר׳ זכריה מענדיל בן הגה״ק מ׳ משה
					יהושע אבד״ק שטרים שהי׳ חתן זקינו הגה""ק
					ר׳ הירשלי אבד״ק טשארטקוב זי״ע ואם
					הר״ר זכרי"				
שלמה אפרים	17	Sipurei-Kdoshim-2025-11-28,Sipurei-Kdoshim-2025-11-28_corrected	phonetic	0.375	Tsadik_001.010		"הנער להשיב עוד תרוצים דחוים וסיפר לו כל הנעש' וכל מרא' החלום והבין
					האדון כי הלא דבר היא אך בעיני הנער אמר מדוע תשמע לקול המדמה החלומות
					שוא ידברו הלא אנכי אביך ואשתי אמך אשר ילדה אותך אך הדבר"				
יונתן	17	shivheiZadikim2026-01-10,shivheiZadikim2026-01-10_corrected	no_match	0.0			"סיפור נפלא ונורא מהגאון הק׳ רבינו יונתן ז""ל מפראג"				
משה רבינו	16	Adat-Zadikim2024-09-25b,Buzina_Denehora20251129,Khal-Hasidim2024-9-25,Maasiot-veSihot-Zadikim2026-01-10,Maasiot-veSihot-Zadikim2026-01-10_corrected,MaasyiotMzadikeiYesodeiOlam_20251128,MaasyiotMzadikeiYesodeiOlam_20251128_corrected,Shlosha-edrei-zon2025-11-28,SipurimUmaamarimYekarim_Hebrewbooks_org_3804_gemini	name_exact	0.95	Biblical_Moses		"ויאמר להם למה לא אמר לי והקיצור בעוה""ר נסע לביתו ונפל למשכב וביום ג׳ דחול המועד
                    פסח עלה למרום ושבק לנו החיים וכאשר שמעו החבירים נתאבלו עליו מאוד כי ידוע לכל
                    שהר"				
"מו""ה"	16	Buzina_Denehora20251129,Buzina_Denehora20251129_corrected,Maasiot-veSihot-Zadikim2026-01-10,MaasyiotMzadikeiYesodeiOlam_20251128,shivheiZadikim2026-01-10	no_match	0.0			"עט״ר הה""ק מו""ה ישראל שליט״א יקח אי""ה ספר
					תעודת אדונינו מורינו ורבינו ראש גולת אריאל בוצינא דנהורא
					וקדישא. אספקלריא המאירה איש אלקים מופת הדור
					והדרו אור ישראל וקדושו המפורסם בכל קצוי ארץ"				
ה	16	Buzina_Denehora20251129,Maasiot-Pliot2026-01-10,Maasiot-veSihot-Zadikim2026-01-10,Maasiot-veSihot-Zadikim2026-01-10_corrected,MaasyiotMzadikeiYesodeiOlam_20251128,Sipurim-Nehmadim20251129,shivheiZadikim2026-01-10	no_match	0.0			"רוח אש מים. וסיבת החולאים ר""ל יתהוה מפני שהיסודות
					לא ימשלו בשוה. ואחד גבר על חבירו. ואין שלום ביניהם.
					והנה בפסוק ויקרא אלקים לרקיע שמים. פרש״י שמים אש
					ומים. אף שהם מתנגדים זל""ז. ערבן הק"				
"ד""פ"	16	Khal-Hasidim2024-9-25,Khal-Hasidim2024-9-25_corrected	name_exact	0.95	Tsadik_012.034		"הרב ר' דוד פירקוס ז""ל היה תלמיד מובהק להבעש״ט זי""ע ובהגיע בתו הבתולה לעת דודים
                    ציוה הרב ר' דוד פירקוס ז""ל על פי
                    פקודת רבו הבעש""ט זי""ע לאנשים מיוחדים מחסידים הסר"				
שפיפון	16	Maasiot-Pliot2026-01-10,Maasiot-Pliot2026-01-10_corrected	no_match	0.0			"סבר לאותו תנין עשה עצמו כעין גשר ועבר עליו בן סבר ולא
					הזיקו כיון שעבר מן הנהר פגע בו אדם אחד שהי' מכוער
					ביותר אמר לו אתה בן סבר אמר לו הן אמר לו מאין באת
					והוא הסיח לו מה שאירע לו אמר הא"				
יוסי	16	Maasiot-veSihot-Zadikim2026-01-10,Maasiot-veSihot-Zadikim2026-01-10_corrected	no_match	0.0			"במשנה ה׳ פ""ז בסנהדרין אמר ר׳ יהושע בן קרחה בכל
					יום דנין את העדים בכינוי יכה יוסי את יוסי ופירש ר""ע מברטנורה
					ז""ל אני שמעתי מפני שהוא בן ארבע אותיות ועולה בנימ׳ אלהים
					לכך מכנים שם בן ר׳ א"				
דמתא	16	MaasiyotUmaamarimYekarim_with_annotations (1),MaasiyotUmaamarimYekarim_with_annotations (1)_corrected,Sipurim-Nehmadim20251129,shivheiZadikim2026-01-10	no_match	0.0			"אותו הרה״ק התולדות הקפיד עליו מאד וישאל אותו מה זה
					ומדוע לא באו עוד האנשים הרגילים בכל יום לבוא לביהכ״נ
					להתפלל ויספר לו השמש כי איש אחד אורח עומד ברחוב
					העיר ומספר מעשיות וכל בני העיר עו"				
אפרים עוללות	16	Sipurei-Kdoshim-2025-11-28,Sipurei-Kdoshim-2025-11-28_corrected	no_match	0.0			"וישמלב לקול רבו ויקם וילך ללבוב וישב שם ואז התחיל
					לחבר חבורו היקר עוללות אפרים ויקח לו אשה בת ת""ח אשר היה גם הוא במחשך
					מעשיהו ויקרא את שמו אפרים עוללות ופרנסתו הי' שהי' מוכר
					בצים להבעלי"				
יעקב יצחק	15	Adat-Zadikim2024-09-25b,Adat-Zadikim2024-09-25b_corrected,Hitgalut-HaZadikim2025-12-01_gemini,Khal-Hasidim2024-9-25,Khal-Hasidim2024-9-25_corrected,Khal-Kdoshim2025-06-22_corrected,Mifalot-HaZadikim2025-06-22_corrected,Shemen-Hatov2025-12-01_gemini,Shlosha-edrei-zon2025-11-28,Shlosha-edrei-zon2025-11-28_corrected,Sipurim-Nehmadim20251129,Sipurim-Nehmadim20251129_corrected	phonetic	0.5	tempH-116		"מעשה נוראה שקרה בימי הצדיקים הקדושים ה""ה הרב המגיד
                            מקאזעניץ והרב הקדוש ר׳ יעקב יצחק מלובלין ז""ל זי""ע : מעשה שהי' איש אחד ממקורביו של
                        המגיד
         "				
הרמ״א	15	Adat-Zadikim2024-09-25b,Adat-Zadikim2024-09-25b_corrected,Khal-Hasidim2024-9-25,Khal-Hasidim2024-9-25_corrected,Maasiot-Pliot2026-01-10,shivheiZadikim2026-01-10,shivheiZadikim2026-01-10_corrected	no_match	0.0			"אלי : ויען אליהו הנביא אשר גם הוא הי' שם ויאמר
                        להר""ח כה תאמר להרב ר' משה איסרליש
                    כי אתה ברוב גדלותך לא הגעת עדיין לקרסולי הרמ״א אך אין אנו
                 "				
מיכלי	15	Hitgalut-HaZadikim2025-12-01_gemini,Shemen-Hatov2025-12-01_gemini,Shlosha-edrei-zon2025-11-28,Shlosha-edrei-zon2025-11-28_corrected	no_match	0.0			"פעם אחת ישב בסעודת ר״ח עם החבריא קדישא שלו באו שני אנשים לשם
					ועמדו על הפתח. ענה הרבי ר' אלימלך ואמר לאנשי שלומיו הראיתם
					מימיכם אנשים ערומים בלי לבושים כאילו שני האנשים. ואנשי שלומיו כשמעם צא"				
"מוהר""ן"	15	Khal-Hasidim2024-9-25,Shivei-Habesht2024-12-15_corrected	phonetic	0.5	Tsadik_012.007		"הרב מ׳ נחמן קאסווער היה מתנגד
                        להבעש""ט [ושמעתי שהבעש״ט הי' מנשמת דע""ה והרב
                        מוהר״ן מנשמת שאול המלך ע""ה גלל כן
                    הי' עוין את דוד כל הימים"				
זיסיא	15	Kokhvei-Or2025-11-29,Kokhvei-Or2025-11-29_corrected,Sefer-Moraim-Gdolim2025-11-28,Sefer-Moraim-Gdolim2025-11-28_corrected,Sipurei-Kdoshim-2025-11-28,Sipurei-Kdoshim-2025-11-28_corrected	no_match	0.0			"אח״כ נתקרב לתלמידי המגיד ז""ל שהיו עדיין
					בעולם הלא המה. הרב הצדיק ר' זיסיא ז""ל.
					והרב הצדיק ר׳ לוי יצחק זצ""ל מבארדיטשוב. והרב הקדוש
					ר׳ ברוך זצ""ל והצדיק ר' גדלי׳ מלינעץ ז""ל והרב הצדיק ר'
	"				
"רש""א"	15	Kokhvei-Or2025-11-29,Kokhvei-Or2025-11-29_corrected,Sipurei-Kdoshim-2025-11-28,Sipurei-Kdoshim-2025-11-28_corrected	no_match	0.0			"ומעשה שהיה כך היה כי בימי נעוריו ישב על
					שלחן חותנו בעיר דאשיב ושם קנה
					אהבה עם ר׳ יודיל ורש""א הנ""ל אח""כ הגיע העת שהוצרך
					לשוב עם זוגתו על שלחן אביו שישב בכפר הסמוך
					למעדוועדובקא והזהי"				
מרים	15	Maasiot-veSihot-Zadikim2026-01-10,Maasiot-veSihot-Zadikim2026-01-10_corrected,MaasiyotUmaamarimYekarim_with_annotations (1),Shemen-Hatov2025-12-01_gemini,Smichat-Moshe_2025-08-26,Smichat-Moshe_2025-08-26_corrected,tmimei_derech_2026-01-10,tmimei_derech_2026-01-10_corrected	no_match	0.0			"בפסוק ותקח מרים הנבואה אחות אהרן את התוף בידה ואמר
					ר' מאיריל למה לקחה תוף וכי בלא תוף לא היתה יכולה לומר שירה.
					אמנם כשמרים הנביאה ראתה את הנם הגדול של קי״ס התחיל להתלהב
					לבה בקרבה לומר ש"				
יהודה	15	MaasyiotMzadikeiYesodeiOlam_20251128,MaasyiotMzadikeiYesodeiOlam_20251128_corrected,Sefer-Moraim-Gdolim2025-11-28,Sefer-Moraim-Gdolim2025-11-28_corrected,tmimei_derech_2026-01-10,tmimei_derech_2026-01-10_corrected	name_exact	0.85	Tsadik_012.048		"וימנא חדא אזלינן בספינתא וחזינן ההיא ציפרא דקאים עד קרסוליה
					במיא וכו'. אחר שהראה גדולת החכמת הקבלה בלימוד בא שוב
					לומר להיות נמנע מקבלה מעשיות כמו שאמרו חכז״ל בקידושין
					דף ע״א תנו רבנן בר"				
יאסילע	15	Mifalot-HaZadikim2025-06-22_corrected	no_match	0.0			"מעשה נפלאה ששמעתי איש מפי איש מפי איש נאמן שראה בעיניו
               בספר היקר נקרא בשמו ספר הכנסת אורחים. הנמצא
               בביבליטעק דעיר מלוכה וויען יע״א :
            
               ז״ל הספר "				
יחזקאל	14	Hitgalut-HaZadikim2025-12-01_gemini,Khal-Hasidim2024-9-25_corrected,Shemen-Hatov2025-12-01_gemini,Sipurei-Kdoshim-2025-11-28,Sipurei-Kdoshim-2025-11-28_corrected,shivheiZadikim2026-01-10,shivheiZadikim2026-01-10_corrected	no_match	0.0			"הרב הצדיק בוצינא קדישא המפורסם מרן ר׳ יחזקאל מקאזמיר זצוקללה""ה ישב
					פעם אחת בסעודה עם אנשי שלומיו ביומא הלולא של רבינו הגאון הקדוש
					זצוק""ל מבארדיטשוב הנ""ל. ושאל הרה״ק ר׳ יחזקאל לאנ""ש אם יש בכא"				
רמ״א	14	Hitgalut-HaZadikim2025-12-01_gemini,Maasiot-Pliot2026-01-10,Maasiot-Pliot2026-01-10_corrected,Smichat-Moshe_2025-08-26,shivheiZadikim2026-01-10,shivheiZadikim2026-01-10_corrected	name_exact	0.95	Rabbinic_Rema		"סיפר הרב הגדול החסיד המפורסם בנש""ק מוהר״ר אברהם שליט״א האבד״ק
					סטאשוב ופאריסאוו נכד של הרבינו היהודי הקדוש זצוקללה""ה ששמע מפ""ק
					הרב הגאון הקדוש ציס״ע הרבי ר׳ העניך זצוק״ל מאלקסאנדר שפעם אחת יש"				
"האו""ח"	14	Khal-Hasidim2024-9-25,Khal-Hasidim2024-9-25_corrected	no_match	0.0			"מעשה נוראה מהרב הקדוש האלקי מו""ה גרשון
                        קיטעוור ז""ל גיסו של רבינו הבעש״ט נ""ע : פעם אחת הי' הבעש״ט ז""ל בדאגה גדולה עד מאוד. וקראו לגיסו הרה""ק מו""ה גרשון ז""ל ואמר לו תדע גיסי כי כ"				
דובער	14	Khal-Hasidim2024-9-25,Khal-Hasidim2024-9-25_corrected,Shemen-Hatov2025-12-01_gemini,Shivhei-Harav2024-10-29,Shivhei-Harav2024-10-29_corrected	no_match	0.0			"עתה נסיים הסיפור מישועת החודש הזה כי עד כה עזרנו השי""ת לסיים הסיפור מיום י״ט וכ""ט
                    בו ועתה נחזור לראשו לספר מר""ח כסליו ויו""ד בו אשר בשני הימים האלו נפדו הרבנים
                    ה"				
ט	14	Maasiot-Pliot2026-01-10,MaasiyotUmaamarimYekarim_with_annotations (1),Sipurim-Nehmadim20251129	no_match	0.0			"א מעשה נוראה מהחכם הגדול קדוש אלקי רבינו אברהם בן עזרא.
					ב מעשה מהגאון המקובל הק׳ והטהור רבי נפתלי כ״ץ בעל סמיכות חכמים.
					ג מעשה בחסיד אחד ציוה את בנו לזרוק פתו במים כל ימיו ומקיים כבוד אב.
		"				
וואליטשיסק	14	Maasiot-veSihot-Zadikim2026-01-10,Maasiot-veSihot-Zadikim2026-01-10_corrected	no_match	0.0			"מעשה שהחסידים הגאונים הותירו למניקת להנשא והחסידים
					ההם היו בראשם הרב הצדיק הגאון הקדוש ר׳ ארון קליוואנער והשני
					הרב הצדיק הגאון הגדול ר׳ יעקב שמשון משפיטיווקע ז""ל והשלישי
					הרב הצדיק הגאון"				
נחמיה	14	MaasyiotMzadikeiYesodeiOlam_20251128,MaasyiotMzadikeiYesodeiOlam_20251128_corrected,Shlosha-edrei-zon2025-11-28,Shlosha-edrei-zon2025-11-28_corrected	no_match	0.0			"וידקור את נחמיה בירושלים וספרו אותו כל ישראל ויתמרמרו
					עליו במרירות ובכיות ואח״כ תבא אשת נתן הנביא בן
					דוד חפצי בה אם מנחם בן עמיאל בן דוד והאותות האלה מגיעות
					בחודש אב בששה לחודש ידקור שי"				
"הרר""א"	13	Adat-Zadikim2024-09-25b,Adat-Zadikim2024-09-25b_corrected,Khal-Hasidim2024-9-25,Khal-Hasidim2024-9-25_corrected,Sipurei-Zadikim2025-06-22,Sipurei-Zadikim2025-06-22_corrected,shivheiZadikim2026-01-10,shivheiZadikim2026-01-10_corrected	phonetic	0.667	Tsadik_046.001		"עוד שמעתי מאבא מארי מעשה שהיה הרב הגדול
                    האלקי ר׳ אהרן מקארלין קודם הפסח אצל הרב
                        המגיד ה""ג במעזריטש ורצה לנסוע
                    לביתו על חג הפסח וילך לקבל"				
דנהורא	13	Buzina_Denehora20251129	no_match	0.0			"ספר
					בוצינא דנהורא
					לקוטים יקרים. אמרי נועם אחד קדוש מדבר מן שמיא. דין
					גליא רזיא. בוצינא דנהורא וקדישא. רב רבנן. וחכם הרזים :
					איש אלקים קדוש ונורא. שמו נודע בכל קצוי ארץ ארי דבי
				"				
אסתר	13	Buzina_Denehora20251129,Khal-Kdoshim2025-06-22_corrected,MaasyiotMzadikeiYesodeiOlam_20251128,MaasyiotMzadikeiYesodeiOlam_20251128_corrected,SipurimUmaamarimYekarim_Hebrewbooks_org_3804_gemini	no_match	0.0			"מגלה ט״ו ע״ב
					מה ראתה אסתר שזמנה את המן וכו'. אשכחיה רבה בר אבוה
					לאליהו וכו'. אמר לי ככולהו תנאי וככלהו אמוראי, פי' מה
					ראתה אסתר שמנה. לשון עדים זוממים כלומר שהזמינה
					בהמן. א""ל ככלהו"				
ר״ח	13	Buzina_Denehora20251129_corrected,Shemen-Hatov2025-12-01_gemini	no_match	0.0			"סיפר ר׳ אביגדר מק׳ ליטין שנסע הרב הק' ר׳ חיים
					 מן טשערניוויצערוואליחיי מק' באטישאהן לק׳ מעזיביז.
					על קבר הבעש״ט. וכשבא לק׳ מעזיבוז. לא הי׳ הרב ר״ר ברוך
					בביתו. שיום אז קודם ביאת הרב ר׳ חי"				
מיכאל	13	Hitgalut-HaZadikim2025-12-01_gemini,Khal-Hasidim2024-9-25_corrected,MaasyiotMzadikeiYesodeiOlam_20251128,MaasyiotMzadikeiYesodeiOlam_20251128_corrected,Shivei-Habesht2024-12-15_corrected,SipurimUmaamarimYekarim_Hebrewbooks_org_3804_gemini,shivheiZadikim2026-01-10,shivheiZadikim2026-01-10_corrected	phonetic	0.375	tempH-54		"לו בעצמו כפעם בפעם. אך רץ לקראתו וחטף הבשר מידו. אז התקצף האדון על
					הכלב ושבר את החדר הקטן שלו. והכה אותו היטב ודחפהו מאצלו. ומאז הולך
					הכלב בעיר. ואינו עושה שום היזק לבנ""א. וכאשר שמע המגיד הק"				
הר״ש	13	Khal-Hasidim2024-9-25,Khal-Hasidim2024-9-25_corrected,Mifalot-HaZadikim2025-06-22,Shivhei-Harav2024-10-29,Shivhei-Harav2024-10-29_corrected	no_match	0.0			"ויהי במשך איזה שנים אחרי׳ היה מוכרח הרב ז""ל להיות בפ""ב
                    מאיז עסק השייך לכלל והקיסר פאוויל לא ידע מביאתו
                        לפ""ב ויהי שם הרב איזה ימים אחדים בתוך כך נתהוה סיבה
 "				
פאטאצקי	13	Khal-Hasidim2024-9-25,Khal-Hasidim2024-9-25_corrected,PeerMikdoshim2024-10-13,PeerMikdoshim2024-10-13_corrected,Shemen-Hatov2025-12-01_gemini	no_match	0.0			"בליזענסק ישב הצדיק הקדוש הזה. והעיר ההוא
                    היתה תחת -ממשלת אדון אחד שמו פאטאצקי הי׳ שייך לו כל שליסל
                        ראמניב וישב בהכפר שלו פאסעסאר יהודי אשר היה מאמין מאד
   "				
הרר״ע	13	Khal-Hasidim2024-9-25,Khal-Hasidim2024-9-25_corrected,Sipurei-Zadikim2025-06-22,Sipurei-Zadikim2025-06-22_corrected	no_match	0.0			"בעיר פאלעצק במדינת רייסן היה איש
                    אחד מהמוני עם הפשוטים אשר התפרנס ממלאכתו ממלאכת החייטים והיה עוסק במלאכתו באמונה
                    לא ויתר שום דבר משום אדם ועסק במצות ה׳ בכל יכו"				
שמעון	13	Khal-Hasidim2024-9-25_corrected,Kokhvei-Or2025-11-29,Kokhvei-Or2025-11-29_corrected,Maasiot-veSihot-Zadikim2026-01-10,Maasiot-veSihot-Zadikim2026-01-10_corrected,Shemen-Hatov2025-12-01_gemini,Shlosha-edrei-zon2025-11-28_corrected,Sipurei-Zadikim2025-06-22_corrected	no_match	0.0			"עוד היה דרכו בקודש להפך את כל הקללות לברכות בלשונם דייק היינו כי מי שלא הבין היה
                    סובר כי הוא מקלל יום יום את כל הבאים והמה היו כולם ברכות ועל הדרך שנמצא בדברי
                    ח"				
אדומו״ר	13	Kokhvei-Or2025-11-29,shivheiZadikim2026-01-10	no_match	0.0			"אח״כ סיבב הש""י בנפלאותיו העצומים שיצא אדומו״ר
					זצ""ל לברסלב שהיא קרובה לנעמרוב עיר מושבו
					של מורנ""ת ז""ל בערך י""ח מיל (שקורין ווערסט) ומיד כששמע
					זאת מורנ""ת ז""ל רצה ליסע אליו במהירות האפשרי "				
יהודא	13	Maasiot-Pliot2026-01-10,Maasiot-Pliot2026-01-10_corrected,Maasiot-veSihot-Zadikim2026-01-10,Maasiot-veSihot-Zadikim2026-01-10_corrected,Sefer-Moraim-Gdolim2025-11-28,Sefer-Moraim-Gdolim2025-11-28_corrected	no_match	0.0			"א מעשה נוראה מהחכם הגדול קדוש אלקי רבינו אברהם בן עזרא.
					ב מעשה מהגאון המקובל הק׳ והטהור רבי נפתלי כ״ץ בעל סמיכות חכמים.
					ג מעשה בחסיד אחד ציוה את בנו לזרוק פתו במים כל ימיו ומקיים כבוד אב.
		"				
בן סבר	13	Maasiot-Pliot2026-01-10,Maasiot-Pliot2026-01-10_corrected	no_match	0.0			"סבר לאותו תנין עשה עצמו כעין גשר ועבר עליו בן סבר ולא
					הזיקו כיון שעבר מן הנהר פגע בו אדם אחד שהי' מכוער
					ביותר אמר לו אתה בן סבר אמר לו הן אמר לו מאין באת
					והוא הסיח לו מה שאירע לו אמר הא"				
פייוויל	13	Maasiot-veSihot-Zadikim2026-01-10,Maasiot-veSihot-Zadikim2026-01-10_corrected,maase-zadikim2025-06-22_corrected	no_match	0.0			"הרב הצדיק הקדוש ר׳ חיים ז""ל מקאסיב היה גבאי ממעות
					ארץ ישראל והיה מחזיק כמה אנשים לגבות המעות הנ""ל ואחד מהם
					היה החסיד ר׳ פייוויל מסניטין ופעם אחת נסע ה״ר פייוויל מק״ק
					סעריט עבור המעות הנ"				
״ל	13	MaasiyotUmaamarimYekarim_with_annotations (1),MaasiyotUmaamarimYekarim_with_annotations (1)_corrected,Sipurim-Nehmadim20251129	no_match	0.0			"סיפר אחד מנכדי הגאון הקדוש ר׳ מאיר מרגליות וצוק""ל
					אב""ד דק""ק אוסטרהא והגלילות בעהמ״ח שו״ת מאיר
					נתיבים ועוד כמה ספרים איך נתקרב הגאון הנ״ל להבעש״ט
					ידוע אשר הגאון הנ״ל היה רב הכולל על כמה "				
"אר""י"	13	Sefer-Moraim-Gdolim2025-11-28,Shlosha-edrei-zon2025-11-28,Shlosha-edrei-zon2025-11-28_corrected,shivheiZadikim2026-01-10,shivheiZadikim2026-01-10_corrected	no_match	0.0			"מעשים אמיתים יקרים ונאמנים. חדשים אשר לא נדפסו עוד לא
					בקהל חסידים ולא ביתר ספרי המספרים תהלות הצדיקים. ורוב
					הספורים שישנם כאן מתכוונים לדבר אחד להמשיך הלב ליחודו של עולם.
					וכמו חלב ודשן "				
אלי'	12	Adat-Zadikim2024-09-25b,Adat-Zadikim2024-09-25b_corrected,Khal-Hasidim2024-9-25,Khal-Hasidim2024-9-25_corrected,Maasiot-Pliot2026-01-10_corrected,Shivhei-Harav2024-10-29_corrected,Smichat-Moshe_2025-08-26,Smichat-Moshe_2025-08-26_corrected,shivheiZadikim2026-01-10,shivheiZadikim2026-01-10_corrected	no_match	0.0			"מעשה מנסיעת הבעש״ט לקאנסטאנטינאפל אשר רצה לנסוע
                        לא""י וזו המעשה הי' מספר הגאון הק׳ האלקי ר׳
                        ישראל דוב מווילעדניק זצ""ל ביום
                    שביעי של פ"				
משיח	12	Adat-Zadikim2024-09-25b_corrected,MaasiyotUmaamarimYekarim_with_annotations (1),Shlosha-edrei-zon2025-11-28,Shlosha-edrei-zon2025-11-28_corrected,shivheiZadikim2026-01-10,tmimei_derech_2026-01-10	no_match	0.0			"עשיתי השבעת עליית הנשמה כידוע לך וראיתי דברים נפלאים במראה מה שלא ראיתי עד הנה
                    מיום עומדי על דעתי ואשר ראיתי ולמדתי בהעלותי לשם בלתי אפשרי בספר ולדבר אפילו
                    פא״פ"				
מנחם נחום	12	Adat-Zadikim2024-09-25b_corrected,Buzina_Denehora20251129,Khal-Hasidim2024-9-25_corrected,Mifalot-HaZadikim2025-06-22,Mifalot-HaZadikim2025-06-22_corrected	phonetic	0.412	Tsadik_014.001		"ויהי אחרי הדברים האלה עשה הרה״מ שידוך
                    עם היתומה בת הרר""א הנ""ל עם הרה״ק ר׳ מנחם נחום
                            מ ז""ל עבור
                    בנו הרה״ק ר' טשארנאבילמרדכי מ ז""ל והי"				
המן	12	Buzina_Denehora20251129,Khal-Kdoshim2025-06-22_corrected,Maasiot-veSihot-Zadikim2026-01-10,Maasiot-veSihot-Zadikim2026-01-10_corrected,MaasyiotMzadikeiYesodeiOlam_20251128_corrected	no_match	0.0			"מגלה ט״ו ע״ב
					מה ראתה אסתר שזמנה את המן וכו'. אשכחיה רבה בר אבוה
					לאליהו וכו'. אמר לי ככולהו תנאי וככלהו אמוראי, פי' מה
					ראתה אסתר שמנה. לשון עדים זוממים כלומר שהזמינה
					בהמן. א""ל ככלהו"				
ר״פ	12	Buzina_Denehora20251129_corrected,Hitgalut-HaZadikim2025-12-01_gemini,Khal-Hasidim2024-9-25,Khal-Hasidim2024-9-25_corrected,Shemen-Hatov2025-12-01_gemini,Shivhei-Harav2024-10-29,Shivhei-Harav2024-10-29_corrected	no_match	0.0			"על מה שאיני מברך. כי שהיתי לימינאדע קודם ביאתכם וישבו
					שניהם על כסאות ולא דברו כלום. רק אלו הדברים. שאמר
					הרב ר""ח להרב ר״ב אני נוסע על קבר הבעש""ע ובאתי לשאול
					לכם אם תסכימו ע״ז. להיות על ק"				
אלימלך מליזענסק	12	Hitgalut-HaZadikim2025-12-01_gemini,Maasiot-Pliot2026-01-10,Maasiot-Pliot2026-01-10_corrected,Shemen-Hatov2025-12-01_gemini,Shlosha-edrei-zon2025-11-28,Shlosha-edrei-zon2025-11-28_corrected,Sipurei-Kdoshim-2025-11-28,Sipurei-Kdoshim-2025-11-28_corrected,shivheiZadikim2026-01-10,shivheiZadikim2026-01-10_corrected	name_exact	0.95	Tsadik_019.001		"והרב הקדוש מרן רבי ר׳ אלימלך מליזענסק הנ""ל היה דרכו בקודש לשלוח אל
					הרה״ק ר׳ אלימלך מפשעווארסק הנ""ל חולי קדחת ר""ל שיכתוב הה״ק
					אלימלך מפשעווארסק איזה דבר בדרך קמעה על חתיכת לולב. והועיל ב""ה לכ"	H-LOC_350			
הרר״א	12	Khal-Hasidim2024-9-25,Khal-Hasidim2024-9-25_corrected,Shemen-Hatov2025-12-01_gemini	phonetic	0.667	Tsadik_046.001		"מעשה שהיה הרב הגדול האלקי ר׳ אהרן מקארלין קודם הפסח אצל הרב
                        המגיד הג' במעזריטש ורצה לנסוע
                    לביתו על החג הפסח וילך לקבל רשות פרידת שלום מרבו לנסוע לביתו ונתן "				
אבגדור	12	Khal-Hasidim2024-9-25,Khal-Hasidim2024-9-25_corrected,Shivhei-Harav2024-10-29,Shivhei-Harav2024-10-29_corrected	no_match	0.0			"איש הי' בארץ רוסי' הלבינה בעיר
                        לאזנע ושמו ר' ברוך ויולד האיש
                    לעת זקנתו שני בנים ויקרא שם האחד שניאור
                        זלמן ושם השני קרא יהודה ליב וכא"				
פוליט	12	Khal-Hasidim2024-9-25,Khal-Hasidim2024-9-25_corrected,Shivhei-Harav2024-10-29,Shivhei-Harav2024-10-29_corrected	no_match	0.0			"אחרי כן שם הרב פעמיו למעזריטש ושם היה צנוע מאוד במעשיו ולא
                    היה ניכר בפניו שום הכירות כי הוא בר אוריין והיה שוקד על לימודו בחכמת האלקית יום
                    ולילה גם סיים שם הלכה"				
הירש	12	Khal-Hasidim2024-9-25_corrected,MaasiyotUmaamarimYekarim_with_annotations (1),MaasiyotUmaamarimYekarim_with_annotations (1)_corrected,Shemen-Hatov2025-12-01_gemini,SipureiAnsheiShem2025-12-01_gemini	no_match	0.0			"שמעתי מר' פסח בנו של ר׳ יעקב מ
                        שקאמינקעהבעש״ט הי' בדרך ובא לעיר אחת
                    ושמע כרוז שיתאכסן בבית פלוני ובא לבית הנ""ל ולא רצו לקבל אותו על האכסני' הלז מחמת
       "				
רמב״ם	12	Khal-Hasidim2024-9-25_corrected,Maasiot-veSihot-Zadikim2026-01-10,Maasiot-veSihot-Zadikim2026-01-10_corrected,Sipurim-Nehmadim20251129,shivheiZadikim2026-01-10,shivheiZadikim2026-01-10_corrected	name_exact	0.95	Rabbinic_Rambam		"פ""א ראה הרב הנ""ל שבא להבעש״ט איש אחד
                    וקירב הבעש״ט אותו ודיבר אליו והאיש
                    הלז היה מפורסם בניאוף ושאל מפני מה קרבתם את האיש הלז המפורסם בניאוף והשיב לו
           "				
בע״ש	12	Maasiot-veSihot-Zadikim2026-01-10,Maasiot-veSihot-Zadikim2026-01-10_corrected,Sipurei-Kdoshim-2025-11-28	no_match	0.0			"מעשה מהצדיק הקדוש רבי ר' ברוך ז""ל נכד הבע״ש ז""ל העיר
					טשיטשילניק עם ז׳ כפלים סמוכים להעיר היו שייכים לאדון אחד
					ונתעלה האדון הנ""ל וקבע דירתו בעיר פעטערסבארג כי נעשה שני
					למלך והי׳ דרכו לבו"				
יוסלי	12	Maasiot-veSihot-Zadikim2026-01-10,Maasiot-veSihot-Zadikim2026-01-10_corrected	no_match	0.0			"ואח""כ נסע לביתו לק׳ יאמפלי וכל הטענות ותבועות ודו""ד שהיו
					בין אנשי העיר הזאת היו דרכם לעכב עד שיבוא הצדיק ר׳ יוסלי
					ז""ל לעשות פשרה ביניהם והיו נותנים לו בכל שנה ג׳ מאות
					קערבליך וכן הי׳ כמ"				
"הר""ז"	12	Sefer-Moraim-Gdolim2025-11-28_corrected,shivheiZadikim2026-01-10,shivheiZadikim2026-01-10_corrected	no_match	0.0			"נלך אך לא אני לבדי וילך הרב הר""ז עם המשמש לב""ע והראו
					להעת מקום מנוחתו והם שבו לשלום ושמעתי שזה היה האיש אשר
					היה מגולגל בהעץ ותיקנו הר""ז זכותו יגן עלינו וכ״י :"				
דיינו	12	Sipurei-Kdoshim-2025-11-28_corrected	no_match	0.0			"ויהי בליל התקדש חג המצות והמאה אנשים התאספו אצלו יחדיו מלובשים רוקמה
					והמלך רואה מחלון ביתו כי אנשים מתאספים להאיש ההוא ויחשוב המלך בדעתו כי אין
					זה כ""א על אודות האבן יקרה אשר נגנב ממנו והוא מ"				
המרש״א	11	Adat-Zadikim2024-09-25b,Adat-Zadikim2024-09-25b_corrected	no_match	0.0			"מעשה נורא שקרה בימי הגאון מהרש״א ז""ל בעיר אוסטרא היו שני אנשים שותפים סוחרים והי' מסחרם
                    מלייווינט פשוט כדומה. והיו אוהבים זל""ז כל ימיהם פעם אחד ששמעו כי אצל דוכסה אחת
             "				
"הרש""ל"	11	Adat-Zadikim2024-09-25b,Adat-Zadikim2024-09-25b_corrected,Khal-Hasidim2024-9-25,Khal-Hasidim2024-9-25_corrected,Smichat-Moshe_2025-08-26,shivheiZadikim2026-01-10,shivheiZadikim2026-01-10_corrected	no_match	0.0			"כי שלחו למרן הב""י כי ימהר לגמור חבורו השולחן
                        ערוך פן יקדמנו
                        הרמ״א ובאמת כן הי' כי כבר חיבר
                        הרמ״א הלכה פסוקה על כל הד׳ טורים ואך "				
ר	11	Buzina_Denehora20251129,Maasiot-veSihot-Zadikim2026-01-10,Maasiot-veSihot-Zadikim2026-01-10_corrected,shivheiZadikim2026-01-10	no_match	0.0			"חולין ו׳ ע״א
					פנחס בן יאיר הוי קאזיל לפדיון שבויים. פגע בי׳ בגינאי
					נהרא. אמר לי׳. גינאי חלוק לי מימך. ואעבור
					בך. חלק לי'. הוה האי גברא דהוי דארי חיטי לפיסחא אמר לי'
					חלוק למי להאי וכ"				
רבא	11	Buzina_Denehora20251129,Khal-Hasidim2024-9-25_corrected,Maasiot-veSihot-Zadikim2026-01-10,Maasiot-veSihot-Zadikim2026-01-10_corrected,Shemen-Hatov2025-12-01_gemini,Shivhei-Harav2024-10-29_corrected	no_match	0.0			"אמר שתמי' לו האיך אדם יכול ללמוד גמרא. כגון אביי אמר
					הכי. ורבא אמר הכי הא אביי הוא מעולם אחר. ורבא
					הוא מעולם אחר. ואיך אפשר לשנותם יחד ואמר שאם רוצה לשנות
					מילי דאביי צריך מקודם לקשור את"				
ר'	11	Buzina_Denehora20251129,Maasiot-veSihot-Zadikim2026-01-10,Maasiot-veSihot-Zadikim2026-01-10_corrected,Shlosha-edrei-zon2025-11-28,shivheiZadikim2026-01-10	no_match	0.0			"על מה שאיני מברך. כי שהיתי לימינאדע קודם ביאתכם וישבו
					שניהם על כסאות ולא דברו כלום. רק אלו הדברים. שאמר
					הרב ר""ח להרב ר״ב אני נוסע על קבר הבעש""ע ובאתי לשאול
					לכם אם תסכימו ע״ז. להיות על ק"				
א	11	Buzina_Denehora20251129,Maasiot-veSihot-Zadikim2026-01-10,Maasiot-veSihot-Zadikim2026-01-10_corrected,MaasiyotUmaamarimYekarim_with_annotations (1),MaasiyotUmaamarimYekarim_with_annotations (1)_corrected,Shlosha-edrei-zon2025-11-28,shivheiZadikim2026-01-10	no_match	0.0			"שלמא יסני להאי גברא רבא ויקירא. אשל נטוע להני אשלי
					rברבי. בוצינא דנהורא. זית שופכני עסים רמוני.
					ה""ה הרב המאור הגדול. משנתו ברור וזך כשמשא. פ""ש תפארתו
					משה נרו יאיר כשמשא בצהרים"				
רבי	11	Hitgalut-HaZadikim2025-12-01_gemini,Shlosha-edrei-zon2025-11-28_corrected,Sipurei-Kdoshim-2025-11-28,Sipurei-Kdoshim-2025-11-28_corrected,SipurimUmaamarimYekarim_Hebrewbooks_org_3804_gemini	no_match	0.0			"איש חסיד אחד מחסידי הרבינו רבי ר׳ ברוך היה מנהגו להיות פעמים אצל הרבינו
					היהודי ולקבל ממנו פרידת שלום בעת נסיעתו לרבי ר׳ ברוך פעם אחת בא
					החסיד הנ""ל לרבינו היהודי לקבל ממנו פרידת שלום בנסעו כע"				
זעליג	11	Khal-Hasidim2024-9-25,Khal-Hasidim2024-9-25_corrected,Shivei-Habesht2024-12-15_corrected,shivheiZadikim2026-01-10,shivheiZadikim2026-01-10_corrected	no_match	0.0			"שמעתי מר' זעליג דק""ק לעטשוב שהלך בדרך ובא לק""ק איספאלי ועדיין הי' כפר והי׳ מתאכסן אצל שוחט ושמעו שבאהרב ר׳
                        מאיר הרב דגולה והלכתי להקביל פניו וביקש את הרב מ'
                   "				
פילט	11	Khal-Hasidim2024-9-25,Khal-Hasidim2024-9-25_corrected	no_match	0.0			"מעשה כשנתקבל הרב המגיד הגדול למ""מ בק""ק
                        חוסטוב והסרסור הי׳ הרב הקדוש ר' מנחם נחום
                        מק' טשעראנביל ושמעתי מר׳ יואל
                            מפראטהור שהיה"				
יוזפא	11	Khal-Hasidim2024-9-25,Khal-Hasidim2024-9-25_corrected,Shemen-Hatov2025-12-01_gemini	no_match	0.0			"הרב הקדוש האלקי מופת דורו ופלאו מ' יצחק דראביצר נתקבל למ״מ
                    בק' האריחוב גדולה וישב שם כמה שבועות והי׳ מעשה שקצב א'
                    נשאר ב""ח לבטל הטאקסע והבע״ט לא הי׳ בביתו ומשכנ"				
אברהם אבינו	11	Khal-Hasidim2024-9-25,Khal-Hasidim2024-9-25_corrected,Kokhvei-Or2025-11-29,Maasiot-veSihot-Zadikim2026-01-10,Maasiot-veSihot-Zadikim2026-01-10_corrected,MaasyiotMzadikeiYesodeiOlam_20251128,MaasyiotMzadikeiYesodeiOlam_20251128_corrected,Mifalot-HaZadikim2025-06-22,Shlosha-edrei-zon2025-11-28,maase-zadikim2025-06-22	name_exact	0.95	H_Abraham		"מפורסם לכל קדושת ארי׳ דבי עילאה הק' האלקי ר' ליבוש משפאלע הנקרא בפי כל
                    שפאלער זיידע וסבת הקריאה בשם הזה זיידע היה כי במן בואו לשפאלע היה עיר ההוא מלאה מחוטאי ישראל כלם היו
        "				
לוי	11	Khal-Hasidim2024-9-25,Khal-Hasidim2024-9-25_corrected,MaasyiotMzadikeiYesodeiOlam_20251128,MaasyiotMzadikeiYesodeiOlam_20251128_corrected,Shemen-Hatov2025-12-01_gemini,Shlosha-edrei-zon2025-11-28,shivheiZadikim2026-01-10	phonetic	0.5	Tsadik_023.001		"הרב הגאון האלקי ר׳ לוי יצחק טרם נתקבל לאב""ד בקהילות גדולות
                    וטרם יצא טבעו ושמו הקדוש בעולם לאות ולמופת בישראל בהיותו
                        בהיותי עוד צעיר לימים הי׳ אב""ד בעיר ריטש"				
דוד פורקיס	11	Maasiot-veSihot-Zadikim2026-01-10,Maasiot-veSihot-Zadikim2026-01-10_corrected,Mifalot-HaZadikim2025-06-22,Mifalot-HaZadikim2025-06-22_corrected,Sipurei-Kdoshim-2025-11-28,Sipurei-Kdoshim-2025-11-28_corrected	phonetic	0.6	Tsadik_012.034		"מהרהצה""ק הרב ר׳ אלימלך זצ""ל
					ואחי׳ הרב ר׳ זוסי׳ זצ״ל.
					מהרבי ר׳ שמעלקי
					 ר׳ שלמה סופר.
					ר׳ צבי זצ״ל מזידיטשוב.
					ר' מענדיל זצ״ל מקאסיב
					ר' חיים
					הרהצ״ק מבארדיטשוב ז""ל
					ר"				
ברטנורה	11	Maasiot-veSihot-Zadikim2026-01-10,Maasiot-veSihot-Zadikim2026-01-10_corrected,Shemen-Hatov2025-12-01_gemini	no_match	0.0			"במשנה ה׳ פ""ז בסנהדרין אמר ר׳ יהושע בן קרחה בכל
					יום דנין את העדים בכינוי יכה יוסי את יוסי ופירש ר""ע מברטנורה
					ז""ל אני שמעתי מפני שהוא בן ארבע אותיות ועולה בנימ׳ אלהים
					לכך מכנים שם בן ר׳ א"				
״א	11	Maasiot-veSihot-Zadikim2026-01-10,Maasiot-veSihot-Zadikim2026-01-10_corrected,Shlosha-edrei-zon2025-11-28,Smichat-Moshe_2025-08-26,shivheiZadikim2026-01-10,shivheiZadikim2026-01-10_corrected	no_match	0.0			"על מאמר הגמרא שתי שנים ומחצה נחלקו ב""ש וב״ה הללו
					אומרים טוב שלא נברא משנברא והללו אומרים יותר טוב שנברא
					משלא נברא נמנו וגמרו יותר טוב שלא נברא משנברא ומשנברא
					יפשפש במעשיו ואמרו לה ימשמש"				
ואלף	11	Maasiot-veSihot-Zadikim2026-01-10,Maasiot-veSihot-Zadikim2026-01-10_corrected,shivheiZadikim2026-01-10	no_match	0.0			"סיפר לי איש אחד מסטאניבלאב ושמו זאב וואלף שפעם אחת
					נסע עם כמה עגלות טעונים דגן מעיר בוטשאטש ובעת ההוא היה יוקר
					גדול כור דגן היה עודה עד שלשים וששה ריינש ואח""כ הזיל המקח
					על חצי ונעשה חצי"				
לוט	11	Maasiot-veSihot-Zadikim2026-01-10,Maasiot-veSihot-Zadikim2026-01-10_corrected,Shlosha-edrei-zon2025-11-28,Shlosha-edrei-zon2025-11-28_corrected	no_match	0.0			"מהקבלת פ""ש וביקש מהקב״ה שימתין עד שירוץ ויכניס את האורחים,
					ובזה מדויקים היטב הפסוקים כסדר וירא והנה שלשה אנשים נצבים
					עליו (והי׳ שקול בדעתו מה לעשות וירא וירץ לקראתם (והבין שזה
					רצון קונו"				
אדיל	11	MaasiyotUmaamarimYekarim_with_annotations (1),MaasiyotUmaamarimYekarim_with_annotations (1)_corrected,Shivei-Habesht2024-12-15_corrected	no_match	0.0			"סיפר הרב החסיד המפורסם ר׳ ברוך מאיוועניץ ז""ל שהיה
					נכד הרה״ק ר׳ ברוך ממעזבוז זצוק""ל והיה חתנו
					של הרה״ק ר' משה מקאראסטשוב זצוק""ל ששמע מפי זקנתו
					הצדקת מרת אדיל שהיא שמעה מפי אביה הרה״ק ר׳ "				
דוד לייקעס	11	MaasiyotUmaamarimYekarim_with_annotations (1),MaasiyotUmaamarimYekarim_with_annotations (1)_corrected,Sipurim-Nehmadim20251129,Sipurim-Nehmadim20251129_corrected,SipurimUmaamarimYekarim_Hebrewbooks_org_3804_gemini	phonetic	0.5	Biblical_David		"סיפר אדמו״ר הרה״ק מרן ר׳ יוחנן מראחמיסטריווקא
					זצוק""ל כי פ""א ראה זקנו הרה״ק ר׳ דוד לייקעס
					זצוק""ל עגלה עם חסידים נוסעים וישאל אותם להיכן הם
					נוסעים לאיזה רבי ויאמרו לו כי הם נוסעים לחתנו ה"				
יעב״ץ	11	Shemen-Hatov2025-12-01_gemini	no_match	0.0			"ודו״ז הגה״ק
					מ׳ יעב״ץ בס׳ מגלת ספר (דמ״ז) כ׳ אשר
					כשנפטר אביו החכם צבי הספידוהו בכל
					הקהלות במרירות גדולה. וכמה מהרבנים
					המפורסמים בארץ פולין ה״ה הגאונים מ׳
					יהושע שהוא כעת אבד״ק פ"				
הר״י	10	Adat-Zadikim2024-09-25b,Adat-Zadikim2024-09-25b_corrected,Hitgalut-HaZadikim2025-12-01_gemini,Sefer-Moraim-Gdolim2025-11-28,Sefer-Moraim-Gdolim2025-11-28_corrected,Shivhei-Harav2024-10-29,Shivhei-Harav2024-10-29_corrected,Sipurei-Kdoshim-2025-11-28,Sipurei-Kdoshim-2025-11-28_corrected	no_match	0.0			"הבעש״ט ז""ל קודם פטירתו קרא לכל
                    התלמידים שלהם ויצוה להם איך יתנהגו וממה יהי' פרנסת כל אחד. ולקצת מהם גילה איך
                    שיתנהג הזמן אתם. והי' אצלו תלמיד אחד אשר היה משרתו "				
טובעלע	10	Adat-Zadikim2024-09-25b,Adat-Zadikim2024-09-25b_corrected,Khal-Hasidim2024-9-25,Khal-Hasidim2024-9-25_corrected,Shivei-Habesht2024-12-15_corrected	no_match	0.0			"המעשה המבואר בשבחי בעש״ט מהבעש״ט אשר היה אצל הדירזאווצעס
                    דק' סלוצק הרכיב שם חמר גמל ולא סיפרה
                    לאמיתה והוא לא אשם בזה כי עבור המרחק רב אשר מהעיר הנ""ל להכותב שבחי"				
"הה""מ"	10	Adat-Zadikim2024-09-25b,Adat-Zadikim2024-09-25b_corrected,Khal-Hasidim2024-9-25,Khal-Hasidim2024-9-25_corrected	phonetic	0.5	Tsadik_002.001		"שמעתי מאבא מארי שיחי' הרב הקדוש הגאון בו״ק מוה' מנחם מענדיל נ""י
                            מוויטעפסק בעהמ""ח ספר פרי
                            הארץ הי' לומד אצל הרב הק' המגיד הגדול
                 "				
״ב	10	Buzina_Denehora20251129,Buzina_Denehora20251129_corrected,shivheiZadikim2026-01-10	no_match	0.0			"פ״א נתארח בק""ק ראשקיב בימי החורף ועדיין לא קידש את
					הלבנה. מחמת שלא האירה הלבנה עד זו הלילה. ואף בזו
					הלילה לא האירה הלבנה. ומאוד הי׳ בזו הלילה ענן גדול. ושלג
					ירד עד למאוד. והוא הכין א״ע "				
שרה	10	Buzina_Denehora20251129,Khal-Hasidim2024-9-25_corrected,Khal-Kdoshim2025-06-22_corrected,Mifalot-HaZadikim2025-06-22_corrected,Smichat-Moshe_2025-08-26,tmimei_derech_2026-01-10,tmimei_derech_2026-01-10_corrected	no_match	0.0			"שאל אותו הרב הק׳ ר׳ פנחס מאוסטראה. כתיב שוב אשוב
					אליך כעת חיה והנה בן לשרה אשתך. והיכן כתיב ששב
					אליו המלאך. והשיב לון. איתא בזוהר והנה שלשה אנשים נצבים
					עליו. שלשה אנשים. אלין אינון אבהת"				
אלקי	10	Buzina_Denehora20251129,Buzina_Denehora20251129_corrected,Maasiot-Pliot2026-01-10,MaasiyotUmaamarimYekarim_with_annotations (1),MaasyiotMzadikeiYesodeiOlam_20251128,Shlosha-edrei-zon2025-11-28	no_match	0.0			"דרכו בקודש הי׳ לישב בהלולא דרשב״י בל״ג בעומר בסעודה.
					במלבושי יו״ט והי׳ שמח מאוד ופ""א פתח השער מהזוהר
					ופתח ואמר מהתנא האלקי הרשב״י. ופי' מהתנא שלומד אותנו
					האלקי האיך לעבוד את ד'. ופ""א נת"				
עשו	10	Buzina_Denehora20251129,Buzina_Denehora20251129_corrected,Shlosha-edrei-zon2025-11-28_corrected	no_match	0.0			"פ״א בא אליו הרב ר׳ אהרן מק' מעזיביו לק׳ טאלטשין .
					והרב ר׳ אהרן הי' עוד אצל הבעש""ט וכשהי׳ הרב
					הק׳ ר""ב ילד קטן הי׳ נושא אותו הרב ר' אהרן על ידיו
					אצל הבעש״ט. ומחמת זה כבואו לק' טאלטשין נסע"				
"מהר""ל"	10	Dvarim-Yekarim2025-12-01_gemini,Shemen-Hatov2025-12-01_gemini,Sipurei-Kdoshim-2025-11-28,Sipurei-Kdoshim-2025-11-28_corrected,Sipurim-Nehmadim20251129,Sipurim-Nehmadim20251129_corrected	no_match	0.0			"סיפר לי חסיד אחד שהוא ששמע מאחד מהימן אשר הי' בעיר
					פראג וראה בהפנקס של הה״ק דשם שכתוב מעשים נוראים
					ממהר""ל מפראג זי״ע. שאש,ו של המלך דיברה אל המלך
					למה ישראל יושבים במלכותך בהשקט ובמנוחה."				
יונה	10	Khal-Hasidim2024-9-25,Khal-Hasidim2024-9-25_corrected,shivheiZadikim2026-01-10,shivheiZadikim2026-01-10_corrected	no_match	0.0			"שמענו בשם הרב הק' מ'מנחם נחום
                        מטשערנאביל ז""ל כי באיזו קהלה הסמוכה לק""ק
                        מעזיבוז היה איש א׳ מופלג ועשיר גדול
                    והיה סוחר ללייפסק והיה חש"				
"מוהר""ש"	10	Khal-Hasidim2024-9-25,Khal-Hasidim2024-9-25_corrected,shivheiZadikim2026-01-10,shivheiZadikim2026-01-10_corrected	name_exact	0.95	Tsadik_017.003		"שמעתי מהרה""ק ר׳ נחום ששמע מפי כלת הרב המ""מ הגדול
                        אשת הר׳ אברהם הנ""ל כשנתאלמן בנו הק' מ׳ אברהם
                    זצ״ל קרא לשני חשובי העיר ואמר בקשתי שתסעו לק""ק קרעמניץ
       "				
וויטיל	10	Khal-Hasidim2024-9-25,Khal-Hasidim2024-9-25_corrected,Shivhei-Harav2024-10-29,Shivhei-Harav2024-10-29_corrected	no_match	0.0			"והנה מדי עבר הרב לטולטשין נזקק לבקשת אשה
                    אחת לשלם לה טובה תחת טובה כי בעת אשר ישב הרב במאסר
                        בפעטערסבורג פעם הראשון היתה שמה אשה אחת שמה
                    "				
נתן	10	Khal-Hasidim2024-9-25_corrected,Maasiot-veSihot-Zadikim2026-01-10,Maasiot-veSihot-Zadikim2026-01-10_corrected,MaasyiotMzadikeiYesodeiOlam_20251128,MaasyiotMzadikeiYesodeiOlam_20251128_corrected,PeerMikdoshim2024-10-13_corrected,Shemen-Hatov2025-12-01_gemini	no_match	0.0			"להרב הצדיק מ בא פעם אדם אחד
                    ויהי כאשר הבין בפניו וירא פרעמישלאןבו
                        בי אותיות עבירה שהיה משתדל עם שאר רעהו ר""ל. והנה לקרב אותו לתשובה שיכל הרב הצדיק מאוד את פ"				
"מחמ""ד"	10	Khal-Kdoshim2025-06-22,Khal-Kdoshim2025-06-22_corrected	no_match	0.0			"ומדי דברי בא במשטמת הישמעאלים אספר עוד מעשה נפלאה אשר בה נחזה כי ישראל נושע בה׳ תשועת
               עולמים גם עד נצח יוושעו משוכן מרומים לא אחד בלבד עמד עלינו לכלותינו. אלא שבכל דור
               וד"				
נח	10	Maasiot-Pliot2026-01-10,Maasiot-veSihot-Zadikim2026-01-10,Maasiot-veSihot-Zadikim2026-01-10_corrected,shivheiZadikim2026-01-10,shivheiZadikim2026-01-10_corrected	no_match	0.0			"וכך הי׳ המעשה בשנת תקפ""ט י״ג מנחם אב נח נפשי׳ דרב
					האי גאון הצדיק מורינו רבי מרדכי בנעט זצלל""ה במרחץ
					קארלסבאד ולא נפטר בעירו מקום כסאו והובל לקבר בעיר
					ליכטענשטאדט הסמוכה כשתי שעות. והמקו"				
אברם	10	Maasiot-veSihot-Zadikim2026-01-10,Maasiot-veSihot-Zadikim2026-01-10_corrected	no_match	0.0			"ישראל אזי מהראוי לכתוב אלהי ישראל והיה מסיים הצדיק הקדוש
					הנ""ל ואמר וזה נאמר בהפטרה למה תאמר יעקב ותדבר ישראל היינו
					למה כתיב אלהי יעקב ולא אלהי ישראל ותירץ נסתרה דרכי מה׳
					היינו באם שנאמר"				
מענדילי	10	Maasiot-veSihot-Zadikim2026-01-10,Maasiot-veSihot-Zadikim2026-01-10_corrected,Sefer-Moraim-Gdolim2025-11-28,Sefer-Moraim-Gdolim2025-11-28_corrected	no_match	0.0			"הרב ר׳ דוד ז""ל מזאבליטאוו שהי' בנו של הרב הקדוש ר'
					מענדילי ז""ל מקאסוב הי׳ דרכו בקודש ליסע בכל פעם לם אדיגעדי
					להצדיק הקדוש ר׳ ישראל ז""ל מריזין והריזינער הי' מחזיק את ר'
					דוד ז""ל לחכם גדול"				
נתן שמעון	10	Maasiot-veSihot-Zadikim2026-01-10,Maasiot-veSihot-Zadikim2026-01-10_corrected	no_match	0.0			"שיחות צדיקים
					וצעקו שעדי שמים פתח תעמוד עבורך בשוק עגלה עם ג׳ סוסים
					ותוכל לבוא לכאן. ואיש אחד משאטץ ושמו נתן שמעון היה ג""כ על
					ר""ה בפרימשלאן ונסעו שניהם יחדיו למאנדיגערי על יום הקדוש ובעת"				
עזרא הסופר	10	MaasyiotMzadikeiYesodeiOlam_20251128,MaasyiotMzadikeiYesodeiOlam_20251128_corrected,Sipurim-Nehmadim20251129,Sipurim-Nehmadim20251129_corrected	phonetic	0.375	Tsadik_012.109		"רבינו מרן יצחק אבוהב זצ""ל הי׳ מסופק על איזה חסירות
					ויתירות שבתורה ושמע שבמקום אחד ישנו ספר תורה
					שכתב עזרא הסופר ונסע למרחקים לכמה מדינות לחפש בספרים
					מדויקים ולבא ג״כ אל מקום ספר התורה ש"				
יהונתן	10	Mifalot-HaZadikim2025-06-22,Mifalot-HaZadikim2025-06-22_corrected,Shemen-Hatov2025-12-01_gemini,SipureiAnsheiShem2025-12-01_gemini	no_match	0.0			"מהרב הצדיק המוסתר ר׳ אברהם מוזג בכפר רעפצייקי
               הרב הצדיק הנ״ל פ״א בערב חג הסוכות בעת הליכתו להסוכה דרך
               הבית המזיגה אחר חצות היום ואחר שטבל א״ע לכבוד הרגל
               עמ"				
הקייסר	10	Shivhei-Harav2024-10-29	no_match	0.0			"ויהי כאשר בא הסרדיוט עם האנ״ח (זאנדארין)
                  ללאזנע והבינו כל אנשי העיר כי עבור הרב נוסע הוא והודיעו
               להרב כי אנשי חייל נוסעים אחריו והרב היה לבוש תפילין אז ופתח החלון והסת"				
פאויל	10	Shivhei-Harav2024-10-29,Shivhei-Harav2024-10-29_corrected	no_match	0.0			"עתה נניח מעט מלספר מעשי האיש בווילנא ונדבר
               מעט מסיפור הטיינע סאוויעט ואת אשר קרה שם עם הרב תיכף כאשר לקחו את הרב למאסר נסע
               תלמידו הקדוש ר׳ אהרן הלוי זצ״ל לאסוף מעות עבורו"				
"אריז""ל"	10	Sipurim-Nehmadim20251129,Sipurim-Nehmadim20251129_corrected,shivheiZadikim2026-01-10,shivheiZadikim2026-01-10_corrected	fuzzy	0.75	Rabbinic_AriZal		"כתב בס׳ משנת חכמים מהרב הגאון ר׳ משה חאגיז זצ""ל
					סימן ר״כ וז״ל וכבר סיפר לי מפי מגידי אמת וזקני
					אותו דור דעה שבימי האריז""ל היה מעשה שאחד מן האנוסים
					שבא מפורטיגאל לגליל העליון בהעיר הקודש"				
"רש""ל"	10	shivheiZadikim2026-01-10,shivheiZadikim2026-01-10_corrected	no_match	0.0			"מתורתו הק׳ לגלות צפונות מסתרי התורה : ולעמוד על סודה והחבירים הקדושים ה״ה
					המהרש""ל והרמ״א מרחוק בשמעם דרכו בקודש להשתמש בשמות הקדושים ולסלול לו דרך
					אחר ע""ד סוד ה׳ ליריאיו במנהגים אחרים חשבוהו"				
אקאש	10	tmimei_derech_2026-01-10,tmimei_derech_2026-01-10_corrected	no_match	0.0			"ויוריד לו איוואן בחבל את הצפחת יי״ש ויעמידה שם ר'
					ישראל. וכאשר בא לאקאש למשמרתו. וישאלו אם עודנו חי.
					ויענהו עודני חי ויש אתי צפחת יי״ש טוב מאוד. אם
					תרצה הוריד אלי חבל ואקשור את הצפחת בק"				
מנחם	9	Adat-Zadikim2024-09-25b,Adat-Zadikim2024-09-25b_corrected,Khal-Hasidim2024-9-25,Khal-Hasidim2024-9-25_corrected,Maasiot-Pliot2026-01-10,Shivei-Habesht2024-12-15_corrected,Sipurei-Zadikim2025-06-22	no_match	0.0			"אשר נתקשר בשידוכין עם הרה״ק ר' מנחם הנ""ל ואמר אז כי יקר
                    אצלו מאוד צאצאי הקדוש ר' אהרן מחמת כי
                    הי' אז בעת קישורי התנאים שאמר הרר""מ שראה אותם בלבושים הנ""ל
       "				
יוחנן	9	Buzina_Denehora20251129,Maasiot-veSihot-Zadikim2026-01-10,Maasiot-veSihot-Zadikim2026-01-10_corrected,Shemen-Hatov2025-12-01_gemini	no_match	0.0			"בימי מתתתי׳. בן יוחנן כ״ג חשמונאי והקשה. למה תקנו
					להזכיר בחנוכה. את יוחנן כהן גדול. הא בני חשמונאי
					היו כולם צדיקים ויוחנן שמש בכהונה גדולה פ׳ שנים.
					ולבסוף נעשה צדוקי. ותירץ כשאדם עובר ע"				
מגיד	9	Buzina_Denehora20251129,Khal-Hasidim2024-9-25,Khal-Hasidim2024-9-25_corrected,Maasiot-veSihot-Zadikim2026-01-10,shivheiZadikim2026-01-10,shivheiZadikim2026-01-10_corrected	no_match	0.0			"פ״א דבר מהמפורסמים שבדורו. וחרה עליהם בחרי אף
					גדול. אשר מתעטפים בטלית שאינם שלהם ואומרים
					תורה. עפ""י קבלה. ומתפללים בכוונות. ואמר רצוני לשאול
					להם על הכוונות. שהמה מתפללים. היודעים המה מה"				
שלמה המלך	9	Buzina_Denehora20251129,Buzina_Denehora20251129_corrected,Khal-Hasidim2024-9-25,Khal-Hasidim2024-9-25_corrected,Maasiot-veSihot-Zadikim2026-01-10,maase-zadikim2025-06-22,maase-zadikim2025-06-22_corrected	name_exact	0.95	Biblical_Solomon		"כבר נשמע ונתפרסם נפלאותיו: בעת אמרו שיר השירים נערב
					שבת אחר הטבילה. כי הי׳ בוער כאש. והתלהבות הי׳ עד
					למעלה. ויודעי חן אמרו עליו שהי׳ לו ניצוץ. מנשמת שלמה המלך
					ע״ה. ע״כ בעת אמרו שיר השיר"				
חיד״א	9	Hitgalut-HaZadikim2025-12-01_gemini,Maasiot-Pliot2026-01-10,Maasiot-Pliot2026-01-10_corrected,Shemen-Hatov2025-12-01_gemini,SipureiAnsheiShem2025-12-01_gemini,Smichat-Moshe_2025-08-26	no_match	0.0			"הגאון רבי ר׳ העשיל זצ""ל אבד""ק קראקא בן הגאון מוהר״ר יעקב מלובלין בכל
					הארץ יצא קו תהלתו. ושמעתי מאדם גדול זקן שקיבל שהגיד הגאון החסיד
					בעל השל""ה בחלום שהרבי ר' העשיל הוא נשמת ר""ת ויזהרו מאוד ב"				
"מוהר""ג"	9	Khal-Hasidim2024-9-25	name_exact	0.95	Tsadik_012.007		"שמעתי מהרב הק' ר׳ שמשון הרב דק""ק ראשקוב בן הרב הק׳ דק""ק פולנאי מעשה שהיה איש א׳ ונקרא שמו ר׳
                        אדם וממנו באו הכתבים להבעש״ט כי בא פ״א למערה אחת ומצא שם כתבים שהם רזים וסתרין
    "				
אלכסנדר	9	Khal-Hasidim2024-9-25,Khal-Hasidim2024-9-25_corrected,Shivei-Habesht2024-12-15_corrected,Shivhei-Harav2024-10-29_corrected	no_match	0.0			"שמעתי פ״א הלך ר׳ נחמן ז""ל דרך ק""ק
                        זאלראויע עם סחורה בעת תפלת שחרית ועמד עם עגלה שלו נגד
                    בה""מ ולקח הטו""ת ונכנס לבית המדרש ועטף ט""ות ועמד לפ""הת להתפלל בלי רשו"				
מוהר״ן	9	Khal-Hasidim2024-9-25,Khal-Hasidim2024-9-25_corrected	no_match	0.0			"פ""א היה מספר בשבחו של הרב הקדוש מ׳ נחמן
                        הארדנקער בפניו והוא יושב ברחוק מקום ממנו אזי הקריב א״ע והרכין את
                    אזנו לשמוע והי' בעיני העם לפלא ושאלו את הרב ואמר לה"				
"הר""מ"	9	Khal-Hasidim2024-9-25,Khal-Hasidim2024-9-25_corrected	no_match	0.0			"הרב האלקי הגאון הקדוש מו' מנחם מענדיל נ""ע
                            מוויטעפסק בעמה""ח ספר פרי
                            הארץ הי׳ לומד אצל הרב הק׳ המגיד
                    הגדול ממעזריטש ז""ל מנערות"				
"המחמ""ד"	9	Khal-Kdoshim2025-06-22	no_match	0.0			"ומדי דברי בא במשטמת הישמעאלים אספר עוד מעשה נפלאה אשר בה נחזה כי ישראל נושע בה׳ תשועת
               עולמים גם עד נצח יוושעו משוכן מרומים לא אחד בלבד עמד עלינו לכלותינו. אלא שבכל דור
               וד"				
משה סופר	9	Maasiot-Pliot2026-01-10,Maasiot-Pliot2026-01-10_corrected,Shemen-Hatov2025-12-01_gemini,shivheiZadikim2026-01-10,shivheiZadikim2026-01-10_corrected	phonetic	0.5	Biblical_Moses		"והי׳ ריב גדול בין הצדדים ומתדיינים בהדבר עד שנגשו אל
					המשפט לפני הממשלה וקרב הענין אחד אל אחד גבוה מעל
					גבוה עד שהגיע אל בית המלך (קיר״ה) ולהיושבים ראשונה במלכות
					כדת מה לעשות בנידון זה. א"				
יהודא החסיד	9	Maasiot-Pliot2026-01-10,Maasiot-veSihot-Zadikim2026-01-10,Maasiot-veSihot-Zadikim2026-01-10_corrected,Sefer-Moraim-Gdolim2025-11-28	no_match	0.0			"שהיה בעירו עשיר אחד והי׳ מגלח זקנו במספריים והי׳ החכם
					הנזכר מוחה בו ולא השגיח על דבריו אמר העשיר אסטניס
					אני ואיני יכול לסבול הזקן וא״ל החכם רבי יהודא החסיד הנ""ל
					ידוע תדע כי מרה תהי' באח"				
״מ	9	Maasiot-Pliot2026-01-10,Sefer-Moraim-Gdolim2025-11-28,shivheiZadikim2026-01-10,shivheiZadikim2026-01-10_corrected	phonetic	0.5	Tsadik_078.001		"דאורייתא והוא יודע שפלותו שאינו ראוי לכך וירא לנפשו אולי
					הוא ח""ו מצד אחר. ותיכף בליל מוש""ק ביקש מאת האיש הוא
					החסיד ר' פישעל סופר שילך עמו לאדמו״ר לפריסטיק לכבוד
					איש אלקי רבי רבי מענדלי "				
וואלצי	9	Maasiot-veSihot-Zadikim2026-01-10,Maasiot-veSihot-Zadikim2026-01-10_corrected	no_match	0.0			"סיפר לי הרב מו""ה וואלצי שהיה מו""צ בק׳ דאלינע שהיה
					רגיל לנסוע בכל פעם לקאסיב להרבי ר' מענדלי ז""ל פעם אחת
					דיבר עם גיסו ר׳ יעקב שהיו קורין אותו אנקילע והפליא בעיניו
					את הצדיק הנ""ל עד שעשה ל"				
דייטש	9	Maasiot-veSihot-Zadikim2026-01-10,Maasiot-veSihot-Zadikim2026-01-10_corrected,Shlosha-edrei-zon2025-11-28,Sipurim-Nehmadim20251129	no_match	0.0			"שהיתה חשובה אצלו והיו בוכים לפניו שתכנס לאביו לבקש
					לשלוח אחריהם שיספרו מה שבלבם. הצדיק ר׳ ברוך ז""ל השיב לה
					אשר ביום ה׳ יקרא אותם וכן היה ביום ה׳ שלח עבורם ונכנסו להרב
					בבכיה גדולה ר""ל, ו"				
מ	9	Sefer-Moraim-Gdolim2025-11-28,Shlosha-edrei-zon2025-11-28_corrected,Smichat-Moshe_2025-08-26,shivheiZadikim2026-01-10	phonetic	0.5	Tsadik_078.001		"וכדומה והחייט אמר עוד אל תטעה בזה אני אומר לך שמת
					אתה והמת עוד לא האמין אליו אז אמר לו החייט אם
					עדיין אינך מאמין לי אגידה לך אות אמת הנה לפי דעתך
					שאתה חי וזה באמת בית ובה באמת אנשים ע״כ"				
חתם סופר	9	Shemen-Hatov2025-12-01_gemini,shivheiZadikim2026-01-10,shivheiZadikim2026-01-10_corrected	no_match	0.0			"סו) כתב בס׳ ליקוטי חבר ח""א (דף ל״ב)
					וז״ל אם יש כהן אחד ת״ח
					סיפר לנו מרן הגאון חתם סופר כי בימי
					עלומיו הי׳ בביהכנ״ס הגדולה בפראנקפורט
					האב״ד הגאון בעל הפלאה לוי ורבו של
					מרן הגאו"				
יוקל	9	Shemen-Hatov2025-12-01_gemini,Smichat-Moshe_2025-08-26	no_match	0.0			"קכ) הרב מו״ה מאיר הלוי הורוויץ וכו'
					אבד״ק באלחוב. זלאטשוב.
					טיקטין והגליל וכו׳. ובניו המה הגה""ק מ׳
					יוקל אבד״ק בראד (אבי הגה""ק מ' יצחק
					אבד״ק אה״ו). והגה״ק מ׳ צבי הירש
					אבד״ק טשאר"				
"מהר""ל מפראג"	9	Shemen-Hatov2025-12-01_gemini,Sipurei-Kdoshim-2025-11-28,Sipurim-Nehmadim20251129,Sipurim-Nehmadim20251129_corrected,Smichat-Moshe_2025-08-26	no_match	0.0			"קנד) זקיני הגה""ק מוהר""ר מאיר הלוי
					מטיקטין היה חתן הקצין
					המפורסם מו״ה מנחם מאניס הכהן
					[הובא בהקדמת ס׳ פנים יפות] בן הרה״ג
					מ׳ ישעיה כ״ץ הדיין המצויין ב״ד רבה
					דק""ק בראד [כ״כ במגי"				
הקייסער	9	Shivhei-Harav2024-10-29	no_match	0.0			"אביגדור הנ""ל נסע לווילנא
               להחם לבב העם בהראותו המכתב אשר כתב הרב הק׳ על הגאון (אשר לא רצה לקבל דבריהם ולא
               להסתכל בהם מחמת המלשינות שהי' עוד בימי הה״מ הגדול וע״כ האמין
    "				
עשיל	9	SipureiAnsheiShem2025-12-01_gemini	no_match	0.0			"מעשה מגאון עולם מופת הדור עושי נפלאות הרבי ר׳ העשיל
					זצלל""ה מקראקא."				
המגיד מטשערנאביל	9	SipurimUmaamarimYekarim_Hebrewbooks_org_3804_gemini	phonetic	0.615	Tsadik_014.001		"בס׳ שארית ישראל מהרה״צ ר׳ ישראל בער מווילעדניק
					זצ""ל. תלמיד המגיד מטשערנאביל זצוק""ל בשער
					ההתקשרות דרוש ו' מאמר א׳ כתב שם על מאמר הגמ׳ במס׳
					חולין (דף י״ז ע״ב) רב ששת בדק לה בריש לישניה וז"	H-LOC_31			
"רצ""ס"	8	Adat-Zadikim2024-09-25b,Adat-Zadikim2024-09-25b_corrected,Khal-Hasidim2024-9-25,Khal-Hasidim2024-9-25_corrected	no_match	0.0			"מעשה מנסיעת הבעש״ט לקאנסטאנטינאפל אשר רצה לנסוע
                        לא""י וזו המעשה הי' מספר הגאון הק׳ האלקי ר׳
                        ישראל דוב מווילעדניק זצ""ל ביום
                    שביעי של פ"				
"מוהר""ד"	8	Adat-Zadikim2024-09-25b,Adat-Zadikim2024-09-25b_corrected,Khal-Hasidim2024-9-25,Khal-Hasidim2024-9-25_corrected	phonetic	0.5	Tsadik_012.007		"מעשה שנסע הרב הקדוש ר׳ דוד ממיקלייעב
                        להבעש״ט על יוה״כ והיה דרכו בקודש
                    תמיד להיות אצל הבעש״ט כל ימים הנוראים
                    היינו מקודם ר""ה עד אחר יוה״כ"				
"המרש""א"	8	Adat-Zadikim2024-09-25b,Adat-Zadikim2024-09-25b_corrected	no_match	0.0			"מעשה נורא שקרה בימי הגאון מהרש״א ז""ל בעיר אוסטרא היו שני אנשים שותפים סוחרים והי' מסחרם
                    מלייווינט פשוט כדומה. והיו אוהבים זל""ז כל ימיהם פעם אחד ששמעו כי אצל דוכסה אחת
             "				
אסתר שפרה	8	Adat-Zadikim2024-09-25b,Adat-Zadikim2024-09-25b_corrected,Khal-Hasidim2024-9-25,Khal-Hasidim2024-9-25_corrected	no_match	0.0			"מעשה נוראה שקרה בימי הצדיקים הקדושים ה""ה הרב המגיד
                            מקאזעניץ והרב הקדוש ר׳ יעקב יצחק מלובלין ז""ל זי""ע : מעשה שהי' איש אחד ממקורביו של
                        המגיד
         "				
הר״א	8	Adat-Zadikim2024-09-25b,Adat-Zadikim2024-09-25b_corrected,Khal-Hasidim2024-9-25,Khal-Hasidim2024-9-25_corrected	no_match	0.0			"עוד שמעתי מאבא מארי מעשה שהיה הרב הגדול
                    האלקי ר׳ אהרן מקארלין קודם הפסח אצל הרב
                        המגיד ה""ג במעזריטש ורצה לנסוע
                    לביתו על חג הפסח וילך לקבל"				
פנחס מקאריץ	8	Buzina_Denehora20251129,Buzina_Denehora20251129_corrected,Khal-Hasidim2024-9-25,Maasiot-veSihot-Zadikim2026-01-10,Mifalot-HaZadikim2025-06-22	phonetic	0.7	Tsadik_003.002		"בימי חורפו היה יושב הרב הק׳ ר״ר ברוך וצללה״ה בק""ק אוסטרא
					והי׳ נחבא אל הכלים ולא אמר שום תורה. פ""א ביקש
					אותו הרב הק' ר' פנחס מקאריץ לומר לו תורה. השיב לו אחות
					לנו קטנה. היינו השכל היא קט"				
צבי מזידיטשוב	8	Buzina_Denehora20251129,Buzina_Denehora20251129_corrected,Maasiot-veSihot-Zadikim2026-01-10,Maasiot-veSihot-Zadikim2026-01-10_corrected,SipureiAnsheiShem2025-12-01_gemini,maase-zadikim2025-06-22	phonetic	0.636	Tsadik_058.002		"כבר נשמע ונתפרסם נפלאותיו: בעת אמרו שיר השירים נערב
					שבת אחר הטבילה. כי הי׳ בוער כאש. והתלהבות הי׳ עד
					למעלה. ויודעי חן אמרו עליו שהי׳ לו ניצוץ. מנשמת שלמה המלך
					ע״ה. ע״כ בעת אמרו שיר השיר"				
בוצינא קדישא	8	Buzina_Denehora20251129,shivheiZadikim2026-01-10,shivheiZadikim2026-01-10_corrected	phonetic	0.417	Tsadik_012.154		"מי ימלל גבורות ד׳ ישמיע כל תהלתו. נאמן רוח מחסה ומעוז
					אמיתותו. חי חי הוא יפאר עלuי עליות. מעין כל חי נעלמה
					עומק רום נקודת פעולתו. ה""ה ידיד ד׳ וידיד נפשי ור חיורוחי
					ונשמתי. מאור עינים. א"				
מ׳	8	Buzina_Denehora20251129,MaasyiotMzadikeiYesodeiOlam_20251128,Shlosha-edrei-zon2025-11-28,shivheiZadikim2026-01-10	phonetic	0.5	Tsadik_078.001		"מרדכי באאמו״ר מ׳ מנחם נחום הנ""ט
					מטשירנאביל ושארי קהילות ק׳ :"				
שמואל שמעלקי	8	Hitgalut-HaZadikim2025-12-01_gemini,Khal-Hasidim2024-9-25,Khal-Hasidim2024-9-25_corrected,Shemen-Hatov2025-12-01_gemini	name_exact	0.95	Tsadik_017.003		"להרב הקדוש הזה היה בן יחיד. ושמו הגאון הקדוש צדיק יסוד העולם מוהר״ר
					שמואל שמעלקי זצוקללה״ה. ובנו הקדוש הזה היה משכנו בבית אביו
					הרה״ק מהרי""ל הנ""ל. ועבד את השי""ת בתורה ובעבודה. בהתלהבות עצומה
"				
הרר״ד	8	Khal-Hasidim2024-9-25,Khal-Hasidim2024-9-25_corrected	no_match	0.0			"מעשה שנסע הרב הקדוש ר' דוד ממיקליעב
                        להבעש״ט על יוה""כ והי' דרכו בקודש
                    תמיד להיות אצל הבעש״ט כל ימים הנוראים
                    היינו מקודם ר""ה עד אחר יוה""כ "				
ר״ז	8	Khal-Hasidim2024-9-25,Khal-Hasidim2024-9-25_corrected,Mifalot-HaZadikim2025-06-22,Mifalot-HaZadikim2025-06-22_corrected,Shemen-Hatov2025-12-01_gemini,shivheiZadikim2026-01-10_corrected	no_match	0.0			": מעשה שהבעש״ט ז""ל נבג""מ ישב עם
                    החבריא קדישא שלו על סעודה שבת בערב. ותיכף אחר קידוש שחק הבעש״ט שחוק נורא מאוד עד שיראו כי כמעט כלתה
                    נפשו בהשחוק הזה ויראו כל החב"				
ליב שרהס	8	Khal-Hasidim2024-9-25,Sipurei-Kdoshim-2025-11-28,Sipurei-Kdoshim-2025-11-28_corrected,Sipurei-Zadikim2025-06-22,tmimei_derech_2026-01-10,tmimei_derech_2026-01-10_corrected	name_exact	0.95	Tsadik_012.077		"שמעתי מזקן אחד מבוניטש אשר היה בצוותא עם
                    רבי ליב שרהס בווין הבירה והנני
                    להציעה לפני הקורא באריכות : הנה עיר קטנה סמוכה למאהליב
                        דרוסיא הל"				
הרב מפינסק	8	Khal-Hasidim2024-9-25,Sipurei-Zadikim2025-06-22	name_exact	0.95	Tsadik_023.001		"הנה האיש הנ""ל הר' מאיר היה בן גביר וחתן לגביר
                        בסוואלק הבירה והוא בעצמו היה חריף ושנון והיה לומד
                    בישיבת הגאון מסוואלק והנה כאשר הגדיל
                    האי"	H-LOC_122			
"הרה""ק מלובלין"	8	Khal-Hasidim2024-9-25	name_exact	0.95	Tsadik_041.001		"סיפר הרב הצדיק איש אלקים מהר״צ מזידיטשוב ז""ל. מהתגלגלות הסבות מאדון הסבות איך
                    שבא למעזיביז וראה גודל קדושת הרב הקדוש
                    הנ""ל. הרב הצדיק מהר""צ הי' מסתופף בצל הקודש "	H-LOC_56			
אהרן הלוי	8	Khal-Hasidim2024-9-25,Khal-Hasidim2024-9-25_corrected,Shivhei-Harav2024-10-29,Shivhei-Harav2024-10-29_corrected,Sipurei-Zadikim2025-06-22_corrected	phonetic	0.412	Tsadik_046.001		"איש הי' בארץ רוסי' הלבינה בעיר
                        לאזנע ושמו ר' ברוך ויולד האיש
                    לעת זקנתו שני בנים ויקרא שם האחד שניאור
                        זלמן ושם השני קרא יהודה ליב וכא"				
סענדר	8	Khal-Hasidim2024-9-25,Khal-Hasidim2024-9-25_corrected,Maasiot-veSihot-Zadikim2026-01-10,Maasiot-veSihot-Zadikim2026-01-10_corrected,Shivhei-Harav2024-10-29,Shivhei-Harav2024-10-29_corrected	no_match	0.0			"פעם אחת בא ר' סנדר מתלמידי הגאון מווילנא על אסיפה
                        למאהליב דרוסי' וישלח לצוות להרב שישלח גם הוא אחד
                    מאנשים כי כמה פעמים הרעיש ר' סענדר הנ""ל האסיפות ובוויכוחי"				
ר״ע	8	Khal-Hasidim2024-9-25,Khal-Hasidim2024-9-25_corrected,Mifalot-HaZadikim2025-06-22,Mifalot-HaZadikim2025-06-22_corrected,Sipurei-Zadikim2025-06-22,Sipurei-Zadikim2025-06-22_corrected	no_match	0.0			"בעיר פאלעצק במדינת רייסן היה איש
                    אחד מהמוני עם הפשוטים אשר התפרנס ממלאכתו ממלאכת החייטים והיה עוסק במלאכתו באמונה
                    לא ויתר שום דבר משום אדם ועסק במצות ה׳ בכל יכו"				
הלל	8	Khal-Hasidim2024-9-25_corrected,Maasiot-veSihot-Zadikim2026-01-10,Maasiot-veSihot-Zadikim2026-01-10_corrected	phonetic	0.5	tempH-16		"פ""א שמע הרב מוהר""ן מאנשים שהיו מדברים סרה על
                        הבעש""ט והיטב חרה לו עד מאוד עבור זה ואמר להם משל ע״ז
                    פעם א׳ עשו שני שרים גדולים כתר להמלך והוציאו עליו הון רב ו"				
לייזר	8	Khal-Kdoshim2025-06-22,Khal-Kdoshim2025-06-22_corrected	no_match	0.0			"מעשה מהגאון הגדול אור ישראל וקדושו מוה' צבי הירש
               מזודיטשוב זי״ע : בין רבים החסידים אשר כיונים
               הוגים אל ארובותיהם על ימי הפורים על הצדיק הקדוש לבלי להיות מפוזר ומפורר בפיר"				
"רמ""י"	8	Khal-Kdoshim2025-06-22,Khal-Kdoshim2025-06-22_corrected	no_match	0.0			"הגאון ר׳ מרדכי
                  יפה היה אב""ד ור״מ בקהלת קטנות מקדם והרים ה׳ כסאו והגדיל למעלה שבאו
               שלוחים מק""ק פוזנא לקבלו עליהם לאב""ד ור""מ כי היה
               גאון רב בנגלה ובנסתר כ"				
שמחה	8	Kokhvei-Or2025-11-29,Kokhvei-Or2025-11-29_corrected,Shemen-Hatov2025-12-01_gemini,Smichat-Moshe_2025-08-26,shivheiZadikim2026-01-10,shivheiZadikim2026-01-10_corrected	no_match	0.0			"ר׳ שמחה חתן הרב ר׳ שמואל יצחק ז״ל שאל
					מאתו פ""א על אודות מה שדרך
					הצדיקים בעלי השגות להלביש השגותיהם במקראות ומאמרי
					חז""ל ולפעמים מפרשים מאמר אחד של חז""ל בכמה וכמה
					פנים ובכל פעם מרמזי"				
ליאון	8	Maasiot-Pliot2026-01-10,Maasiot-Pliot2026-01-10_corrected	no_match	0.0			"א מעשה נוראה מהחכם הגדול קדוש אלקי רבינו אברהם בן עזרא.
					ב מעשה מהגאון המקובל הק׳ והטהור רבי נפתלי כ״ץ בעל סמיכות חכמים.
					ג מעשה בחסיד אחד ציוה את בנו לזרוק פתו במים כל ימיו ומקיים כבוד אב.
		"				
שלמה סופר	8	Maasiot-veSihot-Zadikim2026-01-10,Maasiot-veSihot-Zadikim2026-01-10_corrected,Shemen-Hatov2025-12-01_gemini	no_match	0.0			"מהרהצה""ק הרב ר׳ אלימלך זצ""ל
					ואחי׳ הרב ר׳ זוסי׳ זצ״ל.
					מהרבי ר׳ שמעלקי
					 ר׳ שלמה סופר.
					ר׳ צבי זצ״ל מזידיטשוב.
					ר' מענדיל זצ״ל מקאסיב
					ר' חיים
					הרהצ״ק מבארדיטשוב ז""ל
					ר"				
אבטליון	8	Maasiot-veSihot-Zadikim2026-01-10,Maasiot-veSihot-Zadikim2026-01-10_corrected	no_match	0.0			"בשם הגאון מווילנא במשנה ג' פ״א דעדיות הלל אומר מלא
					הין מים שאובין פוסלין את המקוה אלא שאדם חייב לומר בלשון
					רבי. וכתב הברטנורה ז""ל כלומר הין אינו לשון משנה אלא לשון
					תורה אלא כך ששמע מרבו"				
הריזיניר	8	Maasiot-veSihot-Zadikim2026-01-10,Maasiot-veSihot-Zadikim2026-01-10_corrected	no_match	0.0			"מה כותב ע״ז הקאלענדיר הה""ר דוד ז""ל השיב לו מה שכותב בהקאלענדיו.
					אמר הריזניר ז""ל בזמנים הקודמים היו הפילוספים מופשט מתאוות העולם
					והיו יודעים משנוי העתים ועכשיו דם פשוט בעלי תאוות ולזאת אינם
	"				
הרינדאר	8	Maasiot-veSihot-Zadikim2026-01-10,Maasiot-veSihot-Zadikim2026-01-10_corrected	no_match	0.0			"מעשה שסיפר הרב ר׳ ישראל מקאליש בנו של הרב הצדיק
					ר׳ איציקיל מקאליש בנו של הרב הצז״״ק הקדוש ר׳ אהרן ארי׳ ז""ל
					איש אחד היה מלמד בכפר אצל רינדאר אחד ושמו של המלמד היה
					ר׳ צדוק ז""ל והיה איש אל"				
צדוק	8	Maasiot-veSihot-Zadikim2026-01-10,Maasiot-veSihot-Zadikim2026-01-10_corrected	no_match	0.0			"כך ומה שמו של המלמד אמר לו צדוק ומאיזה מקום הוא אמר לו
					עיר פלוני המלך רשם שמו של המלמד ושם עירו. אח""ז אמר לו
					מלך אני זה האדון שקרבת אותו ונתת לו הכל במחנה ועתה מה
					אתה תחפוץ ממני אמר לו "				
צבי אלימלך	8	Maasiot-veSihot-Zadikim2026-01-10,Maasiot-veSihot-Zadikim2026-01-10_corrected,Sipurim-Nehmadim20251129,Sipurim-Nehmadim20251129_corrected	phonetic	0.5	Tsadik_019.001		"מעשה שסיפר הרב הצדיק הקדוש ר׳ צבי אלימלך ז""ל
					מדינוב."				
הריזינער	8	Maasiot-veSihot-Zadikim2026-01-10,Maasiot-veSihot-Zadikim2026-01-10_corrected	no_match	0.0			"שיחות צדיקים
					השומרים וישב עמהם לשחוס עמהם בקארטין והרוויחו אצלו ארבעה
					מאות ר""כ וזאת היתה בכוונה כדי שלא יהא שום פחד להצדיק מריזען
					ובא עמו להעיר ע""כ שמעתי ואחרי שעברו זמנים והריזינער קבע"				
יעקב יוסף	8	MaasiyotUmaamarimYekarim_with_annotations (1),MaasiyotUmaamarimYekarim_with_annotations (1)_corrected,Sipurim-Nehmadim20251129,Sipurim-Nehmadim20251129_corrected	name_exact	0.95	Tsadik_012.020		"כתב בס׳ תולדות יעקב יוסף מהרה״ק ר׳ יעקב יוסף
					הכהן זצוק""ל שהיה רב בעיר שאריגראד ונעמירוב
					וראשקוב ולסוף היה רב בפולנאה והיה תלמיד מובהק של
					הבעש״ט כידוע ומפורסם זאת, כתב שם פ׳ בלק וז״ל אחי"				
פאניטאווסקי	8	MaasyiotMzadikeiYesodeiOlam_20251128,MaasyiotMzadikeiYesodeiOlam_20251128_corrected	no_match	0.0			"סיפר הרב הקדוש מורינו ורבינו רבי יצחק מנעסחיז מעשה נוראה
					מהרב הקדוש מאפטא זי״ע ואמר אשר מימות עולם לא
					היתה מעשה בזו בעת שהיה הרה״ק מאפטא בימיו עלומיו
					בהיותו עוד רב בקאלביסוב במדינת פולי"				
א״מ	8	Mifalot-HaZadikim2025-06-22,Mifalot-HaZadikim2025-06-22_corrected,shivheiZadikim2026-01-10,shivheiZadikim2026-01-10_corrected	no_match	0.0			"הרב הצדיק ר׳ אהרן משה תלמיד דהרב הצדיק המגיד
               מלובלין נסע פ״א לדרכו ויהי כי בא סמוך לפונדק א׳ ויעמוד על מפתן הפתח
               והחזיר פניו מהבית ולא רצה ליכנס ויבא בעה״ב לשאול לו מדוע "				
יצחק הלוי	8	Shemen-Hatov2025-12-01_gemini	phonetic	0.35	Tsadik_041.001		"(ג) הנ״מ יצחק הלוי הובא במג״י למשפחת
					הורוויץ מהרב מסראצק :"				
"הרש""א"	8	Sipurei-Kdoshim-2025-11-28,Sipurei-Kdoshim-2025-11-28_corrected	no_match	0.0			"וכן שלישית כ""א בתוספות רעש מרעישות על הראשונה הן המה כת הס""ם אל תירא
					ואל תחת רק התכוון בכונות שמסרתי לך ואז לא יכלו לך ואח""כ יסע מרכבה דוהרה
					בהוד והדר בקול המולה ובתוכה יהיה הס״ם
					בעצמו "				
צבי יהושע	8	Smichat-Moshe_2025-08-26	no_match	0.0			"כן בקודש חזיתי כתב יד מהגאון הקדוש הצדיק
					המפורסים בדורו מ׳ צבי יהושע הורוויץ
					זצלה""ה האבד״ק טרעביטש במדינות מעהרין בנו של
					אותו צדיק יסוד עולם הארי החי הגאון הקדוש רעי'
					מהימנא כקש״ת "				
"רמ""א"	8	Smichat-Moshe_2025-08-26,shivheiZadikim2026-01-10,shivheiZadikim2026-01-10_corrected	name_exact	0.95	Rabbinic_Rema		"בהרב הגאון הקדוש מ׳ מאיר הלוי איש הורויץ
					אבד״ק טוקטין. בהרב הגאון הקדוש מ׳ שמואל שמעלקא האבד״ק טארני [הנקרא בפ״כ דער הוכער רבי ר״ש
					וכתוב על מצבתו וישפוט שמואל את העם ארבעים שנה וימות לפ""ק אמ"				
דוד מלעלוב	8	shivheiZadikim2026-01-10,shivheiZadikim2026-01-10_corrected	phonetic	0.5	Biblical_David		"א מרבינו האר""י הק׳ ותלמידו הרח""ו ז""ל
					ב מהגאון הרבי ר׳ נפתלי כ״ץ מפוזנא
					ג מהגאון רבינו יונתן אייבשיץ מפראג
					ד מהגאון רבינו אלי' מווילנא
					ה מהמגיד הק׳ רבינו ר׳ בער ממעזריטש
					ו מהה״"				
יחיאל מאיר	8	shivheiZadikim2026-01-10,shivheiZadikim2026-01-10_corrected	no_match	0.0			"כא מהגאון ר׳ מרדכי בנעט הרב מניקלשבורג
					כב מהגאון ר׳ עקיבא איגר הרב מפוזנא
					כג מהגאון ר׳ משה סופר הרב מפ״ב
					כד מהגאון ר׳ יעקב הרב מליסא
					כה מהגאון ר׳ ארי׳ ליבוש חריף הרב
					מפלאצק
		"				
מוהר״ב	8	shivheiZadikim2026-01-10,shivheiZadikim2026-01-10_corrected	no_match	0.0			"פעם אחת בסעודת ליל שב""ק פתאום פתח הה״ק מו""ה ברוך זצ""ל ממעזבוז את פיו
					הק'. ואמר לפני כל החסידים שישבו ועמדו לפניו בזה""ל כל מי שידבר רעות על
					הרב מברדיטשוב הנני מבטיח לו להיות לו עוה״ב לשכרו. ע"				
"הר""א"	7	Adat-Zadikim2024-09-25b,Adat-Zadikim2024-09-25b_corrected,Khal-Hasidim2024-9-25,Khal-Hasidim2024-9-25_corrected	no_match	0.0			"ויאמר להם למה לא אמר לי והקיצור בעוה""ר נסע לביתו ונפל למשכב וביום ג׳ דחול המועד
                    פסח עלה למרום ושבק לנו החיים וכאשר שמעו החבירים נתאבלו עליו מאוד כי ידוע לכל
                    שהר"				
"רש""ז"	7	Adat-Zadikim2024-09-25b_corrected,Khal-Hasidim2024-9-25,Khal-Hasidim2024-9-25_corrected	name_exact	0.95	Tsadik_027.001		"ויהי אחרי הדברים האלה עשה הרה״מ שידוך
                    עם היתומה בת הרר""א הנ""ל עם הרה״ק ר׳ מנחם נחום
                            מ ז""ל עבור
                    בנו הרה״ק ר' טשארנאבילמרדכי מ ז""ל והי"				
י	7	Buzina_Denehora20251129,Maasiot-Pliot2026-01-10,Maasiot-veSihot-Zadikim2026-01-10,Sefer-Moraim-Gdolim2025-11-28,Shemen-Hatov2025-12-01_gemini	no_match	0.0			"חולין ו׳ ע״א
					פנחס בן יאיר הוי קאזיל לפדיון שבויים. פגע בי׳ בגינאי
					נהרא. אמר לי׳. גינאי חלוק לי מימך. ואעבור
					בך. חלק לי'. הוה האי גברא דהוי דארי חיטי לפיסחא אמר לי'
					חלוק למי להאי וכ"				
דוד המלך	7	Buzina_Denehora20251129,MaasiyotUmaamarimYekarim_with_annotations (1),MaasiyotUmaamarimYekarim_with_annotations (1)_corrected,Shemen-Hatov2025-12-01_gemini,Shlosha-edrei-zon2025-11-28	name_exact	0.95	Biblical_David		"תהלים קי״תהליםט
					תעיתי כשה אובד בקש עבדך כי מצותיך לא שכחתי.
					פי'. למשל כאשר נאבד שה מאדם אם בעה״ב
					אינו עצל. תיכף הולך לחפש את השה. כל זמן שהשה לא
					שכח את הקול של בעה""ב. אבל העצל יתמה"				
בן	7	Buzina_Denehora20251129,Maasiot-veSihot-Zadikim2026-01-10,Maasiot-veSihot-Zadikim2026-01-10_corrected,MaasiyotUmaamarimYekarim_with_annotations (1),MaasyiotMzadikeiYesodeiOlam_20251128,Sipurei-Zadikim2025-06-22_corrected	phonetic	0.5	Tsadik_002.003		"בימי מתתתי׳. בן יוחנן כ״ג חשמונאי והקשה. למה תקנו
					להזכיר בחנוכה. את יוחנן כהן גדול. הא בני חשמונאי
					היו כולם צדיקים ויוחנן שמש בכהונה גדולה פ׳ שנים.
					ולבסוף נעשה צדוקי. ותירץ כשאדם עובר ע"				
אברהם דוב	7	Buzina_Denehora20251129,Buzina_Denehora20251129_corrected,MaasiyotUmaamarimYekarim_with_annotations (1),MaasiyotUmaamarimYekarim_with_annotations (1)_corrected,Mifalot-HaZadikim2025-06-22,Mifalot-HaZadikim2025-06-22_corrected	phonetic	0.429	Biblical_Abraham		"פ""א הי׳ יושב בסעודה. ומצד אחד ישב אצלו מחותנו ההק'
					ר׳ אברהם דוב זצללה""ה. מחמעלניק. ומצד השני ישב
					מחותנו הה״ק ר׳ יוסילי מיאמפילי. ובא להבית עשיר אחד
					וחירף וגידף אותו הרב ר״ב וצוה לאנשיו "				
רשב״י	7	Buzina_Denehora20251129,Buzina_Denehora20251129_corrected,Khal-Kdoshim2025-06-22,Khal-Kdoshim2025-06-22_corrected,MaasyiotMzadikeiYesodeiOlam_20251128,MaasyiotMzadikeiYesodeiOlam_20251128_corrected	name_exact	0.95	Biblical_ShimonBarYochai		"דרכו בקודש הי׳ לישב בהלולא דרשב״י בל״ג בעומר בסעודה.
					במלבושי יו״ט והי׳ שמח מאוד ופ""א פתח השער מהזוהר
					ופתח ואמר מהתנא האלקי הרשב״י. ופי' מהתנא שלומד אותנו
					האלקי האיך לעבוד את ד'. ופ""א נת"				
המגיד מקאזניץ	7	Hitgalut-HaZadikim2025-12-01_gemini,MaasiyotUmaamarimYekarim_with_annotations (1)_corrected,Shemen-Hatov2025-12-01_gemini	name_exact	0.95	Tsadik_042.001		"הרב הקדוש היהודי מפרשיסחא זצוקללה""ה בימי חורפו היה מקום משכנו בעיר
					אפטא. כי היה שם חתן בעה״ב אחד אשר היה מחזיק בית מזיגה. והבית
					מזיגה היתה נקראת על שם חמותו גאלדאלי. כי היא היתה הנושאת ונותנ"	H-LOC_151			
רמ״י	7	Hitgalut-HaZadikim2025-12-01_gemini,Khal-Kdoshim2025-06-22,Khal-Kdoshim2025-06-22_corrected	no_match	0.0			"[הרב רמ״י ז""ל הנ״ל בשם הה״צ המפורסם ר׳ וואפטשי לעמבורגער.
					זצ״ל תלמיד מובהק של רבינו אורי הנ״ל]"				
נטע	7	Hitgalut-HaZadikim2025-12-01_gemini,Shemen-Hatov2025-12-01_gemini,SipurimUmaamarimYekarim_Hebrewbooks_org_3804_gemini	no_match	0.0			"ויהי אחר עבור זמן רב. והבעה״ב הארינדאר הנ״ל כבר שכח מכל המעשה אשר
					נעשה בהר״ק ר׳ נטע הנ״ל. ויקר מקרה אשר הבעה״ב הנ״ל התחולהתחיל מזלו
					לירד אחורנית ר״ל כי גלגל החוזר בעולם הוא. ומעט מעט נתמסכן "				
נחום מטשערנאביל	7	Hitgalut-HaZadikim2025-12-01_gemini,MaasiyotUmaamarimYekarim_with_annotations (1),SipurimUmaamarimYekarim_Hebrewbooks_org_3804_gemini	name_exact	0.95	Tsadik_014.001		"מעשה נפלאה מהרב הקדוש רבינו נחום מטשערנאביל זצוק""ל"	H-LOC_31			
אבא	7	Khal-Hasidim2024-9-25,Khal-Hasidim2024-9-25_corrected	no_match	0.0			"מעשה שהי' שנס ובא לעיר קריבוש והי' אב""ד
                    בעיר הנ""ל הרב החסיד ר' אבא שהי׳ אח״כ אב""ד בק""ק שדה לבן והיה אצל אב""ד הנ""ל אורח מחותן שלו והיו
                    מפלפלים על משנה אחת וכשבא "				
חיים צאנזיר	7	Khal-Hasidim2024-9-25,Khal-Hasidim2024-9-25_corrected,Shemen-Hatov2025-12-01_gemini	no_match	0.0			"מעשה נוראה מרבינו הבעש״ט הקדוש זי""ע. בעת היותו בבראד ביחד
                    עם הקדושים ר' חיים צאנזיר ור' משה אוסטריער בעל
                            ערוגות הבושם:"				
"הרר""ש"	7	Khal-Hasidim2024-9-25,Khal-Hasidim2024-9-25_corrected	no_match	0.0			"הנה האיש הנ""ל הר' מאיר היה בן גביר וחתן לגביר
                        בסוואלק הבירה והוא בעצמו היה חריף ושנון והיה לומד
                    בישיבת הגאון מסוואלק והנה כאשר הגדיל
                    האי"				
רב	7	Khal-Hasidim2024-9-25,MaasyiotMzadikeiYesodeiOlam_20251128_corrected,Mifalot-HaZadikim2025-06-22,Shivhei-Harav2024-10-29	name_exact	0.95	Tsadik_001.015		"עתה נחזור להציע לפני הקורא כל הקורות עם הרב הקדוש מעת דרכו רגליו על מפתן הקדוש
                        במעזריטש ונספרם על הסדר ולא נדלג מענין לענין והשמות
                    יובאו בסוף אי""ה : הנה בבו"				
"הר""ע"	7	Khal-Hasidim2024-9-25,Khal-Hasidim2024-9-25_corrected,Sipurei-Zadikim2025-06-22,Sipurei-Zadikim2025-06-22_corrected	no_match	0.0			"בעיר פאלעצק במדינת רייסן היה איש
                    אחד מהמוני עם הפשוטים אשר התפרנס ממלאכתו ממלאכת החייטים והיה עוסק במלאכתו באמונה
                    לא ויתר שום דבר משום אדם ועסק במצות ה׳ בכל יכו"				
קאפיל	7	Khal-Kdoshim2025-06-22,Khal-Kdoshim2025-06-22_corrected	name_exact	0.85	Biblical_Jacob		"מעשה מהגאון הגדול אור ישראל וקדושו מוה' צבי הירש
               מזודיטשוב זי״ע : בין רבים החסידים אשר כיונים
               הוגים אל ארובותיהם על ימי הפורים על הצדיק הקדוש לבלי להיות מפוזר ומפורר בפיר"				
שמעון סופר	7	Maasiot-Pliot2026-01-10,Maasiot-Pliot2026-01-10_corrected,SipureiAnsheiShem2025-12-01_gemini,shivheiZadikim2026-01-10,shivheiZadikim2026-01-10_corrected	no_match	0.0			"ה. מעשה נוראה מהגאון מאור הגולה צדיק הדור החסיד
					מרן מררכי בנעט זי""ע אב״ד מניקלשפורג. אשר סיפר הרב
					הגאון הצדיק מקראקא מו״ה שמעון סופר אשר שמע בעצמו
					מפה קדוש ה׳ רבן מאורן של ישראל אביו בע"				
מרדכי בנעט	7	Maasiot-Pliot2026-01-10_corrected,MaasyiotMzadikeiYesodeiOlam_20251128,MaasyiotMzadikeiYesodeiOlam_20251128_corrected,Shemen-Hatov2025-12-01_gemini,shivheiZadikim2026-01-10,shivheiZadikim2026-01-10_corrected	phonetic	0.417	Tsadik_036.001		"וכך הי׳ המעשה בשנת תקפ""ט י״ג מנחם אב נח נפשי׳ דרב
					 גאון הצדיק מורינו רבי האימרדכי בנעט זצלל""ה במרחץ
					 ולא נפטר בעירו מקום כסאו והובל לקבר בעיר
					קארלסבאד הסמוכה כשתי שעות. והמקום הנ""ל מקום"				
מראזדיל	7	Maasiot-veSihot-Zadikim2026-01-10,Maasiot-veSihot-Zadikim2026-01-10_corrected	no_match	0.0			"שמעתי מהצדיק ר׳ שלמה סופר ז""ל מדאלינע פעם אחת
					היו כמה צדיקים יושבים מסובים על סעודת ר""ח ניסן בק׳ זידטשוב
					והר, שלמה ז""ל הי' ג""כ הוא מיסב עמהן ובעת הסעודה אמר
					הצדיק הרב ר' שמעון ז""ל מיערי"				
משה חיים אפרים	7	MaasiyotUmaamarimYekarim_with_annotations (1),MaasiyotUmaamarimYekarim_with_annotations (1)_corrected	no_match	0.0			"כתב בס׳ בוצינא דנהורא וז""ל סיפר ה״ר ליב מלעטיטשוב.
					שהוא היה מלמד אצל הרה״ק ר' משה חיים אפרים
					מסדילקוב נכד הבעש״ט כי בילדותו של הרה״ק הנ""ל היה יושב
					פ""א עם זקנו הבעש״ט אצל השלחן פתאום אמר"				
"מוהר""י"	7	Mifalot-HaZadikim2025-06-22,Mifalot-HaZadikim2025-06-22_corrected,shivheiZadikim2026-01-10,shivheiZadikim2026-01-10_corrected	phonetic	0.5	Tsadik_017.003		"מעשה מהרב הצדיק הגאון אמיתי הקדוש ר׳ מרדכי
               הנקרא ר׳ מאטילע מטשארנאביל
               מעשה בעיר אבאחאוו הסמוך לעיר וואסילקיוב היה שם איש א׳
               אב בחכמה ורך בשנים למדן וי״ש וח"				
צבי יהודא	7	Mifalot-HaZadikim2025-06-22,Mifalot-HaZadikim2025-06-22_corrected	no_match	0.0			"הרב הצדיק הקדוש ר׳ זאב מזיטאמר בעל המ״ח אור המאיר היה
               מחותן עם הרב הצדיק מו״ר צבי יהודא מָאליק הנקרא ר׳ הירש
               ליב אָליקער פ״א התוועדו יחד בעיר אחת ואח״כ כאשר נתפרדו והלך
 "				
מלך	7	Mifalot-HaZadikim2025-06-22_corrected,Shlosha-edrei-zon2025-11-28,Shlosha-edrei-zon2025-11-28_corrected	no_match	0.0			"להרב הצדיק הקדוש וכו׳ ר׳ אלימלך (הנקרא ר׳ מלך)
               מליזענסק נלוה אליו איש כפרי אחד והיה להאיש הנ״ל חתן
               א׳ למדן גדול וישויי״ש ועסק בתורה ובעבודה יומם ולילה בלי שום הפסק
      "				
א׳	7	Shlosha-edrei-zon2025-11-28,Shlosha-edrei-zon2025-11-28_corrected,shivheiZadikim2026-01-10	no_match	0.0			"עתה אספר פלא א' אשר ראיתי אז ממנו. וזאת כי
					ביענדרחוף היה שם מלמד א׳ ושמו ר׳ וואלף אשר למד
					עם בחורי חמד גמ׳ תוס׳ והיה לו ששה בנות אך בן אין לו.
					והרופאים אמרו לו באשר לא ילמוד עם תלמידים "				
"הר""ד"	6	Adat-Zadikim2024-09-25b,Adat-Zadikim2024-09-25b_corrected,Khal-Hasidim2024-9-25,Khal-Hasidim2024-9-25_corrected	no_match	0.0			"מעשה שנסע הרב הקדוש ר׳ דוד ממיקלייעב
                        להבעש״ט על יוה״כ והיה דרכו בקודש
                    תמיד להיות אצל הבעש״ט כל ימים הנוראים
                    היינו מקודם ר""ה עד אחר יוה״כ"				
"רי""י"	6	Adat-Zadikim2024-09-25b,Adat-Zadikim2024-09-25b_corrected,Khal-Hasidim2024-9-25,Khal-Hasidim2024-9-25_corrected	no_match	0.0			"שמעתי מאבא מארי שיחי' הרב הקדוש הגאון בו״ק מוה' מנחם מענדיל נ""י
                            מוויטעפסק בעהמ""ח ספר פרי
                            הארץ הי' לומד אצל הרב הק' המגיד הגדול
                 "				
משה איסערליש	6	Adat-Zadikim2024-09-25b,Adat-Zadikim2024-09-25b_corrected,Khal-Hasidim2024-9-25,Khal-Hasidim2024-9-25_corrected	phonetic	0.583	Rabbinic_Rema		"ראיתי בביתך בלבול גדול לי בתורה ובתפלה בחרתי לי מקום אשר אוכל ללמוד ולהתפלל שלא
                    יבלבלוני ועל כן קראתי לפלוני השדכן וצויתיו כן וכן וכן היו הדברים ואשר שאלתני מה
                    "				
פלוני	6	Adat-Zadikim2024-09-25b_corrected,Khal-Hasidim2024-9-25_corrected	no_match	0.0			"מעשה מהרב הקדוש האלקי רשכב""ה ר׳ אברהם יהושוע העשיל מ ז""ל בעת שבתו על כסא הרבנות
                        באפטאיאסע : הרב הנ""ל אחרי אשר עזב את הרבנות
                        מקאלביש נתקבל לאב""ד במדינת
 "				
אלי	6	Buzina_Denehora20251129,Shlosha-edrei-zon2025-11-28,Shlosha-edrei-zon2025-11-28_corrected,shivheiZadikim2026-01-10,shivheiZadikim2026-01-10_corrected	no_match	0.0			"ע״ד צחות
					אולי לא תלך האשה אחרי פרש״י אלי כתיב. בת הי' לו
					לאליעזר. והי׳ מחזר וכו'. אמר לי׳ אברהם אתה ארור
					והוא ברוך ואין ארור. מדבק בברוך ולכאורה קשה. איפכא
					הוה לי׳ למימר. ואין ברוך"				
אפרים	6	Buzina_Denehora20251129,Sipurei-Kdoshim-2025-11-28,Sipurei-Kdoshim-2025-11-28_corrected,maase-zadikim2025-06-22_corrected	name_exact	0.95	Tsadik_001.010		"אמר זקיני הבעש״ט אמר. זה השער לד׳ צדיקים. היינו
					הצדיקים הם השער לד׳ ואחי הה״ק מ׳ אפרים אמר.
					זיב לפתח חטאת רובץ. חטאת הוא היצה""ר רובץ על פתח
					הער הזה. ומפתה לבני אדם לחלוק על הצדיק ולומר
"				
אביגדר	6	Buzina_Denehora20251129,Buzina_Denehora20251129_corrected	no_match	0.0			"סיפר ר׳ אביגדר מק׳ ליטין שנסע הרב הק' ר׳ חיים
					טשערניוויצער מן וואליחיי מק' באטישאהן לק׳ מעזיביז.
					על קבר הבעש״ט. וכשבא לק׳ מעזיבוז. לא הי׳ הרב ר״ר ברוך
					בביתו. שיום אז קודם ביאת הרב ר׳ חי"				
אברהם יהושע העשיל	6	Buzina_Denehora20251129,Hitgalut-HaZadikim2025-12-01_gemini,Khal-Hasidim2024-9-25_corrected,shivheiZadikim2026-01-10,shivheiZadikim2026-01-10_corrected	name_exact	0.95	Tsadik_043.003		"מכתב כ״י קודש מהרב הק׳ ר׳ משה
					מסיווראן זצלה""ה להרב הקדוש מוהר״ר
					אברהם יהושע העשיל מאפטא
					זצוקללה""ה."				
ברוך ממעזבוז	6	Hitgalut-HaZadikim2025-12-01_gemini,MaasiyotUmaamarimYekarim_with_annotations (1),Sefer-Moraim-Gdolim2025-11-28,Sefer-Moraim-Gdolim2025-11-28_corrected	phonetic	0.667	Tsadik_001.015		"מעשה וענין נפלא מאוד מרבינו הקדוש ונורא הרב
					ר׳ ברוך ממעזבוז ורבינו היהודי הקדוש הנ״ל"	H-LOC_55			
אלעזר	6	Hitgalut-HaZadikim2025-12-01_gemini,Shemen-Hatov2025-12-01_gemini	no_match	0.0			"בנו הרב הקדוש הר״ר אלעזר זצ""ל במהותו. והשיבו אביו הרבי ר׳ אלימלך הנ""ל
					הוא יש לו יראה עד שאינו יכול להתנועע בשום אבר :"				
רש״ש	6	Hitgalut-HaZadikim2025-12-01_gemini	no_match	0.0			"הדבר אם היה בכאן קצת י״ש נשתית בינינו „חמרא וחיי לפום רבנן"" אז היו יכולים
					לתקן בזה אותו דבר נחוץ שהיה ידוע להם. ענה הרה״ק רש״ש הנ""ל ואמר להם
					אמת שטוב ויפה הדבר. וגם השעה צריכה לכך. אולם מי ו"				
"הרב דק""ק פולנאי"	6	Khal-Hasidim2024-9-25	phonetic	0.667	Tsadik_008.001		"שמעתי מר׳ יואל מ""מ דק""ק נעמרוב ותמיד
                    היה אצל הרב דק""ק פולנאי בק""ק ראשקיב ובק'
                        שאריגראד ובק""ק נעמרוב שמעתי
                    ממנו שפ״א שבת הבעש״ט
         "	H-LOC_51			
שמעריל	6	Khal-Hasidim2024-9-25,Khal-Hasidim2024-9-25_corrected,Shivei-Habesht2024-12-15_corrected	no_match	0.0			"שמעתי מהרב ר' פאלק הכהן שחמיו ר׳
                        שמעריל לא היה לו בן זכר והבעש״ט היה מתאכסן אצלו ולא היה לו בית
                    מיוחדת בשבילו והתאכסן בבית הלז והנשים פנו משם לשכינו ומבשלין"				
יוסף הכהן	6	Khal-Hasidim2024-9-25,Khal-Hasidim2024-9-25_corrected,Shivei-Habesht2024-12-15_corrected	no_match	0.0			"שמעתי מהרב הצדיק ר׳ יואל מ""מ דק""ק
                        נעמרוב אשר מקום קבורתו בירושלים תוב״ב. שפ״א נסע עם הרב דק""ק ראשקוב לק""ק מעזיבוז ובא לק""ק באר
                    והתפללו שם באכסניא בבית בעשרה"				
"ר""ל"	6	Khal-Hasidim2024-9-25,Khal-Hasidim2024-9-25_corrected,Khal-Kdoshim2025-06-22,Khal-Kdoshim2025-06-22_corrected,maase-zadikim2025-06-22,maase-zadikim2025-06-22_corrected	no_match	0.0			"איש הי' בארץ רוסי' הלבינה בעיר
                        לאזנע ושמו ר' ברוך ויולד האיש
                    לעת זקנתו שני בנים ויקרא שם האחד שניאור
                        זלמן ושם השני קרא יהודה ליב וכא"				
הגאון מווילנא	6	Khal-Hasidim2024-9-25,Shivhei-Harav2024-10-29,Sipurei-Zadikim2025-06-22	no_match	0.0			"מובן ממילא לכל בן דיעה המכיר את תכונת אנשי רייסין וליטא אשר לא ככל
                    המדינות פולין
                        וואלין ושארי מדינות אשר הורגלו שם מעת זרח אור
                        הבעש״"	H-LOC_175			
מרדכי באנעט	6	Khal-Hasidim2024-9-25,Khal-Hasidim2024-9-25_corrected,maase-zadikim2025-06-22,maase-zadikim2025-06-22_corrected	phonetic	0.385	Tsadik_036.001		"ובימים האלה כאשר היה הרה""ק בניקלשפורג בא
                    הרב הקדוש מו""ה אלימלך ז""ל לשחר פני
                    ריעו בביתו כי היו יחדיו תלמידים של הרב המגיד
                            דמעזריטש ז"""				
"מהר""י"	6	Khal-Hasidim2024-9-25,Khal-Hasidim2024-9-25_corrected,Shemen-Hatov2025-12-01_gemini,maase-zadikim2025-06-22,maase-zadikim2025-06-22_corrected	no_match	0.0			"אמר הרב הקדוש מו""ה אלימלך ז""ל האונאה
                    בעבודה סכנה גדולה מאוד. ומעשה שהיה בהרב הצדיק קדוש עליון מהר""י
                            מלובלין שנסע
                        לליזענסק להקדוש"				
משה הלוי	6	Khal-Hasidim2024-9-25,Khal-Hasidim2024-9-25_corrected,Shivhei-Harav2024-10-29,Shivhei-Harav2024-10-29_corrected,Sipurei-Zadikim2025-06-22,Sipurei-Zadikim2025-06-22_corrected	phonetic	0.5	Biblical_Moses		"בעיר פאלעצק במדינת רייסן היה איש
                    אחד מהמוני עם הפשוטים אשר התפרנס ממלאכתו ממלאכת החייטים והיה עוסק במלאכתו באמונה
                    לא ויתר שום דבר משום אדם ועסק במצות ה׳ בכל יכו"				
ישראל פאלעצקר	6	Khal-Hasidim2024-9-25,Khal-Hasidim2024-9-25_corrected,Shivhei-Harav2024-10-29,Shivhei-Harav2024-10-29_corrected,Sipurei-Zadikim2025-06-22,Sipurei-Zadikim2025-06-22_corrected	phonetic	0.909	Tsadik_012.168		"בעיר פאלעצק במדינת רייסן היה איש
                    אחד מהמוני עם הפשוטים אשר התפרנס ממלאכתו ממלאכת החייטים והיה עוסק במלאכתו באמונה
                    לא ויתר שום דבר משום אדם ועסק במצות ה׳ בכל יכו"				
"מהרמ""ל"	6	Khal-Hasidim2024-9-25,Khal-Hasidim2024-9-25_corrected,maase-zadikim2025-06-22,maase-zadikim2025-06-22_corrected	no_match	0.0			"סיפר הרה""ק המקובל האלהי מוהר״ר צבי
                        מזדיטשוב ז""ל שהיה נוסע לסאסוב והיה מסתופף בצלו לקבל ממנו תורה. פעם אחד
                    אמר הרה""ק מהר""צ אשים עיני לראות התנהגתו בענין תיקו"				
"רומע""ל"	6	Khal-Hasidim2024-9-25_corrected	no_match	0.0			"שמעתי מרב יעקב אב""ד דק""ק  ששמע מאביו רב סמילאמאיר חריף
                    ז""ל פ""א בא הבעש""ט להרב דק""ק  ואני מסופק אם היה המעשה
                    בק""ק פולנאינעמרוב או בק""ק שאריגראד ובא
             "				
אשר	6	Khal-Hasidim2024-9-25_corrected,Shemen-Hatov2025-12-01_gemini,Shivhei-Harav2024-10-29_corrected,Smichat-Moshe_2025-08-26	phonetic	0.5	Tsadik_016.003		"איש הי' בארץ רוסי' הלבינה בעיר
                        לאזנע ושמו ר' ברוך ויולד האיש
                    לעת זקנתו שני בנים ויקרא שם האחד שניאור
                        זלמן ושם השני קרא יהודה ליב וכא"				
פנחס הורוויץ	6	Khal-Hasidim2024-9-25_corrected,Shemen-Hatov2025-12-01_gemini,maase-zadikim2025-06-22_corrected	phonetic	0.526	Tsadik_017.002		"מהאחים הגאונים הגדולים הצדיקים הקדושים מ'
                        שמעלקא ומ' פנחס הורוויץ ז״ל בעמ""ח ס' :המקנה והפלאה"				
"רח""ו"	6	Khal-Kdoshim2025-06-22,Khal-Kdoshim2025-06-22_corrected,shivheiZadikim2026-01-10,shivheiZadikim2026-01-10_corrected	no_match	0.0			"מעשה מכבוד קדושת הרמב״ן אבי המקובלים ז""ל איך נשאו תשוקת ופעולת
               אחד קדוש מירושלים אה״ק תובב""א לגשת אל החכמה הקדושה חכמת הקבלה
               : בדורות הקודמים אם כי אור אלקי הי' מאיר בתור"				
"אדומו""ר"	6	Kokhvei-Or2025-11-29	no_match	0.0			"ולבו היה בוער מאד לעבודת הש״י וכל תפלתו
					ולימודו היה בהתלהבות גדול מאד אשר אין
					לשער. ובכל עת ועת שהיה צר לו בעבודתו י""ת הירי
					נוסע לאדומו״ר ז""ל והוא הרבה מאד בדבריו הנעימיר.
					לעוררו ו"				
נפתלי כ״ץ	6	Maasiot-Pliot2026-01-10,Maasiot-Pliot2026-01-10_corrected,Shemen-Hatov2025-12-01_gemini	no_match	0.0			"א מעשה נוראה מהחכם הגדול קדוש אלקי רבינו אברהם בן עזרא.
					ב מעשה מהגאון המקובל הק׳ והטהור רבי נפתלי כ״ץ בעל סמיכות חכמים.
					ג מעשה בחסיד אחד ציוה את בנו לזרוק פתו במים כל ימיו ומקיים כבוד אב.
		"				
שמעיה	6	Maasiot-veSihot-Zadikim2026-01-10,Maasiot-veSihot-Zadikim2026-01-10_corrected	no_match	0.0			"בשם הגאון מווילנא במשנה ג' פ״א דעדיות הלל אומר מלא
					הין מים שאובין פוסלין את המקוה אלא שאדם חייב לומר בלשון
					רבי. וכתב הברטנורה ז""ל כלומר הין אינו לשון משנה אלא לשון
					תורה אלא כך ששמע מרבו"				
ריזניר	6	Maasiot-veSihot-Zadikim2026-01-10,Maasiot-veSihot-Zadikim2026-01-10_corrected	no_match	0.0			"הרב ר׳ דוד ז""ל מזאבליטאוו שהי' בנו של הרב הקדוש ר'
					מענדילי ז""ל מקאסוב הי׳ דרכו בקודש ליסע בכל פעם לם אדיגעדי
					להצדיק הקדוש ר׳ ישראל ז""ל מריזין והריזינער הי' מחזיק את ר'
					דוד ז""ל לחכם גדול"				
דייטשיל	6	Maasiot-veSihot-Zadikim2026-01-10,Maasiot-veSihot-Zadikim2026-01-10_corrected,shivheiZadikim2026-01-10	no_match	0.0			"שהיתה חשובה אצלו והיו בוכים לפניו שתכנס לאביו לבקש
					לשלוח אחריהם שיספרו מה שבלבם. הצדיק ר׳ ברוך ז""ל השיב לה
					אשר ביום ה׳ יקרא אותם וכן היה ביום ה׳ שלח עבורם ונכנסו להרב
					בבכיה גדולה ר""ל, ו"				
מוואליטשיסק	6	Maasiot-veSihot-Zadikim2026-01-10,Maasiot-veSihot-Zadikim2026-01-10_corrected	no_match	0.0			"מעשה שהחסידים הגאונים הותירו למניקת להנשא והחסידים
					ההם היו בראשם הרב הצדיק הגאון הקדוש ר׳ ארון קליוואנער והשני
					הרב הצדיק הגאון הגדול ר׳ יעקב שמשון משפיטיווקע ז""ל והשלישי
					הרב הצדיק הגאון"				
הערל	6	Maasiot-veSihot-Zadikim2026-01-10,Maasiot-veSihot-Zadikim2026-01-10_corrected	no_match	0.0			"שיחות צדיקים
					הכוורת לביתו אמר לו שהכוורת כבד מאוד ואין בכוחו לישא בעצמו
					ועזרו לו עד שהובא לביתו ואמר להערל כמה אתה רוצה בעד זאת
					השיב לו הערל כמה שתתן לי אקח ממך כי ידעו כל הערלים שלא
		"				
בן נח	6	Maasiot-veSihot-Zadikim2026-01-10,Maasiot-veSihot-Zadikim2026-01-10_corrected	no_match	0.0			"שיחות צדיקים
					וצעקו שעדי שמים פתח תעמוד עבורך בשוק עגלה עם ג׳ סוסים
					ותוכל לבוא לכאן. ואיש אחד משאטץ ושמו נתן שמעון היה ג""כ על
					ר""ה בפרימשלאן ונסעו שניהם יחדיו למאנדיגערי על יום הקדוש ובעת"				
יצחק מהאמבורג	6	Maasiot-veSihot-Zadikim2026-01-10,Maasiot-veSihot-Zadikim2026-01-10_corrected	no_match	0.0			"מעשה נורא מהרב הצדיק ר׳ יצחק מהראהביטש הנקרא
					בפי כל עם ועדה ר׳ איציקיל דראהאביטשער, והרב
					הגאון ר׳ יצחק מהאמבורג."	H-LOC_186			
מענדעלי	6	MaasiyotUmaamarimYekarim_with_annotations (1),MaasiyotUmaamarimYekarim_with_annotations (1)_corrected	no_match	0.0			"חתנו של הרה״ק הגאון ר׳ מענדעלי מליבאוויטש זצוק""ל היה
					עומד פ״א בחדר של חמותו הרבנית ושם היה מונח
					על השלחן סדור קרבן מנחה וספר שבחי בעש״ט ובעמדו בחדר
					הנ""ל בא חותנו לשם והוא היה מקפיד מאד "				
"ריב""ש"	6	MaasiyotUmaamarimYekarim_with_annotations (1),MaasiyotUmaamarimYekarim_with_annotations (1)_corrected	no_match	0.0			"כתב בס׳ ניצר חסד על פ""א הנ""ל פרק ד' משנה כ״ב וז""ל
					אמר מרן הריב""ש זצוק""ל (הוא הבעש״ט) מובא בספר
					דגל מחנה אפרים מנכד הבעש״ט שאמר הבעש״ט אני נשבע
					שבועה גמורה שיש איש אחד בעולם ששומע חדושי "				
זרובבל	6	MaasyiotMzadikeiYesodeiOlam_20251128,MaasyiotMzadikeiYesodeiOlam_20251128_corrected	no_match	0.0			"ואני זרובבל הוספתי לשאול מטטרון ומיכאל שר צבא ד׳ על אודות
					ברית עם קדושים ויאמר אלי העגל הזה פיהו ירבץ וכלה סעיפיה
					והכרך הזה היא עיר נינוה עיר הדמים היא רומי רבתי ואמרתי
					לו אדוני עד מתי "				
מוהר״י	6	Mifalot-HaZadikim2025-06-22,Mifalot-HaZadikim2025-06-22_corrected,shivheiZadikim2026-01-10,shivheiZadikim2026-01-10_corrected	no_match	0.0			"מעשה מהרב הצדיק הגאון אמיתי הקדוש ר׳ מרדכי
               הנקרא ר׳ מאטילע מטשארנאביל
               מעשה בעיר אבאחאוו הסמוך לעיר וואסילקיוב היה שם איש א׳
               אב בחכמה ורך בשנים למדן וי״ש וח"				
יעקב שמשון	6	Mifalot-HaZadikim2025-06-22_corrected,SipurimUmaamarimYekarim_Hebrewbooks_org_3804_gemini	name_exact	0.95	Tsadik_035.001		"בעת מלחמת התוגר עם הקיסר מרוסיא אירע מעשה בעיר אחת
    במדינת פולין שהיה לאיש אחד זקן ונשוא פנים ועושר
               מופלג בת יחידה ונתקשרה בשידוכין לפני בחור אחד יפה תואר ומופלג
               בחכמה"				
ישעי׳ פינטו	6	PeerMikdoshim2024-10-13,PeerMikdoshim2024-10-13_corrected	no_match	0.0			"ותחת מצב רגלינו בשער הגלגולים יזהיר עוד סיפור כזה לעיניך הקורא
               מאת הגאון הקדוש ר׳ ישעי׳ פינטו זצוק""ל :
               בעיר שהי' הגאון ר׳ ישעי' פינטו זי""ע שם לרב ומורה. היה שם איש
      "				
גור ארי'	6	PeerMikdoshim2024-10-13_corrected	no_match	0.0			"וכאשר דברנו פה במעשה התרפים מהגאון פינטו זצוק""ל נספר בזה
               מעשה נורא מהגאון הקדוש בעל איך הוציא
               יקר מזולל טהור מטמא :
               בימי  גור ארי' על התורההגור ארי' בשבתו "				
ההפלאה	6	Shemen-Hatov2025-12-01_gemini	no_match	0.0			"כד) חסיד א׳ זקן מווארשא הי׳ בפפד״מ
					וכתב פיתקא שמו ושמות
					בניו ונתן להרב ההפלאה. לקח הרב הפלאה
					כסף ונתן לו. א׳ לו אדרבה אני נותן לכם
					מעות. תמה עליו. מה צריך לפתקא.
					אמר לו חסיד א"				
יעקב יצחק מלובלין	6	Shemen-Hatov2025-12-01_gemini,Shlosha-edrei-zon2025-11-28,Shlosha-edrei-zon2025-11-28_corrected,Sipurim-Nehmadim20251129,Sipurim-Nehmadim20251129_corrected,SipurimUmaamarimYekarim_Hebrewbooks_org_3804_gemini	name_exact	0.95	Tsadik_041.001		"לו פתח גדול והתחיל לפלפל עמו עד שהלך
					ממנו בפחי נפש. ובעת ההוא הי' שם
					הה״ק מ׳ יעקב יצחק מלובלין והוא הי׳
					מילידי לאנצוט והי׳ ג״כ ב׳ שנים אחר
					הנשואין והי׳ יושב בישיבה בשפל מקום
					ו"	H-LOC_56			
קדושת לוי	6	Shemen-Hatov2025-12-01_gemini,shivheiZadikim2026-01-10_corrected	no_match	0.0			"לג) סיפר החסיד הישיש ר׳ אברהם
					פראשקער אשר זקיני הרר״ש
					בהיותו ברוטשעוואהל הי׳ תלמידיו הגה״ק
					בעל קדושת לוי. והמגיד מקאזניץ. והרבי
					מלובלין. והרר״ש לקח אותם עמו בנוסעו
					להמגיד הגדו"				
אברהם חיים	6	Shemen-Hatov2025-12-01_gemini	phonetic	0.375	Biblical_Abraham		"נו) הרב הגה״ק הרר״ש מנ״ש כל גדולי
					ישראל הלכו לאורו. ותלמידיו
					הקדושים האירו כל פני תבל ממזרח שמש
					עד מבואו. ובאורם נראה לנו אור.
					ומגדולי תלמידיו ה״ה. א) בנו הוא זקיני
					הגה״ק מ׳ צ"				
"אביגדור
                     אבינדור"	6	Shivhei-Harav2024-10-29,Shivhei-Harav2024-10-29_corrected	no_match	0.0			"איש הי' בארץ רוסי׳ הלבינה בעיר לאזנע
               ושמו ר' ברוך ויוליד האיש לעת זקנתו שני בנים ויקרא שם האחד
                  שניאור זלמן ושם השני קרא
                  יהודא ליב וכאשר גדלו הנערים ר"				
הרב המגיד	6	Shivhei-Harav2024-10-29,Sipurei-Zadikim2025-06-22	no_match	0.0			"פעם אחד בא אליו הר""ש הנ""ל בחג השבועות וירא והנה קאחיל אחת
               מהתנור רועדת וגם הכסא אשר ישב עליה הרב רועדת וישאל הר״ש את הרב
               מה זאת ויאמר לו הרב כי היום היה אצלי הבעש""ט הקדוש"				
"רמב""ם"	6	Shlosha-edrei-zon2025-11-28,Shlosha-edrei-zon2025-11-28_corrected,shivheiZadikim2026-01-10,shivheiZadikim2026-01-10_corrected	name_exact	0.95	Rabbinic_Rambam		"גלל כן לא ברכו אביו ואף כי נתן לו הש""י את הברכות בידו
					כמו שכ׳ והיה ברכה לשעבר היו הברכות בידי וכו' ועתה אתה
					תברך לכל שתרצה אפ""ה לא בירך את בנו יצחק כמ""ש ויהי אחרי
					מות אברהם ויברך אי את "				
יוסל	6	Shlosha-edrei-zon2025-11-28,Shlosha-edrei-zon2025-11-28_corrected	name_exact	0.85	Biblical_Joseph		"ואחר עברו איזה חדשים נשמע כי בא רב לווישניצא והלכתי
					אל הרב מו""ר לאמר לו והשיב לי ידעתי. ושאלתיו
					האם הוא זה אשר מורי הגיד לי ממנו כ״פ אשר יהי' לי תשוע׳
					ע״י ואמר הן ואבקשהו למען יצוה לחסי"				
קלמוש	6	Shlosha-edrei-zon2025-11-28,Shlosha-edrei-zon2025-11-28_corrected	no_match	0.0			"ידענו כי יש להרב פלוגתא במקומו והוא הרגיש תיכף ושאל
					אותנו אם נדע את ר׳ אביש והוא היה הבעל פלוגתא בהסתר
					איך נדע דירתו ואמר כי ידענו ואמר בואו עמי אליו ובבאו
					ברכו גוט אבנד ובדיחא דעתי' ות"				
הבע״שט	6	Sipurei-Kdoshim-2025-11-28,Sipurei-Kdoshim-2025-11-28_corrected	name_exact	0.95	Tsadik_001.001		"חובקת בן אולם אמר לו אשר על הברית מילה ישלח לקרוא אחריו והוא ישב על
					כסא אליהו בהמול הילד ועוד טרם נסע הרב מלויצק
						להבעש״ט היה אצל הגאונים ר׳ חיים
						סאנזער ור' משה אוסטרער (והם מתנגדים
		"				
ליב בן שרה	6	Sipurei-Kdoshim-2025-11-28,Sipurei-Kdoshim-2025-11-28_corrected	name_exact	1.0	Tsadik_012.077		"מעשה נוראה מהרב האלהי ר׳ ליב בן שרה הנקרא ר׳
						ליב שרהס זצ״ל והיו דר בעיר
						אלטישקוו:"				
הרר״ח	6	Sipurei-Zadikim2025-06-22,Sipurei-Zadikim2025-06-22_corrected	no_match	0.0			"בעיר פאלעצק במדינת רייסין היה איש אחד מהמוני עם
               הפשוטים אשר התפרנס ממלאכתו מלאכת החייטים והיה
                עוסק במלאכתו באמונה לא ויתר שום דבר משום אדם ועסק
                במצות ה׳ "				
ירמיה	6	SipurimUmaamarimYekarim_Hebrewbooks_org_3804_gemini	no_match	0.0			"סיפר הרה״ק ר׳ יעקב ישראל מטשערקאס זצוק""ל ואמר.
					אצל זקני הרה״ק ר׳ נחום איז גיווען איין אויבן אן
					מיט ווייסע זשיפעצס. (היינו התלמידים שלו שהיו יושבים
					למעלה בכותל מזרח והיו מלובשים בשבת בגד"				
שמואל מקארוב	6	shivheiZadikim2026-01-10,shivheiZadikim2026-01-10_corrected	no_match	0.0			"א מרבינו האר""י הק׳ ותלמידו הרח""ו ז""ל
					ב מהגאון הרבי ר׳ נפתלי כ״ץ מפוזנא
					ג מהגאון רבינו יונתן אייבשיץ מפראג
					ד מהגאון רבינו אלי' מווילנא
					ה מהמגיד הק׳ רבינו ר׳ בער ממעזריטש
					ו מהה״"	H-LOC_347			
יצחק מאיר	6	shivheiZadikim2026-01-10,shivheiZadikim2026-01-10_corrected	no_match	0.0			"כא מהגאון ר׳ מרדכי בנעט הרב מניקלשבורג
					כב מהגאון ר׳ עקיבא איגר הרב מפוזנא
					כג מהגאון ר׳ משה סופר הרב מפ״ב
					כד מהגאון ר׳ יעקב הרב מליסא
					כה מהגאון ר׳ ארי׳ ליבוש חריף הרב
					מפלאצק
		"				
"הרמב""ם"	6	shivheiZadikim2026-01-10,shivheiZadikim2026-01-10_corrected	no_match	0.0			"שכתב רבינו הנשר הגדול הרמב""ם ז""ל בפירושו לאבות (סו״פ א׳) בענין הדיבור
					שנתחלק לחמשת חלקים והם. מצוה. נאסר. נמאס. נאהב. מותר. ופי'
					דיבור הגאהב כתב שם וז״ל והוא הדיבור בשבח המעלות השכליות וכו׳ "				
פישעלע	6	shivheiZadikim2026-01-10,shivheiZadikim2026-01-10_corrected	no_match	0.0			"אסתייש מילתא פ""א להחסיד המפורסם הצדיק ר׳ מאירל משעדליץ ז""ל בשעה שנסע
					ללייפציג ולמקומות אחרות אחר סחורה. כי הי׳ נגיד גדול כידוע. שיסע
					חזרה לביתו דרך עיר הטריקאוו. כי חפץ להיות אצל הה״ק הרבי ר"				
מוהר	6	shivheiZadikim2026-01-10,shivheiZadikim2026-01-10_corrected	phonetic	0.667	Tsadik_012.007		"וחותים. כי למה לכם מעות שאינו שוה כלום. ובמה נחשב הוא הלא זהו טפשות מאיש
					אשר כמוכם שראוי להיות בעל מדרגה. וצהנה וכהנה. והרב החסיד ר׳ מאירל ז""ל הנ״ל
					שמע כל דבריו. ויהי כמחריש. כי לא ידע מה לה"				
"רעק""א"	6	shivheiZadikim2026-01-10,shivheiZadikim2026-01-10_corrected	no_match	0.0			"הנה הרב הגאבד״ק לונטשיץ מ׳ איציק אוירבאך ז""ל בן הרה״ג הצ' מוהר""ח ז""ל בעל ס׳
					דברי משפט קודם שנתקבל לרב הי' סוחר. והי׳ זה דרכו בכל עת שנסע לפרייסין
					לסחורתו. לסור מדרכו אל בית הגדולים בתורה שבמ"				
"מהרש""ל"	6	shivheiZadikim2026-01-10,shivheiZadikim2026-01-10_corrected	no_match	0.0			"מתורתו הק׳ לגלות צפונות מסתרי התורה : ולעמוד על סודה והחבירים הקדושים ה״ה
					המהרש""ל והרמ״א מרחוק בשמעם דרכו בקודש להשתמש בשמות הקדושים ולסלול לו דרך
					אחר ע""ד סוד ה׳ ליריאיו במנהגים אחרים חשבוהו"				
"ר""ז"	5	Adat-Zadikim2024-09-25b,Adat-Zadikim2024-09-25b_corrected,Mifalot-HaZadikim2025-06-22,Mifalot-HaZadikim2025-06-22_corrected,shivheiZadikim2026-01-10_corrected	no_match	0.0			"שמעתי מאבא מארי הרב שיחי' מעשה שהבעש״ט ז""ל נבג""מ ישב עם החברי' קדישא שלו על סעודת שבת בערב.
                    ותיכף אחר קידוש שחק הבעש״ט שחוק נורא
                    מאוד עד שראו כי כמעט כלתה נפשו "				
"הרר""מ"	5	Adat-Zadikim2024-09-25b,Khal-Hasidim2024-9-25	name_exact	0.95	Tsadik_084.001		"שמעתי מאבא מארי שיחי' הרב הקדוש הגאון בו״ק מוה' מנחם מענדיל נ""י
                            מוויטעפסק בעהמ""ח ספר פרי
                            הארץ הי' לומד אצל הרב הק' המגיד הגדול
                 "				
מהרש״א	5	Adat-Zadikim2024-09-25b,Adat-Zadikim2024-09-25b_corrected,Maasiot-veSihot-Zadikim2026-01-10_corrected	no_match	0.0			"מעשה נורא שקרה בימי הגאון מהרש״א ז""ל בעיר אוסטרא היו שני אנשים שותפים סוחרים והי' מסחרם
                    מלייווינט פשוט כדומה. והיו אוהבים זל""ז כל ימיהם פעם אחד ששמעו כי אצל דוכסה אחת
             "				
"הרה""מ"	5	Adat-Zadikim2024-09-25b,Khal-Hasidim2024-9-25	name_exact	0.95	Tsadik_002.001		"מעשה נוראה מאדונינו האלקי רשכב""ה הרב המגיד הגדול
                            ממעזריטש איך המשיך אליו הדאקטער גארדע עד שנעשה צדיק גדול זכותם יגן
                    עלינו אמן : איש אחד משועי ואצילי ויל"				
דוב	5	Adat-Zadikim2024-09-25b,Adat-Zadikim2024-09-25b_corrected	no_match	0.0			"ומדי דברי בגדולת רבינו הרב המגיד הגדול אמרתי להעתיק את
                        אה הסיפור איך שנתקרב להבעש״ט
                    מספר כש״ט. וגם אגרת הבעש״ט הנדפס בספר תולדות יעקב יוסף ראיתי ג״כ
       "				
"מוהר""ל"	5	Adat-Zadikim2024-09-25b,Adat-Zadikim2024-09-25b_corrected,Khal-Hasidim2024-9-25,Khal-Hasidim2024-9-25_corrected	phonetic	0.5	Tsadik_012.007		"לא השבתי עוד תשובה ברורה עכ״ז נכנסה הדבר בלבי ואם תתרצה בזה אכתוב מכתב ותיכף יבא
                    לכאן לגמור הדבר בכי טוב. ויהי הר""ח כמחריש ובמשך שני ימים
                    אמר הר""ח לרבינו תדע יד"				
זאב וואלף	5	Buzina_Denehora20251129,Khal-Hasidim2024-9-25_corrected,Maasiot-veSihot-Zadikim2026-01-10,Maasiot-veSihot-Zadikim2026-01-10_corrected,Shivhei-Harav2024-10-29_corrected	phonetic	0.438	Tsadik_048.001		"עט""ר הה""ק מוה' שלום יוסף שליט״א יקח א""כ
					ספר אחד במחיר אשר ישית עליו המוכ״ז באתי עכ״ז
					בפקודת קהשוקדשו : זאב וואלף מרגליות
					התחום בפקודת קדשו : משה יונה שטיינבערג"				
מן	5	Buzina_Denehora20251129	no_match	0.0			"פ׳ בשלח
					כתוב זאת זכרון בס׳ ושים באזני יהושע. כי מחה אמתה את
					זכר עמלק. כי הקב״ה הראה למשה כל הדורות עד סוף
					כל הדורות. והראה לו שיעמוד המן מזרע עמלק. וירצה להשמיד
					ולהרוג את כל היהודי"				
אחשורוש	5	Buzina_Denehora20251129	no_match	0.0			"פעם אחת הי׳ בדיחא דעתיה בפורים ואמר מי שישאל אותו
					כל חללא דעלמא יאמר להם. שאלו אותו הלא כל
					המגלה היא פרסומא ניסא. מה שייכות למגלה זה הפסוק וישם
					המלך מס על הארץ ואיי הים והשיב שראה אחשור"				
ל	5	Buzina_Denehora20251129,MaasiyotUmaamarimYekarim_with_annotations (1),MaasiyotUmaamarimYekarim_with_annotations (1)_corrected,Sipurim-Nehmadim20251129	no_match	0.0			"תהלים קז
					ויצעקו אל ד' בצר להם. והקשה. מה הי׳ כוונת דהמע""ה
					שעשה מזמור מזה. הא בגמרא איתא סתם
					ארבעה צריכים להודות וכל אחד כשאירע לו איזה נס יזמר
					להקב""ה כמו שירצה. ותירץ. דזה ידוע. מא"				
"ר""ב"	5	Buzina_Denehora20251129,Buzina_Denehora20251129_corrected	name_exact	0.95	Tsadik_001.015		"הרב ר""ב את פניו אליו ואמר לו מה אומר הלמדן המלבין פני
					חבירו ברבים מפני מה אינו מסיים את המאמר אין לו חלק לעוה״ב :
					היתכן כאשר ראיתי ששורה עליו דינים. ובזה שבזיתי. אותו בטלתי
					מעליו את הדי"				
ד'	5	Buzina_Denehora20251129,Buzina_Denehora20251129_corrected,Shlosha-edrei-zon2025-11-28	no_match	0.0			"דרכו בקודש הי׳ לישב בהלולא דרשב״י בל״ג בעומר בסעודה.
					במלבושי יו״ט והי׳ שמח מאוד ופ""א פתח השער מהזוהר
					ופתח ואמר מהתנא האלקי הרשב״י. ופי' מהתנא שלומד אותנו
					האלקי האיך לעבוד את ד'. ופ""א נת"				
״ח	5	Buzina_Denehora20251129,Sefer-Moraim-Gdolim2025-11-28	no_match	0.0			"על מה שאיני מברך. כי שהיתי לימינאדע קודם ביאתכם וישבו
					שניהם על כסאות ולא דברו כלום. רק אלו הדברים. שאמר
					הרב ר""ח להרב ר״ב אני נוסע על קבר הבעש""ע ובאתי לשאול
					לכם אם תסכימו ע״ז. להיות על ק"				
ארינדאר	5	Hitgalut-HaZadikim2025-12-01_gemini	no_match	0.0			"התחילה לדקדק ולפשפש אחר כל מעשיו של המלמד. אז הבינה במעט מעט שינוים
					גדולים באכילתו וגם בשאר עניניו. ועוד לא ספרה מאומה. עד שהמתינה אחר
					הסעודה. והסתירה עצמה עוד הפעם אחורי הדלת מחוץ לחדרו. וש"				
דינה	5	Hitgalut-HaZadikim2025-12-01_gemini,MaasyiotMzadikeiYesodeiOlam_20251128,MaasyiotMzadikeiYesodeiOlam_20251128_corrected	no_match	0.0			"והתביעה היה על כמה וכמה אלפים. ובא הנתבע תחלה. והביא מתנה מאה אדומים
					זהב (רענדלעך) חדשים והניח לו על השולחן וביקש ממנו לעמוד לימין צדקו ואמר
					לו אין אני נותן לאדוני בתורת שוחד כי אם לזכות את "				
מוהרי״ל	5	Hitgalut-HaZadikim2025-12-01_gemini	no_match	0.0			"וביnים ההם היה איש עני אחד אשר היה דרכו לנסוע אצל הרב הקדוש הרבי
					מלובלין זצוק""ל. ואצל הרה״ק מוהרי״ל הנ""ל מזאקלקוב זצוק""ל. וכל ימיו
					היה עני ואביון מדוכא ר""ל. לזאת בכל נסיעה ונסיעה כאשר בא להר"				
"מוהרי""ל"	5	Hitgalut-HaZadikim2025-12-01_gemini	no_match	0.0			"לדרכו בשמחה רבה ועצומה. ביודעו כי איש עשיר הנהו :
					ויהי למחרת וינחם הרה״ק ר׳ שמואל שמעלקא על הדבר הגדול הזה אשר עשה
					בלילה ההוא. ויתן אל לבו איך ששני גדולים וקדושים הלא הם אביו הקדוש
					והנו"				
ישראל בעש״ט	5	Khal-Hasidim2024-9-25,Shemen-Hatov2025-12-01_gemini,Shivei-Habesht2024-12-15_corrected,Sipurei-Kdoshim-2025-11-28,Sipurei-Kdoshim-2025-11-28_corrected	name_exact	0.95	Tsadik_001.001		"אשר רצה לנסוע לא""י זו המעשה הי' מספר הגאון הקדוש האלקי ר'
                        ישראל דוב
                        מוולעדניק ז״ל ביום שביעי של פסח כל ימיו :
                    הנה בעת אשר הי' הבעש״ט"				
הבעל שם טוב	5	Khal-Hasidim2024-9-25,Maasiot-Pliot2026-01-10_corrected,MaasyiotMzadikeiYesodeiOlam_20251128_corrected	name_exact	0.95	Tsadik_001.001		"שמעתי מהרב ר׳ גדלי׳ איך שהרב הקדוש והטהור מוה' דוד מ""מ דק""ק
                            קאלימיי' נסע אחר מעות חנוכה ותעה בדרך
                    ובא לבית הבעש״ט לע""ע והוא ישב בבית
                   "				
ליבש	5	Khal-Hasidim2024-9-25,Khal-Hasidim2024-9-25_corrected,Smichat-Moshe_2025-08-26	no_match	0.0			"שמעתי מהרב דקהלתינו שהיה הר׳ ליבש דק""ק
                        מעזריטש אצל הבעש״ט בימים נוראים וחלה קודם ר״ה ועסק
                        הבעש״ט ברפואתו כל הלילה של ער""ה
                    וגם הלילה "				
בירך	5	Khal-Hasidim2024-9-25,Khal-Hasidim2024-9-25_corrected,Shivei-Habesht2024-12-15_corrected	no_match	0.0			"ועוד אירע שהכיר ר' יצחק בתפילין על ראש איש
                    אחד כי לפני מותו היה כלוא בבית מחמת
                    חלשות ועשה מנין בביתו ואיש א׳ מבני העיר הי׳ מתפלל שם ואחר התפלה היה לומד וכמדומה
"				
"ר""ע"	5	Khal-Hasidim2024-9-25,Khal-Hasidim2024-9-25_corrected,Maasiot-veSihot-Zadikim2026-01-10,Maasiot-veSihot-Zadikim2026-01-10_corrected	no_match	0.0			"מעשה עלילה דק""ק פאווליטש וברח
                        הרב דק""ק קארושטיסאב הנקרא
                        בשמו רבי דוד ורצה לברוח עד מדינות וואלחאי
                    כי כל האנשים חשובים אשר סביבותיהם "				
הקיסר פאוויל	5	Khal-Hasidim2024-9-25	no_match	0.0			"איש הי' בארץ רוסי' הלבינה בעיר
                        לאזנע ושמו ר' ברוך ויולד האיש
                    לעת זקנתו שני בנים ויקרא שם האחד שניאור
                        זלמן ושם השני קרא יהודה ליב וכא"				
ישראל יוסף	5	Khal-Hasidim2024-9-25,Khal-Hasidim2024-9-25_corrected,Shivhei-Harav2024-10-29,Shivhei-Harav2024-10-29_corrected	no_match	0.0			והנה להציע לפני הקורא את כל הנעש׳ אחר פטירת רבינו הקדוש ברייסין ופרשת גדולת אהרן מהחל עד כלה תקצר היריע' . וע״כ אמרתי להבליג מעט על תאוותי ועוד חזון למועד ורק דבר אחד מהנוראו' הגדולי׳ בחרתי להציג לפני				
מוהר״פ	5	Khal-Hasidim2024-9-25,Khal-Hasidim2024-9-25_corrected,Shemen-Hatov2025-12-01_gemini,shivheiZadikim2026-01-10_corrected	no_match	0.0			"עוד נעתיק כאן סיפור אחד מס' הנ""ל מבנו של הגאון הנ""ל ה""ה הגאון הקדוש איש אלקי מו""ה
                        צבי הירש הלוי הורוויץ אבד""ק
                        טשארקאב אבי הגאונים הקדושים
              "				
שמעלקא מניקלשפורג	5	Khal-Hasidim2024-9-25,Maasiot-veSihot-Zadikim2026-01-10,Maasiot-veSihot-Zadikim2026-01-10_corrected,PeerMikdoshim2024-10-13,Shemen-Hatov2025-12-01_gemini	phonetic	0.476	Tsadik_017.003		"הידועה
                        הידיעה ומפורסמת לאנשי סגולה בעוד טרם נתגלה צדקתו וקדושתו הצדיק ר' משה ליב זי""ע היה תלמיד מובהק להרב הגאון האמיתי הקדוש המקובל האלקי מו""ה
                        שמעלקא מ"	H-LOC_66			
הבע״ט	5	Khal-Hasidim2024-9-25_corrected	no_match	0.0			"הרב הקדוש האלקי מופת דורו ופלאו מ' יצחק דראביצר נתקבל למ״מ
                    בק' האריחוב גדולה וישב שם כמה שבועות והי׳ מעשה שקצב א'
                    נשאר ב""ח לבטל הטאקסע והבע״ט לא הי׳ בביתו ומשכנ"				
רבינו	5	Khal-Hasidim2024-9-25_corrected,Shlosha-edrei-zon2025-11-28_corrected	no_match	0.0			"עתה נספר סדר ההשתלשלות עד פטירת רבינו הקדוש זי״ע ויהי בשנת תקע""א בעת אשר היה
                    מלחמת הצרפתים עם הרוסים התפלל רבינו בשלום המלכות כי לא אבה שיכנסו הצרפתים
                        לרוסי"				
אלישע	5	Khal-Kdoshim2025-06-22,Khal-Kdoshim2025-06-22_corrected,Maasiot-Pliot2026-01-10,Maasiot-Pliot2026-01-10_corrected,MaasyiotMzadikeiYesodeiOlam_20251128_corrected	no_match	0.0			"מעשה מהגאון הגדול אור ישראל וקדושו מוה' צבי הירש
               מזודיטשוב זי״ע : בין רבים החסידים אשר כיונים
               הוגים אל ארובותיהם על ימי הפורים על הצדיק הקדוש לבלי להיות מפוזר ומפורר בפיר"				
ש	5	Kokhvei-Or2025-11-29,Shemen-Hatov2025-12-01_gemini,Sipurim-Nehmadim20251129	name_exact	0.95	Tsadik_017.003		"מאד בעיני מורנ""ת ז""ל ולקחם בידו ולא רצה עוד להחזירם
					לו כדי להעתיקם ולהדפיסם ועשה עצמו ר״ש כמחריש ולא
					ענהו דבר רק המתין עד בואם לבית מלון ואז הביט בכ״פ
					בעינא פקיחא עד שהסיח דעתו מהם מורנ"				
די	5	Maasiot-Pliot2026-01-10,MaasiyotUmaamarimYekarim_with_annotations (1),MaasiyotUmaamarimYekarim_with_annotations (1)_corrected	no_match	0.0			"א מעשה נוראה מהחכם הגדול קדוש אלקי רבינו אברהם בן עזרא.
					ב מעשה מהגאון המקובל הק׳ והטהור רבי נפתלי כ״ץ בעל סמיכות חכמים.
					ג מעשה בחסיד אחד ציוה את בנו לזרוק פתו במים כל ימיו ומקיים כבוד אב.
		"				
זכריה	5	Maasiot-Pliot2026-01-10,Maasiot-Pliot2026-01-10_corrected,MaasiyotUmaamarimYekarim_with_annotations (1),MaasiyotUmaamarimYekarim_with_annotations (1)_corrected	no_match	0.0			"ישבערי אשכלהי׳ צדיק אחד ואמר קודם פטירתו שימות במיתה
					משונה ע״י רוצחים וכבר הוא הי׳ ק' פעמים בעוה״ז
					ובכל פעם נהרג והוא הי׳ בזמן בהמ״ק ראש הסנהדרין חריף
					וחכם ולמד בס״מ המות של תורה והוא ה"				
הח״ס	5	Maasiot-Pliot2026-01-10_corrected,Shemen-Hatov2025-12-01_gemini	no_match	0.0			"והי׳ ריב גדול בין הצדדים ומתדיינים בהדבר עד שנגשו אל
					המשפט לפני הממשלה וקרב הענין אחד אל אחד גבוה מעל
					גבוה עד שהגיע אל בית המלך (קיר״ה) ולהיושבים ראשונה במלכות
					כדת מה לעשות בנידון זה. א"				
ירבעם	5	Maasiot-veSihot-Zadikim2026-01-10,Maasiot-veSihot-Zadikim2026-01-10_corrected,PeerMikdoshim2024-10-13,PeerMikdoshim2024-10-13_corrected	no_match	0.0			"וקשה על לשון וחטאתי שהוא לשון עבר ומהראוי לכתוב ואחטא
					לאלקים גם מאמר הגמרא האומר אחטא ואשיב אחטא ואשוב אין
					מספיקין בידו לעשות תשובה וקשה כפל הלשון. אמנם מחמת
					שמצוה לעשות תשובה. ומי שהוא"				
בצלאל	5	Maasiot-veSihot-Zadikim2026-01-10,Maasiot-veSihot-Zadikim2026-01-10_corrected,Smichat-Moshe_2025-08-26	no_match	0.0			"בפסיק ראה קראתי בשם בצלאל בן אורי בן חזר למטה יהודה
					ואמלא אותו רוח אלקים בחכמה ובתבונה ובדעת ובכל מלאכה לחשוב
					מחשבות לעשות בזהב ובכסף ובנחושת. ובגמרא איתא יודע היה
					בצלאל לצרף אותיות שנב"				
ה״ר	5	Maasiot-veSihot-Zadikim2026-01-10,Maasiot-veSihot-Zadikim2026-01-10_corrected,Sefer-Moraim-Gdolim2025-11-28	no_match	0.0			"כך ומה שמו של המלמד אמר לו צדוק ומאיזה מקום הוא אמר לו
					עיר פלוני המלך רשם שמו של המלמד ושם עירו. אח""ז אמר לו
					מלך אני זה האדון שקרבת אותו ונתת לו הכל במחנה ועתה מה
					אתה תחפוץ ממני אמר לו "				
יצחק האראוויטץ	5	Maasiot-veSihot-Zadikim2026-01-10,Maasiot-veSihot-Zadikim2026-01-10_corrected	no_match	0.0			"הרב הגאון ר׳ יצחק מהאמבורג היה לאב""ד והרב ר׳ יצחק
					מדרא אביטש הי׳ המגיד ושניהם היו בעיר דראהאביטש ואירע המעשה
					כאשר אבאר לקמן הנה בעיר הנ""ל היה איש אחד סוחר גדול ומת
					האיש הנ""ל ולא הניח צו"				
יעקב ישראל מטשערקאס	5	MaasiyotUmaamarimYekarim_with_annotations (1),MaasiyotUmaamarimYekarim_with_annotations (1)_corrected,SipurimUmaamarimYekarim_Hebrewbooks_org_3804_gemini	no_match	0.0			"סיפר הרה״ק ר׳ יעקב ישראל מטשערקאס זצוק""ל איך
					נתקרב להבעש״ט הרב הגאון הקדוש המקובל ר׳
					ישראל חריף זצוק״ל מסאטינאב בעהמ״ח ספר תפארת ישראל
					הנה הרה״ק ר׳ ישראל הנ""ל היה מכיר מקודם את הבעש״ט
	"				
מאטעלי מטשערנאביל	5	MaasiyotUmaamarimYekarim_with_annotations (1),MaasiyotUmaamarimYekarim_with_annotations (1)_corrected,SipurimUmaamarimYekarim_Hebrewbooks_org_3804_gemini	phonetic	0.474	Tsadik_014.001		"סיפר אדמו״ר הרה״ק מרן ר׳ יוחנן מראחמיסטריווקא
					זצוק""ל כי פ""א ראה זקנו הרה״ק ר׳ דוד לייקעס
					זצוק""ל עגלה עם חסידים נוסעים וישאל אותם להיכן הם
					נוסעים לאיזה רבי ויאמרו לו כי הם נוסעים לחתנו ה"				
זלמינא	5	Mifalot-HaZadikim2025-06-22,Mifalot-HaZadikim2025-06-22_corrected	phonetic	0.5	Tsadik_027.001		"מהרב הצדיק הקדוש מוה׳ שלום מפאראביסיטש :
               פ״א שבת הרב הקדוש ר׳ זלמינא [הנקרא רב) בעיר ראדימישליט
               ונסע אליו מקורב אחד של הרב הצדיק ר׳ שלום הנ״ל. והנה
               בש״ק אמ"				
הגור ארי'	5	PeerMikdoshim2024-10-13	no_match	0.0			"וכאשר דברנו פה במעשה התרפים מהגאון פינטו זצוק""ל נספר בזה
               מעשה נורא מהגאון הקדוש בעלגור ארי' על התורה איך הוציא
               יקר מזולל טהור מטמא :
               בימי הגור ארי' בשבתו ע"				
המוכסין	5	Sefer-Moraim-Gdolim2025-11-28_corrected	no_match	0.0			"בעיר קאלימייא היה רב אחד ושמו הר' פנחס זצ""ל ויהי כאשר
					הגיע לימי הזקנה לקח לו דרך חדש לעבודת ה׳ והתחיל
					לחזור אחר משומדים להשיבם לדת יהודית וד׳ היה בעזרו כי
					הצלוח בכל אשר עשה ויהי היום וי"				
לובלינר	5	Shemen-Hatov2025-12-01_gemini	no_match	0.0			"ג) כתב בס׳ זכרון טוב (דף ה') מרן
					(מנעסכאיז) וכו׳ סיפר לו
					שהלובלינר זצ״ל בהיותו לפני הרהצה""ק
					רבי ר׳ שמעלקא זצ""ל. וביקש את הלובלינר
					שכשיעמיק הרר״ש בהלכה ותוספות. ושמא
					עי״ז יסיח "				
הרר״מ	5	Shemen-Hatov2025-12-01_gemini	name_exact	0.95	Tsadik_084.001		"טז) עוד כ׳ הרב הנ""ל וז""ל שמעתי מאיש
					אמת ששמע מהרה״ק ר׳ ישראל
					זי״ע מרוזין שסיפר מה ששמע מפי הרה״ק
					ר׳ יצחק מראדוויל בן הרה״ק ר׳ מיכל
					זצ""ל מזלאטשוב איך שפ""א בהיות הרה״צ
					ר״י מראדו"				
מאיר הלוי	5	Shemen-Hatov2025-12-01_gemini	no_match	0.0			"צ) ואלה המה צאצאיו של זקיני ההפלאה
					זצ""ל. א) הגה""ק מ׳ צבי
					הירש הלוי אבד״ק פפד״מ בע״ס מחנה
					לוי בניו היו. א׳ הג״מ יעקב יהושע הלוי
					אבד״ק זלאזיץ [הוא חתן הגה״ק ר׳ אפרים
					זלמן מרגליו"				
רר״ה	5	Shemen-Hatov2025-12-01_gemini	no_match	0.0			"טשארטקוב והי׳ אז ביום ה' מימי השבוע
					ושלח הק׳ ר׳ צבי הירשלי ז״ל את תלמידו
					הרב ר׳ איציקיל דער דארער להקביל את
					פני הבעש״ט. ובא אליו בחזרה ושיבח
					וקילס את הבעש״ט מאוד מאוד. ואז
					ציו"				
הורוויץ	5	Shemen-Hatov2025-12-01_gemini,shivheiZadikim2026-01-10,shivheiZadikim2026-01-10_corrected	phonetic	0.417	Tsadik_017.003		"ומרחמי ליה בני מתא ויהי כאשר כלה
					יצחק לגמור הדרוש וילך יצחק הלוך ושוב
					לביתו. שלם בגופו לא כהתה עינו ולא
					נס לחו עד שלא הגיע לימי הזקנה וכמעט
					שלא יחשיך השמש כבתה שמשו ונרו. נפשו
				"				
אר״י	5	Shemen-Hatov2025-12-01_gemini,Shlosha-edrei-zon2025-11-28_corrected,Sipurim-Nehmadim20251129,shivheiZadikim2026-01-10,shivheiZadikim2026-01-10_corrected	no_match	0.0			"קסו) כתב בס׳ מופת הדור (דף ג׳ ע״א)
					להג׳ נודע ביהודה היתה
					תיבה מסוגרת אשר לא הרשה מעולם לשום
					אדם לפותחה ואם היה צריך לקחת משם
					שום דבר חפץ הי׳ הולך בעצמו לפותחה ולא
					היו יודעים ת"				
ליבלי	5	Shlosha-edrei-zon2025-11-28,Shlosha-edrei-zon2025-11-28_corrected	no_match	0.0			"הנה אספר לכם מעשה אשר ראיתי בעיני ושמעתי באזני :
					וזאת כי בערך חצי מיל מיענדרחויף בכפר ישב שם יהודי
					א' והיה עני גדול וקיבל את העניות באהבה רבה כי היה י״ש
					מאוד והיה קצר קומה והיו מלבושיו "				
זיסא	5	Sipurei-Kdoshim-2025-11-28,Sipurei-Kdoshim-2025-11-28_corrected,maase-zadikim2025-06-22,maase-zadikim2025-06-22_corrected	no_match	0.0			"ויהי כאשר הקריב לבוא למקום פרשת דרכים וירדם הרב ר׳
					זוסיא על העגלה ויישן והרב ר' משה
						פשעוורסקע נוסע לקראתו וישאל להב""עג אנה תיסע עם הרב ר׳
						זיסיא. ויענהו לאמרו הננו נוסע עד מקום פלוני א"				
מוהר״ש בונם	5	shivheiZadikim2026-01-10,shivheiZadikim2026-01-10_corrected	phonetic	0.375	Tsadik_017.003		"וחותים. כי למה לכם מעות שאינו שוה כלום. ובמה נחשב הוא הלא זהו טפשות מאיש
					אשר כמוכם שראוי להיות בעל מדרגה. וצהנה וכהנה. והרב החסיד ר׳ מאירל ז""ל הנ״ל
					שמע כל דבריו. ויהי כמחריש. כי לא ידע מה לה"				
מוהר״ש	5	shivheiZadikim2026-01-10,shivheiZadikim2026-01-10_corrected	name_exact	0.95	Tsadik_017.003		"סיפר הה""צ בוצינא קדישא מ׳ זעליג משרענצק ז""ל מפי רבו הקדוש המפורסם מו""ה
					שמואל מקארוב ז""ל שאמר בזה""ל בכל יום ויום יורדת טפה מן השמים בקרב
					לב כל אחד מישראל לעוררו לתשובה ועי״ז מתנוצצים בלבו הרה"				
עדן	5	tmimei_derech_2026-01-10,tmimei_derech_2026-01-10_corrected	no_match	0.0			"לימים לא כבירים הוסיף העני יגון על מכאובו
					המחלצות הפשיט מעליו. והלבישו בלויי הסחבות
					כבניו. וישלח אותו ואחד מבניו לחזור על הפתחים, ערום
					ויחף. וילך מבית לבית. והדר יפיו היה נוצץ מבין חרכי"				
"ר""צ"	4	Adat-Zadikim2024-09-25b,Adat-Zadikim2024-09-25b_corrected,Khal-Hasidim2024-9-25	no_match	0.0			"מעשה מנסיעת הבעש״ט לקאנסטאנטינאפל אשר רצה לנסוע
                        לא""י וזו המעשה הי' מספר הגאון הק׳ האלקי ר׳
                        ישראל דוב מווילעדניק זצ""ל ביום
                    שביעי של פ"				
"רי""ד"	4	Adat-Zadikim2024-09-25b,Adat-Zadikim2024-09-25b_corrected,Khal-Hasidim2024-9-25,Khal-Hasidim2024-9-25_corrected	no_match	0.0			"מעשה מנסיעת הבעש״ט לקאנסטאנטינאפל אשר רצה לנסוע
                        לא""י וזו המעשה הי' מספר הגאון הק׳ האלקי ר׳
                        ישראל דוב מווילעדניק זצ""ל ביום
                    שביעי של פ"				
"רמ""מ"	4	Adat-Zadikim2024-09-25b,Adat-Zadikim2024-09-25b_corrected,Khal-Hasidim2024-9-25,Khal-Hasidim2024-9-25_corrected	no_match	0.0			"שמעתי מאבא מארי שיחי' הרב הקדוש הגאון בו״ק מוה' מנחם מענדיל נ""י
                            מוויטעפסק בעהמ""ח ספר פרי
                            הארץ הי' לומד אצל הרב הק' המגיד הגדול
                 "				
"דוב
                        בער"	4	Adat-Zadikim2024-09-25b,Khal-Hasidim2024-9-25	phonetic	0.455	Tsadik_002.001		"ומדי דברי בגדולת רבינו הרב המגיד הגדול אמרתי להעתיק את
                        אה הסיפור איך שנתקרב להבעש״ט
                    מספר כש״ט. וגם אגרת הבעש״ט הנדפס בספר תולדות יעקב יוסף ראיתי ג״כ
       "				
"הרמ""א"	4	Adat-Zadikim2024-09-25b,Adat-Zadikim2024-09-25b_corrected,Khal-Hasidim2024-9-25,Khal-Hasidim2024-9-25_corrected	no_match	0.0			"עתה אציע לפני הקורא נעים שלשה סיפורים אמיתים מרבינו הגאון הקדוש מאור הגולה אשר
                    מימיו שותים כל תפוצות ישראל בכל מקומות מושבותיהם ואנכי שמעתיה מאבא מארי שיחי׳
                    והם"				
רשכב״ה	4	Buzina_Denehora20251129,Maasiot-veSihot-Zadikim2026-01-10,Maasiot-veSihot-Zadikim2026-01-10_corrected,Shlosha-edrei-zon2025-11-28	no_match	0.0			"אמר המביא להבי״ד הן זה רבות בשנים עברו. מאז בא לידי
					מתנה טובה מרגניתא טבא אור הגנוז אשר עדיין לא הי'
					נעולמיםלעולמים. המה כתבי קודש. לקוטים יקרים מפנינים שיצאו מפי
					קודש הקדשים. נשיא אלקי"				
רבה	4	Buzina_Denehora20251129,Shemen-Hatov2025-12-01_gemini	no_match	0.0			"מגלה ט״ו ע״ב
					מה ראתה אסתר שזמנה את המן וכו'. אשכחיה רבה בר אבוה
					לאליהו וכו'. אמר לי ככולהו תנאי וככלהו אמוראי, פי' מה
					ראתה אסתר שמנה. לשון עדים זוממים כלומר שהזמינה
					בהמן. א""ל ככלהו"				
בית יוסף	4	Buzina_Denehora20251129,Buzina_Denehora20251129_corrected	no_match	0.0			"כי הרב בית יוסף פ״א לא הבין משנה אחת
					ויגע עליה. עד שאמר לו המגיד שלו פי' המשנה. אחר זה בא
					הרב בית יוסף אל בית המדרש. ושמע שנער אחד לומד זה המשנה
					כפי הפשט שאמר לו המגיד. חלש דעתי׳ של הרב"				
אברהם דוב מחמעלניק	4	Buzina_Denehora20251129,MaasiyotUmaamarimYekarim_with_annotations (1),MaasiyotUmaamarimYekarim_with_annotations (1)_corrected	no_match	0.0			"שאל אותו הרב הק׳ ר׳ אברהם דוב מחמעלניק איתא בגמרא
					אין לו להקב""ה בעולמו אלא אוצר של יראת שמים בלבד
					שנאמר יראת ד' היא אוצרו. והקשה. שתיבת בלב""ד היא אך למותר:
					ותירץ דאיתא בגמרא. הכל בידי ש"				
מ׳ רייזיל	4	Buzina_Denehora20251129,Buzina_Denehora20251129_corrected	no_match	0.0			"פ""א נסע לק׳ טאלטשין דרך בראהליב. והי׳ עמו רפואות
					מן גארדיא דאקטיר בשביל בתו מ׳ רייזיל. והניח
					המשרת את הרפואות על החלון באכסניא שלו. והוא הלך
					על פני הבית. וראה שהרפואות עומדי' על החלון. "				
חנה	4	Buzina_Denehora20251129,Hitgalut-HaZadikim2025-12-01_gemini	no_match	0.0			"תהלים קז
					ויצעקו אל ד' בצר להם. והקשה. מה הי׳ כוונת דהמע""ה
					שעשה מזמור מזה. הא בגמרא איתא סתם
					ארבעה צריכים להודות וכל אחד כשאירע לו איזה נס יזמר
					להקב""ה כמו שירצה. ותירץ. דזה ידוע. מא"				
משה מסיווראן	4	Buzina_Denehora20251129,Buzina_Denehora20251129_corrected	phonetic	0.538	Tsadik_021.002		"כל אוכל תתעב נפשם. ואמר שפ״א שאלו להעבש״ט. מהו
					עיקר העבודה. הלא אנו יודעים ואבותינו ספרו לנו
					שבימים הקדמונים היו אנשי מעשה. מתענין משבת לשבת.
					ואתם בטלתם את הדבר הזה שאמרתם שכל אדם שהוא "				
בעש״	4	Buzina_Denehora20251129,MaasiyotUmaamarimYekarim_with_annotations (1),MaasiyotUmaamarimYekarim_with_annotations (1)_corrected	no_match	0.0			"אמר זקיני הבעש״ט אמר. זה השער לד׳ צדיקים. היינו
					הצדיקים הם השער לד׳ ואחי הה״ק מ׳ אפרים אמר.
					זיב לפתח חטאת רובץ. חטאת הוא היצה""ר רובץ על פתח
					הער הזה. ומפתה לבני אדם לחלוק על הצדיק ולומר
"				
ע	4	Buzina_Denehora20251129,MaasyiotMzadikeiYesodeiOlam_20251128,shivheiZadikim2026-01-10,shivheiZadikim2026-01-10_corrected	no_match	0.0			"נכדו הרב ר׳ יחיאל מיכל כשהי׳ ילד קטן היו משחק את
					עצמו במחבאים עם ילד אחר. והחביא א״ע הרב
					הנ""ל ושתה במחבא זמן רב בסוברו שהילך מחפשו ולא יוכל
					למצאנו. אך בראותו ששהה ביותר יצא מהמחבא ולא מ"				
"רשב""י"	4	Buzina_Denehora20251129,Buzina_Denehora20251129_corrected,Shlosha-edrei-zon2025-11-28_corrected	name_exact	0.95	Biblical_ShimonBarYochai		"פ""א ישב בסעודה בחמשה עשר בשבט. והי׳ בדיחא דעתי׳ מאוד
					וסיפר חלום אחד אשר חלם לו שישבו מסובין אצל השלחן
					כמה וכמה צדיקים. מהם שהיו עוד בחיים חיותן. ומקצתם שהיו
					בעלמא דקשוט. והרשב""י ישב ברא"				
"פ""א"	4	Buzina_Denehora20251129,Buzina_Denehora20251129_corrected,Sipurim-Nehmadim20251129,shivheiZadikim2026-01-10	no_match	0.0			"דרכו בקודש הי׳ לישב בהלולא דרשב״י בל״ג בעומר בסעודה.
					במלבושי יו״ט והי׳ שמח מאוד ופ""א פתח השער מהזוהר
					ופתח ואמר מהתנא האלקי הרשב״י. ופי' מהתנא שלומד אותנו
					האלקי האיך לעבוד את ד'. ופ""א נת"				
אלקים	4	Buzina_Denehora20251129,Maasiot-Pliot2026-01-10,Maasiot-veSihot-Zadikim2026-01-10,Smichat-Moshe_2025-08-26	no_match	0.0			"ומענין קדושת יעקב שמענו אומרים בשם הה״ק ר׳ משה
					מסיווראן זצולל""ה, כי ביאר מאמר הגמרא חולין פ׳
					ליד הנשה על פ' והנה מלאכי אלקים עולים ויורדים בו. תנא
					עולים ומסתכלים בדיוקנו של מעלה ויורדין"				
בינם	4	Dvarim-Yekarim2025-12-01_gemini,shivheiZadikim2026-01-10,shivheiZadikim2026-01-10_corrected	no_match	0.0			"מעשה נורא מהרהצה""ק הרבי ר'
					בינם זצלה""ה מפרשיסחא יע""א."				
"המהר""ל"	4	Dvarim-Yekarim2025-12-01_gemini	no_match	0.0			"סיפר לי חסיד אחד שהוא ששמע מאחד מהימן אשר הי' בעיר
					פראג וראה בהפנקס של הה״ק דשם שכתוב מעשים נוראים
					ממהר""ל מפראג זי״ע. שאש,ו של המלך דיברה אל המלך
					למה ישראל יושבים במלכותך בהשקט ובמנוחה."				
משה ליב מסאסוב	4	Dvarim-Yekarim2025-12-01_gemini,Hitgalut-HaZadikim2025-12-01_gemini,Shemen-Hatov2025-12-01_gemini	name_exact	0.95	Tsadik_037.001		"איך שהרה״צ ה״ק מ׳ דוב בער זצלה""ה זי""ע מראדישיטץ
					בבחרותו הי׳ משמש הרהצה״ק מ׳ משה ליב מסאסוב
					פ""א נסע אתו רבו לווארשא שהי׳ צריך רבו לילך להמבצר להראות
					עם האדון הגדול. ושמה עמדו וואכין גדול"	H-LOC_60			
שלמה מקארלין	4	Hitgalut-HaZadikim2025-12-01_gemini,MaasiyotUmaamarimYekarim_with_annotations (1),Shivhei-Harav2024-10-29_corrected	name_exact	0.95	Tsadik_034.001		"בימי בחרותו היה מסתופף בצל קדושת רבינו שלמה מקארלין ובצל קדושת
					רבינו זאב בעהמח״ס אור המאיר זי״ע ואח״כ נטל רשות מהרה״ק רבי זאב
					ליסע לביתו. ובא לביתו לעיר לעמבורג ומקום דירתו היה במרתף צר וקטן"	H-LOC_4			
"השל""ה"	4	Hitgalut-HaZadikim2025-12-01_gemini,Khal-Hasidim2024-9-25_corrected,Sipurei-Zadikim2025-06-22,Sipurei-Zadikim2025-06-22_corrected	no_match	0.0			"הגאון רבי ר׳ העשיל זצ""ל אבד""ק קראקא בן הגאון מוהר״ר יעקב מלובלין בכל
					הארץ יצא קו תהלתו. ושמעתי מאדם גדול זקן שקיבל שהגיד הגאון החסיד
					בעל השל""ה בחלום שהרבי ר' העשיל הוא נשמת ר""ת ויזהרו מאוד ב"				
מרדכי זאב	4	Hitgalut-HaZadikim2025-12-01_gemini,SipureiAnsheiShem2025-12-01_gemini	phonetic	0.429	Tsadik_012.301		"סיפר כבוד אדוני אבי מו״ר הרב הגדול חסידא קדישא מוהר״ר מרדכי זאב זצוק""ל
					האבד״ק קאלביעל בעהמח״ס קול הרמ״ז. כי בימי הרבי ר' אלימלך הנ""ל
					קרה מקרה אשר הקיסר של מדינת עסטרייך גזר גזירה רעה אשר מי "				
"רש""ש"	4	Hitgalut-HaZadikim2025-12-01_gemini	no_match	0.0			"הדבר אם היה בכאן קצת י״ש נשתית בינינו „חמרא וחיי לפום רבנן"" אז היו יכולים
					לתקן בזה אותו דבר נחוץ שהיה ידוע להם. ענה הרה״ק רש״ש הנ""ל ואמר להם
					אמת שטוב ויפה הדבר. וגם השעה צריכה לכך. אולם מי ו"				
"מוה""רג"	4	Khal-Hasidim2024-9-25	name_exact	0.95	Tsadik_012.007		"שמעתי מהרב הק' ר׳ שמשון הרב דק""ק ראשקוב בן הרב הק׳ דק""ק פולנאי מעשה שהיה איש א׳ ונקרא שמו ר׳
                        אדם וממנו באו הכתבים להבעש״ט כי בא פ״א למערה אחת ומצא שם כתבים שהם רזים וסתרין
    "				
"מהר""ג"	4	Khal-Hasidim2024-9-25,Khal-Hasidim2024-9-25_corrected	no_match	0.0			"ויהי אחרי כן שכר הרב מוהר""ג בשבילו איזה כפר שיתפרנס שם ושם
                    קנה שלמות רב כי בנה לעצמו בית התבודדת היער ושם היה מתפלל ולומד כל הימים לרבות
                    הלילות כל השבוע רק משבת"				
שבתי צבי	4	Khal-Hasidim2024-9-25,Khal-Hasidim2024-9-25_corrected	no_match	0.0			"עוד שמעתי מפיו הנ""ל פ״א עיה״כ ראה בעש״ט קיטרוג גדול על ישראל שיסתלק מהם תורה שבע""פ והי׳ מתעצב מאד
                    כל יום עיה״כ. ולע""ע כשבאו כל העיר לברכם ברך אחד או שנים ואמר לא יכולתי מחמת צער
  "				
פרומע ריבעלע	4	Khal-Hasidim2024-9-25,MaasiyotUmaamarimYekarim_with_annotations (1),MaasiyotUmaamarimYekarim_with_annotations (1)_corrected	no_match	0.0			"שמעתי מהרב דקהלתנו מעשה באם של האחים ר׳ יוסף ור׳
                        יצחק הנ""ל שהיה דירתם בק""ק
                        סאטאנאב ושמה דיא פרומע ריבעלע
                    פ״א נסע הבעש״ט לק""ק הנ""ל וס"				
הירשל	4	Khal-Hasidim2024-9-25,Khal-Hasidim2024-9-25_corrected	no_match	0.0			"שמעתי מהרב דקהלתנו מעשה באם של האחים ר׳ יוסף ור׳
                        יצחק הנ""ל שהיה דירתם בק""ק
                        סאטאנאב ושמה דיא פרומע ריבעלע
                    פ״א נסע הבעש״ט לק""ק הנ""ל וס"				
"א""א"	4	Khal-Hasidim2024-9-25,Khal-Hasidim2024-9-25_corrected	no_match	0.0			"פ""א היה מספר בשבחו של הרב הקדוש מ׳ נחמן
                        הארדנקער בפניו והוא יושב ברחוק מקום ממנו אזי הקריב א״ע והרכין את
                    אזנו לשמוע והי' בעיני העם לפלא ושאלו את הרב ואמר לה"				
הגאון מקאמינקא	4	Khal-Hasidim2024-9-25,PeerMikdoshim2024-10-13	phonetic	0.6	Tsadik_093.001		"כד אתכנשו כל צדיקי הדור על היא""צ ברופשיץ. באה אשה אחת
                    לפניהם ובתוכם הי׳ הגאון מקאמינקא ז""ל וצעקה האשה בבכי יליל תמרורים כי נתנה
                    סך שמנה מאות רייניש כסף לאיש אחד"	H-LOC_206			
אדה״ר	4	Khal-Hasidim2024-9-25,Khal-Hasidim2024-9-25_corrected,Maasiot-Pliot2026-01-10,Maasiot-Pliot2026-01-10_corrected	no_match	0.0			"שמעתי כשמתה אשתו של רבינו הקדוש הבעש״ט
                    זללה""ה אמרו לו אנשיו וב״ב שישא אשה אחרת והשיבם הבעש״ט בלשון תימה אני הייתי פרוש י""ד שנה במטה ולאשה אני צריך.
                    וביום מותו ה"				
זושא מאניפאלי	4	Khal-Hasidim2024-9-25,Maasiot-Pliot2026-01-10,shivheiZadikim2026-01-10,shivheiZadikim2026-01-10_corrected	phonetic	0.467	Tsadik_020.001		"שמעתי מהרב שהיה אומר בז""הל מרגלא בפומיה דצדיק יעקב יוסף ז""ל נקל לו לומר עשרה חילוקים מלהתפלל ש״ע אחת ושמעתי
                    מהרה""ק מ' זושא מאניפאלי כשנסע מאחיו
                    הרה""ק ר׳ אלימלך "	H-LOC_242			
"מוהר""א"	4	Khal-Hasidim2024-9-25,Khal-Hasidim2024-9-25_corrected,shivheiZadikim2026-01-10,shivheiZadikim2026-01-10_corrected	phonetic	0.5	Tsadik_017.003		"הרב המגיד הגדול
                        ממעזריטש צוה פעם א' לתלמידו הקדוש מ׳
                        אהרן קארלינר שיסע דרך איזה קהילה
                    ידוע. ועשה כן כפי ציווי ויהי בבואו להעיר הידוע"				
רמ״מ	4	Khal-Hasidim2024-9-25,Khal-Hasidim2024-9-25_corrected,Shivhei-Harav2024-10-29,Shivhei-Harav2024-10-29_corrected	no_match	0.0			"הרב האלקי הגאון הקדוש מו' מנחם מענדיל נ""ע
                            מוויטעפסק בעמה""ח ספר פרי
                            הארץ הי׳ לומד אצל הרב הק׳ המגיד
                    הגדול ממעזריטש ז""ל מנערות"				
יצחק מראדוויל	4	Khal-Hasidim2024-9-25,Shemen-Hatov2025-12-01_gemini,SipurimUmaamarimYekarim_Hebrewbooks_org_3804_gemini	no_match	0.0			"מעשה שאירע לבן הקדוש של הרב האלקי מו'מיכל
                            מזלאשוב שמו ר׳ יוסף
                            מיאנפלי פעם אחת אנגיד ואתנח ועלה למעלה
                    וטבלו אותו בנהר דינור ו"	H-LOC_53			
יהודה ליב	4	Khal-Hasidim2024-9-25,Khal-Hasidim2024-9-25_corrected,maase-zadikim2025-06-22_corrected	phonetic	0.5	Tsadik_037.001		"איש הי' בארץ רוסי' הלבינה בעיר
                        לאזנע ושמו ר' ברוך ויולד האיש
                    לעת זקנתו שני בנים ויקרא שם האחד שניאור
                        זלמן ושם השני קרא יהודה ליב וכא"				
חאוונסקי	4	Khal-Hasidim2024-9-25,Khal-Hasidim2024-9-25_corrected,Shivhei-Harav2024-10-29,Shivhei-Harav2024-10-29_corrected	no_match	0.0			"עתה נסיים הסיפור מישועת החודש הזה כי עד כה עזרנו השי""ת לסיים הסיפור מיום י״ט וכ""ט
                    בו ועתה נחזור לראשו לספר מר""ח כסליו ויו""ד בו אשר בשני הימים האלו נפדו הרבנים
                    ה"				
"ר""פ"	4	Khal-Hasidim2024-9-25,Khal-Hasidim2024-9-25_corrected	no_match	0.0			"פעם אחת בא ר' סנדר מתלמידי הגאון מווילנא על אסיפה
                        למאהליב דרוסי' וישלח לצוות להרב שישלח גם הוא אחד
                    מאנשים כי כמה פעמים הרעיש ר' סענדר הנ""ל האסיפות ובוויכוחי"				
זוסי׳	4	Khal-Hasidim2024-9-25,Khal-Hasidim2024-9-25_corrected,Maasiot-veSihot-Zadikim2026-01-10,Shivhei-Harav2024-10-29	name_exact	0.95	Tsadik_020.001		"פעם אחת בא ר' סנדר מתלמידי הגאון מווילנא על אסיפה
                        למאהליב דרוסי' וישלח לצוות להרב שישלח גם הוא אחד
                    מאנשים כי כמה פעמים הרעיש ר' סענדר הנ""ל האסיפות ובוויכוחי"				
מוהרד״ב	4	Khal-Hasidim2024-9-25,Khal-Hasidim2024-9-25_corrected,Shivhei-Harav2024-10-29,Shivhei-Harav2024-10-29_corrected	no_match	0.0			"ויהי אחרי פטירת רבינו הקדוש מלאו מקומו הני תרי צנתרי דדהבא ה״ה הרב הקדוש האלקי
                    מו״ה אהרן הלו הורוויץ נצר מגזע הרב הקדוש ר׳ישעיה
                        בעה״מ ספר השל״ה הקדוש והשני "				
מוהרא״ה	4	Khal-Hasidim2024-9-25,Khal-Hasidim2024-9-25_corrected,Shivhei-Harav2024-10-29,Shivhei-Harav2024-10-29_corrected	no_match	0.0			"ויהי אחרי פטירת רבינו הקדוש מלאו מקומו הני תרי צנתרי דדהבא ה״ה הרב הקדוש האלקי
                    מו״ה אהרן הלו הורוויץ נצר מגזע הרב הקדוש ר׳ישעיה
                        בעה״מ ספר השל״ה הקדוש והשני "				
המגיד ממעזריטש	4	Khal-Hasidim2024-9-25,shivheiZadikim2026-01-10_corrected	name_exact	0.95	Tsadik_002.001		"הרב הקדוש מו""ה זושא ז""ל היה תלמיד הרב
                    הגדול והקדוש המגיד ממעזריטש ז""ל ושמע
                    שם הרב המגיד הלך למרחקים עד כי נשמע הקול במקומות הקירה
                    והאחים הקד"				
יהודה בן גרים	4	Khal-Hasidim2024-9-25,Khal-Hasidim2024-9-25_corrected,Sipurei-Zadikim2025-06-22,Sipurei-Zadikim2025-06-22_corrected	name_exact	0.85	Tsadik_012.048		"עוד היה דרכו בקודש להפך את כל הקללות לברכות בלשונם דייק היינו כי מי שלא הבין היה
                    סובר כי הוא מקלל יום יום את כל הבאים והמה היו כולם ברכות ועל הדרך שנמצא בדברי
                    ח"				
"הרר""ע"	4	Khal-Hasidim2024-9-25,Khal-Hasidim2024-9-25_corrected	no_match	0.0			"בעיר פאלעצק במדינת רייסן היה איש
                    אחד מהמוני עם הפשוטים אשר התפרנס ממלאכתו ממלאכת החייטים והיה עוסק במלאכתו באמונה
                    לא ויתר שום דבר משום אדם ועסק במצות ה׳ בכל יכו"				
אליקים	4	Khal-Hasidim2024-9-25,Khal-Hasidim2024-9-25_corrected,Sipurei-Zadikim2025-06-22,Sipurei-Zadikim2025-06-22_corrected	no_match	0.0			"בעיר פאלעצק במדינת רייסן היה איש
                    אחד מהמוני עם הפשוטים אשר התפרנס ממלאכתו ממלאכת החייטים והיה עוסק במלאכתו באמונה
                    לא ויתר שום דבר משום אדם ועסק במצות ה׳ בכל יכו"				
יודל נאטנזאהן	4	Khal-Hasidim2024-9-25,Khal-Hasidim2024-9-25_corrected,maase-zadikim2025-06-22,maase-zadikim2025-06-22_corrected	no_match	0.0			"תהלוכות ודרכי עבודת הרב הקדוש הזה נודע ומפורסמים לכל שהיה עבודתו להש""י להדבק
                    במדותיו מה הוא רחום אתה וכו' בגמילות חסדים שבגופו וכדומה להשוות מדותיו להבורא
                    ב""ה כ"				
בת שבע	4	Khal-Hasidim2024-9-25,Khal-Hasidim2024-9-25_corrected,maase-zadikim2025-06-22,maase-zadikim2025-06-22_corrected	no_match	0.0			"להרב הצדיק מפרעמישלאן בא פעם אדם אחד
                    ויהי כאשר הבין בפניו וירא בו
                        בי אותיות עבירה שהיה משתדל עם שאר רעהו ר""ל. והנה לקרב אותו לתשובה שיכל הרב הצדיק מאוד את פ"				
"מוהר""ח"	4	Khal-Hasidim2024-9-25,Khal-Hasidim2024-9-25_corrected,shivheiZadikim2026-01-10,shivheiZadikim2026-01-10_corrected	phonetic	0.5	Tsadik_017.003		"עתה נספר את אשר העיד אלי' הנביא ז""ל על רבינו
                        משה ומזה המעשה אשר נספר נקח מוסר לדעת איך צריך האדם
                    להחזיק עצמו בשפלות. והמעשה שהיתה כך היתה רבינו הנ""ל היה לו "				
רומע״ל	4	Khal-Hasidim2024-9-25_corrected	no_match	0.0			"שמעתי מהרב הגאון הקדוש המפורסם דק""ק  שהיה אב""ד בק""ק
                        פולנאישאריגאד ששמע שהבעש״ט בא לק""ק מאהליב אמר בלבו אסע גם אני
                    כי לא הי׳ עדיין חסיד ונסע ובא בעש""ק אליו ק"				
מאיר הלוי הורוויץ	4	Khal-Hasidim2024-9-25_corrected,Shemen-Hatov2025-12-01_gemini,shivheiZadikim2026-01-10,shivheiZadikim2026-01-10_corrected	phonetic	0.417	Tsadik_017.002		"נעתיק כאן סיפור נורא מס׳ הנחמד שהגה""ח מאת הגאון הקדוש איש אלקי מופת דורו מו""ה
                        מאיר הלוי הורוויץ אבד""ק  זקינם של הני צנטרי : דדהבא הגאונים
                    הקדושים מו""ה טיקטי"				
אזולאי	4	Khal-Hasidim2024-9-25_corrected,Maasiot-Pliot2026-01-10,Maasiot-Pliot2026-01-10_corrected,Sipurim-Nehmadim20251129_corrected	no_match	0.0			"ושמעתי ממנו מעשה נוראה ונפלאה. שלעת זקנתו כאשר היה חכם העיר דק""ק
                        לוורני בא אליו אדם חשוב אחד והוא כהן בקובלנא על אשתו
                    לאשר כי נסתרה עם איש אחד. והגאון הנ""ל "				
יצחק מלובלין	4	Khal-Kdoshim2025-06-22,Khal-Kdoshim2025-06-22_corrected,maase-zadikim2025-06-22	phonetic	0.667	Tsadik_041.001		מעשה מהצדיק הקדוש אספקליא המאירה מוה' יצחק מלובלין	H-LOC_56			
"הרמב""ן"	4	Khal-Kdoshim2025-06-22,Khal-Kdoshim2025-06-22_corrected	no_match	0.0			"מעשה מכבוד קדושת הרמב״ן אבי המקובלים ז""ל איך נשאו תשוקת ופעולת
               אחד קדוש מירושלים אה״ק תובב""א לגשת אל החכמה הקדושה חכמת הקבלה
               : בדורות הקודמים אם כי אור אלקי הי' מאיר בתור"				
לייזער	4	Khal-Kdoshim2025-06-22,Khal-Kdoshim2025-06-22_corrected	no_match	0.0			"מעשה מהגאון הגדול אור ישראל וקדושו מוה' צבי הירש
               מזודיטשוב זי״ע : בין רבים החסידים אשר כיונים
               הוגים אל ארובותיהם על ימי הפורים על הצדיק הקדוש לבלי להיות מפוזר ומפורר בפיר"				
דוד צבי	4	Kokhvei-Or2025-11-29,Kokhvei-Or2025-11-29_corrected	phonetic	0.5	Biblical_David		"בשנת ה׳ אלפים תק""ס. נולד מורנ""ת ז""ל בעיר
					נעמרוב ונתגדל בבית אביו הנכבד ר׳ נפתלי
					הירץ ז""ל בתורה ובעושר ובחכמה. ובבואו אח""כ בבית
					התלמוד של חותנו הרב הגאון ר׳ דוד צבי ז""ל נתגבר ועלה
					ב"				
"מורכ""ת"	4	Kokhvei-Or2025-11-29,Kokhvei-Or2025-11-29_corrected	no_match	0.0			"שכבר היא חייבת קצת ממון לאחרים בעד צרכי הבית ג
					ריווח החנות מועט מאד וההוצאה מרובה כנ""ל. עד
					שנתמרמר מאד מדבריה ונכנס בכובד ראש לחדר אחר
					וישב שם. וענה ואמר רבש""ע הלא קודם שנעשין איש כשר
	"				
פין	4	Kokhvei-Or2025-11-29,Maasiot-Pliot2026-01-10,Maasiot-veSihot-Zadikim2026-01-10	no_match	0.0			"והנה ר' יודיל ז""ל היה איש חשוב קצת בין אנשי
					עירו וגם היה לו ידיעה בכתבי האריז""ל
					ובבואו לאדומו״ר ז""ל התחיל לדבר עמו בלשון גדולות ואמר
					לו יוריכו רבינו דרך לעבודת הבורא י""ת וענה אדומו״ר ז"""				
שמואל יצחק	4	Kokhvei-Or2025-11-29,Kokhvei-Or2025-11-29_corrected	phonetic	0.375	tempH-100		"גם תבערת הלב בעבודת ה' של ר׳ אהרן ור׳ יהושע
					מזשערין אין לשער וכן שאר כל אנשיו כמו ר'
					נפתלי ז""ל מנעמרוב ור׳ יחיאל אחיו והרב ר׳ אהרן ז""ל
					מברסלב הרב ר׳ שמואל יצחק ז""ל מטשערין הרב ר' ישעי'
"				
ישעי'	4	Kokhvei-Or2025-11-29,Kokhvei-Or2025-11-29_corrected,PeerMikdoshim2024-10-13,PeerMikdoshim2024-10-13_corrected	no_match	0.0			"גם תבערת הלב בעבודת ה' של ר׳ אהרן ור׳ יהושע
					מזשערין אין לשער וכן שאר כל אנשיו כמו ר'
					נפתלי ז""ל מנעמרוב ור׳ יחיאל אחיו והרב ר׳ אהרן ז""ל
					מברסלב הרב ר׳ שמואל יצחק ז""ל מטשערין הרב ר' ישעי'
"				
אבן עזרא	4	Maasiot-Pliot2026-01-10,Maasiot-Pliot2026-01-10_corrected,Maasiot-veSihot-Zadikim2026-01-10,Maasiot-veSihot-Zadikim2026-01-10_corrected	no_match	0.0			"ויהי היום ויעבור עליהם החכם הגדיל קדוש אלקי ר' אברהם
					אבן עזרא דרך המחוז ההוא ויסור אל בית איש אחד
					מאנשי העיר הנ""ל וילן שם ויהי בבקר רצה לשום לדרך פעמיו
					ליסע למחוז חפצו כדרכו בקדש. ויאמר"				
קרח	4	Maasiot-Pliot2026-01-10_corrected,Maasiot-veSihot-Zadikim2026-01-10,Maasiot-veSihot-Zadikim2026-01-10_corrected	no_match	0.0			"בקד וישחטו צאן טבח והכן והכינו את אשר יביאו משתם שמנים
					ויין רב כיד המלך וישבו להם לאכול כצהרים. והחכם ר״א בן
					 ביניהם וישאו קולם ויצעקו בקול צורח כשאגת אריז ובקול
					עזראגדול הלוך וחזק מאד "				
צבי אלימלך מדינוב	4	Maasiot-veSihot-Zadikim2026-01-10,Sipurim-Nehmadim20251129,Sipurim-Nehmadim20251129_corrected	no_match	0.0			"ה""ר מענדילי מרימיניב.
					ה״ר משה מסיוואראן זצ״ל.
					אבי׳ של הרבי מלובלין.
					הרבי מלובלין .
					הרבי ר׳ משה ליב זצ״ל.
					רבי יהודא החסיד זצ""ל .
					 יודא צבי מראזדיל.
					מהבעש״ט ז""ל
					ה"				
יוד	4	Maasiot-veSihot-Zadikim2026-01-10,Maasiot-veSihot-Zadikim2026-01-10_corrected,shivheiZadikim2026-01-10,shivheiZadikim2026-01-10_corrected	no_match	0.0			"שמעתי מהצדיק ר׳ שלמה סופר ז""ל מדאליינע שהיה פעם
					אחת בקאסיב אצל הצדיק ר' מענדלי זצללה""ה ביו""ט שני של חג
					הסוכות וסיפר בזה הלשון שביום הושענא רבה אחר התפלה בלא
					הרב להסוכה והעולם שלו כבר הי"				
ואלצי	4	Maasiot-veSihot-Zadikim2026-01-10,Maasiot-veSihot-Zadikim2026-01-10_corrected	no_match	0.0			"סיפר לי הרב מו""ה וואלצי שהיה מו""צ בק׳ דאלינע שהיה
					רגיל לנסוע בכל פעם לקאסיב להרבי ר' מענדלי ז""ל פעם אחת
					דיבר עם גיסו ר׳ יעקב שהיו קורין אותו אנקילע והפליא בעיניו
					את הצדיק הנ""ל עד שעשה ל"				
ירבעם בן נבט	4	Maasiot-veSihot-Zadikim2026-01-10,Maasiot-veSihot-Zadikim2026-01-10_corrected,PeerMikdoshim2024-10-13,PeerMikdoshim2024-10-13_corrected	no_match	0.0			"וקשה על לשון וחטאתי שהוא לשון עבר ומהראוי לכתוב ואחטא
					לאלקים גם מאמר הגמרא האומר אחטא ואשיב אחטא ואשוב אין
					מספיקין בידו לעשות תשובה וקשה כפל הלשון. אמנם מחמת
					שמצוה לעשות תשובה. ומי שהוא"				
חנוך	4	Maasiot-veSihot-Zadikim2026-01-10,Maasiot-veSihot-Zadikim2026-01-10_corrected,Mifalot-HaZadikim2025-06-22_corrected	no_match	0.0			"הרב הצדיק ר׳ אייזיק ז""ל מקאמרנא סיפר להרב הצדיק
					הקדוש ר׳ יצחק אייזיק ז""ל מזידיטשוב בים גדול אחד אשר בעת
					פטירת רש״י ז""ל הלכו לנגדו כל הפמליא של מעלה ואמרו פנו
					מקום לרש״י ז""ל רק המלאך מט״"				
חייא	4	Maasiot-veSihot-Zadikim2026-01-10,Maasiot-veSihot-Zadikim2026-01-10_corrected,Sipurei-Kdoshim-2025-11-28,Sipurei-Kdoshim-2025-11-28_corrected	no_match	0.0			"מה שאומרים על סיום מסכת הדרן עלך והדרך עלן ומהראוי
					לומר קודם הדרך עלן ואח""כ והדרן עלך דרך תפלה ונ""ל כפי מה
					שכתוב בזוה״ק פ׳ משפטים דף קי״ד שאמר ר׳ חייא להסבא יהא
					רעוא דדיוקנא דילן תהא חק"				
נו	4	Maasiot-veSihot-Zadikim2026-01-10,Maasiot-veSihot-Zadikim2026-01-10_corrected,shivheiZadikim2026-01-10,shivheiZadikim2026-01-10_corrected	no_match	0.0			"להשי״ת האנכי הריתי את כל העם הזה אם אנכי ילדתיהו כי תאמר
					אלי פירוש שיאמרו כלם עלי שאיהו בחיקך פירוש הלא הם שלך
					לכן תשא אתה אותם ואמר השי״ת למשה רב נו ע""ה לא כאשר חשבת
					הלא כאשר ישא האומן"				
״ז	4	Maasiot-veSihot-Zadikim2026-01-10,Maasiot-veSihot-Zadikim2026-01-10_corrected,shivheiZadikim2026-01-10	no_match	0.0			"שהיתה חשובה אצלו והיו בוכים לפניו שתכנס לאביו לבקש
					לשלוח אחריהם שיספרו מה שבלבם. הצדיק ר׳ ברוך ז""ל השיב לה
					אשר ביום ה׳ יקרא אותם וכן היה ביום ה׳ שלח עבורם ונכנסו להרב
					בבכיה גדולה ר""ל, ו"				
המלמד	4	Maasiot-veSihot-Zadikim2026-01-10,Maasiot-veSihot-Zadikim2026-01-10_corrected	no_match	0.0			"וראו הכבוד שנותנים לו החסידים המשוגעים וכמה אנשים רצים אליו
					ואתם מרא דאתרא אין לכם כבוד אפילו אחד מני אלף ואתם מחשים
					על זאת, הלא הוא ע""ה ולא ידע מה דקאמרי רבנן, והרב היה משיב
					להמלמד תן "				
ישראל מקאליש	4	Maasiot-veSihot-Zadikim2026-01-10,Maasiot-veSihot-Zadikim2026-01-10_corrected	phonetic	0.467	Tsadik_042.001		"מעשה שסיפר הרב ר׳ ישראל מקאליש בנו של הרב הצדיק
					ר׳ איציקיל מקאליש בנו של הרב הצז״״ק הקדוש ר׳ אהרן ארי׳ ז""ל
					איש אחד היה מלמד בכפר אצל רינדאר אחד ושמו של המלמד היה
					ר׳ צדוק ז""ל והיה איש אל"	H-LOC_128			
"רשכב""ה"	4	Maasiot-veSihot-Zadikim2026-01-10,Maasiot-veSihot-Zadikim2026-01-10_corrected	no_match	0.0			"ושני' היתה בהיפך והיתה צועקת לבעלה עבורך מוכרח אני לעבוד כי
					לי בנים ממך ובעד האחרת השלעמיזאלניצע איני רוצה לעבוד, ובעלה היה
					טוען עמה אל תאמר כחי ועצם ידי וכו' אמנם הדבר לא הועיל כלום ולא הית"				
איצי מאיר	4	Maasiot-veSihot-Zadikim2026-01-10,Maasiot-veSihot-Zadikim2026-01-10_corrected	no_match	0.0			"ושני' היתה בהיפך והיתה צועקת לבעלה עבורך מוכרח אני לעבוד כי
					לי בנים ממך ובעד האחרת השלעמיזאלניצע איני רוצה לעבוד, ובעלה היה
					טוען עמה אל תאמר כחי ועצם ידי וכו' אמנם הדבר לא הועיל כלום ולא הית"				
טאביק	4	Maasiot-veSihot-Zadikim2026-01-10,Maasiot-veSihot-Zadikim2026-01-10_corrected	no_match	0.0			"פעם אחת בשבת קודש היו יושבין החסידים אצל השולחן של הרב
					הקדוש מאפטא ולקח נגיד אחד את השקעטלי שלו להריח טאביקי וראה
					חסיד אחד שהיה עני והושיט את ידו ליטול ממנו מעט טאביק והנגיד הנ""ל
					סגר את"				
מעלקא	4	Maasiot-veSihot-Zadikim2026-01-10,Maasiot-veSihot-Zadikim2026-01-10_corrected	phonetic	0.75	Tsadik_017.003		"בת קול מן השמים מי שיעזור את הרבי ר' שמעלקא ז""ל מהאנשי בליעל
					דק׳ ניקיל שפורג הוא בן עולם הבא כי היה לו יסורים גדולים מאנשי ניקיל
					שפורג על אשר לא רצו לציית אותו. ואמר הרבי ר' אלימלך ז""ל להשני"				
ניקיל	4	Maasiot-veSihot-Zadikim2026-01-10,Maasiot-veSihot-Zadikim2026-01-10_corrected	no_match	0.0			"בת קול מן השמים מי שיעזור את הרבי ר' שמעלקא ז""ל מהאנשי בליעל
					דק׳ ניקיל שפורג הוא בן עולם הבא כי היה לו יסורים גדולים מאנשי ניקיל
					שפורג על אשר לא רצו לציית אותו. ואמר הרבי ר' אלימלך ז""ל להשני"				
פיקאב פיקיווער	4	Maasiot-veSihot-Zadikim2026-01-10,Maasiot-veSihot-Zadikim2026-01-10_corrected	no_match	0.0			"מקום לכנס אמר לו יש והלכו לבית הוואנער ואשתו של הוואנער
					היתה יולדת והיתה מונחת בצד אחת של הבית והפרה שלהם היתה
					יולדת והיתה ג""כ עומדת בהבית והדירה שלו היתה ד׳ על ד׳ והרבי
					ר׳ משה ליב בא ב"				
מסאסוב	4	Maasiot-veSihot-Zadikim2026-01-10,Maasiot-veSihot-Zadikim2026-01-10_corrected	name_exact	0.95	Tsadik_037.001		"הרב הצדיק הקדוש ר׳ צבי מזדיטשוב ז""ל היה בתחילה
					תלמוד של הרבי ר׳ משה ליב ז""ל מסאסוב ולא היה מבין דרכו
					ופעם אחת בא אצלו על שבת וראה אשר הרבי מסאסוב הולך
					חוץ לעיר ביום עש""ק אחר המרחץ והטבי"				
סטרעטין	4	Maasiot-veSihot-Zadikim2026-01-10,Maasiot-veSihot-Zadikim2026-01-10_corrected	no_match	0.0			"הרב הצדיק ר׳ יודא צבי ז""ל מסטרעטין היה תלמוד של הרב
					הקדוש ר׳ אורי ז""ל מסטרעליסק והיה דרכו של הרבי מסטרעליסק
					לשלוח את תלמודו שיסע ולא היה ידוע לשום אדם על מה שלח
					אותו אך ממה שהביא לו היה"				
ריזינער	4	Maasiot-veSihot-Zadikim2026-01-10,Maasiot-veSihot-Zadikim2026-01-10_corrected	no_match	0.0			"שיחות צדיקים
					שהעשרת את מאיר רק אשר אכלו הנערים וחלק האנשים אשר הלכו
					אתי המה הגבאים הם יקחו את חלקם ובבואו לבוטשאטש וספר להצדיק
					הדיבורים ההם וכשהגיע לויאמר מלך סדום אל אברם תן לי הנפש
		"				
שאק	4	Maasiot-veSihot-Zadikim2026-01-10,Maasiot-veSihot-Zadikim2026-01-10_corrected	no_match	0.0			"סיפר לי איש אחד מסטאניבלאב ושמו זאב וואלף שפעם אחת
					נסע עם כמה עגלות טעונים דגן מעיר בוטשאטש ובעת ההוא היה יוקר
					גדול כור דגן היה עודה עד שלשים וששה ריינש ואח""כ הזיל המקח
					על חצי ונעשה חצי"				
חיים טרעגיר	4	Maasiot-veSihot-Zadikim2026-01-10,Maasiot-veSihot-Zadikim2026-01-10_corrected	no_match	0.0			"הכלים על יו״ט אמר בזה הלשון יה״ר שיעלו אלו המלאכים היוצאין מן
					הרייבין ומן הקאליפין ומן הכשרון וימליצו טוב בעדינו לכפר על כל
					חטאתינו. ופעם אחת היה הרב הקדוש הנ""ל מסדר את הסדר בליל א'
					דפס"				
בני	4	Maasiot-veSihot-Zadikim2026-01-10,Maasiot-veSihot-Zadikim2026-01-10_corrected,tmimei_derech_2026-01-10,tmimei_derech_2026-01-10_corrected	no_match	0.0			"שם ותחת ידו היה עוד שני אלפים ריינש שנשאר מעות העשיר מקניות
					שורים והטמין את המעות בהחפיצים שלו ובבואו בערב מהתפילה והלך
					לבקש בהחפיצים שלו איזה דבר וראה שהמעות איננו ובכה מאוד וגם
					להחסיד"				
אברהם דפיסה	4	Maasiot-veSihot-Zadikim2026-01-10,Maasiot-veSihot-Zadikim2026-01-10_corrected,MaasyiotMzadikeiYesodeiOlam_20251128,MaasyiotMzadikeiYesodeiOlam_20251128_corrected	no_match	0.0			"מעשה נורא מהגאון מוה אברהם דפיסה זצ""ל"				
קופיא	4	Maasiot-veSihot-Zadikim2026-01-10,Maasiot-veSihot-Zadikim2026-01-10_corrected	no_match	0.0			"ילקוט תהלים סימן תרמ״ב פעם אחת גזרה מלכות גזר
					שיהרג ר' יהודא הנחתום מה עשה בן קופיא עשה עצמו דיין
					ודן אותו היאך. וכשבא ליתן לו ספיקולא (פירוש פסק דין) גזר
					שישחטו אחר תחתיו ויעלו אותו וי"				
יצחק מדראהאביטש	4	Maasiot-veSihot-Zadikim2026-01-10,Maasiot-veSihot-Zadikim2026-01-10_corrected	no_match	0.0			"הרב הגאון ר׳ יצחק מהאמבורג היה לאב""ד והרב ר׳ יצחק
					מדרא אביטש הי׳ המגיד ושניהם היו בעיר דראהאביטש ואירע המעשה
					כאשר אבאר לקמן הנה בעיר הנ""ל היה איש אחד סוחר גדול ומת
					האיש הנ""ל ולא הניח צו"				
גרשם	4	Maasiot-veSihot-Zadikim2026-01-10,Maasiot-veSihot-Zadikim2026-01-10_corrected	no_match	0.0			"פ׳ יתרו ואת שני בני' אשר שם הא׳ גרשם כי אמר גר הייתי באר'
					גברי׳ ושם האחד אליעזר כי וגו׳ ויצילני מהרב פרעה יש לדקדק
					בהפסוקים א׳ מדוע בשם נרשם כתבה התורה הקדושה כי אמר ולא
					כן בשם אליעזר ו"				
גרשום	4	Maasiot-veSihot-Zadikim2026-01-10,Maasiot-veSihot-Zadikim2026-01-10_corrected	name_exact	0.85	Tsadik_012.007		"פ׳ יתרו ואת שני בני' אשר שם הא׳ גרשם כי אמר גר הייתי באר'
					גברי׳ ושם האחד אליעזר כי וגו׳ ויצילני מהרב פרעה יש לדקדק
					בהפסוקים א׳ מדוע בשם נרשם כתבה התורה הקדושה כי אמר ולא
					כן בשם אליעזר ו"				
יעקב ישראל	4	MaasiyotUmaamarimYekarim_with_annotations (1),MaasiyotUmaamarimYekarim_with_annotations (1)_corrected,SipurimUmaamarimYekarim_Hebrewbooks_org_3804_gemini	phonetic	0.4	tempH-20		"סיפר הרה״ק ר׳ יעקב ישראל מטשערקאס זצוק""ל כי זקנו
					הרה״ק ר׳ נחום מטשערנאביל זצוק""ל נסע פ״א עם
					שני תלמידים שלו לרבו הקדוש המגיד הגדול ממעזיריטש זצוק""ל
					ובבואם לקבל שלום ישב אז המגיד עם בנו "				
הבעש	4	MaasiyotUmaamarimYekarim_with_annotations (1),MaasiyotUmaamarimYekarim_with_annotations (1)_corrected	name_exact	0.95	Tsadik_001.001		"סיפר הרה״ק ר׳ יעקב ישראל מטשערקאס זצוק""ל כי זקנו
					הרה״ק ר׳ נחום מטשערנאביל זצוק""ל נסע פ״א עם
					שני תלמידים שלו לרבו הקדוש המגיד הגדול ממעזיריטש זצוק""ל
					ובבואם לקבל שלום ישב אז המגיד עם בנו "				
מאיר מרגליות	4	MaasiyotUmaamarimYekarim_with_annotations (1),MaasiyotUmaamarimYekarim_with_annotations (1)_corrected,Shemen-Hatov2025-12-01_gemini	phonetic	0.5	tempH-118		"סיפר אחד מנכדי הגאון הקדוש ר׳ מאיר מרגליות וצוק""ל
					אב""ד דק""ק אוסטרהא והגלילות בעהמ״ח שו״ת מאיר
					נתיבים ועוד כמה ספרים איך נתקרב הגאון הנ״ל להבעש״ט
					ידוע אשר הגאון הנ״ל היה רב הכולל על כמה "				
ך	4	MaasiyotUmaamarimYekarim_with_annotations (1),MaasiyotUmaamarimYekarim_with_annotations (1)_corrected	no_match	0.0			"לתבוע ממנו דאטע ויסע המוכסן הנ״ל להרה״ק ר׳ יעקב
					יוסף הכהן מפולנאה תלמיד הבעש״ט בעהמ״ח ספר תולדות
					יעקב יוסף ושאר ספרים הנקרא בפי כל (דער תולדות)
					ויספר לו ענינו ומבוקשו ויאמר לו התולדות ה"				
מיכל מזלאטשוב	4	MaasiyotUmaamarimYekarim_with_annotations (1),MaasiyotUmaamarimYekarim_with_annotations (1)_corrected,Shemen-Hatov2025-12-01_gemini	name_exact	0.95	Tsadik_013.002		"פ״א ישב הרה״ק ר׳ ברוך הנ""ל בסעודה ומצד אחד ישב
					אצלו מחותנו הרה״ק ר׳ אברהם דוב זצוק""ל הנקרא
					בפי כל הרב מחמעלניק חתנו של הרה״ק התולדות וצוק""ל
					ומצד השני ישב מחותנו הרה״ק ר׳ יוסף מיאמפאלע ז"				
ת	4	MaasiyotUmaamarimYekarim_with_annotations (1)_corrected,MaasyiotMzadikeiYesodeiOlam_20251128,shivheiZadikim2026-01-10	no_match	0.0			"שמע הרב  כי הגאון הנ""ל הרב הכולל יסע דרך עירם
					דמתאעלה בדעתו להציע ענין זה לפני הגאון הנ""ל אולי יברר
					הדבר כי הוא יש לו תקיפות רק באשר ידע כי הגאון הנ""ל
					לא יעמוד ולא יתעכב שם ע״כ עשה תחבו"				
שה	4	MaasiyotUmaamarimYekarim_with_annotations (1)_corrected,MaasyiotMzadikeiYesodeiOlam_20251128_corrected	no_match	0.0			"סיפר הרב החסיד המפורסם ר׳  ז""ל שהיה
					ברוך מאיוועניץנכד הרה״ק ר׳  והיה חתנו
					ברוך ממעזבוז זצוק""לשל הרה״ק ר'  ממשה זצוק""ל ששמע מפי זקנתו
					קאראסטשובהצדקת מרת  שהיא שמעה מפי אביה הרה״ק ר׳ אדיל"				
התולדות	4	MaasiyotUmaamarimYekarim_with_annotations (1)_corrected	no_match	0.0			"לתבוע ממנו דאטע ויסע המוכסן הנ״ל להרה״ק ר׳  מפולנאה תלמיד היעקב
					יוסף הכהן בעהמ״ח ספר בעש״ט ושאר ספרים הנקרא בפי כל (דער תולדות)
					תולדות
					יעקב יוסףויספר לו ענינו ומבוקשו ויאמר לו התולדות ה"				
יצחק אבוהב	4	MaasyiotMzadikeiYesodeiOlam_20251128,MaasyiotMzadikeiYesodeiOlam_20251128_corrected	phonetic	0.455	Biblical_Isaac		"א) מעשה נורא מהנשר הגדול זקן הקדושים הגאון רבינו יצחק אבוהב
					בעל מנורת המאור ע""ד הספק חסירות ויתירות שבתורה.
					ב) מגאון הגאונים הצדיק המפורסים רבינו עקיבא איגר בעלותו על כס
					הרבנות בעיר פרי"				
אהרן הכהן	4	MaasyiotMzadikeiYesodeiOlam_20251128,MaasyiotMzadikeiYesodeiOlam_20251128_corrected,shivheiZadikim2026-01-10,shivheiZadikim2026-01-10_corrected	no_match	0.0			"רבינו מרן יצחק אבוהב זצ""ל הי׳ מסופק על איזה חסירות
					ויתירות שבתורה ושמע שבמקום אחד ישנו ספר תורה
					שכתב עזרא הסופר ונסע למרחקים לכמה מדינות לחפש בספרים
					מדויקים ולבא ג״כ אל מקום ספר התורה ש"				
מליסא	4	MaasyiotMzadikeiYesodeiOlam_20251128,shivheiZadikim2026-01-10,shivheiZadikim2026-01-10_corrected	no_match	0.0			"ואמר הגאון מליסא אני אספר לכם מעשה נפלאה אשר בעיני
					ראיתי כי בעת שרצו אנשי עיר פרידלאנד לקבל עליהם רב ואב״ד
					אז אשר שמו אנשי העיר עיניהם להושיב אחד לראש ורב ומנהיג,
					מן אלו השלשה רבנים אחד"				
י״ש	4	Mifalot-HaZadikim2025-06-22,Mifalot-HaZadikim2025-06-22_corrected	no_match	0.0			"הרב הצדיק הגאון האמיתי ר׳ יעקב שמשון משיפיטעווקע 
               דרכו היה לנסוע למרחקים לקבץ ממון
               על פדיון שבוים ולפרנס להצדיקים אשר היה במסתרים ויהי בדרך רחוק
               ממדינתו הר"				
ווערגילאש	4	Mifalot-HaZadikim2025-06-22,Mifalot-HaZadikim2025-06-22_corrected	no_match	0.0			"מהרב הצדיק ר׳ ליב הנקרא ספאליר זיידע הרב הצדיק ה״ה
               מוה׳ ליב הנ״ל נתארח אצל הרב הצדיק ר' יצחק מ״מ
               מברום לאוו (הנקרא בפי כל ר׳ איצעלע משיחת) ושאל הרב ר׳ ליב
               "				
משה שטשאגיל	4	Mifalot-HaZadikim2025-06-22,Mifalot-HaZadikim2025-06-22_corrected	phonetic	0.5	Biblical_Moses		"בשבת הרב הצדיק מריזין הניקרא ר׳ ישראל זי״ע על כסאו
               וכל העם עומדים עליו מן הבוקר עד הערב בא איש מסכן
               אחד עם בגדים קרועים ומטולאים ודחק א״ע בין העם עד שנגש לפני
           "				
מרע״ה	4	Mifalot-HaZadikim2025-06-22_corrected	no_match	0.0			"מהרב הצדיק וכו' פה קדוש מפיקמפ""ק מרגליות הרב מוה׳
               .אברהם יהושע העשיל אב""ד מאפטא
               פי׳ נאה ומתקבל על הלחש שם קידוש לבנה (הנדפסת בס׳ תפלה
               ישרה) ז״ל : ומי ששונא"				
קאפילי	4	PeerMikdoshim2024-10-13,PeerMikdoshim2024-10-13_corrected	no_match	0.0			"ובעודינו פה בשער הנסים אספר בזה מעשה נפלאה המסתעפת לעניני
               הנס מאת אדמו״ר הצדיק הקדוש הגאון האמיתי וכו' כו' מוה'
               צבי הירש מזידיטשוב זי""ע :
               מנהג ישראל תורה ה"				
האר״י	4	Sefer-Moraim-Gdolim2025-11-28_corrected,Shemen-Hatov2025-12-01_gemini,Sipurim-Nehmadim20251129_corrected	name_exact	0.95	Rabbinic_AriZal		"מעשה באחד מתלמידי האר״י לוריא זצ""ל שהיה אצל רבו הקדוש
					ז""ל ורצה ללכת לבבל כי היה לו שם קרוביו ושאו
					את האר""י זל ולא הסכים על ידו, ואחרי עבור כמה וכמה
					מלים אמר לו האר""י ז""ל אם תרצה לילך לב"				
הרר״ש מנ״ש	4	Shemen-Hatov2025-12-01_gemini	no_match	0.0			"טו) כתב ש""ב הג״מ שמואל הכהן שי'
					אבד״ק שיטאווא בעהמח״ס
					מנחת שבת וז״ל בימי עלומי ששמעתי מאיש
					זקן א׳ שסיפר בשם הרה״ק ר׳ אברהם
					יהושע העשיל ז""ל מאפטא שאמר על
					הרה״ק הרר״ש מנ״ש שהי׳ "				
הרר״פ	4	Shemen-Hatov2025-12-01_gemini	no_match	0.0			"עוד סיפר כי הרר״ש הי׳ יושב
					בתענית תמיד כל היום רק בלילה
					אכל. אבל אחיו הרר״פ בעל הפלאה
					הי' אוכל ככל האנשים ולבסוף ימיו
					התחיל להתענות כאחיו. ונסתכן בא
					שליח אליו. והשיבו אחי יהי'"				
הרמ״ל	4	Shemen-Hatov2025-12-01_gemini	no_match	0.0			"הרמ״ל. וא״ל הצלתיך היום ממיתה. ויותר
					הזהר מרבך. כי אש בוערת הוא. ומאז
					התחיל לירא שלא ליטול עטרה לעצמו :"				
רז״פ	4	Shemen-Hatov2025-12-01_gemini,shivheiZadikim2026-01-10,shivheiZadikim2026-01-10_corrected	no_match	0.0			"ר׳ זלמן פערילס מבראד היה מהדר לשדך
					את עצמו עם הרב גאון הגאונים מו״ה
					פנחס הורוויץ בעל הפלאה ז""ל. ואז הי'
					עדיין רב בעיר לעכוויץ. והרב לא רצה
					לשדך עמו. וסיבב השי״ת שאשתו היתה
					עסק"				
נתן אדליר	4	Shemen-Hatov2025-12-01_gemini	no_match	0.0			"סו) כתב בס׳ ליקוטי חבר ח""א (דף ל״ב)
					וז״ל אם יש כהן אחד ת״ח
					סיפר לנו מרן הגאון חתם סופר כי בימי
					עלומיו הי׳ בביהכנ״ס הגדולה בפראנקפורט
					האב״ד הגאון בעל הפלאה לוי ורבו של
					מרן הגאו"				
יצחק הלוי איש הורוויץ	4	Shemen-Hatov2025-12-01_gemini,Smichat-Moshe_2025-08-26	phonetic	0.652	Tsadik_017.002		"קסב) הגה״ק מ׳ יצחק הלוי איש הורוויץ
					עודנו בימי עלומיו היה
					מורה הוראה בישראל. ובתחלה הי׳ רב
					בק״ק הארחוב (נוב״י יו""ד סי׳ מ״ד)
					ואח״כ נתקבל לאבד״ק גלאגוי למלא מקום
					אביו. ובשנת תקי"				
הקייזער	4	Shivhei-Harav2024-10-29	no_match	0.0			"והנה להציע לפני הקורא את כל הנפלאות אשר נעשה עם הרב הק' תקצר היריעה מהכיל כי אין די
               באר בכתב ומכתב גודל צדקתו וענוות חסידותו אשר הראה במאסר כי השרים אשר קבלו ממנו
               הפורטקא"				
הקיסר	4	Shivhei-Harav2024-10-29	no_match	0.0			"והנה להציע לפני הקורא את כל הנפלאות אשר נעשה עם הרב הק' תקצר היריעה מהכיל כי אין די
               באר בכתב ומכתב גודל צדקתו וענוות חסידותו אשר הראה במאסר כי השרים אשר קבלו ממנו
               הפורטקא"				
יהושיע	4	Shlosha-edrei-zon2025-11-28,Shlosha-edrei-zon2025-11-28_corrected,SipureiAnsheiShem2025-12-01_gemini,Smichat-Moshe_2025-08-26	no_match	0.0			"מעשה נפלאה חדשה מובאת בעז""ה עתה אתחיל לספר ראשית
					התקרבותי אל הצדיקים ההם כי כאשר גמרתי הלימוד
					מלאכת סת״מ בק' בריגיל נחני ה׳ דרך עיר יענדרחויף וכתבתי
					שמה כמה ס""ת ושם נתקשרתי בעבותות התנא"				
אייזק אונגר	4	Shlosha-edrei-zon2025-11-28,Shlosha-edrei-zon2025-11-28_corrected	name_exact	0.85	Biblical_Isaac		"ואז כשהי' הרב ביענדרחוף היו שם ב׳ אחים א' הי' ראש הקהל ושמו
					ר׳ אייזק אונגר ואחיו שמו ר' משה. ור' משה היה אז כבן ששים
					וביום א׳ בא ר' משה ג""כ אל הרב בתוך הבאים והרב היה מדבר
					ד״ת וי״ש כדרכ"				
דוד ליב	4	Shlosha-edrei-zon2025-11-28,Shlosha-edrei-zon2025-11-28_corrected	phonetic	0.5	Biblical_David		"השליח בא עם המכתב והוא לא הי׳ יכול לקרותו הלך
					אל הרב דשם והראהו האגרת אז התחיל הרב
					להתלוצץ כדרך הלצים פולישע פאפירס ור' מיכל התבייש מאד
					ולקח המכתב והלך בפחי נפש והרב הנ""ל הלך מיד על השו"				
אבא אליעזר	4	Shlosha-edrei-zon2025-11-28,Shlosha-edrei-zon2025-11-28_corrected	no_match	0.0			"שאר בג""ה ונסענו לשלום. בע״ש אחר חצות באנו אליו וכאשר
					ראה אותנו הרב קיבל אותנו בספ״י והראה לנו פנים שוחקות
					וקרא להגבאי ר׳ הירשלי ואמר לו שיכין לנו אכסניא קרוב לביתו
					כי כתיב בתורה י""ג פעמ"				
יעקעלי	4	Shlosha-edrei-zon2025-11-28,Shlosha-edrei-zon2025-11-28_corrected	no_match	0.0			"אחי עתה אגלה את כל לבי כמה גדלה התקשרות עבותות
					האהבה בין הני תרי גברי רבא בחייהם ובמותם לא נפרדו .
					הן הרב מווישניצא לא הלך מדלתי ביתו החוצה רק יושב אהל
					באהלו ש""ת נדבה רוחו אותו לעלות לא"				
משה פשעוויסקער	4	Sipurei-Kdoshim-2025-11-28,Sipurei-Kdoshim-2025-11-28_corrected	phonetic	0.5	Biblical_Moses		"ויהי כאשר הקריב לבוא למקום פרשת דרכים וירדם הרב ר׳
					זוסיא על העגלה ויישן והרב ר' משה
						פשעוורסקע נוסע לקראתו וישאל להב""עג אנה תיסע עם הרב ר׳
						זיסיא. ויענהו לאמרו הננו נוסע עד מקום פלוני א"				
הרש״א	4	Sipurei-Kdoshim-2025-11-28,Sipurei-Kdoshim-2025-11-28_corrected	no_match	0.0			"וכן שלישית כ""א בתוספות רעש מרעישות על הראשונה הן המה כת הס""ם אל תירא
					ואל תחת רק התכוון בכונות שמסרתי לך ואז לא יכלו לך ואח""כ יסע מרכבה דוהרה
					בהוד והדר בקול המולה ובתוכה יהיה הס״ם
					בעצמו "				
האדיל	4	Sipurei-Kdoshim-2025-11-28,Sipurei-Kdoshim-2025-11-28_corrected	no_match	0.0			"הבעש״ט לא היה לו בנים זכרים רק בת אחת היה לו ושמה
					האדיל והרבה שנים אחר החתונה לא היה ולד ומסתמא היתה מפצרת מאד את פני אביה
					הצדיק שיתפלל עליה לה׳ שיפתח את רחמה אז ענה הבע״ש ואמר
					לה דעו כ"				
פני יהושע	4	Sipurim-Nehmadim20251129,Sipurim-Nehmadim20251129_corrected	no_match	0.0			"עוד כתב בס׳ הנ""ל כי בעת שהיה הגאון בעל פני יהושע
					זצוק""ל רב בלעמבורג היה אז הבעש״ט מלמד בכפר
					סמוך ללעמבורג והיה אז בהסתר והצנע לכת והיה שם בעל
					תפלה ג״כ ובש""ק נקבצו כל המנין ולמד עמהם הבע"				
לעווינזאהן	4	Sipurim-Nehmadim20251129_corrected	no_match	0.0			"למדן ומופלג גדול ונזדמן שהיה הרה״ק ר׳ אברהם יהושע
					 בהעשיל מאפטא זצוק""לברדיטשוב והיה אז רעש גדול כי נתקבצו
					מכל הערים והכפרים הסמוכים הרבה אנשים ובפרט אנשי
					ברדיטשוב ויבאו כולם לקבל פני הר"				
"רא""י"	4	Smichat-Moshe_2025-08-26,Smichat-Moshe_2025-08-26_corrected	no_match	0.0			"הרעש הזה ואמרו הצדיק מאפטא יבא לכאן והרב ר׳איי הי' ג״כ כעת בבית הצ' בתוך הבאים וכאשר בא
					הצדיק לביתה כיבדו אותו והושיבוהו על הכסא כנהוג ואח״כ ביקש ממנה הצדיק שתספר איזה דבר יקר
					מאחי׳ הקדושים "				
רשכבה״ג	4	Smichat-Moshe_2025-08-26	no_match	0.0			"וא״מ ר״מ מטוסמעניץ הנ״ל הי׳ חתן הגאון מ׳ שמואל בהרב התייר מ׳ אברהם ראש מטיסמעניץ ור׳ שמואל
					הנ""ל הי׳ חתן הגאון מ׳ משה בהרב הגאון החסיד מ׳ יהושע במ""ח ס׳ מגיני שלמה. גם כתוב שם שהרב מ'
					מרדכי ר״"				
מהרי״ג	4	maase-zadikim2025-06-22,maase-zadikim2025-06-22_corrected	no_match	0.0			"מהרב הקדוש הנ""ל
               סיפר הרב הצדיק איש אלקים מהר""צ מזידיטשוב ז""ל. מהתגלגלות
               הסבות מאדון הסבות איך שבא למעזיביז וראה גודל
               קדושת הרב הקדוש הנ""ל. הרב הצדיק מהר""צ "				
"מהר""ם באנעט"	4	maase-zadikim2025-06-22,maase-zadikim2025-06-22_corrected	no_match	0.0			"ובימים האלה כאשר היה הרה״ק בניקלשפורג בא הרב הקדוש
               מוה' אלימלך כי לשחר פני ריעו בביתו כי היו יחדיו
               תלמידים של הרב המגיד דמעזרישט ז""ל. ויהי ביום שבת קודש עבר
             "				
פייוויש	4	maase-zadikim2025-06-22,maase-zadikim2025-06-22_corrected	no_match	0.0			"סיפור נפלא מהרב הקדוש איש האלהים הנ""ל סיפרה הרב הצדיק
               מוהר""רמעשה צדיקים
               מוהר""ר פייוויש מבאלשוועץ ז""ל וכה היו דבריו. אנכי
               שמשתי כל צרכי את מורי ורבי הקדוש מ"				
נתן הנביא	4	maase-zadikim2025-06-22,maase-zadikim2025-06-22_corrected	no_match	0.0			"להרב הצדיק מפרעמישלאן בא אדם אחד ויהי כאשר הביט
               בפניו וירא בובי אותות עבירה שהיה משתדל עם אשת רעהו
               ר""ל. והנה לקרב אותו לתשובה שיכל הרב הצדיק מאוד את פיהו
               ו"				
שמואל נח	4	shivheiZadikim2026-01-10,shivheiZadikim2026-01-10_corrected	phonetic	0.5	Tsadik_017.003		"א מרבינו האר""י הק׳ ותלמידו הרח""ו ז""ל
					ב מהגאון הרבי ר׳ נפתלי כ״ץ מפוזנא
					ג מהגאון רבינו יונתן אייבשיץ מפראג
					ד מהגאון רבינו אלי' מווילנא
					ה מהמגיד הק׳ רבינו ר׳ בער ממעזריטש
					ו מהה״"				
אברהם אבוש	4	shivheiZadikim2026-01-10,shivheiZadikim2026-01-10_corrected	phonetic	0.545	H_Abraham		"א מרבינו האר""י הק׳ ותלמידו הרח""ו ז""ל
					ב מהגאון הרבי ר׳ נפתלי כ״ץ מפוזנא
					ג מהגאון רבינו יונתן אייבשיץ מפראג
					ד מהגאון רבינו אלי' מווילנא
					ה מהמגיד הק׳ רבינו ר׳ בער ממעזריטש
					ו מהה״"				
חנוך העניך הכהן	4	shivheiZadikim2026-01-10,shivheiZadikim2026-01-10_corrected	no_match	0.0			"כא מהגאון ר׳ מרדכי בנעט הרב מניקלשבורג
					כב מהגאון ר׳ עקיבא איגר הרב מפוזנא
					כג מהגאון ר׳ משה סופר הרב מפ״ב
					כד מהגאון ר׳ יעקב הרב מליסא
					כה מהגאון ר׳ ארי׳ ליבוש חריף הרב
					מפלאצק
		"				
מגאסטנין	4	shivheiZadikim2026-01-10,shivheiZadikim2026-01-10_corrected	no_match	0.0			"כא מהגאון ר׳ מרדכי בנעט הרב מניקלשבורג
					כב מהגאון ר׳ עקיבא איגר הרב מפוזנא
					כג מהגאון ר׳ משה סופר הרב מפ״ב
					כד מהגאון ר׳ יעקב הרב מליסא
					כה מהגאון ר׳ ארי׳ ליבוש חריף הרב
					מפלאצק
		"				
גבריאל	4	shivheiZadikim2026-01-10,shivheiZadikim2026-01-10_corrected	no_match	0.0			"לספר הכל. ואח״כ התחיל להשיב לו ואמר לו בפני כולם בזה""ל. תדע שהה״ק מברדיטשוב
					הוא מליץ טוב לפני פמליא ש""מ בעד כל ישראל ומלמד עליהם הנגוריא תנויד לשכך חמת
					הדין העליון מעליהם ולמצוא להם זכות גם "				
אברהם משה	4	shivheiZadikim2026-01-10,shivheiZadikim2026-01-10_corrected	phonetic	0.5	Biblical_Moses		"סיפר הרבני החסיד המפורסם הישיש מוה׳ צבי הירש ז""ל מפארצאווי שהי׳ זוכה להיות
					שלוחא דרחמנא ושלותא דצבורא לפני המקום ב""ה אצל הרבה קדושים ז""ל
					ובפרשיסחא אצל הה״ק הרבי ר׳ בונם ז""ל זכה לקבל שב""ק לפנ"				
מוה	4	shivheiZadikim2026-01-10,shivheiZadikim2026-01-10_corrected	no_match	0.0			"ובהיות הרה״ג החסיד המפורסם כק""ש מוה׳ יחיאל מיכל נ""י אבד""ק שטפש בווארשא
					ונכנס לבקר את פני קדשו של הה״ק מוה׳ יעקב ז""ל מק' ראדזיקין בחלייו
					שמח הרה״ק מוהר""י ז""ל עמו בבואי לשחר פניו. והתחיל לדבר "				
מלייפנא	4	shivheiZadikim2026-01-10	no_match	0.0			"טרם כניסתו לבית הה״ק ז""ל. בכל עת זכרו המעשה הנוראה. ובכ״ז חיזק את לבו
					לכנוס. וכשבא אל הפרוזדור ורצה להניח ידו על כפות המנעול לפתוח הדלת נשמטה ידו
					ונרתע לאחוריו מגודל פחד ורעדה לגשת אל הה״ק. "				
׳ זעליג	4	shivheiZadikim2026-01-10,shivheiZadikim2026-01-10_corrected	no_match	0.0			"ואדמו״ר הה״ק מוהר״מ מענדל ז""ל מקאצק. חיבבו מאד וישב עמו יחד בחדרו
					פנימי בסתר כמה שעות בהמתחת סודותם בהדרי קודש ואמר עליו דיבורים
					גדולים. ובס׳ מרום הרים שחבר נכדו הרב מלובראנץ הנ""ל מביא שהיה "				
מ׳ זעליג	4	shivheiZadikim2026-01-10,shivheiZadikim2026-01-10_corrected	no_match	0.0			"עוד מהה״ק מ׳ זעליג ז""ל משרענצק סיפור נפלא מאד"				
׳ בונם	4	shivheiZadikim2026-01-10,shivheiZadikim2026-01-10_corrected	no_match	0.0			"סביבו ללוותו. שקשה עליו לישא על גופו האדרת שער הזה בהליכתו למקום אי נקי שסר
					שמה לעשות צרכיו והשליכו מעליו ונתנו לר""ז הנ""ל ולא מש משם עד שהיה מוכרח הר״ז
					ז""ל להלביש את עצמו בו. באמרו אליו דרך "				
"המהרש""ל"	4	shivheiZadikim2026-01-10,shivheiZadikim2026-01-10_corrected	no_match	0.0			"מתורתו הק׳ לגלות צפונות מסתרי התורה : ולעמוד על סודה והחבירים הקדושים ה״ה
					המהרש""ל והרמ״א מרחוק בשמעם דרכו בקודש להשתמש בשמות הקדושים ולסלול לו דרך
					אחר ע""ד סוד ה׳ ליריאיו במנהגים אחרים חשבוהו"				
"גר""ח"	4	shivheiZadikim2026-01-10,shivheiZadikim2026-01-10_corrected	no_match	0.0			"פ״א בא תלמידו של הגר""א ז""ל מווילנא ה""ה הגאון הצדיק ר׳ חיים מוולאזיו ז""ל בעל ס׳
					נפש החיים לווילנא בעש""ק ולא היה אצל רבו הק׳ הגר""א ז""ל באותו יום וכשהלך
					לבית המרחץ לכבוד שבת ובטרם התחיל לפשוט מ"				
מ׳ דוד לוריא	4	shivheiZadikim2026-01-10,shivheiZadikim2026-01-10_corrected	no_match	0.0			"עוד סיפר רב א׳ גדול בתורה שהיה בנו של רב א׳ מתלמידי הגר״א ז״ל לפני הרב
					הגאון הצדיק מ׳ דוד לוריא ז""ל מבוחאב שפ""א היה בווילנא ובא לפני הגר""א ז""ל
					לחדרו וראה שהוא הולך ושונה משנתו בדביקות נפלאה "				
מ׳ שאול	4	shivheiZadikim2026-01-10,shivheiZadikim2026-01-10_corrected	no_match	0.0			"ובהקדמת נכדו לספרא דצניעותא כתב שהגר""א ז""ל זקנו היה חוזר מדי יום ביום
					מאה דפין. וסיפר עוד הגאון מ׳ שאול ז""ל אבד""ק ווילנא שפ""א נכנס
					אצלו קודם התפלה ומצא פתוח לפניו מס׳ חוליו עד פ׳ בהמה המקשה "				
גר״א	4	shivheiZadikim2026-01-10_corrected	no_match	0.0			"נתפלא הגר״א ז״ל עליו כנ״ל. וכשסיפרו תשובת הגר״א ז״ל. לפני הה״ק הרבי ר׳ זושא
					ז""ל. שתמה ע""ז שידע את הענין שבירושלמי להשיב להאיש הנ""ל. ענה ואמר בזה""ל
					אמנם כנים דבריו שאנכי לא ידעתי כלל מדברי הי"				
רון	4	tmimei_derech_2026-01-10,tmimei_derech_2026-01-10_corrected	no_match	0.0			"שרה אמנו למה רימיתנו הלזאת שמנו נפשנו בכפנו למות
					ביד הפתנים האכזרים אם גם אתה אינך אתנו ובספר לא
					ראינו מאום. למה לנו חיים. וירבו כן בבכי עד כי נלאו
					להרים עוד קול ויפלו על פניהם ארצה. וי"				
מלכה	4	tmimei_derech_2026-01-10	no_match	0.0			"ר לו מאוד לגרש היהודים אשר אהבת נפש אהבם.
					וגם לכל מרכולתיו ומסחריו אך המה הרוכלים והסוחרים.
					כל מערביו אך המה ערבו לו. ורב הנזק אם יגרשם
					וגם פחד וחרד מהמלכים אשר סביבו אולי יקנאו קנאת
		"				
בת הבעש״ט	3	Adat-Zadikim2024-09-25b,Khal-Hasidim2024-9-25,Sipurei-Kdoshim-2025-11-28	phonetic	0.727	Tsadik_001.001		"מעשה מנסיעת הבעש״ט לקאנסטאנטינאפל אשר רצה לנסוע
                        לא""י וזו המעשה הי' מספר הגאון הק׳ האלקי ר׳
                        ישראל דוב מווילעדניק זצ""ל ביום
                    שביעי של פ"				
הבש״ט	3	Adat-Zadikim2024-09-25b,Adat-Zadikim2024-09-25b_corrected,Shlosha-edrei-zon2025-11-28_corrected	no_match	0.0			"המעשה המבואר בשבחי בעש״ט מהבעש״ט אשר היה אצל הדירזאווצעס
                    דק' סלוצק הרכיב שם חמר גמל ולא סיפרה
                    לאמיתה והוא לא אשם בזה כי עבור המרחק רב אשר מהעיר הנ""ל להכותב שבחי"				
גארדע	3	Adat-Zadikim2024-09-25b_corrected	name_exact	0.95	Tsadik_012.124		"מעשה נוראה מאדונינו האלקי רשכב""ה הרב המגיד הגדול
                            מ איך המשיך אליו מעזריטשהדאקטער גארדע עד שנעשה צדיק גדול זכותם יגן
                    עלינו אמן : איש אחד משועי ואצילי ויל"				
דוד משה	3	Buzina_Denehora20251129,Shemen-Hatov2025-12-01_gemini	phonetic	0.5	Biblical_Moses		"עט״ר הה""ק מו""ה ישראל שליט״א יקח אי""ה ספר
					תעודת אדונינו מורינו ורבינו ראש גולת אריאל בוצינא דנהורא
					וקדישא. אספקלריא המאירה איש אלקים מופת הדור
					והדרו אור ישראל וקדושו המפורסם בכל קצוי ארץ"				
"שי""ת"	3	Buzina_Denehora20251129,Maasiot-veSihot-Zadikim2026-01-10,Maasiot-veSihot-Zadikim2026-01-10_corrected	no_match	0.0			"מעשים טובים. מפני מה לא תעשה הלבנה רצוני. בודאי שעונות
					גרמו זאת. וידעתי שצריך לי תשובה גדולה על עונותי. אך שהשי״ת
					יודע האמת שאין בי כח לעשות תשובה רק אתחרט על כל מעשי
					והשי""ת ירחם עלי ופ"				
״י	3	Buzina_Denehora20251129,shivheiZadikim2026-01-10	no_match	0.0			"וזהו כוונת
					ר״י שאמר כמה נפיש האי גברא. ממש״ה. וכו׳ פי׳ נפשות
					הגם בחלוקת המים להאי גברא. לא הי׳ זה רק מטשה. שמחמת"				
אביי	3	Buzina_Denehora20251129	no_match	0.0			"אמר שתמי' לו האיך אדם יכול ללמוד גמרא. כגון אביי אמר
					הכי. ורבא אמר הכי הא אביי הוא מעולם אחר. ורבא
					הוא מעולם אחר. ואיך אפשר לשנותם יחד ואמר שאם רוצה לשנות
					מילי דאביי צריך מקודם לקשור את"				
תנא	3	Buzina_Denehora20251129,Buzina_Denehora20251129_corrected	no_match	0.0			"אמר שתמי' לו האיך אדם יכול ללמוד גמרא. כגון אביי אמר
					הכי. ורבא אמר הכי הא אביי הוא מעולם אחר. ורבא
					הוא מעולם אחר. ואיך אפשר לשנותם יחד ואמר שאם רוצה לשנות
					מילי דאביי צריך מקודם לקשור את"				
רש	3	Buzina_Denehora20251129,Hitgalut-HaZadikim2025-12-01_gemini	name_exact	0.95	Tsadik_017.003		"פעם אחת הי׳ בדיחא דעתיה בפורים ואמר מי שישאל אותו
					כל חללא דעלמא יאמר להם. שאלו אותו הלא כל
					המגלה היא פרסומא ניסא. מה שייכות למגלה זה הפסוק וישם
					המלך מס על הארץ ואיי הים והשיב שראה אחשור"				
"ה""ג"	3	Buzina_Denehora20251129,shivheiZadikim2026-01-10,shivheiZadikim2026-01-10_corrected	no_match	0.0			"פ״א ישב בשלחן. ולפניו כמה צדיקים. ופתח לחרף ולבזות את
					הצדיקים. שכבר נסתלקו עוד ממאה שנים. ותמהו כל
					השומעים. ואח״כ שאלו אותו מקורביו על אודותיו. אמר להם.
					מה אתם אין מתמיהים על אנשי כה""ג."				
בלעם	3	Buzina_Denehora20251129,Maasiot-veSihot-Zadikim2026-01-10_corrected,Mifalot-HaZadikim2025-06-22_corrected	no_match	0.0			"מה טובו אוהליך יעקב. פרש""י ראה פתחיהן שאינם מכוונים
					זה מול זה ע״כ פי' לפירושו עפ""י דאיתא פתחו לי כפתחו
					של מחט ואני אפתח לכם כפתחו של אולם. וזה כוונת רש״י
					אין פתחיהן מכוונים פי' פתחו דיש"				
הרשב״י	3	Buzina_Denehora20251129,Buzina_Denehora20251129_corrected	phonetic	0.667	Biblical_ShimonBarYochai		"פ""א ישב בסעודה בחמשה עשר בשבט. והי׳ בדיחא דעתי׳ מאוד
					וסיפר חלום אחד אשר חלם לו שישבו מסובין אצל השלחן
					כמה וכמה צדיקים. מהם שהיו עוד בחיים חיותן. ומקצתם שהיו
					בעלמא דקשוט. והרשב""י ישב ברא"				
פנחם	3	Buzina_Denehora20251129,Buzina_Denehora20251129_corrected	no_match	0.0			"פ״א דבר מהמפורסמים שבדורו. וחרה עליהם בחרי אף
					גדול. אשר מתעטפים בטלית שאינם שלהם ואומרים
					תורה. עפ""י קבלה. ומתפללים בכוונות. ואמר רצוני לשאול
					להם על הכוונות. שהמה מתפללים. היודעים המה מה"				
ח	3	Buzina_Denehora20251129,Sefer-Moraim-Gdolim2025-11-28	no_match	0.0			"סיפר ר׳ אביגדר מק׳ ליטין שנסע הרב הק' ר׳ חיים
					טשערניוויצער מן וואליחיי מק' באטישאהן לק׳ מעזיביז.
					על קבר הבעש״ט. וכשבא לק׳ מעזיבוז. לא הי׳ הרב ר״ר ברוך
					בביתו. שיום אז קודם ביאת הרב ר׳ חי"				
סיקאל	3	Buzina_Denehora20251129,Buzina_Denehora20251129_corrected	no_match	0.0			"הרב מסיקאל. מאוד הפליא לפניו את רב אחד לצדיק גדול.
					ושאל אותו רר""ב. על מדותיו. ואמר לו הרב מסיקאל
					שהוא לוקח מעט מעות: אמר לו הרב ר״ב אדרבה בשביל שהוא
					ליקח מעט מעות. נראה שאינו גדול כמו ש"				
שעפטיל	3	Hitgalut-HaZadikim2025-12-01_gemini,MaasyiotMzadikeiYesodeiOlam_20251128_corrected	no_match	0.0			"סיפר לי הרב ר׳ הירש מבאלחוב ששמע מפי מגידי אמת שהגאון רבי ר' העשיל
					ז״ל בשנת ת״ח הלך לעיר ווינא. והיה שם אב""ד מוהר״ר שעפטיל זצ""ל
					בעהמ״ח ספר ווי העמודים ולא החשיב כ״כ להרבי ר' העשיל. והרבי ר' "				
בונם מפרשיסחא	3	Hitgalut-HaZadikim2025-12-01_gemini,shivheiZadikim2026-01-10_corrected	no_match	0.0			"ושמעתי בשם אדמו״ר רבי ר׳ בונם מפרשיסחא זצוקללה״ה שהעולם אינם
					כדאים שיתגלו חידושי הגאון הקדוש רבי ר' העשיל זצ""ל מקראקא
					וחידושי הרב היהודי הקדוש זצוקללה״ה : (ספר רמתים צופים אות כ״ה) :"	H-LOC_63			
נתן דוד	3	Hitgalut-HaZadikim2025-12-01_gemini	phonetic	0.5	Biblical_David		"הרב הצדיק הקדוש המפורסם מרן ר׳ נתן דוד זצוק""ל משידלאווצי היה דרכו בקודש
					בכל קודם חג הפסח שלח להרב הצדיק הקדוש המפורסם ר משה מלעלוב
					וצוק""ל יין וי״ש של פסח הנעשה בביתו. והרה״ק ר״מ הנ""ל שלח בחז"				
לוי יצחקיל	3	Hitgalut-HaZadikim2025-12-01_gemini	phonetic	0.75	Tsadik_023.001		"הרב הצדיק בוצינא קדישא המפורסם מרן ר׳ יחזקאל מקאזמיר זצוקללה""ה ישב
					פעם אחת בסעודה עם אנשי שלומיו ביומא הלולא של רבינו הגאון הקדוש
					זצוק""ל מבארדיטשוב הנ""ל. ושאל הרה״ק ר׳ יחזקאל לאנ""ש אם יש בכא"				
ירחמיאל	3	Hitgalut-HaZadikim2025-12-01_gemini	no_match	0.0			"באה פתאום ילדה קטנה בת מרן הקדוש הרבי ר׳ ירחמיאל זצוקללה״ה בן רבינו
					הקדוש היהודי זצוק""ל וספר שבט מוסר בידה ומסרה הספר להרבי ר׳ בונם וראה
					שדף אחד היה נכפל לסימן לעיין שם ויהי כאשר פתח שם ועיי"				
יהודא ליב	3	Hitgalut-HaZadikim2025-12-01_gemini,Shivhei-Harav2024-10-29,Shivhei-Harav2024-10-29_corrected	no_match	0.0			"מעשה נוראה ונפלאה מאוד מהרב הגאון הקדוש ציס״ע מיפה״דמופה""ד
					יהודא ליב זצוק""ל אבד״ק ואקולקוב וזאוויחוואסט
					בעל ליקוטי מהרי""ל"				
שמואל שמעלקא	3	Hitgalut-HaZadikim2025-12-01_gemini,Shemen-Hatov2025-12-01_gemini,Smichat-Moshe_2025-08-26	name_exact	0.95	Tsadik_017.003		"ויהי פעם אחת בהימים שבין כסא לעשור. אשר אז נמצאים כל החסידים הגדולים
					ואנשי מעשה אצל הרבנים הקדושים ללמוד אצלם דרכי עבודת השי""ת. באו
					אז איזה יחידי סגולה חסידים גדולים אנשי מעשה. בחצות הלילה. "				
"אאע""ה"	3	Khal-Hasidim2024-9-25,Khal-Hasidim2024-9-25_corrected,Shivei-Habesht2024-12-15_corrected	no_match	0.0			"ויהי אחרי כן שכר הרב מוהר""ג בשבילו איזה כפר שיתפרנס שם ושם
                    קנה שלמות רב כי בנה לעצמו בית התבודדת היער ושם היה מתפלל ולומד כל הימים לרבות
                    הלילות כל השבוע רק משבת"				
אלכסנדר שוחט	3	Khal-Hasidim2024-9-25,Khal-Hasidim2024-9-25_corrected,Shivei-Habesht2024-12-15_corrected	no_match	0.0			"ראשית דבר שמעתי מפי חותני זצל״ה ה""ה מו״הר אלכסנדר שוחט שהיה
                    אצל הרב החסיד הקדוש רבן של כל בני הגולה מורינו ורבינו מו' ישראל בעש""ט
                            ממעזיבוז שהיה אצלו
   "				
סענדירל	3	Khal-Hasidim2024-9-25,Khal-Hasidim2024-9-25_corrected,Shivei-Habesht2024-12-15_corrected	no_match	0.0			"ראשית דבר שמעתי מפי חותני זצל״ה ה""ה מו״הר אלכסנדר שוחט שהיה
                    אצל הרב החסיד הקדוש רבן של כל בני הגולה מורינו ורבינו מו' ישראל בעש""ט
                            ממעזיבוז שהיה אצלו
   "				
אברהם פודליסקער	3	Khal-Hasidim2024-9-25,Khal-Hasidim2024-9-25_corrected,Shivei-Habesht2024-12-15_corrected	no_match	0.0			"מעשה שהי' שנס ובא לעיר קריבוש והי' אב""ד
                    בעיר הנ""ל הרב החסיד ר' אבא שהי׳ אח״כ אב""ד בק""ק שדה לבן והיה אצל אב""ד הנ""ל אורח מחותן שלו והיו
                    מפלפלים על משנה אחת וכשבא "				
ש״צ	3	Khal-Hasidim2024-9-25,Khal-Hasidim2024-9-25_corrected	no_match	0.0			"שמעתי מר׳ יואל מ""מ דק""ק נעמרוב ותמיד
                    היה אצל הרב דק""ק פולנאי בק""ק ראשקיב ובק'
                        שאריגראד ובק""ק נעמרוב שמעתי
                    ממנו שפ״א שבת הבעש״ט
         "				
יוסף אשכנזי	3	Khal-Hasidim2024-9-25,Khal-Hasidim2024-9-25_corrected	name_exact	0.95	Tsadik_012.056		"שמעתי מר' פאלק אב""ד דק""ק טיטשיניק פ״א
                    במוצאי שבת צוה הבעש״ט לחתן חורגו
                    הרה""ק ר׳ יוסף אשכנזי שיאמר לפניו עין יעקב והוא שכב על המטה
                    ושמע מפיו "				
שמואל הנביא	3	Khal-Hasidim2024-9-25,Khal-Hasidim2024-9-25_corrected,Shivei-Habesht2024-12-15_corrected	no_match	0.0			"שמעתי מהרב דק""ק פולנאי ומהרב דקהלתינו שרב נחמן מקאסוב הי׳ לו קרוב אחד ושמו ר׳ יודל
                            מטשידנוב אביו שלו ר׳
                        יוסף הי' מוכיח ודרכו של ר׳ יודל שלא הי' רוצה"				
זאב קיצעס	3	Khal-Hasidim2024-9-25,Khal-Hasidim2024-9-25_corrected	phonetic	0.4	Tsadik_012.039		"שמעתי מאיש אחד ששמע מפי הסופר הר׳ צבי
                    ז""ל שהבעש״ט נשתדך עם הרה""ק ר'
                        זאב קיצעס ביתום וביתומה שגדלו בביתם היתומה נתגדלה בבית
                        הבעש""ט וה"				
"מהר""ז"	3	Khal-Hasidim2024-9-25,Khal-Hasidim2024-9-25_corrected,Shlosha-edrei-zon2025-11-28_corrected	no_match	0.0			"שמעתי מאיש אחד ששמע מפי הסופר הר׳ צבי
                    ז""ל שהבעש״ט נשתדך עם הרה""ק ר'
                        זאב קיצעס ביתום וביתומה שגדלו בביתם היתומה נתגדלה בבית
                        הבעש""ט וה"				
שאול המלך	3	Khal-Hasidim2024-9-25,Khal-Hasidim2024-9-25_corrected,Shivei-Habesht2024-12-15_corrected	no_match	0.0			"הרב מ׳ נחמן קאסווער היה מתנגד
                        להבעש""ט [ושמעתי שהבעש״ט הי' מנשמת דע""ה והרב
                        מוהר״ן מנשמת שאול המלך ע""ה גלל כן
                    הי' עוין את דוד כל הימים"				
משה אויסטריער	3	Khal-Hasidim2024-9-25,Khal-Hasidim2024-9-25_corrected	phonetic	0.5	Biblical_Moses		"בעיר בראד היה איש אחד מופלג בתורה ויראה ונקרא בימיו
                        הרב מלוצק יען כי בימי חורפו היה
                    רב בלוצק ואח״כ ברך לו ד' בהון ועושר וישלך מעליו העול
                   "				
פנחס מלמד	3	Khal-Hasidim2024-9-25,Khal-Hasidim2024-9-25_corrected,Shivei-Habesht2024-12-15_corrected	phonetic	0.364	Tsadik_003.002		"גם שמעתי מר' פנחס מלמד שהיה מקודם מ״מ וכמדומהלי שהמעשה הי'
                    בק""ק צפת והיה שם הרב דק""ק הנ׳ הנק'
                    בלשונם חכם והיה איש טוב מאד והיה אוהב לר""ג פ""א אמר
               "				
יהודא גרשון	3	Khal-Hasidim2024-9-25,Khal-Hasidim2024-9-25_corrected,maase-zadikim2025-06-22_corrected	no_match	0.0			"סיפר הרב הצדיק איש אלקים מהר״צ מזידיטשוב ז""ל. מהתגלגלות הסבות מאדון הסבות איך
                    שבא למעזיביז וראה גודל קדושת הרב הקדוש
                    הנ""ל. הרב הצדיק מהר""צ הי' מסתופף בצל הקודש "				
"ש""ז"	3	Khal-Hasidim2024-9-25	name_exact	0.95	Tsadik_027.001		"איש הי' בארץ רוסי' הלבינה בעיר
                        לאזנע ושמו ר' ברוך ויולד האיש
                    לעת זקנתו שני בנים ויקרא שם האחד שניאור
                        זלמן ושם השני קרא יהודה ליב וכא"				
הקייסר פאוויל	3	Khal-Hasidim2024-9-25	no_match	0.0			"איש הי' בארץ רוסי' הלבינה בעיר
                        לאזנע ושמו ר' ברוך ויולד האיש
                    לעת זקנתו שני בנים ויקרא שם האחד שניאור
                        זלמן ושם השני קרא יהודה ליב וכא"				
ליב יאנוויטשער	3	Khal-Hasidim2024-9-25,Shivhei-Harav2024-10-29,Shivhei-Harav2024-10-29_corrected	name_exact	0.85	Tsadik_012.048		"איש הי' בארץ רוסי' הלבינה בעיר
                        לאזנע ושמו ר' ברוך ויולד האיש
                    לעת זקנתו שני בנים ויקרא שם האחד שניאור
                        זלמן ושם השני קרא יהודה ליב וכא"				
מרדכי לעפלער	3	Khal-Hasidim2024-9-25,Shivhei-Harav2024-10-29,Shivhei-Harav2024-10-29_corrected	phonetic	0.538	Tsadik_012.301		"איש הי' בארץ רוסי' הלבינה בעיר
                        לאזנע ושמו ר' ברוך ויולד האיש
                    לעת זקנתו שני בנים ויקרא שם האחד שניאור
                        זלמן ושם השני קרא יהודה ליב וכא"				
"מוהרא""ה"	3	Khal-Hasidim2024-9-25,Khal-Hasidim2024-9-25_corrected,Shivhei-Harav2024-10-29_corrected	phonetic	0.4	Tsadik_017.003		"ועתה נכתוב אפס קצהו מפטירת הרב הקדוש מוהרא""ה לגן עדן העליון
                    זי""ע : ויהי ביום הושענא רבה בשנת תקפ""ט התפלל הרב לפני התיבה כדרכו תמיד אשר דלג
                    פזז ורקד בעת תפילתו כ"				
אחאב	3	Khal-Hasidim2024-9-25,Khal-Hasidim2024-9-25_corrected,maase-zadikim2025-06-22_corrected	no_match	0.0			"אמר הרב הקדוש מו""ה אלימלך ז""ל האונאה
                    בעבודה סכנה גדולה מאוד. ומעשה שהיה בהרב הצדיק קדוש עליון מהר""י
                            מלובלין שנסע
                        לליזענסק להקדוש"				
שניאור זלמן מלאדי	3	Khal-Hasidim2024-9-25,Shemen-Hatov2025-12-01_gemini,Sipurei-Zadikim2025-06-22	phonetic	0.6	Tsadik_027.001		"ועתה נציע סדר הסתלקותו שלו לעולם העליון ומדי דברי בזה נציע את אשר גרענו בחפזנו
                    לספר מפטירת אבי הרב אשר היה חייט בפלעצק כי קודם מותו נעשה
                    בנו רב מפורסם כאשר כתבנ"				
פיוויש	3	Khal-Hasidim2024-9-25,Khal-Hasidim2024-9-25_corrected	no_match	0.0			"סיפור נפלא מהרב הקדוש איש האלהים הנ""ל סיפרה הרב הצדיק מוהר""ר פייוויש
                        מבאלשוועץ ז""ל וכה היו דבריו. אנכי שמשתי כל צרכי את מורי ורבי
                    הקדוש מוהר""ר אלימלך ז""ל בע"				
המגיד הק'	3	Khal-Hasidim2024-9-25	name_exact	0.95	Tsadik_002.001		"פעם אחת כחצות הלילה והמשמש הנ""ל שכב על משכבו בלילות ותדד שנתו מעיניו וכשכבו
                    בעמקי רעיונותי' שמע קול איש מוזר יוצא מהבית אשר המגיד הקדוש ישב בה ברוב בכי ויללה נורא מאוד ותפול עליו א"				
גדלי׳	3	Khal-Hasidim2024-9-25,Khal-Hasidim2024-9-25_corrected	no_match	0.0			": פ""א בא שליח מכפר הסמך לזעלחאב להרב
                        ר""ג הנזכר שיבוא לשם למול תינוק אחד ולהכניסו בבריתו של
                    א""א כי הר׳ גדלי' הי' מוהל ועת מלחמה הי' אז והי׳ מתירא כל
        "				
יוסף קארו	3	Khal-Hasidim2024-9-25,Khal-Hasidim2024-9-25_corrected,SipurimUmaamarimYekarim_Hebrewbooks_org_3804_gemini	no_match	0.0			"ויהי בשנת ה׳ אלפים של״ג ביום ל""ג בעומר אשר נתמלא לרבינו ל""ג שנים מיום הולדו. עלה
                    רבינו הקדוש לשמים ושבק לנו החיים. מובן זאת לכל בר דעה אשר כל העיר קראקא וכל סביבותיה רבנים זקנים וח"				
אור החיים	3	Khal-Hasidim2024-9-25_corrected,Shemen-Hatov2025-12-01_gemini	no_match	0.0			"נודע לכל ומפורסם הנסיעה מהבעש״ט ז""ל
                    לארץ הקדושה כי רצה לראות א""ע עם הרב הקדוש האלקי בעל  ומן השמים עכבוהו והיה לו צרות גדולות בדרך
                    עד שפעם אחת נעצב וסר רוחו הקד"				
פסח	3	Khal-Hasidim2024-9-25_corrected,Sipurim-Nehmadim20251129	no_match	0.0			"שמעתי מר' פסח בנו של ר׳ יעקב מ
                        שקאמינקעהבעש״ט הי' בדרך ובא לעיר אחת
                    ושמע כרוז שיתאכסן בבית פלוני ובא לבית הנ""ל ולא רצו לקבל אותו על האכסני' הלז מחמת
       "				
שניאור	3	Khal-Hasidim2024-9-25_corrected,Mifalot-HaZadikim2025-06-22,Mifalot-HaZadikim2025-06-22_corrected	phonetic	0.444	Tsadik_027.001		"שמעתי מרבי שניאור נכד רב נחמן שרב יודיל
                    היה אצל רב נחמן בק""ק לאדמיר ורב נחמן בנה
                    שם בהמ״ד על המים ממש והמרחץ היה סמוך לבהמ״ד והלכו בשבת בבוקר למקוה ורב
        "				
דוד סופר	3	Khal-Hasidim2024-9-25_corrected,SipurimUmaamarimYekarim_Hebrewbooks_org_3804_gemini	phonetic	0.5	Biblical_David		"שמעתי שהיה כומר א' בק""ק מעזיבוז אצל
                    הקאמיסר ועשה צרות גדולות לישראל מאותן העיר ובני העיר היו מציקים את
                        הבעש""ט שיתפלל לגרש אותו מן העיר ואמר אינני
          "				
יוחנן בן זכאי	3	Khal-Hasidim2024-9-25_corrected,Shivhei-Harav2024-10-29_corrected	no_match	0.0			"ויהי אחרי הסתלקות
                        הסתלקית הרב המגיד נתפזרו התלמידים לכל מקומות מושבותיהם
                    ללמד תורתו ברבים והרביצו תלמידים הלא המה הקדושים אשר בארץ המה ותלמידי תלמידיהם
    "				
הזקן	3	Khal-Hasidim2024-9-25_corrected	no_match	0.0			"ועתה נציע לפני הקורא מעשה אחת ממופתיו הרבים כאשר יעדנו בהתחלת דיבורנו זה : הנה
                    בעיר אחת מעיירות הסמוכות לספאלע היתה עגונה אחת אשר עזבה
                    אותה בעל נעוריה וחמש עשרה"				
פיטאצקי	3	Khal-Hasidim2024-9-25_corrected,PeerMikdoshim2024-10-13,PeerMikdoshim2024-10-13_corrected	no_match	0.0			"בליזענסק ישב הצדיק הקדוש הזה. והעיר ההוא
                    היתה תחת -ממשלת אדון אחד שמו פאטאצקי הי׳ שייך לו כל שליסל
                        ראמניב וישב בהכפר שלו פאסעסאר יהודי אשר היה מאמין מאד
   "				
"הרה""ק"	3	Khal-Hasidim2024-9-25_corrected	no_match	0.0			"מעשה נוראה בימי הצדיקים הקדושים ה""ה הרב המגיד
                        הקדוש מ והרב הקדוש
                    ר׳ קאזניץיעקב יצחק הלוי מ ז""ל זי""ע : מעשה שהיה איש אחד ממקורביו של
                        "				
דוד בן ישי	3	Khal-Kdoshim2025-06-22,Maasiot-veSihot-Zadikim2026-01-10,Maasiot-veSihot-Zadikim2026-01-10_corrected	no_match	0.0			"ומדי דברי בא במשטמת הישמעאלים אספר עוד מעשה נפלאה אשר בה נחזה כי ישראל נושע בה׳ תשועת
               עולמים גם עד נצח יוושעו משוכן מרומים לא אחד בלבד עמד עלינו לכלותינו. אלא שבכל דור
               וד"				
מרדכי יפה	3	Khal-Kdoshim2025-06-22,Khal-Kdoshim2025-06-22_corrected	phonetic	0.429	Tsadik_012.301		"הגאון ר׳ מרדכי
                  יפה היה אב""ד ור״מ בקהלת קטנות מקדם והרים ה׳ כסאו והגדיל למעלה שבאו
               שלוחים מק""ק פוזנא לקבלו עליהם לאב""ד ור""מ כי היה
               גאון רב בנגלה ובנסתר כ"				
"ורנ""ת"	3	Kokhvei-Or2025-11-29	no_match	0.0			"מהדורא בתדא
					מורנ""ת ז""ל ע""י אמירתו ודיבורו של ההתגלות הזה לבד עד
					שתביא גם אותו לההתבטלות מגשמיותו הזאת :"				
יצחק יהודא	3	Kokhvei-Or2025-11-29,Kokhvei-Or2025-11-29_corrected,Smichat-Moshe_2025-08-26	no_match	0.0			"ר׳ יצחק יהודא ז""ל מטעפליק קודם התקרבותו
					לאדומו״ר ז""ל היה מפורסם וכמה
					אנשים מעיירות רבות היו נותנים לו פדיונות ואחר כך
					כשהכיר אמתתו של אדומו""ר ז""ל עזב והרחיק מעל עצמו
					הנהגת פירסומו "				
אברהם בן עזרא	3	Maasiot-Pliot2026-01-10,Maasiot-Pliot2026-01-10_corrected	no_match	0.0			"א מעשה נוראה מהחכם הגדול קדוש אלקי רבינו אברהם בן עזרא.
					ב מעשה מהגאון המקובל הק׳ והטהור רבי נפתלי כ״ץ בעל סמיכות חכמים.
					ג מעשה בחסיד אחד ציוה את בנו לזרוק פתו במים כל ימיו ומקיים כבוד אב.
		"				
חיים יוסף דוד אזולאי	3	Maasiot-Pliot2026-01-10,Maasiot-Pliot2026-01-10_corrected	phonetic	0.5	tempH-69		"א מעשה נוראה מהחכם הגדול קדוש אלקי רבינו אברהם בן עזרא.
					ב מעשה מהגאון המקובל הק׳ והטהור רבי נפתלי כ״ץ בעל סמיכות חכמים.
					ג מעשה בחסיד אחד ציוה את בנו לזרוק פתו במים כל ימיו ומקיים כבוד אב.
		"				
יחיאל מצרפת	3	Maasiot-Pliot2026-01-10,Maasiot-Pliot2026-01-10_corrected	no_match	0.0			"א מעשה נוראה מהחכם הגדול קדוש אלקי רבינו אברהם בן עזרא.
					ב מעשה מהגאון המקובל הק׳ והטהור רבי נפתלי כ״ץ בעל סמיכות חכמים.
					ג מעשה בחסיד אחד ציוה את בנו לזרוק פתו במים כל ימיו ומקיים כבוד אב.
		"				
״ר	3	Maasiot-Pliot2026-01-10,Maasiot-veSihot-Zadikim2026-01-10,Maasiot-veSihot-Zadikim2026-01-10_corrected	no_match	0.0			"הנה הגאון הנודע ע״פ תבל ומקובל מהור״ר נפתלי כ״ץ ז""ל
					שהי׳ אב""ד דק""ק אוסטראה ובק""ק פוזין ובק""ק פראנקפורט
					דמיין לעת זקנתו ונסע עם אשתו הרבנות לארץ הקדושה. ויהי
					בבואו לעיר הגדולה סטאמבול הנ"				
יחזקיהו	3	Maasiot-Pliot2026-01-10,Maasiot-Pliot2026-01-10_corrected	no_match	0.0			"בכח ויסגור הדלת ויאמר אל סופר שיכתוב שמות הקדושים על
					כל החלונות בהחדר וגם על הפתח. ועל העם הנצבים עליו
					נפלה חרדה גדולה מאוד על מה ששמעו דבריו. ויאמר אל
					האנשים שילכו חוצה מפתח ביתו רק הס"				
שפיפון בן ליש	3	Maasiot-Pliot2026-01-10,Maasiot-Pliot2026-01-10_corrected	no_match	0.0			"סבר לאותו תנין עשה עצמו כעין גשר ועבר עליו בן סבר ולא
					הזיקו כיון שעבר מן הנהר פגע בו אדם אחד שהי' מכוער
					ביותר אמר לו אתה בן סבר אמר לו הן אמר לו מאין באת
					והוא הסיח לו מה שאירע לו אמר הא"				
נסים	3	Maasiot-Pliot2026-01-10	no_match	0.0			"ובא מועד ואין כל מאומה בידו ויקומו כל בניו וכל בנותיו
					ויחלצוהו לאמר מה לך נרדם הנה יום בא לה׳ הגיע זמן ביעור
					חמץ ולמה נמות לעיניך כי לא נעשה כפסח הזה לאכול חמץ
					בפסח. ויהי כי לחצוהו וזל "				
שבתי מראשקיב	3	Maasiot-Pliot2026-01-10,Maasiot-Pliot2026-01-10_corrected	no_match	0.0			יז. מעשה מהגאון הקדוש רבי שבתי מראשקיב.				
נפתלי מראפשיץ	3	Maasiot-Pliot2026-01-10,Maasiot-Pliot2026-01-10_corrected,Shemen-Hatov2025-12-01_gemini	phonetic	0.526	Tsadik_055.006		כא. מעשה מהרב הצדיק הקדוש רבי ר׳ נפתלי מראפשיץ.				
מראפשיטץ	3	Maasiot-Pliot2026-01-10	phonetic	0.571	Tsadik_055.006		"דאורייתא והוא יודע שפלותו שאינו ראוי לכך וירא לנפשו אולי
					הוא ח""ו מצד אחר. ותיכף בליל מוש""ק ביקש מאת האיש הוא
					החסיד ר' פישעל סופר שילך עמו לאדמו״ר לפריסטיק לכבוד
					איש אלקי רבי רבי מענדלי "				
ח״ס	3	Maasiot-Pliot2026-01-10_corrected,Shemen-Hatov2025-12-01_gemini	no_match	0.0			"והי׳ ריב גדול בין הצדדים ומתדיינים בהדבר עד שנגשו אל
					המשפט לפני הממשלה וקרב הענין אחד אל אחד גבוה מעל
					גבוה עד שהגיע אל בית המלך (קיר״ה) ולהיושבים ראשונה במלכות
					כדת מה לעשות בנידון זה. א"				
נסים המצרי	3	Maasiot-Pliot2026-01-10_corrected	no_match	0.0			"ובא מועד ואין כל מאומה בידו ויקומו כל בניו וכל בנותיו
					ויחלצוהו לאמר מה לך נרדם הנה יום בא לה׳ הגיע זמן ביעור
					חמץ ולמה נמות לעיניך כי לא נעשה כפסח הזה לאכול חמץ
					בפסח. ויהי כי לחצוהו וזל "				
יוסף מטראני	3	Maasiot-veSihot-Zadikim2026-01-10,Maasiot-veSihot-Zadikim2026-01-10_corrected	no_match	0.0			"ה""ר מענדילי מרימיניב.
					ה״ר משה מסיוואראן זצ״ל.
					אבי׳ של הרבי מלובלין.
					הרבי מלובלין .
					הרבי ר׳ משה ליב זצ״ל.
					רבי יהודא החסיד זצ""ל .
					 יודא צבי מראזדיל.
					מהבעש״ט ז""ל
					ה"				
אברהם ניסן	3	Maasiot-veSihot-Zadikim2026-01-10,Maasiot-veSihot-Zadikim2026-01-10_corrected	phonetic	0.375	Biblical_Abraham		"ה""ר מענדילי מרימיניב.
					ה״ר משה מסיוואראן זצ״ל.
					אבי׳ של הרבי מלובלין.
					הרבי מלובלין .
					הרבי ר׳ משה ליב זצ״ל.
					רבי יהודא החסיד זצ""ל .
					 יודא צבי מראזדיל.
					מהבעש״ט ז""ל
					ה"				
עקיבא	3	Maasiot-veSihot-Zadikim2026-01-10,Maasiot-veSihot-Zadikim2026-01-10_corrected,Shemen-Hatov2025-12-01_gemini	no_match	0.0			"ודפח״ח :
					איתא בספר חסידים סימן תק""ל כל מי שגלה לו הקב״ה דבר
					ואינו כותבה ויכול לכתוב הרי גוזל מי שגילו לו כי לא גילה לו
					אלא לכתוב וכו׳ לזאת רשמתי לי לזכרון מה שעלה בדעתי על
					מאמר הגמ"				
מאפטא	3	Maasiot-veSihot-Zadikim2026-01-10,Maasiot-veSihot-Zadikim2026-01-10_corrected,Sefer-Moraim-Gdolim2025-11-28	name_exact	0.95	Tsadik_043.003		"בשם הצדיק הקדוש מאפטא זללה""ה"				
צבי הירש מזידיטשוב	3	Maasiot-veSihot-Zadikim2026-01-10,Maasiot-veSihot-Zadikim2026-01-10_corrected,PeerMikdoshim2024-10-13	phonetic	0.438	Tsadik_058.002		"בשם הרב הגאון הקדוש ר׳ צבי הירש מזידיטשוב זלה""ה בפסוק
					וירא והנה שלשה אנשים נצבים עליו ואיתא בזוהר מאן אינון שלשה
					אנשים אברהם יצחק ויעקב. ואמר הצדיק הקדוש הנ״ל אשר נוכל
					לומר דכל השבעה הר"				
ה״	3	Maasiot-veSihot-Zadikim2026-01-10,Maasiot-veSihot-Zadikim2026-01-10_corrected,Sefer-Moraim-Gdolim2025-11-28	no_match	0.0			"כך ומה שמו של המלמד אמר לו צדוק ומאיזה מקום הוא אמר לו
					עיר פלוני המלך רשם שמו של המלמד ושם עירו. אח""ז אמר לו
					מלך אני זה האדון שקרבת אותו ונתת לו הכל במחנה ועתה מה
					אתה תחפוץ ממני אמר לו "				
יחזקאל מפראג	3	Maasiot-veSihot-Zadikim2026-01-10,Maasiot-veSihot-Zadikim2026-01-10_corrected,SipureiAnsheiShem2025-12-01_gemini	no_match	0.0			"מעשה שהחסידים הגאונים הותירו למניקת להנשא והחסידים
					ההם היו בראשם הרב הצדיק הגאון הקדוש ר׳ ארון קליוואנער והשני
					הרב הצדיק הגאון הגדול ר׳ יעקב שמשון משפיטיווקע ז""ל והשלישי
					הרב הצדיק הגאון"	H-LOC_142			
איציקיל	3	Maasiot-veSihot-Zadikim2026-01-10,Maasiot-veSihot-Zadikim2026-01-10_corrected	no_match	0.0			"שיחות צדיקים
					השומרים וישב עמהם לשחוס עמהם בקארטין והרוויחו אצלו ארבעה
					מאות ר""כ וזאת היתה בכוונה כדי שלא יהא שום פחד להצדיק מריזען
					ובא עמו להעיר ע""כ שמעתי ואחרי שעברו זמנים והריזינער קבע"				
ישראל מרוזין	3	Maasiot-veSihot-Zadikim2026-01-10,Maasiot-veSihot-Zadikim2026-01-10_corrected,Shivhei-Harav2024-10-29	phonetic	0.538	Tsadik_002.008		"שיחות צדיקים
					שהעשרת את מאיר רק אשר אכלו הנערים וחלק האנשים אשר הלכו
					אתי המה הגבאים הם יקחו את חלקם ובבואו לבוטשאטש וספר להצדיק
					הדיבורים ההם וכשהגיע לויאמר מלך סדום אל אברם תן לי הנפש
		"				
פירש״י	3	Maasiot-veSihot-Zadikim2026-01-10_corrected,MaasyiotMzadikeiYesodeiOlam_20251128_corrected,Shlosha-edrei-zon2025-11-28_corrected	no_match	0.0			"בפסוק זאת חקת התורה אשר צוה ד׳ לאמור ופירש״י ז""ל לפי
					שהשטן ואומות העולם מונין את ישראל לומר מה המצוה הזאת ומה
					טעם יש בה לפיכך כתב בה חקה גזירה היא מלפני אין לך רשות
					להרהר אחריה ואמר הצד"				
אדם הראשון	3	Maasiot-veSihot-Zadikim2026-01-10_corrected,Shemen-Hatov2025-12-01_gemini,SipureiAnsheiShem2025-12-01_gemini	no_match	0.0			"בראשית ויבא אל האדם לראות מה יקרא לו וכל אשר יקרא
					לו האדם נפש היה הא שמו. פירש״י סרסהו ופרשהו כל נפש ח""ה
					אשר יקרא לו האדם שם הוא שמו לעולם עכ״ל, ואפשר לפרש הפסוק
					כלו סרום ע״ד הפשט שהקב״"				
ישעיה וואלף ציקערניק	3	MaasiyotUmaamarimYekarim_with_annotations (1),Sipurim-Nehmadim20251129	phonetic	0.545	tempH-81		"מעשיות
					ומאמרים יקרים
					אשר לא נדפסו מעולם
					מהבעש""ט ומנכדיו האחים
					הקדושים הרה״ק ר׳ משה חיים
					אפרים מסדילקוב ואחיו הרה״ק
					ר׳ ברוך ממעזבוז זצוק""ל זיע״א.
					מאת המלקט והמאסף
			"				
מענדעלי מליבאוויטש	3	MaasiyotUmaamarimYekarim_with_annotations (1),MaasiyotUmaamarimYekarim_with_annotations (1)_corrected	phonetic	0.429	Tsadik_027.002		"חתנו של הרה״ק הגאון ר׳ מענדעלי מליבאוויטש זצוק""ל היה
					עומד פ״א בחדר של חמותו הרבנית ושם היה מונח
					על השלחן סדור קרבן מנחה וספר שבחי בעש״ט ובעמדו בחדר
					הנ""ל בא חותנו לשם והוא היה מקפיד מאד "				
ישראל מטשערקאס	3	MaasiyotUmaamarimYekarim_with_annotations (1),MaasiyotUmaamarimYekarim_with_annotations (1)_corrected	no_match	0.0			"סיפר הרה״ק ר׳ יעקב ישראל מטשערקאס זצוק""ל כי זקנו
					הרה״ק ר׳ נחום מטשערנאביל זצוק""ל נסע פ״א עם
					שני תלמידים שלו לרבו הקדוש המגיד הגדול ממעזיריטש זצוק""ל
					ובבואם לקבל שלום ישב אז המגיד עם בנו "				
אחיה	3	MaasiyotUmaamarimYekarim_with_annotations (1),MaasiyotUmaamarimYekarim_with_annotations (1)_corrected	no_match	0.0			"לגמרי וע״י שעשה זאת להטריח את קונו שמע כרוז שאין לו
					חלק לעוה״ב ושלח הצדיק שמחה גדולה ואמר עתה בא לי
					עת ועונה לעבוד את בוראי באמת בכל לבי אחר שאין לי
					בטחון על עוה״ב ובקבלה זאת ועבודה כזא"				
ישראל נודוזין	3	MaasiyotUmaamarimYekarim_with_annotations (1),MaasiyotUmaamarimYekarim_with_annotations (1)_corrected	no_match	0.0			"בימי בחרותי שמעתי מזקן אחד ממדינת עסטרייך כי כשבא
					הרה״ק ר׳ ישראל נודוזין זצוק""ל למדינה הנ""ל בברחו
					לשם כידוע, אז תיכף בבואו שמה שאל ודרש אם נמצא שם
					איזה אדם שראה את הבעש״ט כידוע כי הבעש״"				
יעקב יוסף הכהן	3	MaasiyotUmaamarimYekarim_with_annotations (1),MaasiyotUmaamarimYekarim_with_annotations (1)_corrected	phonetic	0.583	Tsadik_012.020		"עוד סיפר הרה״ק ר׳ יעקב ישראל הנ""ל איך נתקרב
					להבעש״ט הרה״ק ר׳ יעקב יוסף הכהן שהיה רב בעיר
					שאריגראד ונעמירוב וראשקוב ופולנאה בעהמ״ח ספר תולדות
					יעקב יוסף ופורת יוסף וצפנת פענח וכתונת פסים "				
איהם	3	MaasiyotUmaamarimYekarim_with_annotations (1),MaasiyotUmaamarimYekarim_with_annotations (1)_corrected	no_match	0.0			"שמע הרב דמתא כי הגאון הנ""ל הרב הכולל יסע דרך עירם
					עלה בדעתו להציע ענין זה לפני הגאון הנ""ל אולי יברר
					הדבר כי הוא יש לו תקיפות רק באשר ידע כי הגאון הנ""ל
					לא יעמוד ולא יתעכב שם ע״כ עשה תחבו"				
בירד	3	MaasiyotUmaamarimYekarim_with_annotations (1),MaasiyotUmaamarimYekarim_with_annotations (1)_corrected	no_match	0.0			"שמע הרב דמתא כי הגאון הנ""ל הרב הכולל יסע דרך עירם
					עלה בדעתו להציע ענין זה לפני הגאון הנ""ל אולי יברר
					הדבר כי הוא יש לו תקיפות רק באשר ידע כי הגאון הנ""ל
					לא יעמוד ולא יתעכב שם ע״כ עשה תחבו"				
"ברוך
					ממעזבוז"	3	MaasiyotUmaamarimYekarim_with_annotations (1),MaasiyotUmaamarimYekarim_with_annotations (1)_corrected	phonetic	0.667	Tsadik_001.015		"סיפר הרב החסיד המפורסם ר׳ ברוך מאיוועניץ ז""ל שהיה
					נכד הרה״ק ר׳ ברוך ממעזבוז זצוק""ל והיה חתנו
					של הרה״ק ר' משה מקאראסטשוב זצוק""ל ששמע מפי זקנתו
					הצדקת מרת אדיל שהיא שמעה מפי אביה הרה״ק ר׳ "				
ל׳	3	MaasiyotUmaamarimYekarim_with_annotations (1),MaasiyotUmaamarimYekarim_with_annotations (1)_corrected	no_match	0.0			"ויקדשו הלבנה בשמחה רבה ואחר קדוש לבנה שמח הבעש""שהבעש""ט
					ותלמידו הרה״ק ר׳ וואלף הנ""ל שמחה גדולה וירקדו וכל
					התלמידים רקדו עמהם ולא ידעו דבר אך הבינו כי דבר
					פלא הוא ויספר להם הבעש״ט כדרכו ב"				
יצחק מדראהביטש	3	MaasiyotUmaamarimYekarim_with_annotations (1),MaasiyotUmaamarimYekarim_with_annotations (1)_corrected	no_match	0.0			"כתב בס׳ כתיב מצותיך מבעהמ״ח קוצר חסך הנ""ל שביל
					היחוד שביל ד׳ וז״ל הרה״ק ר׳ יצחק מדראהביטש
					זצוק""ל היה לו ענין שתיכף שאמר בידך אפקיד רוחי ישן לו
					ואם אירע שלא היה יכול לישן תיכף היה יודע ש"				
יצחק בן ר׳ יוסף	3	MaasiyotUmaamarimYekarim_with_annotations (1),MaasiyotUmaamarimYekarim_with_annotations (1)_corrected	no_match	0.0			"כתב בס׳ כתיב מצותיך מבעהמ״ח קוצר חסך הנ""ל שביל
					היחוד שביל ד׳ וז״ל הרה״ק ר׳ יצחק מדראהביטש
					זצוק""ל היה לו ענין שתיכף שאמר בידך אפקיד רוחי ישן לו
					ואם אירע שלא היה יכול לישן תיכף היה יודע ש"				
אליהו צורף	3	MaasiyotUmaamarimYekarim_with_annotations (1),MaasiyotUmaamarimYekarim_with_annotations (1)_corrected	phonetic	0.375	Biblical_Elijah		"וכעין מעשה זאת שמעתי מאדמו״ר הרה״ק מבן ר׳ יצחק
					מסקווירא זצוק""ל שסיפר כי ידוע כי בעיר קראקא
					הולך שם הנהר הגדול הנקרא ווייסיל ובימי המקובל הגדול
					הקדוש ר׳ אליהו צורף זצוק""ל הנודע בספרו הקד"				
יוחנן מראחמיסטריווקא	3	MaasiyotUmaamarimYekarim_with_annotations (1),MaasiyotUmaamarimYekarim_with_annotations (1)_corrected	no_match	0.0			"סיפר אדמו״ר הרה״ק מרן ר׳ יוחנן מראחמיסטריווקא
					זצוק""ל כי פ""א ראה זקנו הרה״ק ר׳ דוד לייקעס
					זצוק""ל עגלה עם חסידים נוסעים וישאל אותם להיכן הם
					נוסעים לאיזה רבי ויאמרו לו כי הם נוסעים לחתנו ה"				
״ת	3	MaasiyotUmaamarimYekarim_with_annotations (1),MaasiyotUmaamarimYekarim_with_annotations (1)_corrected	no_match	0.0			"לתבוע ממנו דאטע ויסע המוכסן הנ״ל להרה״ק ר׳ יעקב
					יוסף הכהן מפולנאה תלמיד הבעש״ט בעהמ״ח ספר תולדות
					יעקב יוסף ושאר ספרים הנקרא בפי כל (דער תולדות)
					ויספר לו ענינו ומבוקשו ויאמר לו התולדות ה"				
פנחס מקארץ	3	MaasiyotUmaamarimYekarim_with_annotations (1),Shemen-Hatov2025-12-01_gemini	name_exact	0.95	Tsadik_003.002		"ידוע אשר הרה״ק ר׳ ברוך הנ״ל היה ילד קטן כשנפטר
					הבעש״ט ואחר פטירת הבעש״ט נתגדל הרה״ק ר'
					ברוך הנ""ל אצל הרה״ק ר׳ פנחס מקארץ זצוק""ל אשר היה
					אז משכן כבודו בעיר אוסטרהא וסיפר אדמו״ר הרה״ק מרן"	H-LOC_149			
מרדכי מזוויהיל	3	MaasiyotUmaamarimYekarim_with_annotations (1),MaasiyotUmaamarimYekarim_with_annotations (1)_corrected	no_match	0.0			"וכעין זה כתב בס׳ מים רבים פ׳ בחקותי בשם הרב החסיד
					המפורסם ר׳ מרדכי מזוויהיל ז""ל ששמע מאביו
					הרה״ק ר׳ יחיאל מיכל מזוויהיל זצ""ל כי זקנו הרה״ק ר׳ יחיאל
					מיכל מזלאטשוב זצוק""ל צוה לבניו הקדושי"				
יחיאל מיכל מזוויהיל	3	MaasiyotUmaamarimYekarim_with_annotations (1),MaasiyotUmaamarimYekarim_with_annotations (1)_corrected	phonetic	0.455	Tsadik_013.002		"וכעין זה כתב בס׳ מים רבים פ׳ בחקותי בשם הרב החסיד
					המפורסם ר׳ מרדכי מזוויהיל ז""ל ששמע מאביו
					הרה״ק ר׳ יחיאל מיכל מזוויהיל זצ""ל כי זקנו הרה״ק ר׳ יחיאל
					מיכל מזלאטשוב זצוק""ל צוה לבניו הקדושי"				
יוסף מיאמפאלע	3	MaasiyotUmaamarimYekarim_with_annotations (1),MaasiyotUmaamarimYekarim_with_annotations (1)_corrected	no_match	0.0			"פ״א ישב הרה״ק ר׳ ברוך הנ""ל בסעודה ומצד אחד ישב
					אצלו מחותנו הרה״ק ר׳ אברהם דוב זצוק""ל הנקרא
					בפי כל הרב מחמעלניק חתנו של הרה״ק התולדות וצוק""ל
					ומצד השני ישב מחותנו הרה״ק ר׳ יוסף מיאמפאלע ז"				
הבעשט	3	MaasiyotUmaamarimYekarim_with_annotations (1)_corrected	name_exact	0.95	Tsadik_001.001		"כתב ב   על פ""א הנ""ל פרק ד' חסדניצרס׳ כ״ב וז""ל
					משנהאמר מרן ה זצוק""ל (הוא הבעש״ריב""ש) מובא בספר
					ט מנכד הבעש״ שאמר הבעשט אני נשבע
					״טדגל מחנה אפריםשבועה גמורה שיש איש אחד בעולם ששומע חדושי "				
יעקב מדובנא	3	MaasyiotMzadikeiYesodeiOlam_20251128,MaasyiotMzadikeiYesodeiOlam_20251128_corrected	no_match	0.0			"א) מעשה נורא מהנשר הגדול זקן הקדושים הגאון רבינו יצחק אבוהב
					בעל מנורת המאור ע""ד הספק חסירות ויתירות שבתורה.
					ב) מגאון הגאונים הצדיק המפורסים רבינו עקיבא איגר בעלותו על כס
					הרבנות בעיר פרי"				
מקאלביסוב	3	MaasyiotMzadikeiYesodeiOlam_20251128	no_match	0.0			"השאיר המרכבה והסוסים והעגלון והוא לקח סוס אחד ורכב
					עליו מעבר לגבול בכדי שלא ידע שום איש ממנו מאומה
					אנא נוסע וברח לאמשטרדאם והביא להרב משם את מכתבו של
					הרב מקאלביסוב וקבלו בסבר פנים יפות "				
משה מפרעשיוועצקי	3	Mifalot-HaZadikim2025-06-22,Sipurei-Kdoshim-2025-11-28,Sipurei-Kdoshim-2025-11-28_corrected	phonetic	0.5	Biblical_Moses		"מהרב הצדיק וכו׳ מוה׳ משה מפרעשיוועצקי הרב הנ״ל
               בתחלתו הסתיר מעשיו ועבודתו ונראה לכל העולם כאיש
               פשוט ע״ה. וגם הלך נע ונד לסבול גלות עם השכינה ונזדמן לו פ״א
               "	H-LOC_180			
זכריה מענדיל	3	Shemen-Hatov2025-12-01_gemini	phonetic	0.357	Tsadik_012.172		"קעב) אגרת הקודש מס׳ נועם אלימלך
					בקונט׳ לקוטי שושנים מאת
					הה״ק ר׳ זכריה מענדיל בן הגה״ק מ׳ משה
					יהושע אבד״ק שטרים שהי׳ חתן זקינו הגה""ק
					ר׳ הירשלי אבד״ק טשארטקוב זי״ע ואם
					הר״ר זכרי"				
נועם אלימלך	3	Shemen-Hatov2025-12-01_gemini,shivheiZadikim2026-01-10	phonetic	0.692	Tsadik_019.001		"ב) כתב בספר ייטב פנים (מ׳ אבני
					זכרון אות ע״ב) וז״ל והנה
					שפתי לא אכלא מלספר אשר שמעתי מפ""ק
					של מוזלה״ה בהיותו אבד״ק שינאווע והתפלל
					בהחדר שהתפלל בו הגאון הקדוש מהר״ש
					שמעלקא זלה""ה"				
הרר״ז	3	Shemen-Hatov2025-12-01_gemini	no_match	0.0			"לה) כתב בס׳ אמונת צדיקים אות ס״ט
					פ״א בא הרבי ר׳ זושא
					מהאניפאליא אל הרר״ש. וביקשו שילמוד
					אתו השיב הרר״ש אם אתם תלמדו
					עמי חכמת הנסתר אני אלמוד עמכם בנגלות
					התורה. ואמר לו כן ושאל"				
משה ברז״פ	3	Shemen-Hatov2025-12-01_gemini	phonetic	0.5	tempH-113		"הגה""ק ז""ל. ובשו״ת נוב""י מה״ת חאו״ח
					סי׳ ט״ו. ובצל״ח ביצה (דף ו') ובשו״ת
					עטרת חכמים חאע״ז סי׳ ט״ז מחתנו.
					ועוד נמצא ממנו בכתי״ק ארבעה חיבורים
					גדולים איזה אלפים בוגין וכ׳ בראש
					ס׳ "				
"רנ""א"	3	Shemen-Hatov2025-12-01_gemini	no_match	0.0			"עה) ועוד יסופר שם (דף ה׳ ע״ב).
					על הגאב""ד בעל הפלאה זצ""ל
					אשר שמעתי מספרים מאנשי עיר פפד״מ
					כי אחרי בואו לשם אם הי' לו דבר קשה
					הן במילי דשמיא בחומר ההלכה והן במילי
					דארעא וציבורא "				
נודע ביהודה	3	Shemen-Hatov2025-12-01_gemini	no_match	0.0			"פה) כתב בהק' ס׳ נפש דוד כי כאשר
					חלק הג׳ בעל נודע ביהודה
					על ספר תולדות יעקב יוסף ורצה לגזור
					החרים שישרפו הס׳. כתבו הה״ק רבי ר'
					שמעלקא ואחיו בעל ההפלאה אל הגאון ר׳
					טעבלי מליסא ו"				
ראפפורט	3	Shemen-Hatov2025-12-01_gemini,Smichat-Moshe_2025-08-26,Smichat-Moshe_2025-08-26_corrected	no_match	0.0			"אמר לפני הסתלקותו כשיהי׳ לבניו חלילה
					עת צרה אזי יבואו על קברו ויענה להם
					כמו בח״ח. ובדידי היה עובדא שנעשה
					לי על הלחי פיסטיל ר""ל ונסעה אמי
					הרבנית עמי ללבוב להדאקטור הגדול
					המפורס"				
רצ״ה	3	Shemen-Hatov2025-12-01_gemini	no_match	0.0			"דבר אחר מהעגלה כך היה איזה פעמים.
					ואמר הבעש״ט בזה״ל דאס דארע יודיל לאזט
					אונז נישט פארין. ושמעתי אשר הבעש״ט
					הוכרח אז לשבות בעיר טשארטקוב. והתראה
					א״ע עם זקיננו הק׳ רצ״ה ונכנסו יחד
		"				
"לוי יצחק
					מברדיטשוב"	3	Shemen-Hatov2025-12-01_gemini,Sipurim-Nehmadim20251129,Sipurim-Nehmadim20251129_corrected	phonetic	0.737	Tsadik_023.001		"קכז) כן שמעתי אשר הה״ק מ׳ לוי יצחק
					מברדיטשוב זי״ע נסע במכוון
					לטיקטין לשמוע הנהגותיו. וסיפר לו השמש
					הזקן כ״ח הנהגותיו. ופ""א בא השו״ב דשם
					לפני הרב להראות סכיניו אמרה הרבנית
					שישח"	H-LOC_134			
שלום רוקח	3	Shemen-Hatov2025-12-01_gemini	no_match	0.0			"קלט) שמעתי מהרב ר׳ זונדיל אבד״ק
					איחאן בן הה״ק מ׳
					שלום רוקח אבד״ק בעלזא כי זקיני הגה״ק
					מהר״ם קודם פטירתו שאלוהו מי ימלא
					מקומו אחריו. וכ׳ קושיא בש״ס ותירוץ
					לקושי׳ זו ומי אשר יזכ"				
חיים יוסף דוד אוולאי	3	Shemen-Hatov2025-12-01_gemini,Sipurim-Nehmadim20251129,Sipurim-Nehmadim20251129_corrected	phonetic	0.5	tempH-69		"קמ) שמעתי מש""ב הרב מ׳ שמעלקא
					הורוויץ מפרעמישלא
					על זקיננו הרר״מ שפ״א השקה מים לאשה
					שהסתרה עצמה. והי׳ בה כל דין הכתוב
					בסוטה צבה בטנה וכו' (ועיין בשה״ג החדש
					מערכת א׳ כ״ט אשר יסופ"				
נתן נטע	3	Shemen-Hatov2025-12-01_gemini	phonetic	0.5	tempH-34		"עפ״י דין ודת תורתינו הקדושה. היום יום
					ח׳ שבט תפחי״ת לפ""ק. נאום הק' יצחק
					פוזנר ונאום נתן נטע במו״ה רצ""ה זצ""ל.
					ונאום הקטן שמואל בכרך. ונאום יעקב
					במוהר״ד ז״ל :"				
י הלוי	3	Shemen-Hatov2025-12-01_gemini	no_match	0.0			"קסז) כתב בראש ס׳ מטעמי יצחק
					בשם הג״מ משה אבד״ק
					ראזוואדאוו כי הבעש""ט העיד שרוה״ק
					שורה עליו על הגר״י הלוי מר״ח אלול
					עד היריד בקראסנא (מחמת שאז הי׳ אצלו
					שעת מתן מעות להסוחרים על "				
הרש״ז	3	Shemen-Hatov2025-12-01_gemini,Shivhei-Harav2024-10-29,Shivhei-Harav2024-10-29_corrected	no_match	0.0			"וכתב בס׳ בית רבי (דף ב׳) אשר
					הגה״ק מ׳ שניאור זלמן מלאדי
					בעל השו״ע הרב הי' תלמיד זקיני הגה״ק
					בעל הפלאה ושימש אותו באותו פרק עצמו
					שהי׳ תלמיד הר״ר דובער ז״ל. ושם (דף
					ל״ו) מובא מכ"				
לבעש״ט	3	Shivei-Habesht2024-12-15_corrected,Sipurei-Kdoshim-2025-11-28,Sipurei-Kdoshim-2025-11-28_corrected	no_match	0.0			"שמעתי מחמי ז""ל שהי׳ לבעש״טסוסאחד ונגנב ממנו והי׳ ר׳
                        גרשון מוכיח אותו ונזרקה דיבר מפיו פתאום הסוס יחזירו לו ושחק עליו
                    ר׳ גרשון הנ""ל ובכל פעם שבא לעיר הי' מתג"				
שמואל שמעלקע	3	Shivhei-Harav2024-10-29,Shivhei-Harav2024-10-29_corrected	phonetic	0.818	Tsadik_017.003		"פעם אחת בא ר' סענדר מתלמידי הגאון מווילנא על אסיפת למאהליב
                  דרוסיא וישלח לצוות להרב שישלח גם הוא אחד מאנשים כי כמה פעמים הרעיש ר'
                  סענדר הנ""ל באסיפות ובויכוחים נגד הר"				
דוב בעריש	3	Shlosha-edrei-zon2025-11-28,Shlosha-edrei-zon2025-11-28_corrected	phonetic	0.385	Tsadik_002.001		"ישתבח הבורא ויתפאר היוצר שברא לעולמו מנהיגים
			העולם דור ודור בשבילם אמונה רחבה ידיעה הרבה
			בפנימית התורה בנגלה ובנסתר והעולם כלו בשביל ישראל ובשביל
			התורה על תנאי כשיקבלו ישראל את התורה ובכל דור"				
׳ ליבלי	3	Shlosha-edrei-zon2025-11-28	no_match	0.0			"הנה אספר לכם מעשה אשר ראיתי בעיני ושמעתי באזני :
					וזאת כי בערך חצי מיל מיענדרחויף בכפר ישב שם יהודי
					א' והיה עני גדול וקיבל את העניות באהבה רבה כי היה י״ש
					מאוד והיה קצר קומה והיו מלבושיו "				
ר' בעריש	3	Shlosha-edrei-zon2025-11-28	no_match	0.0			"ועתה אני אספר גודל השגה אשר היה להרב הק' ר' בעריש
					כי הרב הק׳ מקרשאנוב נפ' בש""ט ל""ג בעומר תקפ""ח
					וכמו שנה מקדם נפל למשכב לא היה יכול לישב על השלחן אפי'
					בשבת רק לפעמים ודרכו של הרב הק' ר' "				
מו״ר	3	Shlosha-edrei-zon2025-11-28_corrected	no_match	0.0			"אחר הדברים האלה בא הרב ר׳ שלמה לק' אושפצין אל הרב
					ר׳ בעריש תלמידו על שבת כדי לחזק את ר' בעריש
					ולחמוך אותו כי היה שפל ברך מאד והלכנו שנינו אני ור׳ זאב
					לק׳ אושפצין ואחר הבדלה קרא אותי ר' "				
בער ממעזריטש	3	Shlosha-edrei-zon2025-11-28_corrected,shivheiZadikim2026-01-10,shivheiZadikim2026-01-10_corrected	phonetic	0.6	Tsadik_002.001		"לו זמן מעל״ע והזהיר לו לאמר שלא ימתין יותר כי הוא בסכנה
					גדולה פן יבא בעד כל היד והבטיח לו כי ממחרתו יבא אליו
					לפלעס. וכאשר בא להרב לאושפצין וסיפר לו את כל דברי הרופא
					ציוה למשרתו להתיר לו"				
"מהר""ל
						מפראג"	3	Sipurei-Kdoshim-2025-11-28	no_match	0.0			"הנער להשיב עוד תרוצים דחוים וסיפר לו כל הנעש' וכל מרא' החלום והבין
					האדון כי הלא דבר היא אך בעיני הנער אמר מדוע תשמע לקול המדמה החלומות
					שוא ידברו הלא אנכי אביך ואשתי אמך אשר ילדה אותך אך הדבר"	H-LOC_142			
ליבר	3	SipureiAnsheiShem2025-12-01_gemini	no_match	0.0			"מעשה מהחסיד ר׳ ליבר ז""ל מברדיטשוב."				
ישעיה מדינעוויץ	3	Sipurim-Nehmadim20251129,Sipurim-Nehmadim20251129_corrected	no_match	0.0			"ספורים נחמדים
					מהבעש״ט והרה""ק מהר""ל
					מפראָג והרה״ק ר׳ ישכר בער
					מזלאטשוב, והרה״ק האזולאי
					והרה״ק ר׳ ישעיה מדינעוויץ
					והרה״ק מאַפטא ועוד מכמה
					צדיקים זצוק""ל זיע״א.
					מאת המלק"				
חיה	3	Sipurim-Nehmadim20251129,Sipurim-Nehmadim20251129_corrected	no_match	0.0			"הרה״ק ר׳ חיים מקראסנע זצוק""ל היה שם אשתו חיה
					ובאיזה פעם בהיותו אצל הבעש״ט בבואו לקבל
					ממנו ברכת הפרידה בקש מהבעש״ט כי גם בנסעו ממנו ישא
					אותו על זכרונו הקדוש וכן יזכור גם לאשתו הצדקת ואמר"				
האור החיים	3	Sipurim-Nehmadim20251129,Sipurim-Nehmadim20251129_corrected,SipurimUmaamarimYekarim_Hebrewbooks_org_3804_gemini	no_match	0.0			"שמעתי מאדמו״ר הרה״ק מרן ר׳ יצחק מסקווירא זצוק""ל
					שאמר כי הביהכ״נ הישנה בעיר פראג נבנתה
					מאבני ביהמ״ק כי כשהלכו בני ישראל בגולה נשאו עמהם
					מאבני המקדש מרוב חיבת הקודש ומרוב מרירות וכאב לב
	"				
עווינזאהן	3	Sipurim-Nehmadim20251129	no_match	0.0			"שמעתי מאיש אחד שהוא יחסן גדול מכמה אבות קדושים
					וצדיקים והוא ג״כ נכד הרה״ק ר׳ אברהם יהושע
					העשיל מאפטא זצוק""ל בעהמ״ח סער אוהב ישראל וספר תורת
					אמת והאיש הנ״ל היה נוסע תמיד לאדמו״ר הרה״ק מר"				
דן	3	SipurimUmaamarimYekarim_Hebrewbooks_org_3804_gemini	no_match	0.0			"ידוע כי אדמו״ר מסקווירא הנ""ל היתה אשתו הראשונה בת
					הרה״ק ר׳ דן זצוק""ל. (וההרה״ק ר׳ דן היה בנו של
					הרה״ק ר׳ יצחק מראדוויל זצוק""ל בן הרה״ק ר׳ מיכעלי
					מזלאטשוב זצוק""ל. וחתנו של הרה״ק ר׳ אברהם"				
רש״ל	3	Smichat-Moshe_2025-08-26,shivheiZadikim2026-01-10,shivheiZadikim2026-01-10_corrected	no_match	0.0			"אברהם ז״ל אחיו של הגאון מ׳ יעקב יושע בעהמ״ח ספר פני יהושיע בהרב הגדול מ׳ צבי הירש חת
					הגאון בעל מגיני שלמה. ומחמת שכל סדר יחוסי שאני מציג כאן היא בשביל בני שי׳ כמו שנזכר לעיל ע״כ
					אכתוב סדר יח"				
ארי׳ ליבוש חריף	3	shivheiZadikim2026-01-10,shivheiZadikim2026-01-10_corrected	no_match	0.0			"כא מהגאון ר׳ מרדכי בנעט הרב מניקלשבורג
					כב מהגאון ר׳ עקיבא איגר הרב מפוזנא
					כג מהגאון ר׳ משה סופר הרב מפ״ב
					כד מהגאון ר׳ יעקב הרב מליסא
					כה מהגאון ר׳ ארי׳ ליבוש חריף הרב
					מפלאצק
		"				
זעליג משרענצק	3	shivheiZadikim2026-01-10,shivheiZadikim2026-01-10_corrected	no_match	0.0			"כא מהגאון ר׳ מרדכי בנעט הרב מניקלשבורג
					כב מהגאון ר׳ עקיבא איגר הרב מפוזנא
					כג מהגאון ר׳ משה סופר הרב מפ״ב
					כד מהגאון ר׳ יעקב הרב מליסא
					כה מהגאון ר׳ ארי׳ ליבוש חריף הרב
					מפלאצק
		"	H-LOC_556			
הרא״מ	3	shivheiZadikim2026-01-10,shivheiZadikim2026-01-10_corrected	no_match	0.0			"סיפר הרבני החסיד המפורסם הישיש מוה׳ צבי הירש ז""ל מפארצאווי שהי׳ זוכה להיות
					שלוחא דרחמנא ושלותא דצבורא לפני המקום ב""ה אצל הרבה קדושים ז""ל
					ובפרשיסחא אצל הה״ק הרבי ר׳ בונם ז""ל זכה לקבל שב""ק לפנ"				
שעפס	3	shivheiZadikim2026-01-10	no_match	0.0			"וסיפר עוד איש ישיש מופלג בתורה בנו של הרב הגאון מוה׳ מאיר ז""ל הרב דק'
					לייפנא שאביו הה״ג הנ""ל הי' מתנגד גדול על חסידים. ואשתייע מילתא שהי'
					איש אחד מלייפנא אצל הרה״ק מוה׳ מאירל ז""ל הרב דק""ק שע"				
מאירל הורוויץ	3	shivheiZadikim2026-01-10,shivheiZadikim2026-01-10_corrected	phonetic	0.353	Tsadik_017.003		"ואיידי דאתינא לדבר ממעלת קדושת הרב הגה""ק ר׳ מאירל הורוויץ ז""ל משעפס
					נספר ממעלת גודל פרישותו מעניני עוה״ז כפי מה שמקובל איש מפי איש.
					שהי' מואס ממש בכל עניני עוה״ז לגמרי ואין כסף נחשב בעיניו מ"				
הר״ז	3	shivheiZadikim2026-01-10,shivheiZadikim2026-01-10_corrected	no_match	0.0			"סביבו ללוותו. שקשה עליו לישא על גופו האדרת שער הזה בהליכתו למקום אי נקי שסר
					שמה לעשות צרכיו והשליכו מעליו ונתנו לר""ז הנ""ל ולא מש משם עד שהיה מוכרח הר״ז
					ז""ל להלביש את עצמו בו. באמרו אליו דרך "				
י״מ	3	shivheiZadikim2026-01-10_corrected	no_match	0.0			ענין נאה מאת הה״ק הגאון מוהרי״מ ז״ל מגוד				
הגר״א	3	shivheiZadikim2026-01-10_corrected	no_match	0.0			"אחרי ששב הגר״א זצ״ל מסבל גלותו היה בדוחק גדול מאד ולמד תורה מתוך עוני
					ולחץ וסיפרו שהיה סוגר חלונותיו ביום. ולמד לאור הנר שלא יבלבלוהו בני
					אדם. והיה עובדא שמחמת שראו דוחקו הגדול. נתאמצו אנשי "				
ישראל דוב מווילעדניק	2	Adat-Zadikim2024-09-25b,Shivhei-Harav2024-10-29	phonetic	0.75	Tsadik_012.472		"מעשה מנסיעת הבעש״ט לקאנסטאנטינאפל אשר רצה לנסוע
                        לא""י וזו המעשה הי' מספר הגאון הק׳ האלקי ר׳
                        ישראל דוב מווילעדניק זצ""ל ביום
                    שביעי של פ"	H-LOC_592			
"ר""צ סופר"	2	Adat-Zadikim2024-09-25b,Adat-Zadikim2024-09-25b_corrected	phonetic	0.375	Tsadik_012.109		"מעשה מנסיעת הבעש״ט לקאנסטאנטינאפל אשר רצה לנסוע
                        לא""י וזו המעשה הי' מספר הגאון הק׳ האלקי ר׳
                        ישראל דוב מווילעדניק זצ""ל ביום
                    שביעי של פ"				
קאטארינע	2	Adat-Zadikim2024-09-25b,Adat-Zadikim2024-09-25b_corrected	no_match	0.0			"ומעשה כזו היתה ג״כ בדור שלפנינו אצל הצדיק הגדול ר' מיכל
                            מזלאטשוב אשר הוכיח איש א׳ עבור מדת
                    הבטחון והאיש הנ""ל התנצל לפניו כי הוא בוטח בד׳ ית""ש ואמר לו הר"				
הרי	2	Adat-Zadikim2024-09-25b,Adat-Zadikim2024-09-25b_corrected	no_match	0.0			"הבעש״ט ז""ל קודם פטירתו קרא לכל
                    התלמידים שלהם ויצוה להם איך יתנהגו וממה יהי' פרנסת כל אחד. ולקצת מהם גילה איך
                    שיתנהג הזמן אתם. והי' אצלו תלמיד אחד אשר היה משרתו "				
"דוד
                        מיקלייעווער"	2	Adat-Zadikim2024-09-25b,Khal-Hasidim2024-9-25	phonetic	0.5	Biblical_David		"מעשה שנסע הרב הקדוש ר׳ דוד ממיקלייעב
                        להבעש״ט על יוה״כ והיה דרכו בקודש
                    תמיד להיות אצל הבעש״ט כל ימים הנוראים
                    היינו מקודם ר""ה עד אחר יוה״כ"				
"המגיד הגדול
                            ממעזריטש"	2	Adat-Zadikim2024-09-25b	name_exact	0.95	Tsadik_002.001		"שמעתי מאבא מארי שיחי' הרב הקדוש הגאון בו״ק מוה' מנחם מענדיל נ""י
                            מוויטעפסק בעהמ""ח ספר פרי
                            הארץ הי' לומד אצל הרב הק' המגיד הגדול
                 "				
הה״מ הגדול	2	Adat-Zadikim2024-09-25b,Shivhei-Harav2024-10-29	phonetic	0.429	Tsadik_002.001		"שמעתי מאבא מארי שיחי' הרב הקדוש הגאון בו״ק מוה' מנחם מענדיל נ""י
                            מוויטעפסק בעהמ""ח ספר פרי
                            הארץ הי' לומד אצל הרב הק' המגיד הגדול
                 "				
הררמ״מ	2	Adat-Zadikim2024-09-25b,Adat-Zadikim2024-09-25b_corrected	phonetic	0.667	Tsadik_084.001		"שמעתי מאבא מארי שיחי' הרב הקדוש הגאון בו״ק מוה' מנחם מענדיל נ""י
                            מוויטעפסק בעהמ""ח ספר פרי
                            הארץ הי' לומד אצל הרב הק' המגיד הגדול
                 "				
"הררי""י"	2	Adat-Zadikim2024-09-25b	name_exact	0.95	Tsadik_008.001		"שמעתי מאבא מארי שיחי' הרב הקדוש הגאון בו״ק מוה' מנחם מענדיל נ""י
                            מוויטעפסק בעהמ""ח ספר פרי
                            הארץ הי' לומד אצל הרב הק' המגיד הגדול
                 "				
אברהם יהושוע העשיל מאפטא	2	Adat-Zadikim2024-09-25b,Shivhei-Harav2024-10-29	phonetic	0.792	Tsadik_043.003		"מעשה מהרב הקדוש האלקי רשכב""ה ר׳ אברהם יהושוע העשיל מאפטא ז""ל בעת שבתו על כסא הרבנות
                        ביאסע : הרב הנ""ל אחרי אשר עזב את הרבנות
                        מקאלביש נתקבל לאב""ד במדינת
 "	H-LOC_133			
הרב דחאטין	2	Adat-Zadikim2024-09-25b,Khal-Hasidim2024-9-25	no_match	0.0			"מעשה נוראה מאדונינו האלקי רשכב""ה הרב המגיד הגדול
                            ממעזריטש איך המשיך אליו הדאקטער גארדע עד שנעשה צדיק גדול זכותם יגן
                    עלינו אמן : איש אחד משועי ואצילי ויל"	H-LOC_596			
"ד""ב"	2	Adat-Zadikim2024-09-25b,Adat-Zadikim2024-09-25b_corrected	no_match	0.0			"ומדי דברי בגדולת רבינו הרב המגיד הגדול אמרתי להעתיק את
                        אה הסיפור איך שנתקרב להבעש״ט
                    מספר כש״ט. וגם אגרת הבעש״ט הנדפס בספר תולדות יעקב יוסף ראיתי ג״כ
       "				
"בת הרר""א"	2	Adat-Zadikim2024-09-25b,Khal-Hasidim2024-9-25	no_match	0.0			"ויהי אחרי הדברים האלה עשה הרה״מ שידוך
                    עם היתומה בת הרר""א הנ""ל עם הרה״ק ר׳ מנחם נחום
                            מטשארנאביל ז""ל עבור
                    בנו הרה״ק ר' מרדכי מטשארנאבי"				
"רר""מ"	2	Adat-Zadikim2024-09-25b,Adat-Zadikim2024-09-25b_corrected	no_match	0.0			"אשר נתקשר בשידוכין עם הרה״ק ר' מנחם הנ""ל ואמר אז כי יקר
                    אצלו מאוד צאצאי הקדוש ר' אהרן מחמת כי
                    הי' אז בעת קישורי התנאים שאמר הרר""מ שראה אותם בלבושים הנ""ל
       "				
"משה אב""ד ושר העיר קראקא"	2	Adat-Zadikim2024-09-25b,Khal-Hasidim2024-9-25	no_match	0.0			"הוא חכם בכל החכמות ויהי' לי חבר פה אשר אוכל לדבר אתו בכל החכמות וע""כ מזהיר אני
                    אתכם שתודיעו לי בעת אשר תסעו לקראתו להביאו העירה ואסע גם אנכי לקראתו לכבודו עם
                    שר"	H-LOC_130			
רבי חיים	2	Adat-Zadikim2024-09-25b,Adat-Zadikim2024-09-25b_corrected	no_match	0.0			"עתה נספר את אשר העיד אליהו הנביא ז""ל על רבינו
                        משה ומזה המעשה אשר נספר נקח מוסר לדעת איך צריך האדם
                    להחזיק עצמו בשפלות והמעש׳ שהיתה כך היתה רבינו הנ""ל הי' לו "				
הר״ח	2	Adat-Zadikim2024-09-25b,Adat-Zadikim2024-09-25b_corrected	no_match	0.0			"זה לזה ויבכו עד רבינו הגדיל ויפרדו זה מזה ויסע רבינו עם כל אנשיו העירה והשדכן
                    נשאר להיות משרתו וגם האופה נשאר אצל הר""ח לראות איך יפול דבר
                    ויסע עמו עד הלילה ובלי"				
משה איסרליש	2	Adat-Zadikim2024-09-25b,Adat-Zadikim2024-09-25b_corrected	name_exact	0.95	Rabbinic_Rema		"אלי : ויען אליהו הנביא אשר גם הוא הי' שם ויאמר
                        להר""ח כה תאמר להרב ר' משה איסרליש
                    כי אתה ברוב גדלותך לא הגעת עדיין לקרסולי הרמ״א אך אין אנו
                 "				
"הב""י"	2	Adat-Zadikim2024-09-25b,Adat-Zadikim2024-09-25b_corrected	no_match	0.0			"כי שלחו למרן הב""י כי ימהר לגמור חבורו השולחן
                        ערוך פן יקדמנו
                        הרמ״א ובאמת כן הי' כי כבר חיבר
                        הרמ״א הלכה פסוקה על כל הד׳ טורים ואך "				
אברהם יהושיע העשיל	2	Adat-Zadikim2024-09-25b_corrected,MaasyiotMzadikeiYesodeiOlam_20251128_corrected	phonetic	0.722	Tsadik_043.003		"מעשה מרבינו הקדוש הבעש״ט ז""ל זי״ע
                    שסיפר הגאון הקדוש האלקי רשכב""ה מוה׳ אברהם יהושיע העשיל זצ""ל
                            מ בעת היותו
                        באפטעבארדיטשוב : מעשה "				
ישראל דוב	2	Adat-Zadikim2024-09-25b_corrected,Khal-Hasidim2024-9-25_corrected	phonetic	0.412	Tsadik_012.472		"מעשה מנסיעת הבעש״ט לקאנסטאנטינאפל אשר רצה לנסוע
                        לא""י וזו המעשה הי' מספר הגאון הק׳ האלקי ר׳
                        ישראל דוב מ זצ""ל ביום
                    שביעי של פסח כל ימי"				
שלאחטיטש	2	Adat-Zadikim2024-09-25b_corrected,Khal-Hasidim2024-9-25_corrected	no_match	0.0			"מעשה שבקשו תלמידי הבעש״ט מאוד את
                        הבעש״ט שיראה להם את
                        אליהו ז""ל. ובקשו אותו כמה פעמים והי' מבטיח להם שיראה
                    להם. פעם אחת הלך הבעש״ט עם"				
אליעזרבאלטע	2	Adat-Zadikim2024-09-25b_corrected,Khal-Hasidim2024-9-25_corrected	no_match	0.0			"מעשה נוראה שקרה בימי הצדיקים הקדושים ה""ה הרב המגיד
                            מ והרב הקדוש ר׳ קאזעניץיעקב יצחק מ ז""ל זי""ע : מעשה שהי' איש אחד ממקורביו של
                        לובליןהמגיד
         "	H-LOC_82			
גארדי	2	Adat-Zadikim2024-09-25b_corrected,Khal-Hasidim2024-9-25_corrected	phonetic	0.5	Tsadik_012.124		"מעשה נוראה מאדונינו האלקי רשכב""ה הרב המגיד הגדול
                            מ איך המשיך אליו מעזריטשהדאקטער גארדע עד שנעשה צדיק גדול זכותם יגן
                    עלינו אמן : איש אחד משועי ואצילי ויל"				
ברוך נבג״מ ממעזיביז	2	Buzina_Denehora20251129	name_exact	0.95	Tsadik_001.015		"אמר המביא להבי״ד הן זה רבות בשנים עברו. מאז בא לידי
					מתנה טובה מרגניתא טבא אור הגנוז אשר עדיין לא הי'
					נעולמיםלעולמים. המה כתבי קודש. לקוטים יקרים מפנינים שיצאו מפי
					קודש הקדשים. נשיא אלקי"	H-LOC_55			
"מוהר""ר"	2	Buzina_Denehora20251129	no_match	0.0			"כה דברי המביא לבית הדפוס המדבר מעומקא דלבא
					נחמן יעקב בן לא""א המנוח מוהר""ר
					אליהו ז""ל חונה בעיר באר"				
הר׳	2	Buzina_Denehora20251129	no_match	0.0			"עט""ר הה״ק הר׳ שלמה שליט״א יקח אי״ה ג״כ ספר אחד בעת צאתו מבית
					תעודת אדונינו מורינו ורביניורבינו. ראש גולת אריאל
					בוצינא דנהורא וקדישא. אספקלריא המאירה. איש אלקים מופת
					הדור והדרו. אור ישרא"				
בוצינא	2	Buzina_Denehora20251129	no_match	0.0			"עט״ר הה""ק מו""ה ישראל שליט״א יקח אי""ה ספר
					תעודת אדונינו מורינו ורבינו ראש גולת אריאל בוצינא דנהורא
					וקדישא. אספקלריא המאירה איש אלקים מופת הדור
					והדרו אור ישראל וקדושו המפורסם בכל קצוי ארץ"				
משה יונה שטיינבערג	2	Buzina_Denehora20251129	no_match	0.0			"יקח ספר אחד במחיר אשר ישית עליו המוכ״ז הרבני המופלא מו""ה
					נחמן מבאר באתי עה״ח ד""ד לימי הרצון תרט״ל החותם
					בפקודת כ״ק אדמו״ר שליט״א פה הוסאטין דוד שוואגער
					עטרעט""ר הה""ק מו""ה ישראל שליט״א יק"				
שלום יוסף	2	Buzina_Denehora20251129,Shemen-Hatov2025-12-01_gemini	no_match	0.0			"עט""ר הה""ק מוה' שלום יוסף שליט״א יקח א""כ
					ספר אחד במחיר אשר ישית עליו המוכ״ז באתי עכ״ז
					בפקודת קהשוקדשו : זאב וואלף מרגליות
					התחום בפקודת קדשו : משה יונה שטיינבערג"				
ישמי׳	2	Buzina_Denehora20251129,Buzina_Denehora20251129_corrected	no_match	0.0			"פ״א נתארח בק""ק ראשקיב בימי החורף ועדיין לא קידש את
					הלבנה. מחמת שלא האירה הלבנה עד זו הלילה. ואף בזו
					הלילה לא האירה הלבנה. ומאוד הי׳ בזו הלילה ענן גדול. ושלג
					ירד עד למאוד. והוא הכין א״ע "				
ב״י	2	Buzina_Denehora20251129,Buzina_Denehora20251129_corrected	no_match	0.0			"כי הרב בית יוסף פ״א לא הבין משנה אחת
					ויגע עליה. עד שאמר לו המגיד שלו פי' המשנה. אחר זה בא
					הרב בית יוסף אל בית המדרש. ושמע שנער אחד לומד זה המשנה
					כפי הפשט שאמר לו המגיד. חלש דעתי׳ של הרב"				
ס	2	Buzina_Denehora20251129,shivheiZadikim2026-01-10	no_match	0.0			"פעם אחת הי׳ בדיחא דעתיה בפורים ואמר מי שישאל אותו
					כל חללא דעלמא יאמר להם. שאלו אותו הלא כל
					המגלה היא פרסומא ניסא. מה שייכות למגלה זה הפסוק וישם
					המלך מס על הארץ ואיי הים והשיב שראה אחשור"				
דידי	2	Buzina_Denehora20251129	no_match	0.0			"ב״מ פ""ה ע""ב
					שמואל ירהינאה. אסייה דרבי. הוה קא מצטער רבי
					למסמכי'. א""ל לדידי חזי לי ספרא דאדם
					הראשון. וכו'. שמואל ירחינאה חכם יתקרי. רבי לא יתקרי.
					ופי׳ המאמר הזה ע״ד הרמז. כי אדם הרא"				
שמואל ירחינאה	2	Buzina_Denehora20251129	no_match	0.0			"ב״מ פ""ה ע""ב
					שמואל ירהינאה. אסייה דרבי. הוה קא מצטער רבי
					למסמכי'. א""ל לדידי חזי לי ספרא דאדם
					הראשון. וכו'. שמואל ירחינאה חכם יתקרי. רבי לא יתקרי.
					ופי׳ המאמר הזה ע״ד הרמז. כי אדם הרא"				
נרו	2	Buzina_Denehora20251129	no_match	0.0			"בימי מתתתי׳. בן יוחנן כ״ג חשמונאי והקשה. למה תקנו
					להזכיר בחנוכה. את יוחנן כהן גדול. הא בני חשמונאי
					היו כולם צדיקים ויוחנן שמש בכהונה גדולה פ׳ שנים.
					ולבסוף נעשה צדוקי. ותירץ כשאדם עובר ע"				
הקב״ה	2	Buzina_Denehora20251129,Maasiot-Pliot2026-01-10	no_match	0.0			"מבקש מאתנו ישראל פתחו לי כחודו של מחט וכו'. כלומר שיהיה
					מעט איתערותא דלתתא. ובשביל זה הי' בריאת האדם אבל
					במצרים שראה הקב""ה את ישראל בעומק הקליפה הוא
					ברחמיו וחסדיו הגדולים לא המתין על אי"				
פנחס מאוסטרא	2	Buzina_Denehora20251129,Buzina_Denehora20251129_corrected	no_match	0.0			"פ""א אמר ולמהוי. אנא פקודא בנו צדיקיי׳ רבש""ע יהי אנכ'
					נמנה בן הצדיקים. איך מען ניט זע איך מען עם הרב הק'
					ר' פנחס מאוסטרא ועם ההק׳ מפולינאה :"				
ישראליש	2	Buzina_Denehora20251129,Buzina_Denehora20251129_corrected	no_match	0.0			"פ״א אמר לנכדו ר׳ ישראליש שהי׳ דרכו לצעוק בתפילה. אמר
					לו בני התבונן נא החילוק שבין פתילה של צ""ג ובין פתילה של
					פשתן קוריני׳ קנויט. שזה דולק בחשאי ובנחת. וזה צועק ומשמיע
					קול. ואמר לו תאמין"				
יוסילי מיאמפילי	2	Buzina_Denehora20251129,Buzina_Denehora20251129_corrected	no_match	0.0			"פ""א הי׳ יושב בסעודה. ומצד אחד ישב אצלו מחותנו ההק'
					ר׳ אברהם דוב זצללה""ה. מחמעלניק. ומצד השני ישב
					מחותנו הה״ק ר׳ יוסילי מיאמפילי. ובא להבית עשיר אחד
					וחירף וגידף אותו הרב ר״ב וצוה לאנשיו "				
"רא""ד"	2	Buzina_Denehora20251129,Buzina_Denehora20251129_corrected	no_match	0.0			"פ""א הי׳ יושב בסעודה. ומצד אחד ישב אצלו מחותנו ההק'
					ר׳ אברהם דוב זצללה""ה. מחמעלניק. ומצד השני ישב
					מחותנו הה״ק ר׳ יוסילי מיאמפילי. ובא להבית עשיר אחד
					וחירף וגידף אותו הרב ר״ב וצוה לאנשיו "				
בהלולא דרשב״י	2	Buzina_Denehora20251129,Buzina_Denehora20251129_corrected	no_match	0.0			"דרכו בקודש הי׳ לישב בהלולא דרשב״י בל״ג בעומר בסעודה.
					במלבושי יו״ט והי׳ שמח מאוד ופ""א פתח השער מהזוהר
					ופתח ואמר מהתנא האלקי הרשב״י. ופי' מהתנא שלומד אותנו
					האלקי האיך לעבוד את ד'. ופ""א נת"				
זוהר	2	Buzina_Denehora20251129,Buzina_Denehora20251129_corrected	no_match	0.0			"דרכו בקודש הי׳ לישב בהלולא דרשב״י בל״ג בעומר בסעודה.
					במלבושי יו״ט והי׳ שמח מאוד ופ""א פתח השער מהזוהר
					ופתח ואמר מהתנא האלקי הרשב״י. ופי' מהתנא שלומד אותנו
					האלקי האיך לעבוד את ד'. ופ""א נת"				
התנא	2	Buzina_Denehora20251129,Buzina_Denehora20251129_corrected	no_match	0.0			"דרכו בקודש הי׳ לישב בהלולא דרשב״י בל״ג בעומר בסעודה.
					במלבושי יו״ט והי׳ שמח מאוד ופ""א פתח השער מהזוהר
					ופתח ואמר מהתנא האלקי הרשב״י. ופי' מהתנא שלומד אותנו
					האלקי האיך לעבוד את ד'. ופ""א נת"				
יוסילי מיאמפילי'	2	Buzina_Denehora20251129,Buzina_Denehora20251129_corrected	no_match	0.0			"פ""א בל""ג בעומר שאל לצדיק וגאון אחד שהי' אז במסובה. אם
					יכול הוא לומר מאמר הזוהר ואמר לו הן וצוה לו לומר מאמר
					הזוהר. ואחר שסיים המאמר אמר לו הרב ר״ב אם אתם יכולים
					ללמוד בנגלה כמו בס׳ הזוה"				
מרגניתא טבא	2	Buzina_Denehora20251129,Buzina_Denehora20251129_corrected	no_match	0.0			"פ״א נתארח אצלו בש״ק הרב הק׳ בעמ״ח ספר מים קדושים.
					ובליל ש""ק אמר לו הרב ר״ב שיאמר דברי תורה. והשיב
					לו הרב הנ""ל כשאנחנו רואים אתכם נסתמו מאתנו כל מעיינות
					החכמה. ע״כ איני אוכל לומר ד״ת. וב"				
ברוך בן אדיל	2	Buzina_Denehora20251129,Buzina_Denehora20251129_corrected	no_match	0.0			"צדיק אחד בא לבנו בחלום ואמר לו שיסע להה״ק ר״ב ממעזיבוז
					ויתן לו ת""ח על אשר עשה עמו טובה בעולם העליון
					וסיפר לו המעשה שפ""א נסע בעש""ק בדרך ושמע קול צעקת עני
					א שעמר עם העגלה שלו במקום רפש וט"				
"משה
					מסיווראן"	2	Buzina_Denehora20251129	phonetic	0.538	Tsadik_021.002		"ומענין קדושת יעקב שמענו אומרים בשם הה״ק ר׳ משה
					מסיווראן זצולל""ה, כי ביאר מאמר הגמרא חולין פ׳
					ליד הנשה על פ' והנה מלאכי אלקים עולים ויורדים בו. תנא
					עולים ומסתכלים בדיוקנו של מעלה ויורדין"				
עו	2	Buzina_Denehora20251129,Sefer-Moraim-Gdolim2025-11-28	no_match	0.0			"ומענין קדושת יעקב שמענו אומרים בשם הה״ק ר׳ משה
					מסיווראן זצולל""ה, כי ביאר מאמר הגמרא חולין פ׳
					ליד הנשה על פ' והנה מלאכי אלקים עולים ויורדים בו. תנא
					עולים ומסתכלים בדיוקנו של מעלה ויורדין"				
שלמה קארלינר	2	Buzina_Denehora20251129,Buzina_Denehora20251129_corrected	phonetic	0.429	Tsadik_016.001		"פ""א בא מחותנו הרב הק'. ר׳ שלמה קארלינר ולק' טאלטשין
					והלך הרב ר שלמה מן האכסניא שלו אלי הרב הק׳ ר׳ ברוך.
					והלכו עמו עולם גדול מאנשי טאלטשין. וכשפתח הרב הק ר׳ שלמה.
					את הפתח נרתת לאחוריו. ו"				
יוסף מפילינאה	2	Buzina_Denehora20251129,Buzina_Denehora20251129_corrected	no_match	0.0			"פ״א דבר מהמפורסמים שבדורו. וחרה עליהם בחרי אף
					גדול. אשר מתעטפים בטלית שאינם שלהם ואומרים
					תורה. עפ""י קבלה. ומתפללים בכוונות. ואמר רצוני לשאול
					להם על הכוונות. שהמה מתפללים. היודעים המה מה"				
טאביקע	2	Buzina_Denehora20251129	no_match	0.0			"פ״א דבר מהמפורסמים שבדורו. וחרה עליהם בחרי אף
					גדול. אשר מתעטפים בטלית שאינם שלהם ואומרים
					תורה. עפ""י קבלה. ומתפללים בכוונות. ואמר רצוני לשאול
					להם על הכוונות. שהמה מתפללים. היודעים המה מה"				
אהרן מק' מעזיביו	2	Buzina_Denehora20251129,Buzina_Denehora20251129_corrected	no_match	0.0			"פ״א בא אליו הרב ר׳ אהרן מק' מעזיביו לק׳ טאלטשין .
					והרב ר׳ אהרן הי' עוד אצל הבעש""ט וכשהי׳ הרב
					הק׳ ר""ב ילד קטן הי׳ נושא אותו הרב ר' אהרן על ידיו
					אצל הבעש״ט. ומחמת זה כבואו לק' טאלטשין נסע"				
קארלינר	2	Buzina_Denehora20251129,Buzina_Denehora20251129_corrected	phonetic	0.5	Tsadik_016.001		"אחר שנהרג מחותנו הרב הק׳ ר׳ שלמה קארלינר זצלה״ה. והעולם
					לא רצו להודיעו. והי' נראה בעיני כל שהוא אינו יודע מדבר
					הריגת מחותנו. וכאשר עשיתי ברית מילה. בקשתי ממנו שיבא
					אלי אל הברית להיות. מ"				
אביגדר מק׳ ליטין	2	Buzina_Denehora20251129,Buzina_Denehora20251129_corrected	no_match	0.0			"סיפר ר׳ אביגדר מק׳ ליטין שנסע הרב הק' ר׳ חיים
					טשערניוויצער מן וואליחיי מק' באטישאהן לק׳ מעזיביז.
					על קבר הבעש״ט. וכשבא לק׳ מעזיבוז. לא הי׳ הרב ר״ר ברוך
					בביתו. שיום אז קודם ביאת הרב ר׳ חי"				
המשרת	2	Buzina_Denehora20251129,Buzina_Denehora20251129_corrected	no_match	0.0			"סיפר ר׳ אביגדר מק׳ ליטין שנסע הרב הק' ר׳ חיים
					טשערניוויצער מן וואליחיי מק' באטישאהן לק׳ מעזיביז.
					על קבר הבעש״ט. וכשבא לק׳ מעזיבוז. לא הי׳ הרב ר״ר ברוך
					בביתו. שיום אז קודם ביאת הרב ר׳ חי"				
"הר""צ"	2	Buzina_Denehora20251129,Buzina_Denehora20251129_corrected	no_match	0.0			"זלה""ה. כי פעם אחת היה במעזיביו. והתחבא שם באדרו. עם
					חסיד אחד. לשמוע שיר השירים מפה קדוש הרב ר״ר ברוך. ויהי
					כאשר התחיל בשיר בהתלהבות והשתוקקות אמר החסיד להרב
					הק' מהר""צ ז""ל. כי נבוכו רעיו"				
הר׳ ליב	2	Buzina_Denehora20251129	no_match	0.0			"סיפר הר׳ ליב מלעטיטשוב. שהוא הי׳ מלמד אצל הרב הק'
					הר׳ משה חיים אפרים מסדילקיב נכד הבעש""ט בילדותו
					הי׳ יושב עם הבעש""ט אצל השלחן. פתאום אמר לו הבעש״ט אם
					תרצה אראה לך דבר: אמר לו הן. צוה הב"				
הר	2	Buzina_Denehora20251129,tmimei_derech_2026-01-10	no_match	0.0			"סיפר הר׳ ליב מלעטיטשוב. שהוא הי׳ מלמד אצל הרב הק'
					הר׳ משה חיים אפרים מסדילקיב נכד הבעש""ט בילדותו
					הי׳ יושב עם הבעש""ט אצל השלחן. פתאום אמר לו הבעש״ט אם
					תרצה אראה לך דבר: אמר לו הן. צוה הב"				
משה חיים אפרים מסדילקיב	2	Buzina_Denehora20251129,Buzina_Denehora20251129_corrected	no_match	0.0			"סיפר הר׳ ליב מלעטיטשוב. שהוא הי׳ מלמד אצל הרב הק'
					הר׳ משה חיים אפרים מסדילקיב נכד הבעש""ט בילדותו
					הי׳ יושב עם הבעש""ט אצל השלחן. פתאום אמר לו הבעש״ט אם
					תרצה אראה לך דבר: אמר לו הן. צוה הב"				
שמעון שלמה	2	Buzina_Denehora20251129,SipurimUmaamarimYekarim_Hebrewbooks_org_3804_gemini	no_match	0.0			"נאום משה צבי בהרב מו""ה שמעון שלמה זלה""ה
					חונה פה סיווראן"				
ארענד	2	Buzina_Denehora20251129	no_match	0.0			"בגזירת עירין פתגמין. ובמאמר קדישין שאילתין בצירוף קוב״ה
					ושכנתי׳ בנידן מחזיקי ארענדים עפ״י כתב מהשר.
					איפסקא הלכתא. בתשובת ב״ח שדין חזקה יש להם. אעפ""י שעדיין
					לא התחיל החוכר להשתמושי בתשמו"				
ר״ב ממעזיבוז	2	Buzina_Denehora20251129_corrected,Mifalot-HaZadikim2025-06-22	phonetic	0.667	Tsadik_001.015		"צדיק אחד בא לבנו בחלום ואמר לו שיסע להה״ק ר״ב ממעזיבוז
					ויתן לו ת""ח על אשר עשה עמו טובה בעולם העליון
					וסיפר לו המעשה שפ""א נסע בעש""ק בדרך ושמע קול צעקת עני
					א שעמר עם העגלה שלו במקום רפש וט"	H-LOC_55			
טעמריל	2	Dvarim-Yekarim2025-12-01_gemini	no_match	0.0			"על אשר אין לו במה לשלם כי יהי' ח""ו חילול השם בזה עד
					כי בכה למאד במר נפשו ובתוך זמן בכייתו בא אליו המשרת
					לשאלו מה יסעוד היום אם בשר אינדיק או שאר בשר ובכה ע״ז
					יותר. ויהי כי עבר בכייתו מי"				
מהר״מ	2	Dvarim-Yekarim2025-12-01_gemini,shivheiZadikim2026-01-10_corrected	no_match	0.0			"ובוודאי כאשר ישיג המכתב יעמידנו בג״ע בטח. וכן הי׳ כאשר
					הלכו כל הפמליא של מעלה הנשמות הראו לו את הרב ר׳ נחום ז""ל
					ומיד הלך הנפטר ונתן לו המכתב. ומחמת כי הרב הי' טרוד
					בהליכה לא קרא המכתב ר"				
נחמן קאסיווער	2	Hitgalut-HaZadikim2025-12-01_gemini	phonetic	0.615	Tsadik_012.104		"אמנם כמה שנים היה לי געגועים לראות את ידידי בחיר ה׳ החסיד ר' נחמן
					קאסיווער מה הוא בעולם העליון. בקשתי ולא מצאתי את שאהבה נפשי.
					ושאלתי עם יחודים להעלות נשמתי למקום מנוחתו של החסיד הנ״ל ולא הג"				
היהודי מפרשיסחא	2	Hitgalut-HaZadikim2025-12-01_gemini,shivheiZadikim2026-01-10_corrected	no_match	0.0			"הרב הקדוש היהודי מפרשיסחא זצוקללה""ה בימי חורפו היה מקום משכנו בעיר
					אפטא. כי היה שם חתן בעה״ב אחד אשר היה מחזיק בית מזיגה. והבית
					מזיגה היתה נקראת על שם חמותו גאלדאלי. כי היא היתה הנושאת ונותנ"	H-LOC_63			
אנטונינוס	2	Hitgalut-HaZadikim2025-12-01_gemini	no_match	0.0			"איש חסיד אחד מחסידי הרבינו רבי ר׳ ברוך היה מנהגו להיות פעמים אצל הרבינו
					היהודי ולקבל ממנו פרידת שלום בעת נסיעתו לרבי ר׳ ברוך פעם אחת בא
					החסיד הנ""ל לרבינו היהודי לקבל ממנו פרידת שלום בנסעו כע"				
אהרן שמואל	2	Hitgalut-HaZadikim2025-12-01_gemini	phonetic	0.381	tempH-78		[שמעתי מהרב החסיד הדרשן המקובל ר׳ אהרן שמואל שליט״א מליבאוונא)				
משרע״ה	2	Hitgalut-HaZadikim2025-12-01_gemini,MaasiyotUmaamarimYekarim_with_annotations (1)_corrected	no_match	0.0			"ובזה פירש הרב ר׳ אהרן שמואל הנ""ל הפסוק [במדבר ט׳ ח׳] ויאמר אליהם
					משה עמדו ואשמעה מה יצוה ה׳ וגו׳ אשר הוא לכאורה נגד מדת משרע״ה
					אשר התורה העידה עליו והאיש משה עניו מאוד וגו'. ועתה אומר בלשון "				
"משרע""ה"	2	Hitgalut-HaZadikim2025-12-01_gemini	no_match	0.0			"ובזה פירש הרב ר׳ אהרן שמואל הנ""ל הפסוק [במדבר ט׳ ח׳] ויאמר אליהם
					משה עמדו ואשמעה מה יצוה ה׳ וגו׳ אשר הוא לכאורה נגד מדת משרע״ה
					אשר התורה העידה עליו והאיש משה עניו מאוד וגו'. ועתה אומר בלשון "				
ליב דיממעלים	2	Hitgalut-HaZadikim2025-12-01_gemini	name_exact	0.85	Tsadik_012.048		"בימי בחרותו היה מסתופף בצל קדושת רבינו שלמה מקארלין ובצל קדושת
					רבינו זאב בעהמח״ס אור המאיר זי״ע ואח״כ נטל רשות מהרה״ק רבי זאב
					ליסע לביתו. ובא לביתו לעיר לעמבורג ומקום דירתו היה במרתף צר וקטן"				
ליב דיממעלם	2	Hitgalut-HaZadikim2025-12-01_gemini	name_exact	0.85	Tsadik_012.048		"בימי בחרותו היה מסתופף בצל קדושת רבינו שלמה מקארלין ובצל קדושת
					רבינו זאב בעהמח״ס אור המאיר זי״ע ואח״כ נטל רשות מהרה״ק רבי זאב
					ליסע לביתו. ובא לביתו לעיר לעמבורג ומקום דירתו היה במרתף צר וקטן"				
נטע מחעלים	2	Hitgalut-HaZadikim2025-12-01_gemini	no_match	0.0			"התגלות הרב הקדוש א״א הרבי ר' נטע מחעלים זצוקללה""ה"				
מאיר יהושע	2	Hitgalut-HaZadikim2025-12-01_gemini	no_match	0.0			"הרב הגדול חסידא ופרישא המפורסם כקש״ת ר׳ מאיר יהושע ז""ל האב""ד דק'
					קלמנטוב. חתן הרב הגאון הקדוש הרבי ר׳ ליביש אבד״ק אופלא ואוזראב
					זצוקללה""ה. סיפר בעת אשר נתקבל לרבנות ראשונה לק״ק ריווץ. נסע לר"				
ליביש	2	Hitgalut-HaZadikim2025-12-01_gemini,Smichat-Moshe_2025-08-26	no_match	0.0			"הרב הגדול חסידא ופרישא המפורסם כקש״ת ר׳ מאיר יהושע ז""ל האב""ד דק'
					קלמנטוב. חתן הרב הגאון הקדוש הרבי ר׳ ליביש אבד״ק אופלא ואוזראב
					זצוקללה""ה. סיפר בעת אשר נתקבל לרבנות ראשונה לק״ק ריווץ. נסע לר"				
בעראל	2	Hitgalut-HaZadikim2025-12-01_gemini	no_match	0.0			"זמן השני להיות אצלו מלמד. וכן עשיתי כי בודאי גם זה מן השמים הוא כנ״ל
					ובזמן השני ג״כ הייתי מתנהג אצלו כנ״ל. פעם אחת שאל לי מדוע לא תשאלני
					ולא תתבעני בשום פעם מעות. ולא תרצה לעשות עמי שום חשבו"				
"של""ה"	2	Hitgalut-HaZadikim2025-12-01_gemini,Smichat-Moshe_2025-08-26	no_match	0.0			"סיפר לי הרב ר׳ הירש מבאלחוב ששמע מפי מגידי אמת שהגאון רבי ר' העשיל
					ז״ל בשנת ת״ח הלך לעיר ווינא. והיה שם אב""ד מוהר״ר שעפטיל זצ""ל
					בעהמ״ח ספר ווי העמודים ולא החשיב כ״כ להרבי ר' העשיל. והרבי ר' "				
"ר""ת"	2	Hitgalut-HaZadikim2025-12-01_gemini	no_match	0.0			"סיפר לי הרב ר׳ הירש מבאלחוב ששמע מפי מגידי אמת שהגאון רבי ר' העשיל
					ז״ל בשנת ת״ח הלך לעיר ווינא. והיה שם אב""ד מוהר״ר שעפטיל זצ""ל
					בעהמ״ח ספר ווי העמודים ולא החשיב כ״כ להרבי ר' העשיל. והרבי ר' "				
משה מלעלוב	2	Hitgalut-HaZadikim2025-12-01_gemini	phonetic	0.5	Biblical_Moses		"הרב הצדיק הקדוש המפורסם מרן ר׳ נתן דוד זצוק""ל משידלאווצי היה דרכו בקודש
					בכל קודם חג הפסח שלח להרב הצדיק הקדוש המפורסם ר משה מלעלוב
					וצוק""ל יין וי״ש של פסח הנעשה בביתו. והרה״ק ר״מ הנ""ל שלח בחז"	H-LOC_349			
אלימלך מפשעווארסק	2	Hitgalut-HaZadikim2025-12-01_gemini	no_match	0.0			"והרב הקדוש מרן רבי ר׳ אלימלך מליזענסק הנ""ל היה דרכו בקודש לשלוח אל
					הרה״ק ר׳ אלימלך מפשעווארסק הנ""ל חולי קדחת ר""ל שיכתוב הה״ק
					אלימלך מפשעווארסק איזה דבר בדרך קמעה על חתיכת לולב. והועיל ב""ה לכ"	H-LOC_180			
ישראל מרוזען	2	Hitgalut-HaZadikim2025-12-01_gemini	phonetic	0.429	Tsadik_002.008		"מעשה נוראה ממרן הרב הקדוש המפורסם בכל העולם ר״ר
					ישראל מרוזען ז״ל."				
העניך	2	Hitgalut-HaZadikim2025-12-01_gemini	no_match	0.0			"סיפר הרב הגדול החסיד המפורסם בנש""ק מוהר״ר אברהם שליט״א האבד״ק
					סטאשוב ופאריסאוו נכד של הרבינו היהודי הקדוש זצוקללה""ה ששמע מפ""ק
					הרב הגאון הקדוש ציס״ע הרבי ר׳ העניך זצוק״ל מאלקסאנדר שפעם אחת יש"				
פנחס מגניוושאוו	2	Hitgalut-HaZadikim2025-12-01_gemini	no_match	0.0			"מעשה כזו מהרב הקדוש ונורא מאוד הרבי
					פנחס מגניוושאוו זצוק""ל"				
"מהרי""ל"	2	Hitgalut-HaZadikim2025-12-01_gemini	no_match	0.0			"להרב הקדוש הזה היה בן יחיד. ושמו הגאון הקדוש צדיק יסוד העולם מוהר״ר
					שמואל שמעלקי זצוקללה״ה. ובנו הקדוש הזה היה משכנו בבית אביו
					הרה״ק מהרי""ל הנ""ל. ועבד את השי""ת בתורה ובעבודה. בהתלהבות עצומה
"				
"רצ""א"	2	Hitgalut-HaZadikim2025-12-01_gemini,Shemen-Hatov2025-12-01_gemini	no_match	0.0			"בכל שעה ושעה יחזו עיניהם. דברים זרים. מפליאים עיני הרואים. מרבם הקדוש
					ולא ידעו מה הוא. ויהי כאשר ישבו בשלש סעודות שלח הרה״ק אנשים בכל רגע
					ורגע לראות בחוץ. אם כבר עומדים כוכבים ברקיע. וגם זה "				
שמואל מקאריב	2	Hitgalut-HaZadikim2025-12-01_gemini	no_match	0.0			"אדוני אבי הרב הגדול חסידא קדישא כק״ש מוהר״ר מרדכי זאב זצ""ל
					האבד״ק קאלביעל בעהמח״ס קול הרמ""ז. הרב הגדול והקדוש המפורסם
					ציס״ע הרבי ר׳ שמואל מקאריב היה נוסע לרבינו הקדוש הרבי מלובלין זי""ע והי'
"				
ישראל ב״א	2	Khal-Hasidim2024-9-25,Khal-Hasidim2024-9-25_corrected	phonetic	0.364	tempH-120		"שמעתי מהרב הק' ר׳ שמשון הרב דק""ק ראשקוב בן הרב הק׳ דק""ק פולנאי מעשה שהיה איש א׳ ונקרא שמו ר׳
                        אדם וממנו באו הכתבים להבעש״ט כי בא פ״א למערה אחת ומצא שם כתבים שהם רזים וסתרין
    "				
ישראל בן אליעזר	2	Khal-Hasidim2024-9-25,Khal-Hasidim2024-9-25_corrected	name_exact	1.0	Tsadik_001.001		"שמעתי מהרב הק' ר׳ שמשון הרב דק""ק ראשקוב בן הרב הק׳ דק""ק פולנאי מעשה שהיה איש א׳ ונקרא שמו ר׳
                        אדם וממנו באו הכתבים להבעש״ט כי בא פ״א למערה אחת ומצא שם כתבים שהם רזים וסתרין
    "				
ישראל במו׳ אליעזר	2	Khal-Hasidim2024-9-25,Khal-Hasidim2024-9-25_corrected	phonetic	0.588	Tsadik_001.001		"שמעתי מהרב הק' ר׳ שמשון הרב דק""ק ראשקוב בן הרב הק׳ דק""ק פולנאי מעשה שהיה איש א׳ ונקרא שמו ר׳
                        אדם וממנו באו הכתבים להבעש״ט כי בא פ״א למערה אחת ומצא שם כתבים שהם רזים וסתרין
    "				
"הבע""שט"	2	Khal-Hasidim2024-9-25	name_exact	0.95	Tsadik_001.001		"ויהי אחרי כן שכר הרב מוהר""ג בשבילו איזה כפר שיתפרנס שם ושם
                    קנה שלמות רב כי בנה לעצמו בית התבודדת היער ושם היה מתפלל ולומד כל הימים לרבות
                    הלילות כל השבוע רק משבת"				
"מור""ג"	2	Khal-Hasidim2024-9-25,Khal-Hasidim2024-9-25_corrected	no_match	0.0			"ויהי אחרי כן שכר הרב מוהר""ג בשבילו איזה כפר שיתפרנס שם ושם
                    קנה שלמות רב כי בנה לעצמו בית התבודדת היער ושם היה מתפלל ולומד כל הימים לרבות
                    הלילות כל השבוע רק משבת"				
יהושע בן נון	2	Khal-Hasidim2024-9-25,Khal-Hasidim2024-9-25_corrected	no_match	0.0			"ויהי אחרי כן שכר הרב מוהר""ג בשבילו איזה כפר שיתפרנס שם ושם
                    קנה שלמות רב כי בנה לעצמו בית התבודדת היער ושם היה מתפלל ולומד כל הימים לרבות
                    הלילות כל השבוע רק משבת"				
"אבא דק""ק קריבוש"	2	Khal-Hasidim2024-9-25,Shivei-Habesht2024-12-15_corrected	no_match	0.0			"מעשה שהי' שנס ובא לעיר קריבוש והי' אב""ד
                    בעיר הנ""ל הרב החסיד ר' אבא שהי׳ אח״כ אב""ד בק""ק שדה לבן והיה אצל אב""ד הנ""ל אורח מחותן שלו והיו
                    מפלפלים על משנה אחת וכשבא "	H-LOC_296			
פאלק הכהן	2	Khal-Hasidim2024-9-25,Khal-Hasidim2024-9-25_corrected	no_match	0.0			"מעשה מפי חמיו של ר' פאלק הכהן רבי שמעריל מ״מ דק""ק
                            ויורטיווקע שפ""א שבת בק""ק באלטע ואמר שהעיר הזאת תחרב פ""א ואח""כ תבנה ותהי'
                    עיר ואם בישראל ותעמוד עד ביאת"				
"יש""ו"	2	Khal-Hasidim2024-9-25,Khal-Hasidim2024-9-25_corrected	no_match	0.0			"שמעתי מר׳ יואל מ""מ דק""ק נעמרוב ותמיד
                    היה אצל הרב דק""ק פולנאי בק""ק ראשקיב ובק'
                        שאריגראד ובק""ק נעמרוב שמעתי
                    ממנו שפ״א שבת הבעש״ט
         "				
סעדיה גאון	2	Khal-Hasidim2024-9-25,Khal-Hasidim2024-9-25_corrected	no_match	0.0			"שמעתי מחמי ז""ל שאמר הבעש״ט על עצמו
                    שהוא גלגול רבינו סעדיה גאון וספרתי הדבר לפני הרב דקהלתינו
                    ואמר הרב שהוא יודע שהיה הבעש״ט שוקד
                    ללמוד ספרי "				
"רס""ג"	2	Khal-Hasidim2024-9-25,Khal-Hasidim2024-9-25_corrected	no_match	0.0			"שמעתי מחמי ז""ל שאמר הבעש״ט על עצמו
                    שהוא גלגול רבינו סעדיה גאון וספרתי הדבר לפני הרב דקהלתינו
                    ואמר הרב שהוא יודע שהיה הבעש״ט שוקד
                    ללמוד ספרי "				
ליב כהן	2	Khal-Hasidim2024-9-25,Khal-Hasidim2024-9-25_corrected	name_exact	0.85	Tsadik_012.048		"החסיד ר׳ יוסף מזורניץ הנקרא ר׳
                        יוסף מלמד היה בעירנו בק""ק
                        ליניץ ואני לא הייתי בקו הבריאה בעיר
                    ההיא ולא יכולתי לישב עמו רק שנתתי לו של"				
דוד מקלייעווער	2	Khal-Hasidim2024-9-25,Khal-Hasidim2024-9-25_corrected	phonetic	0.5	Biblical_David		"מעשה שנסע הרב הקדוש ר' דוד ממיקליעב
                        להבעש״ט על יוה""כ והי' דרכו בקודש
                    תמיד להיות אצל הבעש״ט כל ימים הנוראים
                    היינו מקודם ר""ה עד אחר יוה""כ "				
עזרא	2	Khal-Hasidim2024-9-25,Khal-Hasidim2024-9-25_corrected	no_match	0.0			"ועוד אירע שהכיר ר' יצחק בתפילין על ראש איש
                    אחד כי לפני מותו היה כלוא בבית מחמת
                    חלשות ועשה מנין בביתו ואיש א׳ מבני העיר הי׳ מתפלל שם ואחר התפלה היה לומד וכמדומה
"				
מאיר חריף	2	Khal-Hasidim2024-9-25,Khal-Hasidim2024-9-25_corrected	no_match	0.0			"שמעתי מרב יעקב אב""ד דק""ק סמילא ששמע מאביו רב מאיר חריף
                    ז""ל פ""א בא הבעש""ט להרב דק""ק פולנאי ואני מסופק אם היה המעשה
                    בק""ק נעמרוב או בק""ק שאריגראד ובא
             "				
טעקטיגר	2	Khal-Hasidim2024-9-25,Khal-Hasidim2024-9-25_corrected	no_match	0.0			"ושמעתי מהרב דקהלתינו שהיה בקוטעב איש אחד
                    ונקרא שמו טעקטיגר והיה מדבר תמיד נגד החברה של חסידים פ״א
                    שמע הר׳ אהרן גיסו של הבעש״ט והיה מריב
                    עמו "				
טעקטיגער	2	Khal-Hasidim2024-9-25,Khal-Hasidim2024-9-25_corrected	no_match	0.0			"ושמעתי מהרב דקהלתינו שהיה בקוטעב איש אחד
                    ונקרא שמו טעקטיגר והיה מדבר תמיד נגד החברה של חסידים פ״א
                    שמע הר׳ אהרן גיסו של הבעש״ט והיה מריב
                    עמו "				
נחום מטשארנביל	2	Khal-Hasidim2024-9-25	phonetic	0.706	Tsadik_014.001		"שמעתי מחברי ששמעו מהרה״ק ר׳ נחום מטשארנביל פ״א הי' הבעש""ט
                    בק""ק חמעלניק ושם הי' בעל מגיה א׳ ואשתו הי' חולה ואכסניא
                    של הבעש״ט הי' סמוך אצל הרב אב""ד חתן
          "	H-LOC_31			
ליב קרעמינער	2	Khal-Hasidim2024-9-25,Khal-Hasidim2024-9-25_corrected	name_exact	0.85	Tsadik_012.048		"שמעתי מאיש אחד ששמע מפי הסופר הר׳ צבי
                    ז""ל שהבעש״ט נשתדך עם הרה""ק ר'
                        זאב קיצעס ביתום וביתומה שגדלו בביתם היתומה נתגדלה בבית
                        הבעש""ט וה"				
אברהם אבא	2	Khal-Hasidim2024-9-25,Khal-Hasidim2024-9-25_corrected	phonetic	0.6	H_Abraham		"שמעתי מהרב דקהלתינו שפ""א הלך הרב הקדוש והטהור ר' פנחס מקאריץ עם הרב הקדוש האלקי מוה'
                        דוב בער המגיד ממעזריטץ וראוונע על פ""ש שהי' אחד קרוב
                    לשניהם נתפס בתפיסה "				
זאב קוצעס	2	Khal-Hasidim2024-9-25	name_exact	0.95	Tsadik_012.039		"שמעתי מהרב דקהלתינו בעת הלווית הבעש״ט
                    תמה מאוד ר' נחמן
                        מהרדענקע מה זה שאין רואה מאומה וכשבא מן
                    בית עלמין ראה נוראות גדולות ואמר לרבי זאב"				
מענדלי פרימסלאנער	2	Khal-Hasidim2024-9-25,Khal-Hasidim2024-9-25_corrected	no_match	0.0			"שמעתי מהרב דקהלתינו כשרצה ר׳ נחמן לנסוע פ""ש לאה״ק הלך על קבר של הבעש״ט עם ר׳ יוסף מקאמינקע וכשחזר
                    מב""ע שמח שמחה גדולה ואמר הבעש״ט ציוה
                    לי לנסוע לאה""ק תמה מאוד
 "				
ר׳ עקיבא	2	Khal-Hasidim2024-9-25,Khal-Hasidim2024-9-25_corrected	no_match	0.0			"מעשה עלילה דק""ק פאווליטש וברח
                        הרב דק""ק קארושטיסאב הנקרא
                        בשמו רבי דוד ורצה לברוח עד מדינות וואלחאי
                    כי כל האנשים חשובים אשר סביבותיהם "				
משה קעדס	2	Khal-Hasidim2024-9-25,Khal-Hasidim2024-9-25_corrected	phonetic	0.5	Biblical_Moses		"מעשה שהיה מלמד א' ושמו ר' משה קעדס והיה גדול בתורה
                        והבעש""ט לא היה חשוב בעיניו ומנהגו שהיה שולח שליח לבהמ""ד
                    וסמוך לדרכו נכנס להתפלל פ""א היה מוקשה לו תוספות ב"				
מיכל דיין	2	Khal-Hasidim2024-9-25,Khal-Hasidim2024-9-25_corrected	no_match	0.0			"שמעתי מהרב דקהלתינו שהוליך הבעש״ט את
                    הגה""ק מ' יחיאל מיכל על הרבנות דק""ק הוראדני ובליל ששי תעו בדרך והיה חשכה מאוד לא
                    ראו איש את אחיו וירד הבעש״ט מן העגלה
      "				
משה עבד ה'	2	Khal-Hasidim2024-9-25,Khal-Hasidim2024-9-25_corrected	no_match	0.0			"שמעתי מהרב דקהלתינו פ״א היה הבעש״ט
                    בק""ק פולנאי ונסע מק""ק הנ""ל אל
                        עיר חדש והדרך הוא אצל בית הקברות של עיר
                        חדש וראה הבעש״ט עמוד
      "				
ר״ד	2	Khal-Hasidim2024-9-25,Khal-Hasidim2024-9-25_corrected	no_match	0.0			"שמעתי מהרב דקהלתינו פ״א היה הבעש״ט
                    בק""ק פולנאי ונסע מק""ק הנ""ל אל
                        עיר חדש והדרך הוא אצל בית הקברות של עיר
                        חדש וראה הבעש״ט עמוד
      "				
"הרי""ף"	2	Khal-Hasidim2024-9-25,Khal-Hasidim2024-9-25_corrected	no_match	0.0			"איש א׳ הי׳ מהמקורבים אליו והי׳ דר בכפר והי׳ הרב מקרבו תמיד בכל מיני התקרבות
                    ובימים נוראים הי' אכסניאותו בבית הרב פעם א' בא אל הרב והחזיר פניו ממנו והי' לפלא
                    בעי"				
"הרא""ש"	2	Khal-Hasidim2024-9-25,Khal-Hasidim2024-9-25_corrected	no_match	0.0			"איש א׳ הי׳ מהמקורבים אליו והי׳ דר בכפר והי׳ הרב מקרבו תמיד בכל מיני התקרבות
                    ובימים נוראים הי' אכסניאותו בבית הרב פעם א' בא אל הרב והחזיר פניו ממנו והי' לפלא
                    בעי"				
"הרח""ו"	2	Khal-Hasidim2024-9-25,Khal-Hasidim2024-9-25_corrected	no_match	0.0			"איש א׳ הי׳ מהמקורבים אליו והי׳ דר בכפר והי׳ הרב מקרבו תמיד בכל מיני התקרבות
                    ובימים נוראים הי' אכסניאותו בבית הרב פעם א' בא אל הרב והחזיר פניו ממנו והי' לפלא
                    בעי"				
חנינא	2	Khal-Hasidim2024-9-25,Khal-Hasidim2024-9-25_corrected	no_match	0.0			"איש א׳ הי׳ מהמקורבים אליו והי׳ דר בכפר והי׳ הרב מקרבו תמיד בכל מיני התקרבות
                    ובימים נוראים הי' אכסניאותו בבית הרב פעם א' בא אל הרב והחזיר פניו ממנו והי' לפלא
                    בעי"				
רחב״ד	2	Khal-Hasidim2024-9-25,Khal-Hasidim2024-9-25_corrected	no_match	0.0			"איש א׳ הי׳ מהמקורבים אליו והי׳ דר בכפר והי׳ הרב מקרבו תמיד בכל מיני התקרבות
                    ובימים נוראים הי' אכסניאותו בבית הרב פעם א' בא אל הרב והחזיר פניו ממנו והי' לפלא
                    בעי"				
"הרב הב""י"	2	Khal-Hasidim2024-9-25,Khal-Hasidim2024-9-25_corrected	no_match	0.0			"איש א׳ הי׳ מהמקורבים אליו והי׳ דר בכפר והי׳ הרב מקרבו תמיד בכל מיני התקרבות
                    ובימים נוראים הי' אכסניאותו בבית הרב פעם א' בא אל הרב והחזיר פניו ממנו והי' לפלא
                    בעי"				
"דע""ה"	2	Khal-Hasidim2024-9-25	no_match	0.0			"הרב מ׳ נחמן קאסווער היה מתנגד
                        להבעש""ט [ושמעתי שהבעש״ט הי' מנשמת דע""ה והרב
                        מוהר״ן מנשמת שאול המלך ע""ה גלל כן
                    הי' עוין את דוד כל הימים"				
הצדיק מקאמינקא	2	Khal-Hasidim2024-9-25,PeerMikdoshim2024-10-13	phonetic	0.6	Tsadik_093.001		"כד אתכנשו כל צדיקי הדור על היא""צ ברופשיץ. באה אשה אחת
                    לפניהם ובתוכם הי׳ הגאון מקאמינקא ז""ל וצעקה האשה בבכי יליל תמרורים כי נתנה
                    סך שמנה מאות רייניש כסף לאיש אחד"	H-LOC_206			
חיים צאנזיר מבראד	2	Khal-Hasidim2024-9-25,Shemen-Hatov2025-12-01_gemini	no_match	0.0			"פ""א חלם הרב מו' דוד פירקוס איך שבא
                        להבעש״ט ורא׳ עומדים אצלו ד' אנשים
                    ב׳ לא הי' מכירם והג׳ הי׳ אליהו ז""ל והד' נעלם ממנו כי לא ידע
                    מי הוא "	H-LOC_152			
"ריב""ז"	2	Khal-Hasidim2024-9-25,Khal-Hasidim2024-9-25_corrected	no_match	0.0			"פ""א חלם הרב מו' דוד פירקוס איך שבא
                        להבעש״ט ורא׳ עומדים אצלו ד' אנשים
                    ב׳ לא הי' מכירם והג׳ הי׳ אליהו ז""ל והד' נעלם ממנו כי לא ידע
                    מי הוא "				
ריב״ז	2	Khal-Hasidim2024-9-25,Khal-Hasidim2024-9-25_corrected	no_match	0.0			"פ""א חלם הרב מו' דוד פירקוס איך שבא
                        להבעש״ט ורא׳ עומדים אצלו ד' אנשים
                    ב׳ לא הי' מכירם והג׳ הי׳ אליהו ז""ל והד' נעלם ממנו כי לא ידע
                    מי הוא "				
חיים סאנצער	2	Khal-Hasidim2024-9-25,Khal-Hasidim2024-9-25_corrected	no_match	0.0			"בעיר בראד היה איש אחד מופלג בתורה ויראה ונקרא בימיו
                        הרב מלוצק יען כי בימי חורפו היה
                    רב בלוצק ואח״כ ברך לו ד' בהון ועושר וישלך מעליו העול
                   "				
משה אוסטיער	2	Khal-Hasidim2024-9-25,Khal-Hasidim2024-9-25_corrected	phonetic	0.5	Biblical_Moses		"בעיר בראד היה איש אחד מופלג בתורה ויראה ונקרא בימיו
                        הרב מלוצק יען כי בימי חורפו היה
                    רב בלוצק ואח״כ ברך לו ד' בהון ועושר וישלך מעליו העול
                   "				
חיים סאנדזער	2	Khal-Hasidim2024-9-25,Khal-Hasidim2024-9-25_corrected	no_match	0.0			"בעיר בראד היה איש אחד מופלג בתורה ויראה ונקרא בימיו
                        הרב מלוצק יען כי בימי חורפו היה
                    רב בלוצק ואח״כ ברך לו ד' בהון ועושר וישלך מעליו העול
                   "				
דוד פירקוס	2	Khal-Hasidim2024-9-25	name_exact	0.95	Tsadik_012.034		"הרב ר' דוד פירקוס ז""ל היה תלמיד מובהק להבעש״ט זי""ע ובהגיע בתו הבתולה לעת דודים
                    ציוה הרב ר' דוד פירקוס ז""ל על פי
                    פקודת רבו הבעש""ט זי""ע לאנשים מיוחדים מחסידים הסר"				
"מוה""פ"	2	Khal-Hasidim2024-9-25,Khal-Hasidim2024-9-25_corrected	no_match	0.0			"עתה נכתוב קצת מפטירתו שהיה הסתלקותו ביום א׳ דשבועות בפסח שקודם זה הי' הרה""ק מו'
                        פנחס מקאריץ אצל
                        הבעש״ט ונחלש מעט ומפני זה בעי״ט
                    האחר"				
ליב קעסלר	2	Khal-Hasidim2024-9-25,Khal-Hasidim2024-9-25_corrected	name_exact	0.85	Tsadik_012.048		"עתה נכתוב קצת מפטירתו שהיה הסתלקותו ביום א׳ דשבועות בפסח שקודם זה הי' הרה""ק מו'
                        פנחס מקאריץ אצל
                        הבעש״ט ונחלש מעט ומפני זה בעי״ט
                    האחר"				
הירץ	2	Khal-Hasidim2024-9-25,Khal-Hasidim2024-9-25_corrected	no_match	0.0			"שמעתי מהרב הצדיק ר׳ יואל מ""מ דק""ק
                        נעמרוב אשר מקום קבורתו בירושלים תוב״ב. שפ״א נסע עם הרב דק""ק ראשקוב לק""ק מעזיבוז ובא לק""ק באר
                    והתפללו שם באכסניא בבית בעשרה"				
ליפמן	2	Khal-Hasidim2024-9-25,Khal-Hasidim2024-9-25_corrected	no_match	0.0			"גם שמעתי מר' פנחס מלמד שהיה מקודם מ״מ וכמדומהלי שהמעשה הי'
                    בק""ק צפת והיה שם הרב דק""ק הנ׳ הנק'
                    בלשונם חכם והיה איש טוב מאד והיה אוהב לר""ג פ""א אמר
               "				
"ר""י בעש""ט"	2	Khal-Hasidim2024-9-25,Khal-Hasidim2024-9-25_corrected	phonetic	0.727	Tsadik_001.001		"מעשה נוראה מהרב הקדוש האלקי מו""ה גרשון
                        קיטעוור ז""ל גיסו של רבינו הבעש״ט נ""ע : פעם אחת הי' הבעש״ט ז""ל בדאגה גדולה עד מאוד. וקראו לגיסו הרה""ק מו""ה גרשון ז""ל ואמר לו תדע גיסי כי כ"				
"ר""י בע""ש"	2	Khal-Hasidim2024-9-25,Khal-Hasidim2024-9-25_corrected	no_match	0.0			"מעשה נוראה מהרב הקדוש האלקי מו""ה גרשון
                        קיטעוור ז""ל גיסו של רבינו הבעש״ט נ""ע : פעם אחת הי' הבעש״ט ז""ל בדאגה גדולה עד מאוד. וקראו לגיסו הרה""ק מו""ה גרשון ז""ל ואמר לו תדע גיסי כי כ"				
"האורה""ח"	2	Khal-Hasidim2024-9-25,Khal-Hasidim2024-9-25_corrected	no_match	0.0			"מעשה נוראה מהרב הקדוש האלקי מו""ה גרשון
                        קיטעוור ז""ל גיסו של רבינו הבעש״ט נ""ע : פעם אחת הי' הבעש״ט ז""ל בדאגה גדולה עד מאוד. וקראו לגיסו הרה""ק מו""ה גרשון ז""ל ואמר לו תדע גיסי כי כ"				
"האוה""ח"	2	Khal-Hasidim2024-9-25,Khal-Hasidim2024-9-25_corrected	no_match	0.0			"מעשה נוראה מהרב הקדוש האלקי מו""ה גרשון
                        קיטעוור ז""ל גיסו של רבינו הבעש״ט נ""ע : פעם אחת הי' הבעש״ט ז""ל בדאגה גדולה עד מאוד. וקראו לגיסו הרה""ק מו""ה גרשון ז""ל ואמר לו תדע גיסי כי כ"				
"רדו""ב"	2	Khal-Hasidim2024-9-25,Khal-Hasidim2024-9-25_corrected	no_match	0.0			"שמעתי מחסיד אחד כששמע הרב הקדוש מו""ה דוב בער זצל""ה מהשם
                    הגדול של הרב הקדוש הבעש״ט וכל העם
                    נוסעים אליו ופועל בתפלתו פעולות גדולות ונוראות והנה הרב מו""ה דוב
     "				
"דו""ב"	2	Khal-Hasidim2024-9-25,Khal-Hasidim2024-9-25_corrected	no_match	0.0			"שמעתי מחסיד אחד כששמע הרב הקדוש מו""ה דוב בער זצל""ה מהשם
                    הגדול של הרב הקדוש הבעש״ט וכל העם
                    נוסעים אליו ופועל בתפלתו פעולות גדולות ונוראות והנה הרב מו""ה דוב
     "				
מענדל	2	Khal-Hasidim2024-9-25,Khal-Hasidim2024-9-25_corrected	no_match	0.0			"ומהרב דק""ק דראזינץ שהיה אב""ד בק""ק פאוולויץ שמעתי המעשה איך נתקרב
                    הרב המגיד הגדול
                        להבעש""ט
                    המגיד צם ז׳ או ח' פעמים משבת לשבת רצופים וחלה מ"				
יצחק דראביצר	2	Khal-Hasidim2024-9-25,Khal-Hasidim2024-9-25_corrected	no_match	0.0			"הרב הקדוש האלקי מופת דורו ופלאו מ' יצחק דראביצר נתקבל למ״מ
                    בק' האריחוב גדולה וישב שם כמה שבועות והי׳ מעשה שקצב א'
                    נשאר ב""ח לבטל הטאקסע והבע״ט לא הי׳ בביתו ומשכנ"				
אציקיל	2	Khal-Hasidim2024-9-25,Khal-Hasidim2024-9-25_corrected	no_match	0.0			"הרב הקדוש האלקי מופת דורו ופלאו מ' יצחק דראביצר נתקבל למ״מ
                    בק' האריחוב גדולה וישב שם כמה שבועות והי׳ מעשה שקצב א'
                    נשאר ב""ח לבטל הטאקסע והבע״ט לא הי׳ בביתו ומשכנ"				
הגאון מסוואלק	2	Khal-Hasidim2024-9-25,Sipurei-Zadikim2025-06-22	no_match	0.0			"הנה האיש הנ""ל הר' מאיר היה בן גביר וחתן לגביר
                        בסוואלק הבירה והוא בעצמו היה חריף ושנון והיה לומד
                    בישיבת הגאון מסוואלק והנה כאשר הגדיל
                    האי"	H-LOC_526			
הקדוש ממעזיבוז	2	Khal-Hasidim2024-9-25	name_exact	0.95	Tsadik_001.015		"סיפר הרב הצדיק איש אלקים מהר״צ מזידיטשוב ז""ל. מהתגלגלות הסבות מאדון הסבות איך
                    שבא למעזיביז וראה גודל קדושת הרב הקדוש
                    הנ""ל. הרב הצדיק מהר""צ הי' מסתופף בצל הקודש "	H-LOC_55			
"מהרי""ג"	2	Khal-Hasidim2024-9-25,Khal-Hasidim2024-9-25_corrected	no_match	0.0			"סיפר הרב הצדיק איש אלקים מהר״צ מזידיטשוב ז""ל. מהתגלגלות הסבות מאדון הסבות איך
                    שבא למעזיביז וראה גודל קדושת הרב הקדוש
                    הנ""ל. הרב הצדיק מהר""צ הי' מסתופף בצל הקודש "				
הצדיק מלובלין החוזה מפולין	2	Khal-Hasidim2024-9-25,maase-zadikim2025-06-22	phonetic	0.588	Tsadik_041.001		"סיפר הרב הצדיק איש אלקים מהר״צ מזידיטשוב ז""ל. מהתגלגלות הסבות מאדון הסבות איך
                    שבא למעזיביז וראה גודל קדושת הרב הקדוש
                    הנ""ל. הרב הצדיק מהר""צ הי' מסתופף בצל הקודש "	H-LOC_56			
"הרה""ק ממעזיבוז"	2	Khal-Hasidim2024-9-25	phonetic	0.692	Tsadik_001.015		"סיפר הרב הצדיק איש אלקים מהר״צ מזידיטשוב ז""ל. מהתגלגלות הסבות מאדון הסבות איך
                    שבא למעזיביז וראה גודל קדושת הרב הקדוש
                    הנ""ל. הרב הצדיק מהר""צ הי' מסתופף בצל הקודש "	H-LOC_55			
"בת הרה""ק"	2	Khal-Hasidim2024-9-25,Khal-Hasidim2024-9-25_corrected	no_match	0.0			"סיפר הרב הצדיק איש אלקים מהר״צ מזידיטשוב ז""ל. מהתגלגלות הסבות מאדון הסבות איך
                    שבא למעזיביז וראה גודל קדושת הרב הקדוש
                    הנ""ל. הרב הצדיק מהר""צ הי' מסתופף בצל הקודש "				
בתו של הרב	2	Khal-Hasidim2024-9-25,Khal-Hasidim2024-9-25_corrected	no_match	0.0			"סיפר הרב הצדיק איש אלקים מהר״צ מזידיטשוב ז""ל. מהתגלגלות הסבות מאדון הסבות איך
                    שבא למעזיביז וראה גודל קדושת הרב הקדוש
                    הנ""ל. הרב הצדיק מהר""צ הי' מסתופף בצל הקודש "				
הרב הקדוש ממעזיביז	2	Khal-Hasidim2024-9-25	name_exact	0.95	Tsadik_001.015		"סיפר הרב הצדיק איש אלקים מהר״צ מזידיטשוב ז""ל. מהתגלגלות הסבות מאדון הסבות איך
                    שבא למעזיביז וראה גודל קדושת הרב הקדוש
                    הנ""ל. הרב הצדיק מהר""צ הי' מסתופף בצל הקודש "	H-LOC_55			
הצדיק מזידיטשוב	2	Khal-Hasidim2024-9-25	name_exact	0.95	Tsadik_058.002		"סיפר הרב הצדיק איש אלקים מהר״צ מזידיטשוב ז""ל. מהתגלגלות הסבות מאדון הסבות איך
                    שבא למעזיביז וראה גודל קדושת הרב הקדוש
                    הנ""ל. הרב הצדיק מהר""צ הי' מסתופף בצל הקודש "	H-LOC_92			
הצדיק וקדוש מזידיטשוב	2	Khal-Hasidim2024-9-25,maase-zadikim2025-06-22	phonetic	0.538	Tsadik_058.002		"סיפר הרב הצדיק איש אלקים מהר״צ מזידיטשוב ז""ל. מהתגלגלות הסבות מאדון הסבות איך
                    שבא למעזיביז וראה גודל קדושת הרב הקדוש
                    הנ""ל. הרב הצדיק מהר""צ הי' מסתופף בצל הקודש "	H-LOC_92			
מאיר מילקעס	2	Khal-Hasidim2024-9-25,Khal-Hasidim2024-9-25_corrected	no_match	0.0			"בימי המוכיח הקדוש מק""ק פולנאי היה בעיר
                        בעי מסור א׳ שציער מאד את אנשי עירו במסירות. פ״א חלה וצוה המוכיח ז""ל להשמשים מחברה להודיע לו זמן לויה
                    שלו והודיעו לו ו"				
אשר מסטאלין	2	Khal-Hasidim2024-9-25,Shivhei-Harav2024-10-29	name_exact	0.95	Tsadik_016.003		"איש הי' בארץ רוסי' הלבינה בעיר
                        לאזנע ושמו ר' ברוך ויולד האיש
                    לעת זקנתו שני בנים ויקרא שם האחד שניאור
                        זלמן ושם השני קרא יהודה ליב וכא"	H-LOC_654			
"הרש""ז"	2	Khal-Hasidim2024-9-25,Khal-Hasidim2024-9-25_corrected	no_match	0.0			"איש הי' בארץ רוסי' הלבינה בעיר
                        לאזנע ושמו ר' ברוך ויולד האיש
                    לעת זקנתו שני בנים ויקרא שם האחד שניאור
                        זלמן ושם השני קרא יהודה ליב וכא"				
החסיד	2	Khal-Hasidim2024-9-25,Shivhei-Harav2024-10-29	no_match	0.0			"איש הי' בארץ רוסי' הלבינה בעיר
                        לאזנע ושמו ר' ברוך ויולד האיש
                    לעת זקנתו שני בנים ויקרא שם האחד שניאור
                        זלמן ושם השני קרא יהודה ליב וכא"				
קייסר פאוויל	2	Khal-Hasidim2024-9-25,Shivhei-Harav2024-10-29	no_match	0.0			"ויהי במשך איזה שנים אחרי׳ היה מוכרח הרב ז""ל להיות בפ""ב
                    מאיז עסק השייך לכלל והקיסר פאוויל לא ידע מביאתו
                        לפ""ב ויהי שם הרב איזה ימים אחדים בתוך כך נתהוה סיבה
 "				
"הקייסר
                        אלכסנדר"	2	Khal-Hasidim2024-9-25	no_match	0.0			"ויהי במשך איזה שנים אחרי׳ היה מוכרח הרב ז""ל להיות בפ""ב
                    מאיז עסק השייך לכלל והקיסר פאוויל לא ידע מביאתו
                        לפ""ב ויהי שם הרב איזה ימים אחדים בתוך כך נתהוה סיבה
 "				
הקייסר אלכסנדר	2	Khal-Hasidim2024-9-25,Shivhei-Harav2024-10-29	no_match	0.0			"ויהי במשך איזה שנים אחרי׳ היה מוכרח הרב ז""ל להיות בפ""ב
                    מאיז עסק השייך לכלל והקיסר פאוויל לא ידע מביאתו
                        לפ""ב ויהי שם הרב איזה ימים אחדים בתוך כך נתהוה סיבה
 "				
"אביגדוד
                            אביגדור"	2	Khal-Hasidim2024-9-25,Khal-Hasidim2024-9-25_corrected	no_match	0.0			"אולם סופם של המוסרים הנ""ל ראו הכל בעינא פקיחא. אפ׳ צד המנגדים הודו כי המשלם גמול
                    שילם להם פרותיהם בעוה""ז כי האיש מוויטעפסק אשר היה מקודם
                    גביר גדול ומופלג בתורה "				
יהושע צייטלעס משקלאב	2	Khal-Hasidim2024-9-25,Shivhei-Harav2024-10-29	no_match	0.0			"מובן ממילא לכל בן דיעה המכיר את תכונת אנשי רייסין וליטא אשר לא ככל
                    המדינות פולין
                        וואלין ושארי מדינות אשר הורגלו שם מעת זרח אור
                        הבעש״"	H-LOC_106			
סנדר	2	Khal-Hasidim2024-9-25,Khal-Hasidim2024-9-25_corrected	no_match	0.0			"פעם אחת בא ר' סנדר מתלמידי הגאון מווילנא על אסיפה
                        למאהליב דרוסי' וישלח לצוות להרב שישלח גם הוא אחד
                    מאנשים כי כמה פעמים הרעיש ר' סענדר הנ""ל האסיפות ובוויכוחי"				
"האב""ד דק""ק חמעלניק"	2	Khal-Hasidim2024-9-25,Shivhei-Harav2024-10-29	no_match	0.0			"ויהי כאשר הניח ה׳ לו מכל המציקים מבית ומחוץ ועבר מלין כל מה שדברו עד כה מישראלים
                    ומאינם ישראלים ביקש הצדיק הזה לישב בשלוה ללמד דעת את העם ולנחותם בדרך
                        בהרך "				
ווייטיל	2	Khal-Hasidim2024-9-25,Khal-Hasidim2024-9-25_corrected	no_match	0.0			"והנה מדי עבר הרב לטולטשין נזקק לבקשת אשה
                    אחת לשלם לה טובה תחת טובה כי בעת אשר ישב הרב במאסר
                        בפעטערסבורג פעם הראשון היתה שמה אשה אחת שמה
                    "				
אהרן הלו הורוויץ	2	Khal-Hasidim2024-9-25,Khal-Hasidim2024-9-25_corrected	no_match	0.0			"ויהי אחרי פטירת רבינו הקדוש מלאו מקומו הני תרי צנתרי דדהבא ה״ה הרב הקדוש האלקי
                    מו״ה אהרן הלו הורוויץ נצר מגזע הרב הקדוש ר׳ישעיה
                        בעה״מ ספר השל״ה הקדוש והשני "				
מוה״ר״א	2	Khal-Hasidim2024-9-25,Khal-Hasidim2024-9-25_corrected	no_match	0.0			"ויהי אחרי פטירת רבינו הקדוש מלאו מקומו הני תרי צנתרי דדהבא ה״ה הרב הקדוש האלקי
                    מו״ה אהרן הלו הורוויץ נצר מגזע הרב הקדוש ר׳ישעיה
                        בעה״מ ספר השל״ה הקדוש והשני "				
"ישראל
                        יוסף"	2	Khal-Hasidim2024-9-25	no_match	0.0			והנה להציע לפני הקורא את כל הנעש׳ אחר פטירת רבינו הקדוש ברייסין ופרשת גדולת אהרן מהחל עד כלה תקצר היריע' . וע״כ אמרתי להבליג מעט על תאוותי ועוד חזון למועד ורק דבר אחד מהנוראו' הגדולי׳ בחרתי להציג לפני				
הצדיק בוצינא קדישא מריזין	2	Khal-Hasidim2024-9-25,maase-zadikim2025-06-22	no_match	0.0			"מפורסם לכל קדושת ארי׳ דבי עילאה הק' האלקי ר' ליבוש משפאלע הנקרא בפי כל
                    שפאלער זיידע וסבת הקריאה בשם הזה זיידע היה כי במן בואו לשפאלע היה עיר ההוא מלאה מחוטאי ישראל כלם היו
        "	H-LOC_26			
הקדוש מקאריץ	2	Khal-Hasidim2024-9-25	no_match	0.0			"מפורסם לכל קדושת ארי׳ דבי עילאה הק' האלקי ר' ליבוש משפאלע הנקרא בפי כל
                    שפאלער זיידע וסבת הקריאה בשם הזה זיידע היה כי במן בואו לשפאלע היה עיר ההוא מלאה מחוטאי ישראל כלם היו
        "	H-LOC_149			
הרב מנישחיז	2	Khal-Hasidim2024-9-25	name_exact	0.95	Tsadik_036.001		"ויהי אחרי הדברים האלה נתוועד הסבא הזה עם הרבנים הקדושים
                    המפורסמים הצדיקים ר' מרדכי מנישחיז ועם הש״ץ
                            מזאסלאב אשר גם המה
                    הלכו אז בגולה"	H-LOC_198			
"הרר""ל"	2	Khal-Hasidim2024-9-25,Khal-Hasidim2024-9-25_corrected	no_match	0.0			"ויהי אחרי הדברים האלה נתוועד הסבא הזה עם הרבנים הקדושים
                    המפורסמים הצדיקים ר' מרדכי מנישחיז ועם הש״ץ
                            מזאסלאב אשר גם המה
                    הלכו אז בגולה"				
הסבא מספאלא	2	Khal-Hasidim2024-9-25,Khal-Hasidim2024-9-25_corrected	name_exact	0.95	Tsadik_012.154		"ועתה נציע לפני הקורא מעשה אחת ממופתיו הרבים כאשר יעדנו בהתחלת דיבורנו זה : הנה
                    בעיר אחת מעיירות הסמוכות לספאלע היתה עגונה אחת אשר עזבה
                    אותה בעל נעוריה וחמש עשרה"	H-LOC_61			
מענדילע פריסטקר	2	Khal-Hasidim2024-9-25,Khal-Hasidim2024-9-25_corrected	name_exact	0.95	Tsadik_084.001		"הרב הקדוש בעל נועם
                            אלימלך צוה לתלמידו עת שאלוהו מי יהיה להם לרב ומורה
                    ויאמר להם ליסע לסדילקאב לנכד
                        הבעש״ט ז""ל בעל דגל מחנה אפרים"				
"הרה""ק מליזענסק"	2	Khal-Hasidim2024-9-25	name_exact	0.95	Tsadik_019.001		"אמר הרב הקדוש מו""ה אלימלך ז""ל האונאה
                    בעבודה סכנה גדולה מאוד. ומעשה שהיה בהרב הצדיק קדוש עליון מהר""י
                            מלובלין שנסע
                        לליזענסק להקדוש"	H-LOC_350			
ישראל פאליצקער	2	Khal-Hasidim2024-9-25,Khal-Hasidim2024-9-25_corrected	phonetic	0.467	Tsadik_012.168		"עתה נציע לפני הקורא התגלות הרב הגאון הקדוש האלקי ר׳
                        ישראל פאליצקער שהיה צדיק גדול מגדולי תלמידיו של
                        המגיד הגדול ממעזריטש ז""ל
                    :"				
אברהם קאליסקער	2	Khal-Hasidim2024-9-25,Khal-Hasidim2024-9-25_corrected	no_match	0.0			"בעיר פאלעצק במדינת רייסן היה איש
                    אחד מהמוני עם הפשוטים אשר התפרנס ממלאכתו ממלאכת החייטים והיה עוסק במלאכתו באמונה
                    לא ויתר שום דבר משום אדם ועסק במצות ה׳ בכל יכו"				
חייקול המדורער	2	Khal-Hasidim2024-9-25,Khal-Hasidim2024-9-25_corrected	no_match	0.0			"ואחרי אשר נסע ממעזריטש הרב ר׳ ישראל
                    נתפרד מהרב ר׳ עזריאל ואז נסע הרר""ע עם ר' ליב שרהס הנ""ל והוא נסע לביתו ואח״כ התפשט
                    בבגדי עני והלך בגולה שנה תמימה. וקרה פעם א"				
בער המגיד	2	Khal-Hasidim2024-9-25,Khal-Hasidim2024-9-25_corrected	no_match	0.0			"הרב הגאון האלקי ר׳ לוי יצחק טרם נתקבל לאב""ד בקהילות גדולות
                    וטרם יצא טבעו ושמו הקדוש בעולם לאות ולמופת בישראל בהיותו
                        בהיותי עוד צעיר לימים הי׳ אב""ד בעיר ריטש"				
מילך	2	Khal-Hasidim2024-9-25,Khal-Hasidim2024-9-25_corrected	no_match	0.0			"הרב הגאון האלקי ר׳ לוי יצחק טרם נתקבל לאב""ד בקהילות גדולות
                    וטרם יצא טבעו ושמו הקדוש בעולם לאות ולמופת בישראל בהיותו
                        בהיותי עוד צעיר לימים הי׳ אב""ד בעיר ריטש"				
המה״ג	2	Khal-Hasidim2024-9-25,Khal-Hasidim2024-9-25_corrected	phonetic	0.667	Tsadik_002.001		"הרב הגאון האלקי ר׳ לוי יצחק טרם נתקבל לאב""ד בקהילות גדולות
                    וטרם יצא טבעו ושמו הקדוש בעולם לאות ולמופת בישראל בהיותו
                        בהיותי עוד צעיר לימים הי׳ אב""ד בעיר ריטש"				
"משה
                        ליב"	2	Khal-Hasidim2024-9-25	name_exact	0.95	Tsadik_037.001		"הידועה
                        הידיעה ומפורסמת לאנשי סגולה בעוד טרם נתגלה צדקתו וקדושתו הצדיק ר' משה ליב זי""ע היה תלמיד מובהק להרב הגאון האמיתי הקדוש המקובל האלקי מו""ה
                        שמעלקא מ"				
"פייוויש
                        מבאלשוועץ"	2	Khal-Hasidim2024-9-25,Khal-Hasidim2024-9-25_corrected	no_match	0.0			"סיפור נפלא מהרב הקדוש איש האלהים הנ""ל סיפרה הרב הצדיק מוהר""ר פייוויש
                        מבאלשוועץ ז""ל וכה היו דבריו. אנכי שמשתי כל צרכי את מורי ורבי
                    הקדוש מוהר""ר אלימלך ז""ל בע"				
"צבי
                        מזידישטוב"	2	Khal-Hasidim2024-9-25,Khal-Hasidim2024-9-25_corrected	no_match	0.0			"סיפור נפלא מהרב הקדוש איש האלהים הנ""ל סיפרה הרב הצדיק מוהר""ר פייוויש
                        מבאלשוועץ ז""ל וכה היו דבריו. אנכי שמשתי כל צרכי את מורי ורבי
                    הקדוש מוהר""ר אלימלך ז""ל בע"				
מהרי״צ	2	Khal-Hasidim2024-9-25,Khal-Hasidim2024-9-25_corrected	no_match	0.0			"סיפור נפלא מהרב הקדוש איש האלהים הנ""ל סיפרה הרב הצדיק מוהר""ר פייוויש
                        מבאלשוועץ ז""ל וכה היו דבריו. אנכי שמשתי כל צרכי את מורי ורבי
                    הקדוש מוהר""ר אלימלך ז""ל בע"				
מהרמ״ל	2	Khal-Hasidim2024-9-25,Khal-Hasidim2024-9-25_corrected	no_match	0.0			"סיפור נפלא מהרב הקדוש איש האלהים הנ""ל סיפרה הרב הצדיק מוהר""ר פייוויש
                        מבאלשוועץ ז""ל וכה היו דבריו. אנכי שמשתי כל צרכי את מורי ורבי
                    הקדוש מוהר""ר אלימלך ז""ל בע"				
מהרמ״פ	2	Khal-Hasidim2024-9-25,Khal-Hasidim2024-9-25_corrected	no_match	0.0			"סיפור נפלא מהרב הקדוש איש האלהים הנ""ל סיפרה הרב הצדיק מוהר""ר פייוויש
                        מבאלשוועץ ז""ל וכה היו דבריו. אנכי שמשתי כל צרכי את מורי ורבי
                    הקדוש מוהר""ר אלימלך ז""ל בע"				
חיים וויינשנקער	2	Khal-Hasidim2024-9-25,Khal-Hasidim2024-9-25_corrected	no_match	0.0			"שמה בסאסוב העיר הי׳ איש אחד ושמו ר'
                        חיים וויינשנקער סוחר יין ולו בן תלמיד חכם גדול והאיש
                    זקן בא בימים והלך בדרך כל הארץ ואת אשתו ובניו הניח לאנחות כי נשארו "				
"יעקב
                        יצחק"	2	Khal-Hasidim2024-9-25	phonetic	0.5	tempH-116		"מעשה נוראה בימי הצדיקים הקדושים ה""ה הרב המגיד
                        הקדוש מקאזניץ והרב הקדוש
                    ר׳ יעקב יצחק הלוי מלובלין ז""ל זי""ע : מעשה שהיה איש אחד ממקורביו של
                  "				
"האלהי ז""ל מסטרעליסק"	2	Khal-Hasidim2024-9-25,maase-zadikim2025-06-22	phonetic	0.562	Tsadik_057.001		"נודע לכל שלומי חסידי ישראל קדושת האלהי ז""ל מסטרעליסק כי באמת היה כמלאך אלהים כאחד השרפים
                    וממש לא היה בן אדם רק שרף כי תמיד היה בוער כאש לשמו ית׳ ויתעלה. והאמת היה לו
              "	H-LOC_209			
הקדוש מנישחיז	2	Khal-Hasidim2024-9-25,maase-zadikim2025-06-22	name_exact	0.95	Tsadik_036.001		"נודע לכל שלומי חסידי ישראל קדושת האלהי ז""ל מסטרעליסק כי באמת היה כמלאך אלהים כאחד השרפים
                    וממש לא היה בן אדם רק שרף כי תמיד היה בוער כאש לשמו ית׳ ויתעלה. והאמת היה לו
              "	H-LOC_198			
"הרה""ק מסטרעליסק"	2	Khal-Hasidim2024-9-25	name_exact	0.95	Tsadik_057.001		"נודע לכל שלומי חסידי ישראל קדושת האלהי ז""ל מסטרעליסק כי באמת היה כמלאך אלהים כאחד השרפים
                    וממש לא היה בן אדם רק שרף כי תמיד היה בוער כאש לשמו ית׳ ויתעלה. והאמת היה לו
              "	H-LOC_209			
הצדיק מפרעמישלאן	2	Khal-Hasidim2024-9-25,maase-zadikim2025-06-22	no_match	0.0			"להרב הצדיק מפרעמישלאן בא פעם אדם אחד
                    ויהי כאשר הבין בפניו וירא בו
                        בי אותיות עבירה שהיה משתדל עם שאר רעהו ר""ל. והנה לקרב אותו לתשובה שיכל הרב הצדיק מאוד את פ"	H-LOC_39			
גדלי'	2	Khal-Hasidim2024-9-25,Khal-Hasidim2024-9-25_corrected	no_match	0.0			": פ""א בא שליח מכפר הסמך לזעלחאב להרב
                        ר""ג הנזכר שיבוא לשם למול תינוק אחד ולהכניסו בבריתו של
                    א""א כי הר׳ גדלי' הי' מוהל ועת מלחמה הי' אז והי׳ מתירא כל
        "				
"מהרש""א"	2	Khal-Hasidim2024-9-25,Khal-Hasidim2024-9-25_corrected	no_match	0.0			"בעיר הנ""ל היו שני אנשים שותפים והי' מסחרם מלייוינט פשוט וכדומה. והיו אוהבים זל""ז
                    כל ימיהם פעם אחד ששמעו כי אצל דוכסה אחת נמצאו סחורות בזול כי היא קבלה ירושה אלף
                   "				
אלי' הנביא	2	Khal-Hasidim2024-9-25,Khal-Hasidim2024-9-25_corrected	phonetic	0.455	Biblical_Elijah		"עתה נספר את אשר העיד אלי' הנביא ז""ל על רבינו
                        משה ומזה המעשה אשר נספר נקח מוסר לדעת איך צריך האדם
                    להחזיק עצמו בשפלות. והמעשה שהיתה כך היתה רבינו הנ""ל היה לו "				
וואלף קוצעס	2	Khal-Hasidim2024-9-25_corrected,Shivei-Habesht2024-12-15_corrected	no_match	0.0			"שמעתי מהרב מהור״ר פאלק החסיד המפורסים דק""ק
                             ששמע מהר' טיעשילנקאברהם
                        אב""ד דק""ק  שהיה מקדם ש״ץ בבית המדרש
                    דק""ק דובאסרמעזיבוז פ״א ה"				
"הרד""פ"	2	Khal-Hasidim2024-9-25_corrected	no_match	0.0			"הרב ר' דוד פירקוס ז""ל היה תלמיד מובהק להבעש״ט זי""ע ובהגיע בתו הבתולה לעת דודים
                    ציוה הרב ר' דוד פירקוס ז""ל על פי
                    פקודת רבו הבעש""ט זי""ע לאנשים מיוחדים מחסידים הסר"				
בעל שם טוב	2	Khal-Hasidim2024-9-25_corrected,Sefer-Moraim-Gdolim2025-11-28_corrected	name_exact	0.95	Tsadik_001.001		"מעשה נוראה מהרב הקדוש האלקי מו""ה גרשון
                        קיטעוור ז""ל גיסו של רבינו הבעש״ט נ""ע : פעם אחת הי' הבעש״ט ז""ל בדאגה גדולה עד מאוד. וקראו לגיסו הרה""ק מו""ה גרשון ז""ל ואמר לו תדע גיסי כי כ"				
מוהר״ם	2	Khal-Hasidim2024-9-25_corrected,Shemen-Hatov2025-12-01_gemini	no_match	0.0			"מעשה כשנתקבל הרב המגיד הגדול למ""מ בק""ק
                        חוסטוב והסרסור הי׳ הרב הקדוש ר' מנחם נחום
                        מק'  ושמעתי מר׳ טשעראנביליואל
                            מ שהיה חוגג ח"				
פייוול	2	Khal-Hasidim2024-9-25_corrected,Shivei-Habesht2024-12-15_corrected	no_match	0.0			"שמעתי מהרה""ק ר׳ נחום ששמע מפי כלת הרב המ""מ הגדול
                        אשת הר׳ אברהם הנ""ל כשנתאלמן בנו הק' מ׳ אברהם
                    זצ״ל קרא לשני חשובי העיר ואמר בקשתי שתסעו לק""ק קרעמניץ
       "				
הדוכס	2	Khal-Hasidim2024-9-25_corrected	no_match	0.0			"שמעתי מזקן אחד מבוניטש אשר היה בצוותא עם
                    רבי ליב שרהס בווין הבירה והנני
                    להציעה לפני הקורא באריכות : הנה עיר קטנה סמוכה למאהליב
                        דרוסיא הל"				
פלאצקליב	2	Khal-Hasidim2024-9-25_corrected,Sipurei-Zadikim2025-06-22_corrected	no_match	0.0			"ואחר כך לעת זקנתו קבל את הרב הגדול ר׳ עזריאל לו לגבאי ולר׳
                        עזריאל הזה הרכינו ראשם כל הצדיקי׳ גדולים שיברך אותם
                    והוא היה תלמיד חבר להרב הגאון ר' ישראל
      "				
נקולי	2	Khal-Hasidim2024-9-25_corrected,Shivhei-Harav2024-10-29_corrected	no_match	0.0			"עתה נסיים הסיפור מישועת החודש הזה כי עד כה עזרנו השי""ת לסיים הסיפור מיום י״ט וכ""ט
                    בו ועתה נחזור לראשו לספר מר""ח כסליו ויו""ד בו אשר בשני הימים האלו נפדו הרבנים
                    ה"				
יהושע צייטלעס	2	Khal-Hasidim2024-9-25_corrected,Shivhei-Harav2024-10-29_corrected	no_match	0.0			"מובן ממילא לכל בן דיעה המכיר את תכונת אנשי רייסין וליטא אשר לא ככל
                    המדינות פולין
                        וואלין ושארי מדינות אשר הורגלו שם מעת זרח אור
                        הבעש״"				
ליבוש	2	Khal-Hasidim2024-9-25_corrected,Shemen-Hatov2025-12-01_gemini	no_match	0.0			"מפורסם לכל קדושת ארי׳ דבי עילאה הק' האלקי ר' ליבוש מ הנקרא בפי כל
                    שפאלער זיידע וסבת הקריאה בשם הזה זיידע היה כי במן בואו לשפאלעשפאלע היה עיר ההוא מלאה מחוטאי ישראל כלם היו
        "				
הזקנה	2	Khal-Hasidim2024-9-25_corrected	no_match	0.0			"ועתה נציע לפני הקורא מעשה אחת ממופתיו הרבים כאשר יעדנו בהתחלת דיבורנו זה : הנה
                    בעיר אחת מעיירות הסמוכות לספאלע היתה עגונה אחת אשר עזבה
                    אותה בעל נעוריה וחמש עשרה"				
רמ״ל	2	Khal-Hasidim2024-9-25_corrected,Shemen-Hatov2025-12-01_gemini	no_match	0.0			"ויהי כאשר בא הצדיק לסאסוב וישמע כי בא אגרת
                        מבארדיטשוב כי הרה""ק
                            מ חלה מאוד
                    וכי בארדיטשובהרה""ק מ ישא
                    תפלה בעדו"				
שלמה לוצקר	2	Khal-Hasidim2024-9-25_corrected,maase-zadikim2025-06-22_corrected	no_match	0.0			"סיפר הרב הקדוש רשכב""ה מו""ה שלום מ ז""ל. הנה נובעלזדע שהוא שימש כל צרכו את הרה""ק מוהר""ר
                        שלמה לוצקר  וגם שימש את הרב ז""ל בעמה""ח ספר
                            דברת שלמההקדוש מ
  "				
חזן, אברהם בן נחמן ישראל	2	Kokhvei-Or2025-11-29,Kokhvei-Or2025-11-29_corrected	phonetic	0.72	tempH-39						
Chazan, Abraham	2	Kokhvei-Or2025-11-29,Kokhvei-Or2025-11-29_corrected	phonetic	0.562	tempH-39						
גדלי׳ מלינעץ	2	Kokhvei-Or2025-11-29,Kokhvei-Or2025-11-29_corrected	no_match	0.0			"אח״כ נתקרב לתלמידי המגיד ז""ל שהיו עדיין
					בעולם הלא המה. הרב הצדיק ר' זיסיא ז""ל.
					והרב הצדיק ר׳ לוי יצחק זצ""ל מבארדיטשוב. והרב הקדוש
					ר׳ ברוך זצ""ל והצדיק ר' גדלי׳ מלינעץ ז""ל והרב הצדיק ר'
	"				
מנאסכוז	2	Kokhvei-Or2025-11-29,Kokhvei-Or2025-11-29_corrected	no_match	0.0			"מעשה א׳ מהרב מנאסכוז ז""ל שבזה רימז להם שיתנו
					מאד את לבבם לכל דיבור ודיבור שיוצא
					מפיו הק' אפילו בעסקי העולם. ולבל ידמו בנפשם שע״פ
					פשוט הוא מדבר את דבריו חלילה :"				
שניאר זלמן	2	Kokhvei-Or2025-11-29,Kokhvei-Or2025-11-29_corrected	phonetic	0.545	Tsadik_027.001		"מעשה ב׳ מהרב ר' שניאר זלמן ז""ל שבזה רימז על
					מורנ""ת ז""ל שירבה מאד לחדש בתורתו הק':"				
אדומו	2	Kokhvei-Or2025-11-29	no_match	0.0			"במהירת פריחת הזמן של חיי האדם בזה העולם שכאין יחשבו
					נגד חיי העולם הנצחי. וגם הלא במהירת פריחת הזמן
					הזה מסוכן האדם בכל רגע ורגע היה נחשב בעיניו כל
					העוסקים בהבלי העולם כמשוגע ממש ואת כל ה"				
מורנית	2	Kokhvei-Or2025-11-29,Kokhvei-Or2025-11-29_corrected	no_match	0.0			"גם היה עוסק לחדש בתורה ופ""א נסע ביחד עם
					מורנית ז""ל וראה אז אצלו הכתבים שלו והטיבו"				
דוד מטשערין	2	Kokhvei-Or2025-11-29,Kokhvei-Or2025-11-29_corrected	phonetic	0.5	Biblical_David		"ר׳ דוד מטשערין ז""ל גם הוא היה איש עוסק
					במו""מ כל ימיו ואדומו״ר ז""ל פקד עליו
					להפריש חומש מכל אשר ירוויח ולחלקם לעניים וכן עשה
					וקיים כל ימיו וקודם פטירתו ענה ואמר מיט מיין חומש
					האב אי"				
שמואל אייזעק	2	Kokhvei-Or2025-11-29,Kokhvei-Or2025-11-29_corrected	no_match	0.0			"ר׳ דוד מטשערין ז""ל גם הוא היה איש עוסק
					במו""מ כל ימיו ואדומו״ר ז""ל פקד עליו
					להפריש חומש מכל אשר ירוויח ולחלקם לעניים וכן עשה
					וקיים כל ימיו וקודם פטירתו ענה ואמר מיט מיין חומש
					האב אי"				
אדמו״ר	2	Kokhvei-Or2025-11-29	no_match	0.0			"ויהי כאשר ארכו לו שם הימים איתרמי פ""א
					שהתגבר עליו מאד מרה שחורה וצער גדול
					מאיזה יסורים שעברו אז עליו ה) ונתקיים אז אצלו מקרא
					שכתוב בצר לך ומצאוך וכו' ושבת וכו' כי עי״ז נכנס לאדמו״ר
				"				
ה'	2	Kokhvei-Or2025-11-29,Maasiot-Pliot2026-01-10	no_match	0.0			"התחיל לעסוק בעבודתו י""ת בהתעוררות וביראה גדולה
					ונפלאה (וגם בצמצום נפלא כפי פקודתו ז""ל כפי אשו
					ידע במהות נפשו שצריך להשמר ביותר מריבו אור לב
					יגרום לגמרי כיבוי הנר ויש בזה כמה דיבורים ואי"				
יקותיאל	2	Kokhvei-Or2025-11-29,Kokhvei-Or2025-11-29_corrected	no_match	0.0			"הרב הצדיק ר׳ יקותיאל המגיד מטירהאוויצע זצוק""ל
					הוא אשר זכה ביותר מכל המפורסמים
					שבדורו להכניע א""ע תחת אדומו״ר ז""ל ולעמוד לפני הדרת
					קדושתו באימה ופחד וגם הרבה מאנשי מקורביו ויוצאי
					חלצ"				
"יהושע
					מזשערין"	2	Kokhvei-Or2025-11-29,Kokhvei-Or2025-11-29_corrected	no_match	0.0			"גם תבערת הלב בעבודת ה' של ר׳ אהרן ור׳ יהושע
					מזשערין אין לשער וכן שאר כל אנשיו כמו ר'
					נפתלי ז""ל מנעמרוב ור׳ יחיאל אחיו והרב ר׳ אהרן ז""ל
					מברסלב הרב ר׳ שמואל יצחק ז""ל מטשערין הרב ר' ישעי'
"				
עירא	2	Kokhvei-Or2025-11-29,Kokhvei-Or2025-11-29_corrected	no_match	0.0			"גם תבערת הלב בעבודת ה' של ר׳ אהרן ור׳ יהושע
					מזשערין אין לשער וכן שאר כל אנשיו כמו ר'
					נפתלי ז""ל מנעמרוב ור׳ יחיאל אחיו והרב ר׳ אהרן ז""ל
					מברסלב הרב ר׳ שמואל יצחק ז""ל מטשערין הרב ר' ישעי'
"				
יצחק מדאשיב	2	Kokhvei-Or2025-11-29,Kokhvei-Or2025-11-29_corrected	no_match	0.0			"גם תבערת הלב בעבודת ה' של ר׳ אהרן ור׳ יהושע
					מזשערין אין לשער וכן שאר כל אנשיו כמו ר'
					נפתלי ז""ל מנעמרוב ור׳ יחיאל אחיו והרב ר׳ אהרן ז""ל
					מברסלב הרב ר׳ שמואל יצחק ז""ל מטשערין הרב ר' ישעי'
"				
נתנאל מטעפליק	2	Kokhvei-Or2025-11-29,Kokhvei-Or2025-11-29_corrected	no_match	0.0			"וכן אנשי המו״מ שבאנשיו כמו הנ""ל באות י""ז י""ט
					כ""ח וכמו ר' נתנאל מטעפליק ור' שמואל מטעפליק"				
שמואל מטעפליק	2	Kokhvei-Or2025-11-29,Kokhvei-Or2025-11-29_corrected	no_match	0.0			"וכן אנשי המו״מ שבאנשיו כמו הנ""ל באות י""ז י""ט
					כ""ח וכמו ר' נתנאל מטעפליק ור' שמואל מטעפליק"				
אייזיק יוסף	2	Kokhvei-Or2025-11-29,Kokhvei-Or2025-11-29_corrected	name_exact	0.85	Biblical_Isaac		"והנגיד ר׳ לייב מקרומינטשאק ובנו ר׳ יצחק אייזיק חתנו
					של אדומו״ר ז""ל וכן ר' יוסף חתנו השני ר׳ ישראל מליפיוועץ
					ר׳ אייזיק יוסף מליפיוועץ ר׳ חיים שארעס מברסלב ר'
					יעקב מברסלב ר׳ דוד מברסלב ר׳"				
ראובן יוסף	2	Kokhvei-Or2025-11-29,Kokhvei-Or2025-11-29_corrected	no_match	0.0			"והנגיד ר׳ לייב מקרומינטשאק ובנו ר׳ יצחק אייזיק חתנו
					של אדומו״ר ז""ל וכן ר' יוסף חתנו השני ר׳ ישראל מליפיוועץ
					ר׳ אייזיק יוסף מליפיוועץ ר׳ חיים שארעס מברסלב ר'
					יעקב מברסלב ר׳ דוד מברסלב ר׳"				
משה מלאדיזען	2	Kokhvei-Or2025-11-29,Kokhvei-Or2025-11-29_corrected	phonetic	0.5	Biblical_Moses		"והנגיד ר׳ לייב מקרומינטשאק ובנו ר׳ יצחק אייזיק חתנו
					של אדומו״ר ז""ל וכן ר' יוסף חתנו השני ר׳ ישראל מליפיוועץ
					ר׳ אייזיק יוסף מליפיוועץ ר׳ חיים שארעס מברסלב ר'
					יעקב מברסלב ר׳ דוד מברסלב ר׳"				
מלאדיזען	2	Kokhvei-Or2025-11-29	no_match	0.0			"והנגיד ר׳ לייב מקרומינטשאק ובנו ר׳ יצחק אייזיק חתנו
					של אדומו״ר ז""ל וכן ר' יוסף חתנו השני ר׳ ישראל מליפיוועץ
					ר׳ אייזיק יוסף מליפיוועץ ר׳ חיים שארעס מברסלב ר'
					יעקב מברסלב ר׳ דוד מברסלב ר׳"				
לייב אפטער	2	Kokhvei-Or2025-11-29,Kokhvei-Or2025-11-29_corrected	name_exact	0.85	Tsadik_012.048		"והנגיד ר׳ לייב מקרומינטשאק ובנו ר׳ יצחק אייזיק חתנו
					של אדומו״ר ז""ל וכן ר' יוסף חתנו השני ר׳ ישראל מליפיוועץ
					ר׳ אייזיק יוסף מליפיוועץ ר׳ חיים שארעס מברסלב ר'
					יעקב מברסלב ר׳ דוד מברסלב ר׳"				
יואל חנה מלאדיזען	2	Kokhvei-Or2025-11-29,Kokhvei-Or2025-11-29_corrected	no_match	0.0			"והנגיד ר׳ לייב מקרומינטשאק ובנו ר׳ יצחק אייזיק חתנו
					של אדומו״ר ז""ל וכן ר' יוסף חתנו השני ר׳ ישראל מליפיוועץ
					ר׳ אייזיק יוסף מליפיוועץ ר׳ חיים שארעס מברסלב ר'
					יעקב מברסלב ר׳ דוד מברסלב ר׳"				
דוב אאייעלס	2	Kokhvei-Or2025-11-29,Kokhvei-Or2025-11-29_corrected	no_match	0.0			"והנגיד ר׳ לייב מקרומינטשאק ובנו ר׳ יצחק אייזיק חתנו
					של אדומו״ר ז""ל וכן ר' יוסף חתנו השני ר׳ ישראל מליפיוועץ
					ר׳ אייזיק יוסף מליפיוועץ ר׳ חיים שארעס מברסלב ר'
					יעקב מברסלב ר׳ דוד מברסלב ר׳"				
"נחמן ב""ר יודיל"	2	Kokhvei-Or2025-11-29,Kokhvei-Or2025-11-29_corrected	no_match	0.0			"פ""א עמד לפניו ר׳ נחמן ב""ר יודיל אר""ל שהיה איש
					כשר וירא וחרד לדבר ה' ועסק יומם ולילה
					בתורה ותפלה ובביתו אין לחם ואין שמלה כי היה עני
					גדול וגם אשתו היתה רעה וכעסנית והיתה מקללת אותו
					"				
אהרן ניסן	2	Kokhvei-Or2025-11-29,Kokhvei-Or2025-11-29_corrected	no_match	0.0			"שמעתי מר׳ אהרן ניסן שאמר לו מורנ""ת ז""ל אם
					היית בשמחה תמיד לא היית רואה פני
					גיהנם :"				
"ר""נ"	2	Kokhvei-Or2025-11-29_corrected,Maasiot-veSihot-Zadikim2026-01-10_corrected	no_match	0.0			"פ""א עמד לפניו ר׳ נחמן ב""ר יודיל אר""ל שהיה איש
					כשר וירא וחרד לדבר ה' ועסק יומם ולילה
					בתורה ותפלה ובביתו אין לחם ואין שמלה כי היה עני
					גדול וגם אשתו היתה רעה וכעסנית והיתה מקללת אותו
					"				
ממרן אלהי	2	Maasiot-Pliot2026-01-10	no_match	0.0			"א מעשה נוראה מהחכם הגדול קדוש אלקי רבינו אברהם בן עזרא.
					ב מעשה מהגאון המקובל הק׳ והטהור רבי נפתלי כ״ץ בעל סמיכות חכמים.
					ג מעשה בחסיד אחד ציוה את בנו לזרוק פתו במים כל ימיו ומקיים כבוד אב.
		"				
"ראב""ע"	2	Maasiot-Pliot2026-01-10,Maasiot-Pliot2026-01-10_corrected	no_match	0.0			"בקד וישחטו צאן טבח והכן והכינו את אשר יביאו משתם שמנים
					ויין רב כיד המלך וישבו להם לאכול כצהרים. והחכם ר״א בן
					עזרא ביניהם וישאו קולם ויצעקו בקול צורח כשאגת אריז ובקול
					גדול הלוך וחזק מאד "				
משה חריף	2	Maasiot-Pliot2026-01-10,Maasiot-Pliot2026-01-10_corrected	phonetic	0.5	Biblical_Moses		"בכח ויסגור הדלת ויאמר אל סופר שיכתוב שמות הקדושים על
					כל החלונות בהחדר וגם על הפתח. ועל העם הנצבים עליו
					נפלה חרדה גדולה מאוד על מה ששמעו דבריו. ויאמר אל
					האנשים שילכו חוצה מפתח ביתו רק הס"				
בעל	2	Maasiot-Pliot2026-01-10	phonetic	0.5	Rabbinic_Rema		"והי׳ ריב גדול בין הצדדים ומתדיינים בהדבר עד שנגשו אל
					המשפט לפני הממשלה וקרב הענין אחד אל אחד גבוה מעל
					גבוה עד שהגיע אל בית המלך (קיר״ה) ולהיושבים ראשונה במלכות
					כדת מה לעשות בנידון זה. א"				
איסרל אבי	2	Maasiot-Pliot2026-01-10,Maasiot-Pliot2026-01-10_corrected	no_match	0.0			"ט. מעשה נפלא מהגביר רבי איסרל אבי הרמ״א ז""ל."				
"שמעלקי
					מניקלשפורג"	2	Maasiot-Pliot2026-01-10,Maasiot-Pliot2026-01-10_corrected	phonetic	0.722	Tsadik_017.003		"פעם אחד בא הקדוש והטהור רבי ר׳ זושא מהאינפאלי זללה""ה
					לכבוד רבינו מאוה""ג הגאון הקדוש רבי רבי שמעלקי
					מניקלשפורג זי""ע וביקש ר״ר זוסיא שילמוד אתו השיב לו הרה״ק
					ר״ר שמעלקי אם אתם תלמדו עמי ח"	H-LOC_66			
א ימלך מליזענסק	2	Maasiot-Pliot2026-01-10,Maasiot-Pliot2026-01-10_corrected	phonetic	0.733	Tsadik_019.001		יח. מעשה מרבי א ימלך מליזענסק הקדוש.				
פישעל סופר	2	Maasiot-Pliot2026-01-10,Maasiot-Pliot2026-01-10_corrected	name_exact	0.85	Tsadik_001.010		"דאורייתא והוא יודע שפלותו שאינו ראוי לכך וירא לנפשו אולי
					הוא ח""ו מצד אחר. ותיכף בליל מוש""ק ביקש מאת האיש הוא
					החסיד ר' פישעל סופר שילך עמו לאדמו״ר לפריסטיק לכבוד
					איש אלקי רבי רבי מענדלי "				
זכריהו	2	Maasiot-Pliot2026-01-10,Maasiot-Pliot2026-01-10_corrected	no_match	0.0			"ישבערי אשכלהי׳ צדיק אחד ואמר קודם פטירתו שימות במיתה
					משונה ע״י רוצחים וכבר הוא הי׳ ק' פעמים בעוה״ז
					ובכל פעם נהרג והוא הי׳ בזמן בהמ״ק ראש הסנהדרין חריף
					וחכם ולמד בס״מ המות של תורה והוא ה"				
בנעט	2	Maasiot-Pliot2026-01-10_corrected,shivheiZadikim2026-01-10_corrected	no_match	0.0			"והי׳ ריב גדול בין הצדדים ומתדיינים בהדבר עד שנגשו אל
					המשפט לפני הממשלה וקרב הענין אחד אל אחד גבוה מעל
					גבוה עד שהגיע אל בית המלך (קיר״ה) ולהיושבים ראשונה במלכות
					כדת מה לעשות בנידון זה. א"				
רר״ז	2	Maasiot-Pliot2026-01-10_corrected,Shemen-Hatov2025-12-01_gemini	no_match	0.0			"פעם אחד בא הקדוש והטהור רבי ר׳ זושא מהאינפאלי זללה""ה
					לכבוד רבינו מאוה""ג הגאון הקדוש רבי רבי שמעלקי
					מניקלשפורג זי""ע וביקש ר״ר זוסיא שילמוד אתו השיב לו הרה״ק
					ר״ר שמעלקי אם אתם תלמדו עמי ח"				
"רר""ש"	2	Maasiot-Pliot2026-01-10_corrected	no_match	0.0			"פעם אחד בא הקדוש והטהור רבי ר׳ זושא מהאינפאלי זללה""ה
					לכבוד רבינו מאוה""ג הגאון הקדוש רבי רבי שמעלקי
					מניקלשפורג זי""ע וביקש ר״ר זוסיא שילמוד אתו השיב לו הרה״ק
					ר״ר שמעלקי אם אתם תלמדו עמי ח"				
אהאב	2	Maasiot-veSihot-Zadikim2026-01-10,Maasiot-veSihot-Zadikim2026-01-10_corrected	no_match	0.0			"וקשה על לשון וחטאתי שהוא לשון עבר ומהראוי לכתוב ואחטא
					לאלקים גם מאמר הגמרא האומר אחטא ואשיב אחטא ואשוב אין
					מספיקין בידו לעשות תשובה וקשה כפל הלשון. אמנם מחמת
					שמצוה לעשות תשובה. ומי שהוא"				
יהוא	2	Maasiot-veSihot-Zadikim2026-01-10,Maasiot-veSihot-Zadikim2026-01-10_corrected	no_match	0.0			"וקשה על לשון וחטאתי שהוא לשון עבר ומהראוי לכתוב ואחטא
					לאלקים גם מאמר הגמרא האומר אחטא ואשיב אחטא ואשוב אין
					מספיקין בידו לעשות תשובה וקשה כפל הלשון. אמנם מחמת
					שמצוה לעשות תשובה. ומי שהוא"				
יהוא בן נמשי	2	Maasiot-veSihot-Zadikim2026-01-10,Maasiot-veSihot-Zadikim2026-01-10_corrected	no_match	0.0			"וקשה על לשון וחטאתי שהוא לשון עבר ומהראוי לכתוב ואחטא
					לאלקים גם מאמר הגמרא האומר אחטא ואשיב אחטא ואשוב אין
					מספיקין בידו לעשות תשובה וקשה כפל הלשון. אמנם מחמת
					שמצוה לעשות תשובה. ומי שהוא"				
אליעזר ליפא	2	Maasiot-veSihot-Zadikim2026-01-10,Maasiot-veSihot-Zadikim2026-01-10_corrected	phonetic	0.412	tempH-119		"שמעתי מהרב הגאון מראזינטאב מוה׳ אליעזר ליפא ז""ל
					שאמר בשם הרב הגאון הקדוש מוה׳ לוי יצחק זצלה""ה מבארדיטשוב
					ששאלו להרב הקדוש הנ״ל מאמר בתיקונים ארביסר בראשית עלה
					אתמר ראשית בכורי אדמתך תבי"				
"יצחק אייזיק זצללה""ה מזידיטשוב"	2	Maasiot-veSihot-Zadikim2026-01-10	no_match	0.0			"הרב הצדיק ר׳ אייזיק ז""ל מקאמרנא סיפר להרב הצדיק
					הקדוש ר׳ יצחק אייזיק ז""ל מזידיטשוב בים גדול אחד אשר בעת
					פטירת רש״י ז""ל הלכו לנגדו כל הפמליא של מעלה ואמרו פנו
					מקום לרש״י ז""ל רק המלאך מט״"	H-LOC_92			
יהושע בן קרחה	2	Maasiot-veSihot-Zadikim2026-01-10,Maasiot-veSihot-Zadikim2026-01-10_corrected	no_match	0.0			"במשנה ה׳ פ""ז בסנהדרין אמר ר׳ יהושע בן קרחה בכל
					יום דנין את העדים בכינוי יכה יוסי את יוסי ופירש ר""ע מברטנורה
					ז""ל אני שמעתי מפני שהוא בן ארבע אותיות ועולה בנימ׳ אלהים
					לכך מכנים שם בן ר׳ א"				
גירי צדק	2	Maasiot-veSihot-Zadikim2026-01-10	no_match	0.0			"בשם הגאון מווילנא במשנה ג' פ״א דעדיות הלל אומר מלא
					הין מים שאובין פוסלין את המקוה אלא שאדם חייב לומר בלשון
					רבי. וכתב הברטנורה ז""ל כלומר הין אינו לשון משנה אלא לשון
					תורה אלא כך ששמע מרבו"				
פנחס הכהן בר חמא	2	Maasiot-veSihot-Zadikim2026-01-10,Maasiot-veSihot-Zadikim2026-01-10_corrected	no_match	0.0			"במ""ד פ׳ תשא דבר אחר זכור לאברהם וכו' הה״ד יד ליד
					לא ינקה רע אמר ר׳ פנחס הכהן בר חמא אם עשית מצוה אל
					תבקש מתן שברה מיד ליד למה שלא תנקה שאין אתה מתנקה
					מעונותיך ורשע אתה נקרא שלא בקשת להנ"				
יהושוע בן לוי	2	Maasiot-veSihot-Zadikim2026-01-10,Maasiot-veSihot-Zadikim2026-01-10_corrected	no_match	0.0			"מה שאומרים על סיום מסכת הדרן עלך והדרך עלן ומהראוי
					לומר קודם הדרך עלן ואח""כ והדרן עלך דרך תפלה ונ""ל כפי מה
					שכתוב בזוה״ק פ׳ משפטים דף קי״ד שאמר ר׳ חייא להסבא יהא
					רעוא דדיוקנא דילן תהא חק"				
מאיריל מפרימשלאן	2	Maasiot-veSihot-Zadikim2026-01-10,Maasiot-veSihot-Zadikim2026-01-10_corrected	no_match	0.0			"מהרב הצדיק הקדוש רבי ר' מאיריל מפרימשלאן ז""ל"	H-LOC_39			
שלמה קלונער	2	Maasiot-veSihot-Zadikim2026-01-10,Maasiot-veSihot-Zadikim2026-01-10_corrected	no_match	0.0			"פעם אחת נתוועדו למקום אחד הרבי ר' מאיריל ז""ל עם הגאין
					הצדיק ר׳ שלמה קלונער המגיד מבראד ז""ל אמר הרבי ר׳ מאיריל"				
"אברהם
					אבינו"	2	Maasiot-veSihot-Zadikim2026-01-10	name_exact	0.95	H_Abraham		"להמגיד כתיב ומלכי צדק מלך שלם הוציא לחם ויין והוא כהן לאל
					עליון ומקרא מסורם הוא דהיה צריך לכתוב ומלכי צדק מלך שלם
					כהן לאל על יון הוציא לחם ויין. אמנם נחזי און כששני צדיקים
					נתוועדו יחד ה"				
"משה
					רבינו"	2	Maasiot-veSihot-Zadikim2026-01-10,MaasyiotMzadikeiYesodeiOlam_20251128	name_exact	0.95	Biblical_Moses		"בפסוק האנכי הריתי את כל העם הזה אם אנכי ילדתיהו כי
					תאמר אלי שאיהו בחיקך וקשה היכן אמר ד׳ למשה שאיהו בחיקך
					עיין ברש״י ז״ל. אמנם משה רבינו היה צדיק גדול ולמי שהיה נחסר
					איזה דבר הן בפרנסה "				
מוה׳	2	Maasiot-veSihot-Zadikim2026-01-10,Maasiot-veSihot-Zadikim2026-01-10_corrected	no_match	0.0			"בפסוק בפ׳ ואתחנן ומשלם לשנאיו אל פניו להאבידו לא יאחר
					לשנאו אל פניו ישלם לו וקשה כפל הלשון גם הא קיי״ל דשבר
					מצוה בהאי עלמא ליכא אמנם דינה מביאר מ׳ שרואה נקמה בשנאו
					ושמח מנכין לו מהעולם "				
בצלאל בן אורי בן	2	Maasiot-veSihot-Zadikim2026-01-10,Maasiot-veSihot-Zadikim2026-01-10_corrected	no_match	0.0			"בפסיק ראה קראתי בשם בצלאל בן אורי בן חזר למטה יהודה
					ואמלא אותו רוח אלקים בחכמה ובתבונה ובדעת ובכל מלאכה לחשוב
					מחשבות לעשות בזהב ובכסף ובנחושת. ובגמרא איתא יודע היה
					בצלאל לצרף אותיות שנב"				
"דהרמב""ם"	2	Maasiot-veSihot-Zadikim2026-01-10,Maasiot-veSihot-Zadikim2026-01-10_corrected	no_match	0.0			"בפסיק ראה קראתי בשם בצלאל בן אורי בן חזר למטה יהודה
					ואמלא אותו רוח אלקים בחכמה ובתבונה ובדעת ובכל מלאכה לחשוב
					מחשבות לעשות בזהב ובכסף ובנחושת. ובגמרא איתא יודע היה
					בצלאל לצרף אותיות שנב"				
בצלאל בן אורי בן חור	2	Maasiot-veSihot-Zadikim2026-01-10,Maasiot-veSihot-Zadikim2026-01-10_corrected	no_match	0.0			"בפסיק ראה קראתי בשם בצלאל בן אורי בן חזר למטה יהודה
					ואמלא אותו רוח אלקים בחכמה ובתבונה ובדעת ובכל מלאכה לחשוב
					מחשבות לעשות בזהב ובכסף ובנחושת. ובגמרא איתא יודע היה
					בצלאל לצרף אותיות שנב"				
"מענדיל זלהה""ה מקאסיב"	2	Maasiot-veSihot-Zadikim2026-01-10,Maasiot-veSihot-Zadikim2026-01-10_corrected	no_match	0.0			"בשם הרבי ר' מענדיל זלהה""ה מקאסיב מה ששותין לחיים כי
					לחיים בניס׳ מנהג ומנהג שיבר הדין עוד בשמו שאמר מה זה שאנו
					רואין שהחסידים שותים ומברכין לאחד לישועה או לרפואה ונעשה כן
					ומאיזה שורש נמש"	H-LOC_14			
יהודא צבי	2	Maasiot-veSihot-Zadikim2026-01-10,Maasiot-veSihot-Zadikim2026-01-10_corrected	no_match	0.0			"מנהג ישראל אשר אם בא אורח לו קלואז נותן תיקון ולמה אמנם איתא
					בגמ׳ בשלשה דברים אדם נזכר בכוסו ובכיסו ובכעסו לזה תובעין אותו
					שיתן על תיקון ואז מכירין אותו בשלשה דברים הנ""ל והבן שמעתי.
					עוד"				
ילא	2	Maasiot-veSihot-Zadikim2026-01-10,Maasiot-veSihot-Zadikim2026-01-10_corrected	no_match	0.0			"תורה מנני ומצלי בין בעידנא דעסיק מה בין בעידנא ולא
					עסק בה מצוה בעידנא דעסיק בה מנני ומצלי בעירנא דלא עסיק בה
					לא והוקשה ע״ז וכי אפשר להיות תורה עודנא דלא עסיק בה ובא
					כתיב והנית בו יומם ו"				
שירא	2	Maasiot-veSihot-Zadikim2026-01-10,Maasiot-veSihot-Zadikim2026-01-10_corrected	no_match	0.0			"תורה מנני ומצלי בין בעידנא דעסיק מה בין בעידנא ולא
					עסק בה מצוה בעידנא דעסיק בה מנני ומצלי בעירנא דלא עסיק בה
					לא והוקשה ע״ז וכי אפשר להיות תורה עודנא דלא עסיק בה ובא
					כתיב והנית בו יומם ו"				
שילא	2	Maasiot-veSihot-Zadikim2026-01-10,Maasiot-veSihot-Zadikim2026-01-10_corrected	no_match	0.0			"תורה מנני ומצלי בין בעידנא דעסיק מה בין בעידנא ולא
					עסק בה מצוה בעידנא דעסיק בה מנני ומצלי בעירנא דלא עסיק בה
					לא והוקשה ע״ז וכי אפשר להיות תורה עודנא דלא עסיק בה ובא
					כתיב והנית בו יומם ו"				
עשי	2	Maasiot-veSihot-Zadikim2026-01-10,Maasiot-veSihot-Zadikim2026-01-10_corrected	no_match	0.0			"בשם הרב הגאון הקדוש ר׳ צבי הירש מזידיטשוב זלה""ה בפסוק
					וירא והנה שלשה אנשים נצבים עליו ואיתא בזוהר מאן אינון שלשה
					אנשים אברהם יצחק ויעקב. ואמר הצדיק הקדוש הנ״ל אשר נוכל
					לומר דכל השבעה הר"				
זאבליטאוו	2	Maasiot-veSihot-Zadikim2026-01-10,Maasiot-veSihot-Zadikim2026-01-10_corrected	no_match	0.0			"הרב ר׳ דוד ז""ל מזאבליטאוו שהי' בנו של הרב הקדוש ר'
					מענדילי ז""ל מקאסוב הי׳ דרכו בקודש ליסע בכל פעם לם אדיגעדי
					להצדיק הקדוש ר׳ ישראל ז""ל מריזין והריזינער הי' מחזיק את ר'
					דוד ז""ל לחכם גדול"				
מריזין	2	Maasiot-veSihot-Zadikim2026-01-10,Maasiot-veSihot-Zadikim2026-01-10_corrected	phonetic	0.444	Tsadik_002.008		"הרב ר׳ דוד ז""ל מזאבליטאוו שהי' בנו של הרב הקדוש ר'
					מענדילי ז""ל מקאסוב הי׳ דרכו בקודש ליסע בכל פעם לם אדיגעדי
					להצדיק הקדוש ר׳ ישראל ז""ל מריזין והריזינער הי' מחזיק את ר'
					דוד ז""ל לחכם גדול"				
דור	2	Maasiot-veSihot-Zadikim2026-01-10,Maasiot-veSihot-Zadikim2026-01-10_corrected	no_match	0.0			"מה כותב ע״ז הקאלענדיר הה""ר דוד ז""ל השיב לו מה שכותב בהקאלענדיו.
					אמר הריזניר ז""ל בזמנים הקודמים היו הפילוספים מופשט מתאוות העולם
					והיו יודעים משנוי העתים ועכשיו דם פשוט בעלי תאוות ולזאת אינם
	"				
חיים מקאסיב	2	Maasiot-veSihot-Zadikim2026-01-10,Maasiot-veSihot-Zadikim2026-01-10_corrected	no_match	0.0			"כן כל ימי חייו אמר לו הבן מלך תן לי עצה איך להתגייר כי אני
					רוצה להיות יהודי ואתה יודע אשר אבי לא יכול להתאפק לבלי
					לראות אותי אפילו שתי שעות אמר לו הפופס תדבר לאביך על מה
					בקשת שיהיו לך ב"	H-LOC_14			
הזייגעריל	2	Maasiot-veSihot-Zadikim2026-01-10,Maasiot-veSihot-Zadikim2026-01-10_corrected	no_match	0.0			"שהיתה חשובה אצלו והיו בוכים לפניו שתכנס לאביו לבקש
					לשלוח אחריהם שיספרו מה שבלבם. הצדיק ר׳ ברוך ז""ל השיב לה
					אשר ביום ה׳ יקרא אותם וכן היה ביום ה׳ שלח עבורם ונכנסו להרב
					בבכיה גדולה ר""ל, ו"				
משך	2	Maasiot-veSihot-Zadikim2026-01-10,Maasiot-veSihot-Zadikim2026-01-10_corrected	no_match	0.0			"שהיתה חשובה אצלו והיו בוכים לפניו שתכנס לאביו לבקש
					לשלוח אחריהם שיספרו מה שבלבם. הצדיק ר׳ ברוך ז""ל השיב לה
					אשר ביום ה׳ יקרא אותם וכן היה ביום ה׳ שלח עבורם ונכנסו להרב
					בבכיה גדולה ר""ל, ו"				
שון	2	Maasiot-veSihot-Zadikim2026-01-10,Maasiot-veSihot-Zadikim2026-01-10_corrected	no_match	0.0			"שהיתה חשובה אצלו והיו בוכים לפניו שתכנס לאביו לבקש
					לשלוח אחריהם שיספרו מה שבלבם. הצדיק ר׳ ברוך ז""ל השיב לה
					אשר ביום ה׳ יקרא אותם וכן היה ביום ה׳ שלח עבורם ונכנסו להרב
					בבכיה גדולה ר""ל, ו"				
לייבלך	2	Maasiot-veSihot-Zadikim2026-01-10,Maasiot-veSihot-Zadikim2026-01-10_corrected	no_match	0.0			"שהיתה חשובה אצלו והיו בוכים לפניו שתכנס לאביו לבקש
					לשלוח אחריהם שיספרו מה שבלבם. הצדיק ר׳ ברוך ז""ל השיב לה
					אשר ביום ה׳ יקרא אותם וכן היה ביום ה׳ שלח עבורם ונכנסו להרב
					בבכיה גדולה ר""ל, ו"				
ליטוואק	2	Maasiot-veSihot-Zadikim2026-01-10,Maasiot-veSihot-Zadikim2026-01-10_corrected	no_match	0.0			"מעשה מהרבי ר' ברוך ז""ל בעת שהי׳ הרב הגאון הצדיק ר'
					לוי יצחק ז""ל בבארדיטשיב הי' מנהגו לילך בכל פעם לבהכ״נ לדרוש
					ובזמן ההוא בא איש אחד מדיליטא גאון העולם והי׳ מתגורר בבארדיטשוב
					והיה יושב "				
׳ ברוך	2	Maasiot-veSihot-Zadikim2026-01-10,Maasiot-veSihot-Zadikim2026-01-10_corrected	no_match	0.0			"מעשה מהרבי ר' ברוך ז""ל בעת שהי׳ הרב הגאון הצדיק ר'
					לוי יצחק ז""ל בבארדיטשיב הי' מנהגו לילך בכל פעם לבהכ״נ לדרוש
					ובזמן ההוא בא איש אחד מדיליטא גאון העולם והי׳ מתגורר בבארדיטשוב
					והיה יושב "				
אק	2	Maasiot-veSihot-Zadikim2026-01-10,Maasiot-veSihot-Zadikim2026-01-10_corrected	no_match	0.0			"מעשה מהרבי ר' ברוך ז""ל בעת שהי׳ הרב הגאון הצדיק ר'
					לוי יצחק ז""ל בבארדיטשיב הי' מנהגו לילך בכל פעם לבהכ״נ לדרוש
					ובזמן ההוא בא איש אחד מדיליטא גאון העולם והי׳ מתגורר בבארדיטשוב
					והיה יושב "				
ר' בער	2	Maasiot-veSihot-Zadikim2026-01-10,Maasiot-veSihot-Zadikim2026-01-10_corrected	no_match	0.0			"מעשה מהרבי ר' בער ז""ל ממעזריטש איש אחד צעיר לימים
					היה אצל הרבי ר' בער ימי נוראים וכל הימים טובים והיה קובל א""ע
					לפני הרבי ז""ל באשר שצריך לו לישא אשה ומחמת שהוא איש
					עני אינו מציעין לפניו "				
מרצדיק	2	Maasiot-veSihot-Zadikim2026-01-10,Maasiot-veSihot-Zadikim2026-01-10_corrected	no_match	0.0			"וראו הכבוד שנותנים לו החסידים המשוגעים וכמה אנשים רצים אליו
					ואתם מרא דאתרא אין לכם כבוד אפילו אחד מני אלף ואתם מחשים
					על זאת, הלא הוא ע""ה ולא ידע מה דקאמרי רבנן, והרב היה משיב
					להמלמד תן "				
איצקיל דראביטשער	2	Maasiot-veSihot-Zadikim2026-01-10,Maasiot-veSihot-Zadikim2026-01-10_corrected	no_match	0.0			"וראו הכבוד שנותנים לו החסידים המשוגעים וכמה אנשים רצים אליו
					ואתם מרא דאתרא אין לכם כבוד אפילו אחד מני אלף ואתם מחשים
					על זאת, הלא הוא ע""ה ולא ידע מה דקאמרי רבנן, והרב היה משיב
					להמלמד תן "				
אורייתא	2	Maasiot-veSihot-Zadikim2026-01-10,Maasiot-veSihot-Zadikim2026-01-10_corrected	no_match	0.0			"וראו הכבוד שנותנים לו החסידים המשוגעים וכמה אנשים רצים אליו
					ואתם מרא דאתרא אין לכם כבוד אפילו אחד מני אלף ואתם מחשים
					על זאת, הלא הוא ע""ה ולא ידע מה דקאמרי רבנן, והרב היה משיב
					להמלמד תן "				
נאטיכעס	2	Maasiot-veSihot-Zadikim2026-01-10,Maasiot-veSihot-Zadikim2026-01-10_corrected	no_match	0.0			"שמעתי מהחסיד האמת ר׳ אליעזר ז""ל שמו קורין בסטאניסלאב
					ר׳ אליעזר דער נאטיכעס ואמר אשר הרב הקדוש ר׳ צבי ז""ל מרימינאב
					סיפר לו המעשה הזאת הנה הרב הצדיק הקדוש ר' מענדלי ז""ל
					מרימינאב נסע פעם א"				
צביך	2	Maasiot-veSihot-Zadikim2026-01-10,Maasiot-veSihot-Zadikim2026-01-10_corrected	no_match	0.0			"שמעתי מהחסיד האמת ר׳ אליעזר ז""ל שמו קורין בסטאניסלאב
					ר׳ אליעזר דער נאטיכעס ואמר אשר הרב הקדוש ר׳ צבי ז""ל מרימינאב
					סיפר לו המעשה הזאת הנה הרב הצדיק הקדוש ר' מענדלי ז""ל
					מרימינאב נסע פעם א"				
איציקיל מקאליש	2	Maasiot-veSihot-Zadikim2026-01-10,Maasiot-veSihot-Zadikim2026-01-10_corrected	no_match	0.0			"מעשה שסיפר הרב ר׳ ישראל מקאליש בנו של הרב הצדיק
					ר׳ איציקיל מקאליש בנו של הרב הצז״״ק הקדוש ר׳ אהרן ארי׳ ז""ל
					איש אחד היה מלמד בכפר אצל רינדאר אחד ושמו של המלמד היה
					ר׳ צדוק ז""ל והיה איש אל"	H-LOC_128			
אהרן ארי׳	2	Maasiot-veSihot-Zadikim2026-01-10,Maasiot-veSihot-Zadikim2026-01-10_corrected	phonetic	0.429	tempH-115		"מעשה שסיפר הרב ר׳ ישראל מקאליש בנו של הרב הצדיק
					ר׳ איציקיל מקאליש בנו של הרב הצז״״ק הקדוש ר׳ אהרן ארי׳ ז""ל
					איש אחד היה מלמד בכפר אצל רינדאר אחד ושמו של המלמד היה
					ר׳ צדוק ז""ל והיה איש אל"				
"צדוק ז""ל"	2	Maasiot-veSihot-Zadikim2026-01-10,Maasiot-veSihot-Zadikim2026-01-10_corrected	no_match	0.0			"מעשה שסיפר הרב ר׳ ישראל מקאליש בנו של הרב הצדיק
					ר׳ איציקיל מקאליש בנו של הרב הצז״״ק הקדוש ר׳ אהרן ארי׳ ז""ל
					איש אחד היה מלמד בכפר אצל רינדאר אחד ושמו של המלמד היה
					ר׳ צדוק ז""ל והיה איש אל"				
וייל	2	Maasiot-veSihot-Zadikim2026-01-10,Maasiot-veSihot-Zadikim2026-01-10_corrected	no_match	0.0			"מעשה שסיפר הרב ר׳ ישראל מקאליש בנו של הרב הצדיק
					ר׳ איציקיל מקאליש בנו של הרב הצז״״ק הקדוש ר׳ אהרן ארי׳ ז""ל
					איש אחד היה מלמד בכפר אצל רינדאר אחד ושמו של המלמד היה
					ר׳ צדוק ז""ל והיה איש אל"				
׳ צרוק	2	Maasiot-veSihot-Zadikim2026-01-10,Maasiot-veSihot-Zadikim2026-01-10_corrected	no_match	0.0			"מעשה שסיפר הרב ר׳ ישראל מקאליש בנו של הרב הצדיק
					ר׳ איציקיל מקאליש בנו של הרב הצז״״ק הקדוש ר׳ אהרן ארי׳ ז""ל
					איש אחד היה מלמד בכפר אצל רינדאר אחד ושמו של המלמד היה
					ר׳ צדוק ז""ל והיה איש אל"				
פאנטאסקע	2	Maasiot-veSihot-Zadikim2026-01-10,Maasiot-veSihot-Zadikim2026-01-10_corrected	no_match	0.0			"מעשה שסיפר הרב ר׳ ישראל מקאליש בנו של הרב הצדיק
					ר׳ איציקיל מקאליש בנו של הרב הצז״״ק הקדוש ר׳ אהרן ארי׳ ז""ל
					איש אחד היה מלמד בכפר אצל רינדאר אחד ושמו של המלמד היה
					ר׳ צדוק ז""ל והיה איש אל"				
גיוואלד	2	Maasiot-veSihot-Zadikim2026-01-10,Maasiot-veSihot-Zadikim2026-01-10_corrected	no_match	0.0			"כך ומה שמו של המלמד אמר לו צדוק ומאיזה מקום הוא אמר לו
					עיר פלוני המלך רשם שמו של המלמד ושם עירו. אח""ז אמר לו
					מלך אני זה האדון שקרבת אותו ונתת לו הכל במחנה ועתה מה
					אתה תחפוץ ממני אמר לו "				
ניקול שפורג	2	Maasiot-veSihot-Zadikim2026-01-10,Maasiot-veSihot-Zadikim2026-01-10_corrected	no_match	0.0			"בת קול מן השמים מי שיעזור את הרבי ר' שמעלקא ז""ל מהאנשי בליעל
					דק׳ ניקיל שפורג הוא בן עולם הבא כי היה לו יסורים גדולים מאנשי ניקיל
					שפורג על אשר לא רצו לציית אותו. ואמר הרבי ר' אלימלך ז""ל להשני"				
הבעה	2	Maasiot-veSihot-Zadikim2026-01-10,Maasiot-veSihot-Zadikim2026-01-10_corrected	phonetic	0.5	Tsadik_001.001		"היה להיפוך ונסע עמו כמה פרסאות עד שבאו בפרשת דרכים אמר לו
					הבע""ג הלא אתם צריכים לצד זה ואני נוסע לצד זה וירד הצדיק מהעגלה
					ואמר לעהע""ג איזה בקשה אתם צריכים אזי אברך אתכם השיב לו הבע""ג
					מה "				
דוד זלאטים	2	Maasiot-veSihot-Zadikim2026-01-10,Maasiot-veSihot-Zadikim2026-01-10_corrected	phonetic	0.5	Biblical_David		"הצדיק ר׳ דוד זלאטים ז""ל והחסיד הר׳ אליעזר הגדול
					מדאליגע הלכו יחד ללובלין והיו מוכרחים לילך דרך עיר קטנה
					שלא היו דרים שם יהודים וקודם לעיר ההיא היה ישוב מכמה
					יהודים שהיו קורין אותה ריסטא"				
"אליעזר הגדול
					מדאליגע"	2	Maasiot-veSihot-Zadikim2026-01-10,Maasiot-veSihot-Zadikim2026-01-10_corrected	no_match	0.0			"הצדיק ר׳ דוד זלאטים ז""ל והחסיד הר׳ אליעזר הגדול
					מדאליגע הלכו יחד ללובלין והיו מוכרחים לילך דרך עיר קטנה
					שלא היו דרים שם יהודים וקודם לעיר ההיא היה ישוב מכמה
					יהודים שהיו קורין אותה ריסטא"				
ישראל מפיקאב	2	Maasiot-veSihot-Zadikim2026-01-10,Maasiot-veSihot-Zadikim2026-01-10_corrected	phonetic	0.429	Tsadik_012.168		"פעם אחת בא הרב הצדיק ר׳ ישראל מפיקאב בנו של הרב
					הגאון הקדוש מו""ה לוי יצחק מבארדטשיב לק׳ סאסיב להרבי ר׳
					משה ליב ז""ל- ואמר אליו פיקיווער רב הנה יש לי רינדארים טובים
					ואני רוצה ליסע להרינדא"				
לוי יצחק מבארדטשיב	2	Maasiot-veSihot-Zadikim2026-01-10,Maasiot-veSihot-Zadikim2026-01-10_corrected	phonetic	0.571	Tsadik_023.001		"פעם אחת בא הרב הצדיק ר׳ ישראל מפיקאב בנו של הרב
					הגאון הקדוש מו""ה לוי יצחק מבארדטשיב לק׳ סאסיב להרבי ר׳
					משה ליב ז""ל- ואמר אליו פיקיווער רב הנה יש לי רינדארים טובים
					ואני רוצה ליסע להרינדא"	H-LOC_134			
מפיקאב	2	Maasiot-veSihot-Zadikim2026-01-10,Maasiot-veSihot-Zadikim2026-01-10_corrected	no_match	0.0			"מקום לכנס אמר לו יש והלכו לבית הוואנער ואשתו של הוואנער
					היתה יולדת והיתה מונחת בצד אחת של הבית והפרה שלהם היתה
					יולדת והיתה ג""כ עומדת בהבית והדירה שלו היתה ד׳ על ד׳ והרבי
					ר׳ משה ליב בא ב"				
צבי מזדיטשוב	2	Maasiot-veSihot-Zadikim2026-01-10,Maasiot-veSihot-Zadikim2026-01-10_corrected	no_match	0.0			"הרב הצדיק הקדוש ר׳ צבי מזדיטשוב ז""ל היה בתחילה
					תלמוד של הרבי ר׳ משה ליב ז""ל מסאסוב ולא היה מבין דרכו
					ופעם אחת בא אצלו על שבת וראה אשר הרבי מסאסוב הולך
					חוץ לעיר ביום עש""ק אחר המרחץ והטבי"				
מסאס״ב	2	Maasiot-veSihot-Zadikim2026-01-10,Maasiot-veSihot-Zadikim2026-01-10_corrected	no_match	0.0			"הרב הצדיק הקדוש ר׳ צבי מזדיטשוב ז""ל היה בתחילה
					תלמוד של הרבי ר׳ משה ליב ז""ל מסאסוב ולא היה מבין דרכו
					ופעם אחת בא אצלו על שבת וראה אשר הרבי מסאסוב הולך
					חוץ לעיר ביום עש""ק אחר המרחץ והטבי"				
טריפות	2	Maasiot-veSihot-Zadikim2026-01-10,Maasiot-veSihot-Zadikim2026-01-10_corrected	no_match	0.0			"לך לטיוויל איני רוצה בך ולנסיעתך והרבי ז""ל לקח אותו ושלח
					אותו עם איש אחד תיכף למרחץ ולטבול ולספר כללא של
					דבר הרב ז""ל נייר אותו כי היה נשכח מלבו אם הוא יהודי ואכל
					אצל האדון טריפות והצדיק"				
מזידיטשוב	2	Maasiot-veSihot-Zadikim2026-01-10,Maasiot-veSihot-Zadikim2026-01-10_corrected	name_exact	0.95	Tsadik_058.002		"לך לטיוויל איני רוצה בך ולנסיעתך והרבי ז""ל לקח אותו ושלח
					אותו עם איש אחד תיכף למרחץ ולטבול ולספר כללא של
					דבר הרב ז""ל נייר אותו כי היה נשכח מלבו אם הוא יהודי ואכל
					אצל האדון טריפות והצדיק"				
׳ יהודא החסיד	2	Maasiot-veSihot-Zadikim2026-01-10,Maasiot-veSihot-Zadikim2026-01-10_corrected	no_match	0.0			"ר׳ יהודא החסיד ז""ל וכמדומה שהוא היה בעל המחבר
					הספר חסידים היה דרכו בכל מעלי שבתא לישב מעוטף בהטלית
					על פניו וכל מי שהרכין את ראשו תחת ידיו היה מברך אותו
					ופעם אחת בא אורח אחד רוכב על סוס "				
יודא צבי	2	Maasiot-veSihot-Zadikim2026-01-10,Maasiot-veSihot-Zadikim2026-01-10_corrected	no_match	0.0			"מעשה שסיפר הרב הצדיק ר׳ יודא צבי ז""ל מראזליל
					בעת סעודת מלוה מלכה פעם אחת היו שני מלכים נלחמו זע״ז
					עבור חלק מדינה נצחו זא״ז והפסידו זל""ז אלפים ורבבות אנשים
					וגם מעות אח""ז הסכימו ביניהם לח"				
משה איסריליש	2	Maasiot-veSihot-Zadikim2026-01-10,Maasiot-veSihot-Zadikim2026-01-10_corrected	phonetic	0.583	Rabbinic_Rema		"מעשה שסיפר הרב הצדיק ר׳ יודא צבי ז""ל מראזליל
					בעת סעודת מלוה מלכה פעם אחת היו שני מלכים נלחמו זע״ז
					עבור חלק מדינה נצחו זא״ז והפסידו זל""ז אלפים ורבבות אנשים
					וגם מעות אח""ז הסכימו ביניהם לח"				
מאנדאטאר	2	Maasiot-veSihot-Zadikim2026-01-10,Maasiot-veSihot-Zadikim2026-01-10_corrected	no_match	0.0			"משם אפשר ירצו לקבל אותו לשם שיעבוד עמהם שינדלין אמר לו מה
					שאוכל לעשות אעשה רק שיקחו אותי בין אנשים חיים וביום
					השני בא הבעטליר ולקח אותו לשם להיער הנ""ל וישב שבשנה
					תמימה בהיער ועשה שינדלי"				
"פאביש
					מבאלשיוועץ"	2	Maasiot-veSihot-Zadikim2026-01-10,Maasiot-veSihot-Zadikim2026-01-10_corrected	no_match	0.0			"שמעתי מהחסיד ר׳ עוזר שהיה חתן הצדיק ר׳ פאביש
					מבאלשיוועץ ה""ר עוזר הנ""ל היה נוסע בכל פעם להצדיק מסטרעליסק
					פעם אחת בא לשם בעש״ק והיה בדעתו ליתן להצדיק ב׳ ריינש
					ונכנס להרב לקבל שלום אמר לו "	H-LOC_573			
׳ ריינש	2	Maasiot-veSihot-Zadikim2026-01-10	no_match	0.0			"שמעתי מהחסיד ר׳ עוזר שהיה חתן הצדיק ר׳ פאביש
					מבאלשיוועץ ה""ר עוזר הנ""ל היה נוסע בכל פעם להצדיק מסטרעליסק
					פעם אחת בא לשם בעש״ק והיה בדעתו ליתן להצדיק ב׳ ריינש
					ונכנס להרב לקבל שלום אמר לו "				
ריינש	2	Maasiot-veSihot-Zadikim2026-01-10	no_match	0.0			"שמעתי מהחסיד ר׳ עוזר שהיה חתן הצדיק ר׳ פאביש
					מבאלשיוועץ ה""ר עוזר הנ""ל היה נוסע בכל פעם להצדיק מסטרעליסק
					פעם אחת בא לשם בעש״ק והיה בדעתו ליתן להצדיק ב׳ ריינש
					ונכנס להרב לקבל שלום אמר לו "				
׳ עוזר	2	Maasiot-veSihot-Zadikim2026-01-10,Maasiot-veSihot-Zadikim2026-01-10_corrected	no_match	0.0			"שמעתי מהחסיד ר׳ עוזר שהיה חתן הצדיק ר׳ פאביש
					מבאלשיוועץ ה""ר עוזר הנ""ל היה נוסע בכל פעם להצדיק מסטרעליסק
					פעם אחת בא לשם בעש״ק והיה בדעתו ליתן להצדיק ב׳ ריינש
					ונכנס להרב לקבל שלום אמר לו "				
ארון קליוואנער	2	Maasiot-veSihot-Zadikim2026-01-10,Maasiot-veSihot-Zadikim2026-01-10_corrected	no_match	0.0			"מעשה שהחסידים הגאונים הותירו למניקת להנשא והחסידים
					ההם היו בראשם הרב הצדיק הגאון הקדוש ר׳ ארון קליוואנער והשני
					הרב הצדיק הגאון הגדול ר׳ יעקב שמשון משפיטיווקע ז""ל והשלישי
					הרב הצדיק הגאון"				
יעקב שמשון משפיטיווקע	2	Maasiot-veSihot-Zadikim2026-01-10,Maasiot-veSihot-Zadikim2026-01-10_corrected	phonetic	0.773	Tsadik_035.001		"מעשה שהחסידים הגאונים הותירו למניקת להנשא והחסידים
					ההם היו בראשם הרב הצדיק הגאון הקדוש ר׳ ארון קליוואנער והשני
					הרב הצדיק הגאון הגדול ר׳ יעקב שמשון משפיטיווקע ז""ל והשלישי
					הרב הצדיק הגאון"	H-LOC_76			
"' ארי׳ לייבש אבר""ק"	2	Maasiot-veSihot-Zadikim2026-01-10,Maasiot-veSihot-Zadikim2026-01-10_corrected	no_match	0.0			"מעשה שהחסידים הגאונים הותירו למניקת להנשא והחסידים
					ההם היו בראשם הרב הצדיק הגאון הקדוש ר׳ ארון קליוואנער והשני
					הרב הצדיק הגאון הגדול ר׳ יעקב שמשון משפיטיווקע ז""ל והשלישי
					הרב הצדיק הגאון"				
ארין קליוואנער	2	Maasiot-veSihot-Zadikim2026-01-10,Maasiot-veSihot-Zadikim2026-01-10_corrected	no_match	0.0			"מעשה שהחסידים הגאונים הותירו למניקת להנשא והחסידים
					ההם היו בראשם הרב הצדיק הגאון הקדוש ר׳ ארון קליוואנער והשני
					הרב הצדיק הגאון הגדול ר׳ יעקב שמשון משפיטיווקע ז""ל והשלישי
					הרב הצדיק הגאון"				
משפטיווקע	2	Maasiot-veSihot-Zadikim2026-01-10,Maasiot-veSihot-Zadikim2026-01-10_corrected	no_match	0.0			"מעשה שהחסידים הגאונים הותירו למניקת להנשא והחסידים
					ההם היו בראשם הרב הצדיק הגאון הקדוש ר׳ ארון קליוואנער והשני
					הרב הצדיק הגאון הגדול ר׳ יעקב שמשון משפיטיווקע ז""ל והשלישי
					הרב הצדיק הגאון"				
סאטינוב	2	Maasiot-veSihot-Zadikim2026-01-10,Maasiot-veSihot-Zadikim2026-01-10_corrected	no_match	0.0			"מעשה שהחסידים הגאונים הותירו למניקת להנשא והחסידים
					ההם היו בראשם הרב הצדיק הגאון הקדוש ר׳ ארון קליוואנער והשני
					הרב הצדיק הגאון הגדול ר׳ יעקב שמשון משפיטיווקע ז""ל והשלישי
					הרב הצדיק הגאון"				
מוואליטטיסק	2	Maasiot-veSihot-Zadikim2026-01-10,Maasiot-veSihot-Zadikim2026-01-10_corrected	no_match	0.0			"מעשה שהחסידים הגאונים הותירו למניקת להנשא והחסידים
					ההם היו בראשם הרב הצדיק הגאון הקדוש ר׳ ארון קליוואנער והשני
					הרב הצדיק הגאון הגדול ר׳ יעקב שמשון משפיטיווקע ז""ל והשלישי
					הרב הצדיק הגאון"				
וואליטטיסק	2	Maasiot-veSihot-Zadikim2026-01-10,Maasiot-veSihot-Zadikim2026-01-10_corrected	no_match	0.0			"מעשה שהחסידים הגאונים הותירו למניקת להנשא והחסידים
					ההם היו בראשם הרב הצדיק הגאון הקדוש ר׳ ארון קליוואנער והשני
					הרב הצדיק הגאון הגדול ר׳ יעקב שמשון משפיטיווקע ז""ל והשלישי
					הרב הצדיק הגאון"				
שלח	2	Maasiot-veSihot-Zadikim2026-01-10,Maasiot-veSihot-Zadikim2026-01-10_corrected	no_match	0.0			"מעשה שהחסידים הגאונים הותירו למניקת להנשא והחסידים
					ההם היו בראשם הרב הצדיק הגאון הקדוש ר׳ ארון קליוואנער והשני
					הרב הצדיק הגאון הגדול ר׳ יעקב שמשון משפיטיווקע ז""ל והשלישי
					הרב הצדיק הגאון"				
שיחות צדיקים	2	Maasiot-veSihot-Zadikim2026-01-10,Maasiot-veSihot-Zadikim2026-01-10_corrected	no_match	0.0							
פייוויל מסניטין	2	Maasiot-veSihot-Zadikim2026-01-10,Maasiot-veSihot-Zadikim2026-01-10_corrected	no_match	0.0			"הרב הצדיק הקדוש ר׳ חיים ז""ל מקאסיב היה גבאי ממעות
					ארץ ישראל והיה מחזיק כמה אנשים לגבות המעות הנ""ל ואחד מהם
					היה החסיד ר׳ פייוויל מסניטין ופעם אחת נסע ה״ר פייוויל מק״ק
					סעריט עבור המעות הנ"	H-LOC_456			
הר׳ פייוויל	2	Maasiot-veSihot-Zadikim2026-01-10,Maasiot-veSihot-Zadikim2026-01-10_corrected	no_match	0.0			"הרב הצדיק הקדוש ר׳ חיים ז""ל מקאסיב היה גבאי ממעות
					ארץ ישראל והיה מחזיק כמה אנשים לגבות המעות הנ""ל ואחד מהם
					היה החסיד ר׳ פייוויל מסניטין ופעם אחת נסע ה״ר פייוויל מק״ק
					סעריט עבור המעות הנ"				
מאטי	2	Maasiot-veSihot-Zadikim2026-01-10,Maasiot-veSihot-Zadikim2026-01-10_corrected	no_match	0.0			"הדלת לילך להעיר ובעל עגלה אחד עם אנשים נסעו אז להאכסניא
					הנ""ל ואמר הבעל הבית לבעה״ג הנ""ל מאטי ראה איך אתה נוסע
					לבל תשבר לי את הדלת ונזכר ה״ר עוזר ששמע בהמקוה מאטי
					ועמד שם וירדו מן העגלה "				
ה״ר עוזר	2	Maasiot-veSihot-Zadikim2026-01-10,Maasiot-veSihot-Zadikim2026-01-10_corrected	no_match	0.0			"הדלת לילך להעיר ובעל עגלה אחד עם אנשים נסעו אז להאכסניא
					הנ""ל ואמר הבעל הבית לבעה״ג הנ""ל מאטי ראה איך אתה נוסע
					לבל תשבר לי את הדלת ונזכר ה״ר עוזר ששמע בהמקוה מאטי
					ועמד שם וירדו מן העגלה "				
אייזיק מ	2	Maasiot-veSihot-Zadikim2026-01-10,Maasiot-veSihot-Zadikim2026-01-10_corrected	name_exact	0.85	Biblical_Isaac		"איש חסיד אחד ושמו ר׳ אייזיק מ״ק דאליינע היה דרכו
					לילך בכל פעם להמגיד הצדיק הקדוש ר׳ צבי מנאדבורנא בעהמ״ח
					ס׳ צמח ד׳ לצבי והיה דרכו לילך דרך הכפרים וסמוך לנאדבורנא
					יש שם יער קטן שקורין הא"				
צבי מנאדבורנא	2	Maasiot-veSihot-Zadikim2026-01-10,Maasiot-veSihot-Zadikim2026-01-10_corrected	no_match	0.0			"איש חסיד אחד ושמו ר׳ אייזיק מ״ק דאליינע היה דרכו
					לילך בכל פעם להמגיד הצדיק הקדוש ר׳ צבי מנאדבורנא בעהמ״ח
					ס׳ צמח ד׳ לצבי והיה דרכו לילך דרך הכפרים וסמוך לנאדבורנא
					יש שם יער קטן שקורין הא"				
יוסלי יאמפלער	2	Maasiot-veSihot-Zadikim2026-01-10,Maasiot-veSihot-Zadikim2026-01-10_corrected	no_match	0.0			"מעשה ששמעתי מהרב החסיד ר׳ ישראל ז״ל מקאליש הרב
					הצדיק ר׳ יוסי ז""ל בנו של הרב הקדש ר׳ מיכל ז״ל מזלאטשוב
					שהיו קורין אותו ר׳ יוסלי יאמפלער היה דר ב״ק יאמפלי והיה לו
					קאנסים מעיר אחרת להיות ש"				
יעספראווניק	2	Maasiot-veSihot-Zadikim2026-01-10,Maasiot-veSihot-Zadikim2026-01-10_corrected	no_match	0.0			"ואח""כ נסע לביתו לק׳ יאמפלי וכל הטענות ותבועות ודו""ד שהיו
					בין אנשי העיר הזאת היו דרכם לעכב עד שיבוא הצדיק ר׳ יוסלי
					ז""ל לעשות פשרה ביניהם והיו נותנים לו בכל שנה ג׳ מאות
					קערבליך וכן הי׳ כמ"				
טשאפאסניק	2	Maasiot-veSihot-Zadikim2026-01-10,Maasiot-veSihot-Zadikim2026-01-10_corrected	no_match	0.0			"פעם אחת בפורים היו החסידים מבושמים ושמחים מאוד בקאסוב
					אצל כבוד הצדיק הקדוש ר' מענדילי ז""ל ויצאו מהרב וראו איש אחד
					עני בא ונושא חבילה גדולה על כתיפו ומחמת שהיו מבושמים לקחו
					אותו להרב הצד"				
חיים שיחי׳	2	Maasiot-veSihot-Zadikim2026-01-10,Maasiot-veSihot-Zadikim2026-01-10_corrected	no_match	0.0			"פעם אחת בפורים היו החסידים מבושמים ושמחים מאוד בקאסוב
					אצל כבוד הצדיק הקדוש ר' מענדילי ז""ל ויצאו מהרב וראו איש אחד
					עני בא ונושא חבילה גדולה על כתיפו ומחמת שהיו מבושמים לקחו
					אותו להרב הצד"				
יודא	2	Maasiot-veSihot-Zadikim2026-01-10,Maasiot-veSihot-Zadikim2026-01-10_corrected	no_match	0.0			"הרב הצדיק ר׳ יודא צבי ז""ל מסטרעטין היה תלמוד של הרב
					הקדוש ר׳ אורי ז""ל מסטרעליסק והיה דרכו של הרבי מסטרעליסק
					לשלוח את תלמודו שיסע ולא היה ידוע לשום אדם על מה שלח
					אותו אך ממה שהביא לו היה"				
"הבעה""ג"	2	Maasiot-veSihot-Zadikim2026-01-10,Maasiot-veSihot-Zadikim2026-01-10_corrected	phonetic	0.4	Tsadik_001.001		"תועה עם אנשים שלו חצי לילה באיזה יער וכשיצאו מן היער ראו
					נהר גדול ואמר הרבי ז""ל מסטרעטין להבעה""ג שלו שיסע בהמים
					לצד השני. השיב לו הבעה""ג אמרוד קודם המים בכדי שאדע בא זה
					מקום ליסע וכשהתח"				
זיינוויל	2	Maasiot-veSihot-Zadikim2026-01-10,Maasiot-veSihot-Zadikim2026-01-10_corrected	no_match	0.0			"תועה עם אנשים שלו חצי לילה באיזה יער וכשיצאו מן היער ראו
					נהר גדול ואמר הרבי ז""ל מסטרעטין להבעה""ג שלו שיסע בהמים
					לצד השני. השיב לו הבעה""ג אמרוד קודם המים בכדי שאדע בא זה
					מקום ליסע וכשהתח"				
׳ יהודא צבי	2	Maasiot-veSihot-Zadikim2026-01-10,Maasiot-veSihot-Zadikim2026-01-10_corrected	no_match	0.0			"תועה עם אנשים שלו חצי לילה באיזה יער וכשיצאו מן היער ראו
					נהר גדול ואמר הרבי ז""ל מסטרעטין להבעה""ג שלו שיסע בהמים
					לצד השני. השיב לו הבעה""ג אמרוד קודם המים בכדי שאדע בא זה
					מקום ליסע וכשהתח"				
עמבערנער	2	Maasiot-veSihot-Zadikim2026-01-10,Maasiot-veSihot-Zadikim2026-01-10_corrected	no_match	0.0			"להמשרת לך נא עם האיש הזה לבית אכסניא שלו וטול הסחורה
					ותניח שם האורח הלז עם המשרת באו לבית המלמד והניח שם הסחורה
					ולן שם ובבוקר ראה שיש לו סחו""ה וגם מעות כי לא האמין לעצמו
					אם זאת בהקיץ או"				
דוד מפואמארין	2	Maasiot-veSihot-Zadikim2026-01-10,Maasiot-veSihot-Zadikim2026-01-10_corrected	phonetic	0.5	Biblical_David		"מעשה מהצדיק הגאון ר׳ דוד מפואמארין שהיה רב בק'
					זאלינע"	H-LOC_430			
׳ מאיריל	2	Maasiot-veSihot-Zadikim2026-01-10,Maasiot-veSihot-Zadikim2026-01-10_corrected	no_match	0.0			"מעשה שסיפר הרב הצדיק הקדוש ר׳ מאיריל מפרימשלאן ז""ל
					מענין הבטחון בהשי״ת וסיפר בזה הלשון הן אדוני אבי זקני היה שמו
					ג״כ ר' מאיר והיה סרסור והערלים היו קורין אותו מייארקע ספראווידלעווע
					וכל "				
מאירי	2	Maasiot-veSihot-Zadikim2026-01-10,Maasiot-veSihot-Zadikim2026-01-10_corrected	no_match	0.0			"שיחות צדיקים
					הכוורת לביתו אמר לו שהכוורת כבד מאוד ואין בכוחו לישא בעצמו
					ועזרו לו עד שהובא לביתו ואמר להערל כמה אתה רוצה בעד זאת
					השיב לו הערל כמה שתתן לי אקח ממך כי ידעו כל הערלים שלא
		"				
סאנדיגערי	2	Maasiot-veSihot-Zadikim2026-01-10,Maasiot-veSihot-Zadikim2026-01-10_corrected	no_match	0.0			"שיחות צדיקים
					הכוורת לביתו אמר לו שהכוורת כבד מאוד ואין בכוחו לישא בעצמו
					ועזרו לו עד שהובא לביתו ואמר להערל כמה אתה רוצה בעד זאת
					השיב לו הערל כמה שתתן לי אקח ממך כי ידעו כל הערלים שלא
		"				
"אברהם
					דוד"	2	Maasiot-veSihot-Zadikim2026-01-10	phonetic	0.5	Biblical_David		"שיחות צדיקים
					וצעקו שעדי שמים פתח תעמוד עבורך בשוק עגלה עם ג׳ סוסים
					ותוכל לבוא לכאן. ואיש אחד משאטץ ושמו נתן שמעון היה ג""כ על
					ר""ה בפרימשלאן ונסעו שניהם יחדיו למאנדיגערי על יום הקדוש ובעת"				
"לה""ר"	2	Maasiot-veSihot-Zadikim2026-01-10,Maasiot-veSihot-Zadikim2026-01-10_corrected	no_match	0.0			"שיחות צדיקים
					וצעקו שעדי שמים פתח תעמוד עבורך בשוק עגלה עם ג׳ סוסים
					ותוכל לבוא לכאן. ואיש אחד משאטץ ושמו נתן שמעון היה ג""כ על
					ר""ה בפרימשלאן ונסעו שניהם יחדיו למאנדיגערי על יום הקדוש ובעת"				
מאיריל זרל	2	Maasiot-veSihot-Zadikim2026-01-10,Maasiot-veSihot-Zadikim2026-01-10_corrected	no_match	0.0			"שיחות צדיקים
					וצעקו שעדי שמים פתח תעמוד עבורך בשוק עגלה עם ג׳ סוסים
					ותוכל לבוא לכאן. ואיש אחד משאטץ ושמו נתן שמעון היה ג""כ על
					ר""ה בפרימשלאן ונסעו שניהם יחדיו למאנדיגערי על יום הקדוש ובעת"				
חדש	2	Maasiot-veSihot-Zadikim2026-01-10,Maasiot-veSihot-Zadikim2026-01-10_corrected	no_match	0.0			"שיחות צדיקים
					וצעקו שעדי שמים פתח תעמוד עבורך בשוק עגלה עם ג׳ סוסים
					ותוכל לבוא לכאן. ואיש אחד משאטץ ושמו נתן שמעון היה ג""כ על
					ר""ה בפרימשלאן ונסעו שניהם יחדיו למאנדיגערי על יום הקדוש ובעת"				
ארישע	2	Maasiot-veSihot-Zadikim2026-01-10,Maasiot-veSihot-Zadikim2026-01-10_corrected	no_match	0.0			"שיחות צדיקים
					החתונה יש לך אמר החייט לא אמר הרבי ר׳ מאיריל ז""ל להאשה תביא
					עוד מאה ר""ב שיהיה לו על הוצאות החתונה ותלך ביום מחר עם הכלה
					לרחוץ ותקשור עם מטפחת את עיניך לבל תביט על ידך וכן ה"				
נעמן	2	Maasiot-veSihot-Zadikim2026-01-10,Maasiot-veSihot-Zadikim2026-01-10_corrected	no_match	0.0			"שיחות צדיקים
					החתונה יש לך אמר החייט לא אמר הרבי ר׳ מאיריל ז""ל להאשה תביא
					עוד מאה ר""ב שיהיה לו על הוצאות החתונה ותלך ביום מחר עם הכלה
					לרחוץ ותקשור עם מטפחת את עיניך לבל תביט על ידך וכן ה"				
נותן	2	Maasiot-veSihot-Zadikim2026-01-10,Maasiot-veSihot-Zadikim2026-01-10_corrected	no_match	0.0			"שיחות צדיקים
					החתונה יש לך אמר החייט לא אמר הרבי ר׳ מאיריל ז""ל להאשה תביא
					עוד מאה ר""ב שיהיה לו על הוצאות החתונה ותלך ביום מחר עם הכלה
					לרחוץ ותקשור עם מטפחת את עיניך לבל תביט על ידך וכן ה"				
משאטץ	2	Maasiot-veSihot-Zadikim2026-01-10,Maasiot-veSihot-Zadikim2026-01-10_corrected	no_match	0.0			"שיחות צדיקים
					החתונה יש לך אמר החייט לא אמר הרבי ר׳ מאיריל ז""ל להאשה תביא
					עוד מאה ר""ב שיהיה לו על הוצאות החתונה ותלך ביום מחר עם הכלה
					לרחוץ ותקשור עם מטפחת את עיניך לבל תביט על ידך וכן ה"				
הנגיד	2	Maasiot-veSihot-Zadikim2026-01-10,Maasiot-veSihot-Zadikim2026-01-10_corrected	no_match	0.0			"שיחות צדיקים
					החתונה יש לך אמר החייט לא אמר הרבי ר׳ מאיריל ז""ל להאשה תביא
					עוד מאה ר""ב שיהיה לו על הוצאות החתונה ותלך ביום מחר עם הכלה
					לרחוץ ותקשור עם מטפחת את עיניך לבל תביט על ידך וכן ה"				
וואליחיי	2	Maasiot-veSihot-Zadikim2026-01-10,Maasiot-veSihot-Zadikim2026-01-10_corrected	no_match	0.0			"שיחות צדיקים
					השומרים וישב עמהם לשחוס עמהם בקארטין והרוויחו אצלו ארבעה
					מאות ר""כ וזאת היתה בכוונה כדי שלא יהא שום פחד להצדיק מריזען
					ובא עמו להעיר ע""כ שמעתי ואחרי שעברו זמנים והריזינער קבע"				
"איציקיר
					מקאליש"	2	Maasiot-veSihot-Zadikim2026-01-10,Maasiot-veSihot-Zadikim2026-01-10_corrected	no_match	0.0			"שיחות צדיקים
					השומרים וישב עמהם לשחוס עמהם בקארטין והרוויחו אצלו ארבעה
					מאות ר""כ וזאת היתה בכוונה כדי שלא יהא שום פחד להצדיק מריזען
					ובא עמו להעיר ע""כ שמעתי ואחרי שעברו זמנים והריזינער קבע"	H-LOC_128			
דודי	2	Maasiot-veSihot-Zadikim2026-01-10,Maasiot-veSihot-Zadikim2026-01-10_corrected	no_match	0.0			"שיחות צדיקים
					השומרים וישב עמהם לשחוס עמהם בקארטין והרוויחו אצלו ארבעה
					מאות ר""כ וזאת היתה בכוונה כדי שלא יהא שום פחד להצדיק מריזען
					ובא עמו להעיר ע""כ שמעתי ואחרי שעברו זמנים והריזינער קבע"				
ויאמר	2	Maasiot-veSihot-Zadikim2026-01-10,Maasiot-veSihot-Zadikim2026-01-10_corrected	no_match	0.0			"שיחות צדיקים
					שהעשרת את מאיר רק אשר אכלו הנערים וחלק האנשים אשר הלכו
					אתי המה הגבאים הם יקחו את חלקם ובבואו לבוטשאטש וספר להצדיק
					הדיבורים ההם וכשהגיע לויאמר מלך סדום אל אברם תן לי הנפש
		"				
טשעריץ	2	Maasiot-veSihot-Zadikim2026-01-10,Maasiot-veSihot-Zadikim2026-01-10_corrected	no_match	0.0			"שיחות צדיקים
					שהעשרת את מאיר רק אשר אכלו הנערים וחלק האנשים אשר הלכו
					אתי המה הגבאים הם יקחו את חלקם ובבואו לבוטשאטש וספר להצדיק
					הדיבורים ההם וכשהגיע לויאמר מלך סדום אל אברם תן לי הנפש
		"				
האיש	2	Maasiot-veSihot-Zadikim2026-01-10,Maasiot-veSihot-Zadikim2026-01-10_corrected	no_match	0.0			"שיחות צדיקים
					שהעשרת את מאיר רק אשר אכלו הנערים וחלק האנשים אשר הלכו
					אתי המה הגבאים הם יקחו את חלקם ובבואו לבוטשאטש וספר להצדיק
					הדיבורים ההם וכשהגיע לויאמר מלך סדום אל אברם תן לי הנפש
		"				
רוזין	2	Maasiot-veSihot-Zadikim2026-01-10	no_match	0.0			"שיחות צדיקים
					שהעשרת את מאיר רק אשר אכלו הנערים וחלק האנשים אשר הלכו
					אתי המה הגבאים הם יקחו את חלקם ובבואו לבוטשאטש וספר להצדיק
					הדיבורים ההם וכשהגיע לויאמר מלך סדום אל אברם תן לי הנפש
		"				
מאיריל ש	2	Maasiot-veSihot-Zadikim2026-01-10,Maasiot-veSihot-Zadikim2026-01-10_corrected	phonetic	0.5	Tsadik_017.003		"שיחות צדיקים
					שהעשרת את מאיר רק אשר אכלו הנערים וחלק האנשים אשר הלכו
					אתי המה הגבאים הם יקחו את חלקם ובבואו לבוטשאטש וספר להצדיק
					הדיבורים ההם וכשהגיע לויאמר מלך סדום אל אברם תן לי הנפש
		"				
הריזניר	2	Maasiot-veSihot-Zadikim2026-01-10,Maasiot-veSihot-Zadikim2026-01-10_corrected	no_match	0.0			"לעמוד שם. אח״כ אמר הריזניר ז""ל איני יודע מה הוא רצה ממני
					ולמה שולח אלי תסעו לשלום לביתכם כי יש לכם ישועה והאיש
					בא לביתו והיה לו ישועה בבנים ובכל טוב ע״כ שמעתי."				
מאיריל מפרמישלאן	2	Maasiot-veSihot-Zadikim2026-01-10,Maasiot-veSihot-Zadikim2026-01-10_corrected	no_match	0.0			"סיפר לי איש אחד מסטאניבלאב ושמו זאב וואלף שפעם אחת
					נסע עם כמה עגלות טעונים דגן מעיר בוטשאטש ובעת ההוא היה יוקר
					גדול כור דגן היה עודה עד שלשים וששה ריינש ואח""כ הזיל המקח
					על חצי ונעשה חצי"				
דגן	2	Maasiot-veSihot-Zadikim2026-01-10,Maasiot-veSihot-Zadikim2026-01-10_corrected	no_match	0.0			"לשחוט אותם כי דעתי לשבות באיזה כפר ויהיה לנו זאת על שבת
					אמר לו רבי למה לכם לשבות באיזה כפר הלא מכאן יש חצי פרסה
					לטיסמינץ או לטאלמיטש ותכלו לשבות שם אמר לו הרב אל תקשה
					לנו קושיות ואח״כ ש"				
יודליך	2	Maasiot-veSihot-Zadikim2026-01-10,Maasiot-veSihot-Zadikim2026-01-10_corrected	no_match	0.0			"הכרים והכסתות שלו, מאיר רוצה כך מי שביכולתו לשלם החובות שלו רק
					שאין לו תיכוף ירחיבו לו הזמן ומי שאין ביכולתו לשלם מה יקח ממנו
					הנשמה. והיו שם גבירים מלבוב וידעו כי להם מגיע הדבר הזה ויגשו להר"				
יצחק אייזיק מזודיטשוב	2	Maasiot-veSihot-Zadikim2026-01-10,Maasiot-veSihot-Zadikim2026-01-10_corrected	no_match	0.0			"עוד מענין אליהו ז""ל הרב הצדיק ר׳ יצחק אייזיק מזודיטשוב סיפר
					פעם אחת ביקש אברך מאת פני דודי רבינו הצדיק הקדוש ר' צבי מזודיטשוב
					להראות לו אליהו אמר לו רבינו תעמוד ביומא דשיקא אצל הבית של
					"				
צבי מזודיטשוב	2	Maasiot-veSihot-Zadikim2026-01-10,Maasiot-veSihot-Zadikim2026-01-10_corrected	no_match	0.0			"עוד מענין אליהו ז""ל הרב הצדיק ר׳ יצחק אייזיק מזודיטשוב סיפר
					פעם אחת ביקש אברך מאת פני דודי רבינו הצדיק הקדוש ר' צבי מזודיטשוב
					להראות לו אליהו אמר לו רבינו תעמוד ביומא דשיקא אצל הבית של
					"				
אברהם בומיל	2	Maasiot-veSihot-Zadikim2026-01-10,Maasiot-veSihot-Zadikim2026-01-10_corrected	no_match	0.0			"עוד מענין אליהו ז""ל הרב הצדיק ר׳ יצחק אייזיק מזודיטשוב סיפר
					פעם אחת ביקש אברך מאת פני דודי רבינו הצדיק הקדוש ר' צבי מזודיטשוב
					להראות לו אליהו אמר לו רבינו תעמוד ביומא דשיקא אצל הבית של
					"				
שמעון בן חלפתא	2	Maasiot-veSihot-Zadikim2026-01-10,Maasiot-veSihot-Zadikim2026-01-10_corrected	no_match	0.0			"הרב הצדיק הגאון הקדוש מוה׳ צבי מזידיטשוב זל""הה קודם שנתפרסם
					בעולם היה עני מאוד וביקש מהשי״ת על פרנסה ופעם אחת קם בחצית
					לילה לעבודת השם כמנהגו וראה אור גדול בביתו והיה מדמה לו ששורף
					איזה"				
"לוי יצחק זצלה""ה מבארדיטשוב"	2	Maasiot-veSihot-Zadikim2026-01-10,Maasiot-veSihot-Zadikim2026-01-10_corrected	phonetic	0.667	Tsadik_023.001		"הרב הגאון הצדיק הקדוש מוה' לוי יצחק זצלה""ה מבארדיטשוב
					היה צדיק גדול ונורא והיה דרכו בראש השנה קודם תקיעת שופר לתחוב
					בהחגורה שלו הרבה שופרות סביב גופו ובא לבהכ""נ ונטל השופרת לתקוע
					וזרק א"	H-LOC_134			
הר׳ חיים טרעגיר	2	Maasiot-veSihot-Zadikim2026-01-10,Maasiot-veSihot-Zadikim2026-01-10_corrected	no_match	0.0			"הכלים על יו״ט אמר בזה הלשון יה״ר שיעלו אלו המלאכים היוצאין מן
					הרייבין ומן הקאליפין ומן הכשרון וימליצו טוב בעדינו לכפר על כל
					חטאתינו. ופעם אחת היה הרב הקדוש הנ""ל מסדר את הסדר בליל א'
					דפס"				
הר׳ חיים	2	Maasiot-veSihot-Zadikim2026-01-10,Maasiot-veSihot-Zadikim2026-01-10_corrected	no_match	0.0			"הכלים על יו״ט אמר בזה הלשון יה״ר שיעלו אלו המלאכים היוצאין מן
					הרייבין ומן הקאליפין ומן הכשרון וימליצו טוב בעדינו לכפר על כל
					חטאתינו. ופעם אחת היה הרב הקדוש הנ""ל מסדר את הסדר בליל א'
					דפס"				
חיים סערצע	2	Maasiot-veSihot-Zadikim2026-01-10,Maasiot-veSihot-Zadikim2026-01-10_corrected	no_match	0.0			"הכלים על יו״ט אמר בזה הלשון יה״ר שיעלו אלו המלאכים היוצאין מן
					הרייבין ומן הקאליפין ומן הכשרון וימליצו טוב בעדינו לכפר על כל
					חטאתינו. ופעם אחת היה הרב הקדוש הנ""ל מסדר את הסדר בליל א'
					דפס"				
זלמן קאווליר	2	Maasiot-veSihot-Zadikim2026-01-10,Maasiot-veSihot-Zadikim2026-01-10_corrected	name_exact	0.85	Biblical_Solomon		"שם ותחת ידו היה עוד שני אלפים ריינש שנשאר מעות העשיר מקניות
					שורים והטמין את המעות בהחפיצים שלו ובבואו בערב מהתפילה והלך
					לבקש בהחפיצים שלו איזה דבר וראה שהמעות איננו ובכה מאוד וגם
					להחסיד"				
"ר' מענדלי זי""ע"	2	Maasiot-veSihot-Zadikim2026-01-10,Maasiot-veSihot-Zadikim2026-01-10_corrected	no_match	0.0			"ונתנו לו אמר להם האיש המעות שלי כי מכיר אני המעות
					והמטפחת אינו שלי אמרו לו אנחנו מצאנו כך וקיבל מהם המעות
					והלך לדרכו ואח""כ נעשו מלא שמחה שעשו מצוה גדולה להחיות
					נפש מישראל והלכו להרבי ז"""				
גרענדאוויטש מק׳ איוואסקיוויץ	2	Maasiot-veSihot-Zadikim2026-01-10,Maasiot-veSihot-Zadikim2026-01-10_corrected	no_match	0.0			"שני אנשים נסעו לקאסיב לקנות שורים עבור הפיסעסערס
					דראזינטוב וקנו ביום השוק הרבה שורים ובשעת קניית השורים
					טעו עם ערל אחד ושמו היה גרענדאוויטש מק׳ איוואסקיוויץ סמוך
					לסגיטין ונתנו להערל הנ"""				
זאב וואלף מטשארנסטרי׳	2	Maasiot-veSihot-Zadikim2026-01-10,Maasiot-veSihot-Zadikim2026-01-10_corrected	phonetic	0.36	Tsadik_048.001		"המעות השיב לו באותו מקום בעיר קאסיב בללא של דבר הערל
					הנ""ל החזיר לו המעות רק שהי' חסר לו מן סך הנ""ל לערך י""ב
					דיינש שהיה שותה על הדרך עכ״ש העתקה אות באות מאגרת
					ששלח הרב הקדוש מו""ה זאב ווא"	H-LOC_462			
ה״ק	2	Maasiot-veSihot-Zadikim2026-01-10,Sefer-Moraim-Gdolim2025-11-28	name_exact	0.95	Tsadik_002.001		"באתי עה״ח היום יום א׳ שמאתמול ביום ש״ק ברכנו את
					החודש סיון שנתחדש המלוכה שלו הן ע""ע והן על נפשות ביתו
					שלא יזוז ממנו ומבניו ומבני בניו מעתה ועד עולם בכל הצטרכותם
					שיהיו לו בח״י מלוכה הן מ"				
נטע פידהאיצער	2	Maasiot-veSihot-Zadikim2026-01-10,Maasiot-veSihot-Zadikim2026-01-10_corrected	no_match	0.0			"עשיר אחד ושמו היה נטע פידהאיצער מהסמוכים לזידיטשוב
					נסע מוויען ממכירת שורים ובא ער״ה לזידיטשוב על ר""ה והיה תחת
					ידו המעות מהשורים סך ששה עשר אלף ר""כ וביום א' דר""ה הלך
					להאכסניא שלו קודם הת"				
חיים מצאנז	2	Maasiot-veSihot-Zadikim2026-01-10,Maasiot-veSihot-Zadikim2026-01-10_corrected	no_match	0.0			"העתקה ממכתב ששלח הרב הצדיק הגאון מו״ה חיים מצאנז
					זצללה""ה לזידיטשוב קודם פטירת הצדיק הקדוש מזידיטשוב ."	H-LOC_127			
יעקוב פאליק מנאדבורנא	2	Maasiot-veSihot-Zadikim2026-01-10,Maasiot-veSihot-Zadikim2026-01-10_corrected	no_match	0.0			"אביו של המנוח החסיד ר׳ יעקוב פאליק מנאדבורנא היה
					סוחר והיה איש כשר פעם אחת בא לבארדיטשוב בערב פסח
					והתחיל לחשוב בדעתו האיך יאכל ביו״ט זה בכשרות והתיישב
					א""ע והלך להצדיק הגאון ר׳ לוי יצחק "	H-LOC_457			
"הבעה""ב"	2	Maasiot-veSihot-Zadikim2026-01-10	phonetic	0.4	Tsadik_001.001		"מאוד עם הבע״ש ויהי בבוקר כאשר הבע״ש רצה לנסוע משם ויאי
					והבע״ש אל הבעה״ב המוכר עטרן אמור בקשתך אשר תבקש
					ויאמר הבעה""ב אל הבע״ש הנה בקשתי אשר הרב יתפלל עב
					להשי""ת שאהי' מוכן ומזומן לחיי׳ עו"				
מוהר״ר	2	Maasiot-veSihot-Zadikim2026-01-10,shivheiZadikim2026-01-10	no_match	0.0			"המדרש תלפיות הביא המעשה וז״ל הטהור הגאון מוהר״ר
					אברהם הפיסה זלה""ה בא לעולם בתפלת חכמי ישראל ומאורע
					המעשה שבהיות גלות ספרד היו בורחים משם היהודים לעבור
					אל ארץ תוגרמה והי׳ זקנו של הגאון ה"				
אברהם הפיסה	2	Maasiot-veSihot-Zadikim2026-01-10,Maasiot-veSihot-Zadikim2026-01-10_corrected	phonetic	0.385	Tsadik_002.002		"המדרש תלפיות הביא המעשה וז״ל הטהור הגאון מוהר״ר
					אברהם הפיסה זלה""ה בא לעולם בתפלת חכמי ישראל ומאורע
					המעשה שבהיות גלות ספרד היו בורחים משם היהודים לעבור
					אל ארץ תוגרמה והי׳ זקנו של הגאון ה"				
אבהו	2	Maasiot-veSihot-Zadikim2026-01-10,Maasiot-veSihot-Zadikim2026-01-10_corrected	no_match	0.0			"ילקוט תהלים סימן תרמ״ב פעם אחת גזרה מלכות גזר
					שיהרג ר' יהודא הנחתום מה עשה בן קופיא עשה עצמו דיין
					ודן אותו היאך. וכשבא ליתן לו ספיקולא (פירוש פסק דין) גזר
					שישחטו אחר תחתיו ויעלו אותו וי"				
יצחק יפה	2	Maasiot-veSihot-Zadikim2026-01-10,Maasiot-veSihot-Zadikim2026-01-10_corrected	no_match	0.0			"האילן דרך דילוג וחוזר ובונה הסולם והולך שנית אחר החזיר באבנים
					עד שמכוין האבן בראשו והורג אותו. ושמעתי מהחכם השלם כמהר""ר
					יצחק יפה נרו שראה כתוב בשם הרמב״ם ז״ל שיש היה קטנה במדבר
					שכל החיו"				
אדומו״	2	Maasiot-veSihot-Zadikim2026-01-10,shivheiZadikim2026-01-10	no_match	0.0			"בשם אבי המדפיס הרב וכו׳ ה״ר אברהם ניסן הלזו
					זלה""ה תלמוד מובהק של הרב אדומו״ר רשבבה״ג מהר""ז
					יוסף שאול הלוי ז""ל אבדק""ק לבוב"				
יוסף שאול הלוי	2	Maasiot-veSihot-Zadikim2026-01-10,Maasiot-veSihot-Zadikim2026-01-10_corrected	no_match	0.0			"בשם אבי המדפיס הרב וכו׳ ה״ר אברהם ניסן הלזו
					זלה""ה תלמוד מובהק של הרב אדומו״ר רשבבה״ג מהר""ז
					יוסף שאול הלוי ז""ל אבדק""ק לבוב"				
רות	2	Maasiot-veSihot-Zadikim2026-01-10,Maasiot-veSihot-Zadikim2026-01-10_corrected	no_match	0.0			"מהקבלת פ""ש וביקש מהקב״ה שימתין עד שירוץ ויכניס את האורחים,
					ובזה מדויקים היטב הפסוקים כסדר וירא והנה שלשה אנשים נצבים
					עליו (והי׳ שקול בדעתו מה לעשות וירא וירץ לקראתם (והבין שזה
					רצון קונו"				
משיח בן דוד	2	Maasiot-veSihot-Zadikim2026-01-10,Maasiot-veSihot-Zadikim2026-01-10_corrected	no_match	0.0			"מהקבלת פ""ש וביקש מהקב״ה שימתין עד שירוץ ויכניס את האורחים,
					ובזה מדויקים היטב הפסוקים כסדר וירא והנה שלשה אנשים נצבים
					עליו (והי׳ שקול בדעתו מה לעשות וירא וירץ לקראתם (והבין שזה
					רצון קונו"				
אונקלוס	2	Maasiot-veSihot-Zadikim2026-01-10,Maasiot-veSihot-Zadikim2026-01-10_corrected	no_match	0.0			"פ׳ ויחי המלאך הגואל אותי וגו׳ וידנו לרוב בקרב הארץ ופי'
					כרנים הללו וכו׳ ויש לדקדק בלשון הפסוק מרוע לא כתיב על הארץ
					רק כתיב בקרב הארץ ודקדק בתרגום אונקלוס והרגם ע״ז וכנוני ימא
					יסגון בנו "				
שונמית	2	Maasiot-veSihot-Zadikim2026-01-10,Maasiot-veSihot-Zadikim2026-01-10_corrected	no_match	0.0			"פ׳ ויחי המלאך הגואל אותי וגו׳ וידנו לרוב בקרב הארץ ופי'
					כרנים הללו וכו׳ ויש לדקדק בלשון הפסוק מרוע לא כתיב על הארץ
					רק כתיב בקרב הארץ ודקדק בתרגום אונקלוס והרגם ע״ז וכנוני ימא
					יסגון בנו "				
איתמר	2	Maasiot-veSihot-Zadikim2026-01-10,Maasiot-veSihot-Zadikim2026-01-10_corrected	no_match	0.0			"זה הצעטיל של ר' איתמר וזה רפואה כוללת לכל מיני אבניצערט
					ושלאפקייט
					אפינט פֿארילע דיליקאסטי. א""פ היינא ווארציל א""פ סאסי פראסע
					א""פ קאסע פיסטיל א""פ ראברום.
					זאת לחלק על י""ב חלקים ולבשל ב"				
"התויו""ט"	2	Maasiot-veSihot-Zadikim2026-01-10_corrected	no_match	0.0			"במשנה ה פ""ז ב׳סנהדרין אמר ר׳ יהושע בן קרחה בכל
					יום דנין את העדים בכינוי יכה יוסי את יוסי ופירש ר""ע מברטנורה
					ז""ל אני שמעתי מפני שהוא בן ארבע אותיות ועולה בנימ׳ אלהים
					לכך מכנים שם בן ר׳ א"				
מלכי צדק	2	Maasiot-veSihot-Zadikim2026-01-10_corrected	no_match	0.0			"להמגיד כתיב ומלכי צדק מלך שלם הוציא לחם ויין והוא כהן לאל
					עליון ומקרא מסורם הוא דהיה צריך לכתוב ומלכי צדק מלך שלם
					כהן לאל על יון הוציא לחם ויין. אמנם נחזי און כששני צדיקים
					נתוועדו יחד ה"				
שם בן נח	2	Maasiot-veSihot-Zadikim2026-01-10_corrected	no_match	0.0			"להמגיד כתיב ומלכי צדק מלך שלם הוציא לחם ויין והוא כהן לאל
					עליון ומקרא מסורם הוא דהיה צריך לכתוב ומלכי צדק מלך שלם
					כהן לאל על יון הוציא לחם ויין. אמנם נחזי און כששני צדיקים
					נתוועדו יחד ה"				
יתרו	2	Maasiot-veSihot-Zadikim2026-01-10_corrected,Mifalot-HaZadikim2025-06-22_corrected	no_match	0.0			"פ׳ יתרו ואת שני בני' אשר שם הא׳ גרשם כי אמר גר הייתי באר'
					גברי׳ ושם האחד אליעזר כי וגו׳ ויצילני מהרב פרעה יש לדקדק
					בהפסוקים א׳ מדוע בשם נרשם כתבה התורה הקדושה כי אמר ולא
					כן בשם אליעזר ו"				
"יעקב יוסף
					הכהן"	2	MaasiyotUmaamarimYekarim_with_annotations (1)	phonetic	0.583	Tsadik_012.020		"כתב בס׳ תולדות יעקב יוסף מהרה״ק ר׳ יעקב יוסף
					הכהן זצוק""ל שהיה רב בעיר שאריגראד ונעמירוב
					וראשקוב ולסוף היה רב בפולנאה והיה תלמיד מובהק של
					הבעש״ט כידוע ומפורסם זאת, כתב שם פ׳ בלק וז״ל אחי"				
פורת	2	MaasiyotUmaamarimYekarim_with_annotations (1)	no_match	0.0			"עוד כתב הרה״ק הנ""ל בספרו פורת יוסף וז""ל. איתא במדרש
					הנעלם בסוף איכה וז""ל עד אשר לא תחשך השמש
					והירח וכו׳ והכוכבים אילין אינון משפילין דהוי בארעא קדישא
					כל אינון תנאים ואמוראים דכל עלמא וכ"				
"קיומא
					החדא"	2	MaasiyotUmaamarimYekarim_with_annotations (1)	no_match	0.0			"עוד כתב הרה״ק הנ""ל בספרו פורת יוסף וז""ל. איתא במדרש
					הנעלם בסוף איכה וז""ל עד אשר לא תחשך השמש
					והירח וכו׳ והכוכבים אילין אינון משפילין דהוי בארעא קדישא
					כל אינון תנאים ואמוראים דכל עלמא וכ"				
פולנאה ונעמירוב	2	MaasiyotUmaamarimYekarim_with_annotations (1)	no_match	0.0			"עוד כתב הרה״ק הנ""ל בספרו פורת יוסף וז""ל. איתא במדרש
					הנעלם בסוף איכה וז""ל עד אשר לא תחשך השמש
					והירח וכו׳ והכוכבים אילין אינון משפילין דהוי בארעא קדישא
					כל אינון תנאים ואמוראים דכל עלמא וכ"				
גרשון קיטעווער	2	MaasiyotUmaamarimYekarim_with_annotations (1)	phonetic	0.769	Tsadik_012.007		"עוד כתב הרה״ק הנ""ל בספרו פורת יוסף וז""ל. איתא במדרש
					הנעלם בסוף איכה וז""ל עד אשר לא תחשך השמש
					והירח וכו׳ והכוכבים אילין אינון משפילין דהוי בארעא קדישא
					כל אינון תנאים ואמוראים דכל עלמא וכ"				
מענדעלי הרי	2	MaasiyotUmaamarimYekarim_with_annotations (1)	no_match	0.0			"חתנו של הרה״ק הגאון ר׳ מענדעלי מליבאוויטש זצוק""ל היה
					עומד פ״א בחדר של חמותו הרבנית ושם היה מונח
					על השלחן סדור קרבן מנחה וספר שבחי בעש״ט ובעמדו בחדר
					הנ""ל בא חותנו לשם והוא היה מקפיד מאד "				
שניאור ולמן מלאדי	2	MaasiyotUmaamarimYekarim_with_annotations (1)	no_match	0.0			"חתנו של הרה״ק הגאון ר׳ מענדעלי מליבאוויטש זצוק""ל היה
					עומד פ״א בחדר של חמותו הרבנית ושם היה מונח
					על השלחן סדור קרבן מנחה וספר שבחי בעש״ט ובעמדו בחדר
					הנ""ל בא חותנו לשם והוא היה מקפיד מאד "				
מעזיריטש	2	MaasiyotUmaamarimYekarim_with_annotations (1)	no_match	0.0			"חתנו של הרה״ק הגאון ר׳ מענדעלי מליבאוויטש זצוק""ל היה
					עומד פ״א בחדר של חמותו הרבנית ושם היה מונח
					על השלחן סדור קרבן מנחה וספר שבחי בעש״ט ובעמדו בחדר
					הנ""ל בא חותנו לשם והוא היה מקפיד מאד "				
ניסן	2	MaasiyotUmaamarimYekarim_with_annotations (1)	no_match	0.0			"וז״ל נראה לפרש ע״ד ששמעתי שהריב״ש (ההוא הבעש״ט)
					הקדוש אמר כשהגיע ר״ח ניסן שהוא ר״ה למלכים הושיב כל
					מלאך על פנו וכשראה מלאך אחד שלא ישר בעיניו היה ממנה
					אחר תחתיו וזהו פירוש הפסוק ואתם תה"				
טשערנאביל	2	MaasiyotUmaamarimYekarim_with_annotations (1)	no_match	0.0			"סיפר הרה״ק ר׳ יעקב ישראל מטשערקאס זצוק""ל כי זקנו
					הרה״ק ר׳ נחום מטשערנאביל זצוק""ל נסע פ״א עם
					שני תלמידים שלו לרבו הקדוש המגיד הגדול ממעזיריטש זצוק""ל
					ובבואם לקבל שלום ישב אז המגיד עם בנו "				
"אברהם
					המלאך"	2	MaasiyotUmaamarimYekarim_with_annotations (1)	name_exact	0.95	Tsadik_002.002		"סיפר הרה״ק ר׳ יעקב ישראל מטשערקאס זצוק""ל כי זקנו
					הרה״ק ר׳ נחום מטשערנאביל זצוק""ל נסע פ״א עם
					שני תלמידים שלו לרבו הקדוש המגיד הגדול ממעזיריטש זצוק""ל
					ובבואם לקבל שלום ישב אז המגיד עם בנו "				
זרח	2	MaasiyotUmaamarimYekarim_with_annotations (1)	no_match	0.0			"סיפר הרה״ק ר׳ יעקב ישראל מטשערקאס זצוק""ל כי זקנו
					הרה״ק ר׳ נחום מטשערנאביל זצוק""ל נסע פ״א עם
					שני תלמידים שלו לרבו הקדוש המגיד הגדול ממעזיריטש זצוק""ל
					ובבואם לקבל שלום ישב אז המגיד עם בנו "				
בעש	2	MaasiyotUmaamarimYekarim_with_annotations (1)	no_match	0.0			"סיפר הרה״ק ר׳ יעקב ישראל מטשערקאס זצוק""ל כי זקנו
					הרה״ק ר׳ נחום מטשערנאביל זצוק""ל נסע פ״א עם
					שני תלמידים שלו לרבו הקדוש המגיד הגדול ממעזיריטש זצוק""ל
					ובבואם לקבל שלום ישב אז המגיד עם בנו "				
משית	2	MaasiyotUmaamarimYekarim_with_annotations (1)	no_match	0.0			"סיפר הרה״ק ר׳ יעקב ישראל מטשערקאס זצוק""ל כי זקנו
					הרה״ק ר׳ נחום מטשערנאביל זצוק""ל נסע פ״א עם
					שני תלמידים שלו לרבו הקדוש המגיד הגדול ממעזיריטש זצוק""ל
					ובבואם לקבל שלום ישב אז המגיד עם בנו "				
"זצוק""ל"	2	MaasiyotUmaamarimYekarim_with_annotations (1)	no_match	0.0			"וכעין זה מובא במכתבים שבסוף ספר פרי הארץ מהרה״ק
					ר׳ מענדעלי מוויטעבסק זצוק""ל שכתב אליו איש אחד
					מכתב בקשה שיבטיח לו להיות לו בנים והשיב לו בזה""ל בושת
					פני כסתני כי התחת אלהים אני היה היה ד"				
חסד	2	MaasiyotUmaamarimYekarim_with_annotations (1)	no_match	0.0			"כתב בס׳ ניצר חסד על פ""א הנ""ל פרק ד' משנה כ״ב וז""ל
					אמר מרן הריב""ש זצוק""ל (הוא הבעש״ט) מובא בספר
					דגל מחנה אפרים מנכד הבעש״ט שאמר הבעש״ט אני נשבע
					שבועה גמורה שיש איש אחד בעולם ששומע חדושי "				
שלוני	2	MaasiyotUmaamarimYekarim_with_annotations (1)	no_match	0.0			"לגמרי וע״י שעשה זאת להטריח את קונו שמע כרוז שאין לו
					חלק לעוה״ב ושלח הצדיק שמחה גדולה ואמר עתה בא לי
					עת ועונה לעבוד את בוראי באמת בכל לבי אחר שאין לי
					בטחון על עוה״ב ובקבלה זאת ועבודה כזא"				
ישראל חריף	2	MaasiyotUmaamarimYekarim_with_annotations (1)	no_match	0.0			"סיפר הרה״ק ר׳ יעקב ישראל מטשערקאס זצוק""ל איך
					נתקרב להבעש״ט הרב הגאון הקדוש המקובל ר׳
					ישראל חריף זצוק״ל מסאטינאב בעהמ״ח ספר תפארת ישראל
					הנה הרה״ק ר׳ ישראל הנ""ל היה מכיר מקודם את הבעש״ט
	"				
בעש״ע	2	MaasiyotUmaamarimYekarim_with_annotations (1)	no_match	0.0			"אותו הרה״ק התולדות הקפיד עליו מאד וישאל אותו מה זה
					ומדוע לא באו עוד האנשים הרגילים בכל יום לבוא לביהכ״נ
					להתפלל ויספר לו השמש כי איש אחד אורח עומד ברחוב
					העיר ומספר מעשיות וכל בני העיר עו"				
ברוך מאיוועניץ	2	MaasiyotUmaamarimYekarim_with_annotations (1)	no_match	0.0			"סיפר הרב החסיד המפורסם ר׳ ברוך מאיוועניץ ז""ל שהיה
					נכד הרה״ק ר׳ ברוך ממעזבוז זצוק""ל והיה חתנו
					של הרה״ק ר' משה מקאראסטשוב זצוק""ל ששמע מפי זקנתו
					הצדקת מרת אדיל שהיא שמעה מפי אביה הרה״ק ר׳ "				
"ברוך ממעזבוז זצוק""ל"	2	MaasiyotUmaamarimYekarim_with_annotations (1)	phonetic	0.667	Tsadik_001.015		"סיפר הרב החסיד המפורסם ר׳ ברוך מאיוועניץ ז""ל שהיה
					נכד הרה״ק ר׳ ברוך ממעזבוז זצוק""ל והיה חתנו
					של הרה״ק ר' משה מקאראסטשוב זצוק""ל ששמע מפי זקנתו
					הצדקת מרת אדיל שהיא שמעה מפי אביה הרה״ק ר׳ "				
"בעש״ט
					זיידע"	2	MaasiyotUmaamarimYekarim_with_annotations (1)	phonetic	0.571	Tsadik_001.001		"פ״א נסע הסבא קדישא הנקרא כל (דער שפאלער הבעש״ט
					זיידע) זצוק""ל עם זקן אחד אשר היה מכיר היטב את
					הבעש״ט ובנסעם בדרך אמר הסבא קדישא הנ""ל להזקן הנ""ל
					כאשר הכרתם היטב את הבעש״ט ע״כ ספרו נא לי א"				
"וואלף
					קיצעס"	2	MaasiyotUmaamarimYekarim_with_annotations (1)	no_match	0.0			"פ״א נסע הסבא קדישא הנקרא כל (דער שפאלער הבעש״ט
					זיידע) זצוק""ל עם זקן אחד אשר היה מכיר היטב את
					הבעש״ט ובנסעם בדרך אמר הסבא קדישא הנ""ל להזקן הנ""ל
					כאשר הכרתם היטב את הבעש״ט ע״כ ספרו נא לי א"				
וואלף קיצעס	2	MaasiyotUmaamarimYekarim_with_annotations (1)	no_match	0.0			"פ״א נסע הסבא קדישא הנקרא כל (דער שפאלער הבעש״ט
					זיידע) זצוק""ל עם זקן אחד אשר היה מכיר היטב את
					הבעש״ט ובנסעם בדרך אמר הסבא קדישא הנ""ל להזקן הנ""ל
					כאשר הכרתם היטב את הבעש״ט ע״כ ספרו נא לי א"				
ריב״ש	2	MaasiyotUmaamarimYekarim_with_annotations (1)	no_match	0.0			"כתב בס׳ נוצר חסד הנ""ל פרק ר׳ משנה א׳ וז""ל אל
					תהי דן יחידי כשאתה רואה דבר בחברך ונראה לך
					שהוא מפועל מגונה אל תהי דן אותו לחוב כי עושה רושם
					גדול למעלה כמו שאירע בימי מרן (הוא הבעש״ט) בר""ה"				
הו״ר	2	MaasiyotUmaamarimYekarim_with_annotations (1)	no_match	0.0			"עשה ומרן ביום הו״ר היה בדיחא דעתו מאד והיה משיב
					לכל שואל כחפצו ובתוך הבאים נכנס גם אותו תלמיד שקטרג
					ושאל למה מריחין בדורות הללו עשב זה אמר לו הבעש״ט
					אמור אתה והשיב כנ""ל ואמר לו מרן אמור"				
עש״	2	MaasiyotUmaamarimYekarim_with_annotations (1)	no_match	0.0			"כתב בס׳ כתיב מצותיך מבעהמ״ח קוצר חסך הנ""ל שביל
					היחוד שביל ד׳ וז״ל הרה״ק ר׳ יצחק מדראהביטש
					זצוק""ל היה לו ענין שתיכף שאמר בידך אפקיד רוחי ישן לו
					ואם אירע שלא היה יכול לישן תיכף היה יודע ש"				
"יצחק
					מסקווירא"	2	MaasiyotUmaamarimYekarim_with_annotations (1),SipurimUmaamarimYekarim_Hebrewbooks_org_3804_gemini	no_match	0.0			"וכעין מעשה זאת שמעתי מאדמו״ר הרה״ק מבן ר׳ יצחק
					מסקווירא זצוק""ל שסיפר כי ידוע כי בעיר קראקא
					הולך שם הנהר הגדול הנקרא ווייסיל ובימי המקובל הגדול
					הקדוש ר׳ אליהו צורף זצוק""ל הנודע בספרו הקד"	H-LOC_618			
"צוק""ל"	2	MaasiyotUmaamarimYekarim_with_annotations (1)	no_match	0.0			"ישראל זצוק""ל נסעו גם בחזרתם דרך עיר קראקא וכשסיפר
					אדמו״ר המעשה הזאת אמר לפניו בנו הרה״ק ר׳ נחום וצוק""ל
					כי כשהיה בקראקא בפעם שנית בחזרתו לביתו נסע במכוון
					והיה שם באותו מקום שהיה הולך שם "				
קן	2	MaasiyotUmaamarimYekarim_with_annotations (1)	no_match	0.0			"כתב בס׳ נוצר חסד על פ""א הנ""ל פרק ר׳ משנה ה׳ וז""ל
					סיפר מקן אלקי הריב""ש זצוק""ל (הוא הבעש״ט שבערי
					אשכנז היה צדיק אחד ואמר קודם פטירתו שימות במיתה
					משונה ע״י רוצחים ר״ל וכבר הוא מאה פעמים בע"				
"זכרייהו
					הנביא"	2	MaasiyotUmaamarimYekarim_with_annotations (1)	phonetic	0.538	Biblical_Elijah		"כתב בס׳ נוצר חסד על פ""א הנ""ל פרק ר׳ משנה ה׳ וז""ל
					סיפר מקן אלקי הריב""ש זצוק""ל (הוא הבעש״ט שבערי
					אשכנז היה צדיק אחד ואמר קודם פטירתו שימות במיתה
					משונה ע״י רוצחים ר״ל וכבר הוא מאה פעמים בע"				
"משה
					חיים אפרים"	2	MaasiyotUmaamarimYekarim_with_annotations (1)	no_match	0.0			"ב""ה מעשיות מאמרים יקרים מהרה""ק ר׳ משה
					חיים אפרים על נכד הבעש״ט הנקרא
					בפי כל דער סדילקעווער רב או דער דגל בעהמ""ח
					ספר דגל מחנה אפרים:"				
דיר	2	MaasiyotUmaamarimYekarim_with_annotations (1)	no_match	0.0			"סיפר אדמו״ר הרה״ק מרן ר׳ יצחק מסקווירא זצוק""ל כי
					הרה״ק הדגל הנ״ל היה מתחלה עני ואביון ואשתו
					הרבנית היתה מדלקת נרות של שבת בנרות שעשתה מטיט
					ואח״כ היה מתנהג בעשירות ואשתו הרבנית היתה מדלק"				
איז	2	MaasiyotUmaamarimYekarim_with_annotations (1)	no_match	0.0			"סיפר אדמו״ר הרה״ק מרן ר׳ יצחק מסקווירא זצוק""ל כי
					הרה״ק הדגל הנ״ל היה מתחלה עני ואביון ואשתו
					הרבנית היתה מדלקת נרות של שבת בנרות שעשתה מטיט
					ואח״כ היה מתנהג בעשירות ואשתו הרבנית היתה מדלק"				
"איצט ליכטיג אין מיר איז פריער
					גיווען ליכטיג"	2	MaasiyotUmaamarimYekarim_with_annotations (1)	no_match	0.0			"סיפר אדמו״ר הרה״ק מרן ר׳ יצחק מסקווירא זצוק""ל כי
					הרה״ק הדגל הנ״ל היה מתחלה עני ואביון ואשתו
					הרבנית היתה מדלקת נרות של שבת בנרות שעשתה מטיט
					ואח״כ היה מתנהג בעשירות ואשתו הרבנית היתה מדלק"				
"יעקב
					יוסף הכהן"	2	MaasiyotUmaamarimYekarim_with_annotations (1)	phonetic	0.583	Tsadik_012.020		"לתבוע ממנו דאטע ויסע המוכסן הנ״ל להרה״ק ר׳ יעקב
					יוסף הכהן מפולנאה תלמיד הבעש״ט בעהמ״ח ספר תולדות
					יעקב יוסף ושאר ספרים הנקרא בפי כל (דער תולדות)
					ויספר לו ענינו ומבוקשו ויאמר לו התולדות ה"				
הרה	2	MaasiyotUmaamarimYekarim_with_annotations (1)	no_match	0.0			"לתבוע ממנו דאטע ויסע המוכסן הנ״ל להרה״ק ר׳ יעקב
					יוסף הכהן מפולנאה תלמיד הבעש״ט בעהמ״ח ספר תולדות
					יעקב יוסף ושאר ספרים הנקרא בפי כל (דער תולדות)
					ויספר לו ענינו ומבוקשו ויאמר לו התולדות ה"				
גה״ק	2	MaasiyotUmaamarimYekarim_with_annotations (1)	no_match	0.0			"לתבוע ממנו דאטע ויסע המוכסן הנ״ל להרה״ק ר׳ יעקב
					יוסף הכהן מפולנאה תלמיד הבעש״ט בעהמ״ח ספר תולדות
					יעקב יוסף ושאר ספרים הנקרא בפי כל (דער תולדות)
					ויספר לו ענינו ומבוקשו ויאמר לו התולדות ה"				
"ברוך
					ממעזבוז זצוק""ל"	2	MaasiyotUmaamarimYekarim_with_annotations (1)	phonetic	0.667	Tsadik_001.015		"ב""ה מעשיות ומאמרים יקרים מהרה״ק ר׳ ברוך
					ממעזבוז זצוק""ל נכד הבעש״ט אחי הרה״ק
					ר' משה חיים אפרים הנ״ל אשר שניהם היו בני האשה
					הצדקת המפורסמת מרת אדיל בת הבעש״ט זצוק""ל."				
ברוך בעש״ק	2	MaasiyotUmaamarimYekarim_with_annotations (1)	no_match	0.0			"ידוע אשר הרה״ק ר׳ ברוך הנ״ל היה ילד קטן כשנפטר
					הבעש״ט ואחר פטירת הבעש״ט נתגדל הרה״ק ר'
					ברוך הנ""ל אצל הרה״ק ר׳ פנחס מקארץ זצוק""ל אשר היה
					אז משכן כבודו בעיר אוסטרהא וסיפר אדמו״ר הרה״ק מרן"				
"יחיאל
					מיכל מזלאטשוב"	2	MaasiyotUmaamarimYekarim_with_annotations (1)	name_exact	0.95	Tsadik_013.002		"וכעין זה כתב בס׳ מים רבים פ׳ בחקותי בשם הרב החסיד
					המפורסם ר׳ מרדכי מזוויהיל ז""ל ששמע מאביו
					הרה״ק ר׳ יחיאל מיכל מזוויהיל זצ""ל כי זקנו הרה״ק ר׳ יחיאל
					מיכל מזלאטשוב זצוק""ל צוה לבניו הקדושי"				
"אליקום בריעה
					זצוק""ל בן"	2	MaasiyotUmaamarimYekarim_with_annotations (1)	no_match	0.0			"כתב בס׳ באר משה מהרה״ק ר' משה אליקום בריעה
					זצוק""ל בן הרה״ק המגיד מקאזניץ וצוק""ל פ׳ שמות
					וז״ל שמעתי בשם הרה״ק מו״ה ברוך זצוק""ל שפ""א באו אליו
					אנשי עיר אחת על שבת א׳ משבתות השנה שיעשה להם "				
לוי יצחק מברדיטשוב	2	MaasiyotUmaamarimYekarim_with_annotations (1),Shemen-Hatov2025-12-01_gemini	phonetic	0.737	Tsadik_023.001		"שמעתי מאדמו״ר הרה״ק מרן ר׳ יצחק מסקווירא וצוק""ל
					כי פ""א היה זקנו הרה״ק ר׳ נחום מטשערנאביל
					זצוק""ל אצל הרה״ק ר׳ ברוך הנ""ל והיה דרכו של הרה״ק ר'
					נחום לדרוש בכל מקום בואו וגם שם דרש בש""ק והר"	H-LOC_134			
"ברוך שה""ש"	2	MaasiyotUmaamarimYekarim_with_annotations (1)	no_match	0.0			"פדן מה אעשה כשיתבע ממכי הנדן אמר לו אביו הקדוש אם
					יתבע ממך חותנך הנדן ויצער אותך תעמוד באיזה מדר פניך
					אל הכותל ותאמר אבי אבי הנה חותני מצער אותי אודות
					הנדן ואז לא יתבע עוד ממך ויסע הרה״"				
נדן	2	MaasiyotUmaamarimYekarim_with_annotations (1)	no_match	0.0			"פדן מה אעשה כשיתבע ממכי הנדן אמר לו אביו הקדוש אם
					יתבע ממך חותנך הנדן ויצער אותך תעמוד באיזה מדר פניך
					אל הכותל ותאמר אבי אבי הנה חותני מצער אותי אודות
					הנדן ואז לא יתבע עוד ממך ויסע הרה״"				
חמעלניק	2	MaasiyotUmaamarimYekarim_with_annotations (1)	no_match	0.0			"פ״א ישב הרה״ק ר׳ ברוך הנ""ל בסעודה ומצד אחד ישב
					אצלו מחותנו הרה״ק ר׳ אברהם דוב זצוק""ל הנקרא
					בפי כל הרב מחמעלניק חתנו של הרה״ק התולדות וצוק""ל
					ומצד השני ישב מחותנו הרה״ק ר׳ יוסף מיאמפאלע ז"				
ברוך בן	2	MaasiyotUmaamarimYekarim_with_annotations (1)	no_match	0.0			"כתב בס׳ בוצינא דנהורא וז""ל צדיק א׳ בא לבנו בחלום
					ואמר לו שיסע להרה״ק ר׳ ברוך הנ""ל ויתן לו ת""ח
					על אשר עשה עמו טובה בעולם העליון וסיפר לו המעשה
					שפ״א נסע בעש״ק בדרך ושמע קול צעקת עני אחד ש"				
אביש אבד״ק פפד״מ	2	MaasyiotMzadikeiYesodeiOlam_20251128	no_match	0.0			"א) מעשה נורא מהנשר הגדול זקן הקדושים הגאון רבינו יצחק אבוהב
					בעל מנורת המאור ע""ד הספק חסירות ויתירות שבתורה.
					ב) מגאון הגאונים הצדיק המפורסים רבינו עקיבא איגר בעלותו על כס
					הרבנות בעיר פרי"				
יעקב מליסא	2	MaasyiotMzadikeiYesodeiOlam_20251128,MaasyiotMzadikeiYesodeiOlam_20251128_corrected	no_match	0.0			"רבינו הגאון יעקב מליסא בעל המחבר חות דעת סיפר בשבחו
					ונפלאות מתורתו וצדקתו של מאור הגולה ר׳ עקיבא איגר"				
רע״א	2	MaasyiotMzadikeiYesodeiOlam_20251128,MaasyiotMzadikeiYesodeiOlam_20251128_corrected	no_match	0.0			"ואמר הגאון מליסא אני אספר לכם מעשה נפלאה אשר בעיני
					ראיתי כי בעת שרצו אנשי עיר פרידלאנד לקבל עליהם רב ואב״ד
					אז אשר שמו אנשי העיר עיניהם להושיב אחד לראש ורב ומנהיג,
					מן אלו השלשה רבנים אחד"				
משו	2	MaasyiotMzadikeiYesodeiOlam_20251128,shivheiZadikim2026-01-10	no_match	0.0			"ו.
					פתקא מן שמיא לרבינו הנשר הגדול, אשר דבריו נשמעים בשמים
					הרב הדומה למלאך ד׳ צבאות הגאון הקדוש וטהור רבינו
					מרדכי בנעט זי״ע האב״ד ור״מ אבד״ק ניקולשבורג והמדינה.
					(העתקה משו״ת פרשת מר"				
שפחה	2	MaasyiotMzadikeiYesodeiOlam_20251128	no_match	0.0			"הבלים והאי גרם דאיתפשט מסאבתא טובא בעלמא ואיתפגים סגי
					ואיתתקף ס״א ס״מ וחילא ושכינתא קדישא כביכול בגלותא רבא
					ואורייתא חוגרת שק ומתפלשת באפרא וצוחת וי וי ורגזה הארץ
					תחת עבד כי ימלוך ושפחה"				
נתן שפירא	2	MaasyiotMzadikeiYesodeiOlam_20251128,MaasyiotMzadikeiYesodeiOlam_20251128_corrected	phonetic	0.364	tempH-135		"ז.
					מעשה נפלא ונורא מאת הרב הגאון מופת הדור המקובל
					אלקי מארי דרזין שר בית הזהר, ברבבות ישראל הי׳ למופת
					ואות, רבינו נתן שפירא זצוק""ל בעל מגלה עמוקות מה שגלה
					אחד מל""ו צדיקים הנסתרים."				
יצחק מנעסחיז	2	MaasyiotMzadikeiYesodeiOlam_20251128,MaasyiotMzadikeiYesodeiOlam_20251128_corrected	no_match	0.0			"סיפר הרב הקדוש מורינו ורבינו רבי יצחק מנעסחיז מעשה נוראה
					מהרב הקדוש מאפטא זי״ע ואמר אשר מימות עולם לא
					היתה מעשה בזו בעת שהיה הרה״ק מאפטא בימיו עלומיו
					בהיותו עוד רב בקאלביסוב במדינת פולי"				
יואל סירקיש	2	MaasyiotMzadikeiYesodeiOlam_20251128,MaasyiotMzadikeiYesodeiOlam_20251128_corrected	no_match	0.0			"י.
					מעשה נוראה מרב הרבנים גאון הגאונים המפורסים בכל העולם
					אור העולם מרנא ורבנא יואל סירקיש אב״ד בקראקא בעל
					המחבר הנודע ספרי ב״ח על דש״ע."				
מנחם בן עמיאל בן דוד	2	MaasyiotMzadikeiYesodeiOlam_20251128,MaasyiotMzadikeiYesodeiOlam_20251128_corrected	no_match	0.0			"וידקור את נחמיה בירושלים וספרו אותו כל ישראל ויתמרמרו
					עליו במרירות ובכיות ואח״כ תבא אשת נתן הנביא בן
					דוד חפצי בה אם מנחם בן עמיאל בן דוד והאותות האלה מגיעות
					בחודש אב בששה לחודש ידקור שי"				
שירון	2	MaasyiotMzadikeiYesodeiOlam_20251128,MaasyiotMzadikeiYesodeiOlam_20251128_corrected	no_match	0.0			"וידקור את נחמיה בירושלים וספרו אותו כל ישראל ויתמרמרו
					עליו במרירות ובכיות ואח״כ תבא אשת נתן הנביא בן
					דוד חפצי בה אם מנחם בן עמיאל בן דוד והאותות האלה מגיעות
					בחודש אב בששה לחודש ידקור שי"				
טטרון	2	MaasyiotMzadikeiYesodeiOlam_20251128,MaasyiotMzadikeiYesodeiOlam_20251128_corrected	no_match	0.0			"ואני זרובבל הוספתי לשאול מטטרון ומיכאל שר צבא ד׳ על אודות
					ברית עם קדושים ויאמר אלי העגל הזה פיהו ירבץ וכלה סעיפיה
					והכרך הזה היא עיר נינוה עיר הדמים היא רומי רבתי ואמרתי
					לו אדוני עד מתי "				
ארמילוס	2	MaasyiotMzadikeiYesodeiOlam_20251128,MaasyiotMzadikeiYesodeiOlam_20251128_corrected	no_match	0.0			"החורף ויראני שם אבן שיש לה פנים כמראה הבתולה אשר לא
					ידעה איש ויפה עד למאוד ויאמר אלי זרובבל מה אתה רואה
					ואומר לו אני רואה צלם שיש ודמות פניה כאשה יפה ויען ויאמר
					אלי האיש המדבר בי ויאמר "				
בן מעור בן גזיר	2	MaasyiotMzadikeiYesodeiOlam_20251128,MaasyiotMzadikeiYesodeiOlam_20251128_corrected	no_match	0.0			"ואחרי מותו תחשך השמש מקצה השמים ועד קצה השמים ותפול
					חרדה גדולה על בני אדם וימלוך תחתיו משיח בן אבי
					ספון וה׳ יעיר את לבבו ויבנה את חומות הבית ויאריך שנים וימים
					וידו באיי הים וימלוך תחתיו"				
מראן	2	MaasyiotMzadikeiYesodeiOlam_20251128,MaasyiotMzadikeiYesodeiOlam_20251128_corrected	no_match	0.0			"יושבים לו על כסא מלכותו ויאסוף בנו הכן השמד ת""ח כסף
					וזהב עד אין מספר ובשמים ואבן יקרה וספיר ויחלום אשר לא
					נמצא באוצרות אבותיו ובעצמו תשבר מלכותו וגם בנו אשר ימלוך
					תחתיו יעשיר עושר גדול "				
סולימאן בן עבד אלמלך	2	MaasyiotMzadikeiYesodeiOlam_20251128,MaasyiotMzadikeiYesodeiOlam_20251128_corrected	no_match	0.0			"יושבים לו על כסא מלכותו ויאסוף בנו הכן השמד ת""ח כסף
					וזהב עד אין מספר ובשמים ואבן יקרה וספיר ויחלום אשר לא
					נמצא באוצרות אבותיו ובעצמו תשבר מלכותו וגם בנו אשר ימלוך
					תחתיו יעשיר עושר גדול "				
יב	2	MaasyiotMzadikeiYesodeiOlam_20251128_corrected,maase-zadikim2025-06-22_corrected	no_match	0.0			"ה׳ עמך גבור החיל חביבי וידידי מרדכי היהודי איש ימיני מסטרא
					דקדושה, הנה יצאתי לקראתך כי הקב״ה מבני מתיבתא שדרוני
					לאתויי לך שלם ולאודיעותך הלא אם קטן אתה בעיניך ראש שבטי
					 אתה מעידנא דפסלת"				
ב״ח	2	MaasyiotMzadikeiYesodeiOlam_20251128_corrected	no_match	0.0			"י.
					מעשה נוראה מרב הרבנים גאון הגאונים המפורסים בכל העולם
					אור העולם מרנא ורבנא יואל סירקיש אב״ד בקראקא בעל
					המחבר הנודע ספרי ב״ח על דש״ע."				
נפתלי הכהן	2	Mifalot-HaZadikim2025-06-22,Mifalot-HaZadikim2025-06-22_corrected	no_match	0.0			"בעיר פוזנא התקין הרבי ר׳ נפתלי בית וועד. וציוה שלא יפסיקו
               שום ד״ת רק בבית וועד הנ״ל. וכן קימו. עד שבימי הגאון
               ר׳ עקיבא איגר. נתהוה שיהיה עת גשמים ורפש וטיט ונתעצל הגאון
 "				
מאטילע מטשארנאביל	2	Mifalot-HaZadikim2025-06-22,Mifalot-HaZadikim2025-06-22_corrected	phonetic	0.474	Tsadik_014.001		"מעשה מהרב הצדיק הגאון אמיתי הקדוש ר׳ מרדכי
               הנקרא ר׳ מאטילע מטשארנאביל
               מעשה בעיר אבאחאוו הסמוך לעיר וואסילקיוב היה שם איש א׳
               אב בחכמה ורך בשנים למדן וי״ש וח"	H-LOC_31			
מדרכי	2	Mifalot-HaZadikim2025-06-22,Mifalot-HaZadikim2025-06-22_corrected	no_match	0.0			"מעשה מהרב הצדיק הגאון אמיתי הקדוש ר׳ מרדכי
               הנקרא ר׳ מאטילע מטשארנאביל
               מעשה בעיר אבאחאוו הסמוך לעיר וואסילקיוב היה שם איש א׳
               אב בחכמה ורך בשנים למדן וי״ש וח"				
"ישראל
               מרוזין"	2	Mifalot-HaZadikim2025-06-22	phonetic	0.538	Tsadik_002.008		"פ״א באישון לילה ואפילה בשעה ב׳ אחר חצות לילה בא הרב
               הצדיק והקדוש הנ״ל עם משמשו לבית מדרשו והעיר לכל
               האנשים הישיני׳ שם (והם ממקורבי׳ המסתופפי׳ בצלו ויושבי׳ שם בבית
       "	H-LOC_208			
מיכולה	2	Mifalot-HaZadikim2025-06-22,Mifalot-HaZadikim2025-06-22_corrected	no_match	0.0			"מהבעש״ט עם הרב הצדיק מוה׳ מיכל מזלאטשוב :
               הרב ר׳ מיכל הנ״ל בעת אשר הסתיר מעשיו מבני אדם וישב אז
               בברוסילאוו. ואח״כ נתגדל ונתגלה מעט מעט ואירע בעיר
               הנ״ל שאיש"				
בעהש״ט	2	Mifalot-HaZadikim2025-06-22,Mifalot-HaZadikim2025-06-22_corrected	name_exact	0.95	Tsadik_001.001		"בעהש״ט הקדוש זי״ע הוצרך פ״א לידע איזה סוד וגילו לו שהסוד
               ההוא כבוש תחת יד הס״מ בעצמו שחטף אותו מעת שגרם
               החטא. והבין הבעש״ט שאין בידו להוציא השם הנ״ל מת״י רק
             "				
ליב טרעסטינעצר	2	Mifalot-HaZadikim2025-06-22,Mifalot-HaZadikim2025-06-22_corrected	name_exact	0.85	Tsadik_012.048		"בעהש״ט הקדוש זי״ע הוצרך פ״א לידע איזה סוד וגילו לו שהסוד
               ההוא כבוש תחת יד הס״מ בעצמו שחטף אותו מעת שגרם
               החטא. והבין הבעש״ט שאין בידו להוציא השם הנ״ל מת״י רק
             "				
יצחק דראביטשער	2	Mifalot-HaZadikim2025-06-22,Mifalot-HaZadikim2025-06-22_corrected	no_match	0.0			"מהרב הצדיק ר׳ יצחק דראביטשער :
               פ״א נסע הרב הצדיק הקדוש מוה׳ יצחק הנ״ל דרך עיר מעזיבוז
   וכאשר שמע שם גודל פעולת הקמיעות דהבעש״ט זי״ע עלה
               במחשבתו שע״י השבעות בשמות הקדושי"				
איצעלע משיחת	2	Mifalot-HaZadikim2025-06-22,Mifalot-HaZadikim2025-06-22_corrected	no_match	0.0			"מהרב הצדיק ר׳ ליב הנקרא ספאליר זיידע הרב הצדיק ה״ה
               מוה׳ ליב הנ״ל נתארח אצל הרב הצדיק ר' יצחק מ״מ
               מברום לאוו (הנקרא בפי כל ר׳ איצעלע משיחת) ושאל הרב ר׳ ליב
               "				
משה שטאגעל	2	Mifalot-HaZadikim2025-06-22,Mifalot-HaZadikim2025-06-22_corrected	phonetic	0.5	Biblical_Moses		"בשבת הרב הצדיק מריזין הניקרא ר׳ ישראל זי״ע על כסאו
               וכל העם עומדים עליו מן הבוקר עד הערב בא איש מסכן
               אחד עם בגדים קרועים ומטולאים ודחק א״ע בין העם עד שנגש לפני
           "				
"משה
               שטשאגיל"	2	Mifalot-HaZadikim2025-06-22	phonetic	0.5	Biblical_Moses		"בשבת הרב הצדיק מריזין הניקרא ר׳ ישראל זי״ע על כסאו
               וכל העם עומדים עליו מן הבוקר עד הערב בא איש מסכן
               אחד עם בגדים קרועים ומטולאים ודחק א״ע בין העם עד שנגש לפני
           "				
דוד לייקס	2	Mifalot-HaZadikim2025-06-22,Mifalot-HaZadikim2025-06-22_corrected	phonetic	0.5	Biblical_David		"זאת שמעשה סיפרה הרב הצדיק ר׳ דיוד מטאלנע בעהמ״ח ס׳ מגןמען
               דוד וברכת דוד :
               הבעש""ט הקדוש נסע פ״א במוצש״ק לדרכו. ונסעו עמו ג׳ תלמידים
               הנכבדים הלא המה הרב הצדי"				
אלעקסע	2	Mifalot-HaZadikim2025-06-22,Mifalot-HaZadikim2025-06-22_corrected	no_match	0.0			"זאת שמעשה סיפרה הרב הצדיק ר׳ דיוד מטאלנע בעהמ״ח ס׳ מגןמען
               דוד וברכת דוד :
               הבעש""ט הקדוש נסע פ״א במוצש״ק לדרכו. ונסעו עמו ג׳ תלמידים
               הנכבדים הלא המה הרב הצדי"				
"שלמה
               מקארלין"	2	Mifalot-HaZadikim2025-06-22,maase-zadikim2025-06-22	name_exact	0.95	Tsadik_034.001		"כשנתבקש הרב הנ״ל בישיבה של מעלה ונגנז ארו״ן אלקים
               עשה עליו הספד תלמידו הרב הקדוש מוה׳ שלמה
               מקארלין ואמר בזה הנה רש״י ז״ל כתב על הפסוק ויתהלך חנוך את
               האלקים"	H-LOC_4			
צ״י	2	Mifalot-HaZadikim2025-06-22,Mifalot-HaZadikim2025-06-22_corrected	no_match	0.0			"הרב הצדיק הקדוש ר׳ זאב מזיטאמר בעל המ״ח אור המאיר היה
               מחותן עם הרב הצדיק מו״ר צבי יהודא מָאליק הנקרא ר׳ הירש
               ליב אָליקער פ״א התוועדו יחד בעיר אחת ואח״כ כאשר נתפרדו והלך
 "				
ישעי' פינטו	2	PeerMikdoshim2024-10-13,PeerMikdoshim2024-10-13_corrected	no_match	0.0			"ותחת מצב רגלינו בשער הגלגולים יזהיר עוד סיפור כזה לעיניך הקורא
               מאת הגאון הקדוש ר׳ ישעי׳ פינטו זצוק""ל :
               בעיר שהי' הגאון ר׳ ישעי' פינטו זי""ע שם לרב ומורה. היה שם איש
      "				
מנשה	2	PeerMikdoshim2024-10-13,PeerMikdoshim2024-10-13_corrected	no_match	0.0			"מוכסן אחד היה אשר כל ימיו התאמץ לעקר ולשרש כל צלם ע״ז אשר
               היה ובכל מקום אשר עמד צלמי ע״ז על פרשת הדרכים עשה
               כל השתדלות וטצדקות לכתת אותם עד אשר דק והי' כאשר ירא מעשות
   "				
חיים וויינשענקר	2	PeerMikdoshim2024-10-13,PeerMikdoshim2024-10-13_corrected	no_match	0.0			"שמה בסאסיב העיר הי' איש אחד ושמו ר׳ חיים וויינשענקר סוחר יין
               ולו בן תלמיד חכם גדול והאיש זקן בא בימים והלך בדרך כל
               הארץ ואת אשתו ובניו הניח לאנחות כי נשארה בערום ובחוסר כ"				
חיים ווינשענקער	2	PeerMikdoshim2024-10-13,PeerMikdoshim2024-10-13_corrected	no_match	0.0			"שמה בסאסיב העיר הי' איש אחד ושמו ר׳ חיים וויינשענקר סוחר יין
               ולו בן תלמיד חכם גדול והאיש זקן בא בימים והלך בדרך כל
               הארץ ואת אשתו ובניו הניח לאנחות כי נשארה בערום ובחוסר כ"				
ישעי׳ סלוצקער	2	PeerMikdoshim2024-10-13	no_match	0.0			"אשר חכמים יגידו לדור אחרון מאמינים לבני מאמינים אשר באזניהם
               שמעו ואבותינו ספרו לנו כי הצדיק הקדוש הנזכר זי""ע ספר
               המעשה הלזו מדי שנה בשנה בקול צהלה ושמחה בלילי פסחים למען "				
ישעי′	2	PeerMikdoshim2024-10-13,PeerMikdoshim2024-10-13_corrected	no_match	0.0			"אשר חכמים יגידו לדור אחרון מאמינים לבני מאמינים אשר באזניהם
               שמעו ואבותינו ספרו לנו כי הצדיק הקדוש הנזכר זי""ע ספר
               המעשה הלזו מדי שנה בשנה בקול צהלה ושמחה בלילי פסחים למען "				
רבקה	2	PeerMikdoshim2024-10-13_corrected,Shemen-Hatov2025-12-01_gemini	no_match	0.0			"ועתה אספר מעשה קדומה מהצדיק הקדוש מוהר""ש וויענער והיא
               הנוגעת לכמה שרשים וענפים מיסודי הנפש ומגדילה את הבטחון.
               ומרחיבו כי הוא המביא שפלים למרום וקודרים שגבו ישע :
        "				
"רמב""ן"	2	Sefer-Moraim-Gdolim2025-11-28,Sefer-Moraim-Gdolim2025-11-28_corrected	no_match	0.0			"תאניה ואניה כי אני בעולם האמת אשר פועל אדם ישלם לו
					ואין שה מקח שוחד לי מר מאוד ושאל שהר""מ יתקנו
					והשיבו הר״מ לעת עתה אתה בביתי הלא אבקש לך מנוח אשר
					ייטב לך וככלות החצי שעה והקדוש הר״מ עו"				
איוב	2	Sefer-Moraim-Gdolim2025-11-28,Sefer-Moraim-Gdolim2025-11-28_corrected	no_match	0.0			"תאניה ואניה כי אני בעולם האמת אשר פועל אדם ישלם לו
					ואין שה מקח שוחד לי מר מאוד ושאל שהר""מ יתקנו
					והשיבו הר״מ לעת עתה אתה בביתי הלא אבקש לך מנוח אשר
					ייטב לך וככלות החצי שעה והקדוש הר״מ עו"				
משה מסאווראן	2	Sefer-Moraim-Gdolim2025-11-28,Sefer-Moraim-Gdolim2025-11-28_corrected	name_exact	0.95	Tsadik_021.002		"הרב הקדוש ה""ר משה מסאווראן זצ""ל הי׳ מספר מעשה זו
					כמה פעמים ואמר יש שוטים שאומרים לית דין ולית
					דיין אספר לכם מעשה ותבינו איך שיש דין וחשבון על כל
					פרע ופרט מעשה שהביאו אשה שנתדבק בה רוח א"				
הר״	2	Sefer-Moraim-Gdolim2025-11-28,tmimei_derech_2026-01-10	no_match	0.0			"לראות מי הוא הצועק וילך הלוך אחר הקול עד שמצא עץ
					מונח על הארץ ועופות הרבה עומדים עליו ומכים בו בפיהם
					ומהעץ יוצא קול אדם המחריד הלב של שומעו וירץ המשמש להרב
					ר״ר זיסיא ויאמר לו רבי איך תו"				
משה ליב מסאסיוו	2	Sefer-Moraim-Gdolim2025-11-28,Sefer-Moraim-Gdolim2025-11-28_corrected	phonetic	0.786	Tsadik_037.001		"מעשה פעם אחת נסע הרב הקדוש מאפטא והרב הקדוש
					הר׳ משה ליב מסאסיוו להרב קודש קדשים הר׳ ר'
					מיכל המכונה בפי כל רבי ר׳ מיכלי זלל לק""ק זלאטשוב ולא
					מצאו את הרב בביתו כי נסע לעיר בראדי ויסעו משם"				
פינחס קאלימייאר	2	Sefer-Moraim-Gdolim2025-11-28,Sefer-Moraim-Gdolim2025-11-28_corrected	name_exact	0.85	Tsadik_017.002		"מעשה מהרב הקדוש הר׳ פינחס קאלימייאר רב זצ""ל."				
האר	2	Sefer-Moraim-Gdolim2025-11-28_corrected,Shemen-Hatov2025-12-01_gemini	no_match	0.0			"מרחוק נראה לו כאלו חורשים בבקרים את האדמה ומה מאוד
					שמחה נפשו כי ראה אשר הוא בא לכלל יישוב. ויהי בהתקרבו
					יותר אליהם חרדה גדולה נפלה עליו כי ראה שהאנשים המנהיגים
					את הבקר מכים אותם בעצים ע"				
המוכסן	2	Sefer-Moraim-Gdolim2025-11-28_corrected	no_match	0.0			"בעיר קאלימייא היה רב אחד ושמו הר' פנחס זצ""ל ויהי כאשר
					הגיע לימי הזקנה לקח לו דרך חדש לעבודת ה׳ והתחיל
					לחזור אחר משומדים להשיבם לדת יהודית וד׳ היה בעזרו כי
					הצלוח בכל אשר עשה ויהי היום וי"				
קנאעז	2	Sefer-Moraim-Gdolim2025-11-28_corrected	no_match	0.0			"בעיר קאלימייא היה רב אחד ושמו הר' פנחס זצ""ל ויהי כאשר
					הגיע לימי הזקנה לקח לו דרך חדש לעבודת ה׳ והתחיל
					לחזור אחר משומדים להשיבם לדת יהודית וד׳ היה בעזרו כי
					הצלוח בכל אשר עשה ויהי היום וי"				
בן ישי	2	Shemen-Hatov2025-12-01_gemini	no_match	0.0			"וביום שני של ר""ה בא ג״כ קודם תקיעות
					שופר וצעק ג״כ בבכי׳ גדולה הפסוק
					(בשמואל א׳ כ׳) מדוע לא בא בן ישי גם
					תמול גם היום אל הלחם ואמר ע״ז
					מדוע לא בא בן ישי דהיינו מלך המשיח
					שהוא מ"				
זכרי׳ מענדיל	2	Shemen-Hatov2025-12-01_gemini	phonetic	0.385	Tsadik_012.172		"קעב) אגרת הקודש מס׳ נועם אלימלך
					בקונט׳ לקוטי שושנים מאת
					הה״ק ר׳ זכריה מענדיל בן הגה״ק מ׳ משה
					יהושע אבד״ק שטרים שהי׳ חתן זקינו הגה""ק
					ר׳ הירשלי אבד״ק טשארטקוב זי״ע ואם
					הר״ר זכרי"				
"רר״ש
					מנ״ש"	2	Shemen-Hatov2025-12-01_gemini	no_match	0.0			"ו) כתב הגאון מ׳ שלום מרדכי נ״י
					אבד״ק ברעזאן בעמ״ס דעת
					תורה וז״ל. ובדבר סיפורים מהגה""ק רר״ש
					מנ״ש זי״ע : הן דבר א׳ נדפס בשו״ת
					מהרש""ם ח""ב בסופו כי פ״א אמר לפני
					תלמידיו כי מי שלא "				
"הגר""ש"	2	Shemen-Hatov2025-12-01_gemini	no_match	0.0			"ז) פ״א שבת בעיר סאמביר והי׳ שם
					אברך עילוי (הוא הג׳ ר׳ איצקיל
					אבד״ק סאמביר הנקרא ר""א חריף אביו
					של הג׳ בעל שו״ת זרע יצחק) ודרכו של
					הג׳ ר״ש הי' בכל סעודה ג׳ שהי׳ שואל
					מי שיש לו פ"				
שמואל הכהן	2	Shemen-Hatov2025-12-01_gemini	phonetic	0.375	Tsadik_017.003		"טו) כתב ש""ב הג״מ שמואל הכהן שי'
					אבד״ק שיטאווא בעהמח״ס
					מנחת שבת וז״ל בימי עלומי ששמעתי מאיש
					זקן א׳ שסיפר בשם הרה״ק ר׳ אברהם
					יהושע העשיל ז""ל מאפטא שאמר על
					הרה״ק הרר״ש מנ״ש שהי׳ "				
שמואל פרץ	2	Shemen-Hatov2025-12-01_gemini	phonetic	0.429	Tsadik_017.003		"יח) כתב אבי מורי הגאון שי׳ בהקדמתו
					לס׳ שירת ישראל אשר דו״ז
					הגה״ק מ׳ ארי׳ ליבש פרץ מלוברטוב הי'
					העוזר להגה״ק בעל קדושת לוי להתחבר
					עצמו לזקיני הגה""ק הרר״ש שהי' אז
					אבד״ק רוטשעווא"				
שמעון דייטש	2	Shemen-Hatov2025-12-01_gemini	phonetic	0.357	tempH-2		"כ) הרה״ק מ׳ שמעון דייטש הי׳ בק'
					גריידינג סמוך לברלין
					והרר״ש נסע אליו ולקחו אתו בישיבתו.
					עד שבשיר היחוד לכל נדרי שאמר ר'
					שמעון דייטש לפני הקהל בניקלשפורג. א׳
					שהמלאכים מרקדים מה"				
מאירל מטיקטין	2	Shemen-Hatov2025-12-01_gemini	no_match	0.0			"כג) סיפר הה״ק מראזווידוב מקדושת
					הגה״ק ר׳ אייזקל האבד״ק
					קאליב. תלמיד הרר״ש. והוא הי' לו
					יסורים. כנים תחת העור. והי׳ לבוש
					הכתונת והט״ק. וסודר שעליו ומצנפת הי'
					מנייר. ותפילותיו ה"	H-LOC_71			
צבי יחזקאל	2	Shemen-Hatov2025-12-01_gemini	phonetic	0.5	tempH-73		"כה) שמעתי אבי מורי הגאון החסיד כו'
					צבי יחזקאל שי׳ אבד״ק
					פלונסק בשם זקנים נאמנים כי הרבי
					מלובלין היה בן הרב ר׳ אליעזר אבד״ק
					יוזעפאף שהי׳ צדיק גדול ובכל לילה אחר
					טבילת מקוה הלך "				
משולם זלמן אשכנזי	2	Shemen-Hatov2025-12-01_gemini	no_match	0.0			"הרדיפות. שהי׳ לזקיני הרר״ש בעירו נאלץ
					לעזוב את רוטשעוואהל אם גם היתה שם
					רבנות גדולה. כי ר״פ ישובים עד עיר ווארשא
					הי' שייכים לעיר ראטשעוואהל בימים ההם.
					בעזבו את העיר שמררה את חייו כ"				
יעקב בן עטיל	2	Shemen-Hatov2025-12-01_gemini	no_match	0.0			"על דברי טו״ת שבאו לפנינו ב״ד המ״מ
					ה״ה יעקב בן עטיל ואשתו בינה בת
					חנה ושאלו ממנו למה נגרע הרי כמה
					שנים אנו דרים כדרך כל הארץ ואין לנו
					בנים חיים וקיימים לקיים המצוה פרו ורבו
					וכו"				
אחא	2	Shemen-Hatov2025-12-01_gemini	no_match	0.0			"על דברי טו״ת שבאו לפנינו ב״ד המ״מ
					ה״ה יעקב בן עטיל ואשתו בינה בת
					חנה ושאלו ממנו למה נגרע הרי כמה
					שנים אנו דרים כדרך כל הארץ ואין לנו
					בנים חיים וקיימים לקיים המצוה פרו ורבו
					וכו"				
חיים כ״ץ	2	Shemen-Hatov2025-12-01_gemini	no_match	0.0			"על דברי טו״ת שבאו לפנינו ב״ד המ״מ
					ה״ה יעקב בן עטיל ואשתו בינה בת
					חנה ושאלו ממנו למה נגרע הרי כמה
					שנים אנו דרים כדרך כל הארץ ואין לנו
					בנים חיים וקיימים לקיים המצוה פרו ורבו
					וכו"				
שמואל יוסף חיים	2	Shemen-Hatov2025-12-01_gemini	no_match	0.0			"לז) איך שהילד הנולד נחלה ונתנו פס""ד
					שצריך לשוב לבריאתו וזה נוסח
					הפס״ד. בא לפנינו ב״ד התורני מוה״ר
					יעקב בן עטיל אודות הילד שמואל יוסף
					חיים הנולד מאשה בינה מחמת חולשתו
					ומחמת עין"				
בינה	2	Shemen-Hatov2025-12-01_gemini	no_match	0.0			"לז) איך שהילד הנולד נחלה ונתנו פס""ד
					שצריך לשוב לבריאתו וזה נוסח
					הפס״ד. בא לפנינו ב״ד התורני מוה״ר
					יעקב בן עטיל אודות הילד שמואל יוסף
					חיים הנולד מאשה בינה מחמת חולשתו
					ומחמת עין"				
רר״א	2	Shemen-Hatov2025-12-01_gemini	no_match	0.0			"מג) פ״א באר הר״ר אלימלך לנ""ש אל
					הרר״ש. ויהי ביום ש״ק עבר
					בחוץ הרר״א ושמע א׳ לומד תורה
					בהתלהבות בדחילו ורחימו וילך אל הבית
					הזה. וראה אברך א׳ הוא הגאון החסיד
					מוהר״ר מרדכי בנעט ז"				
הש״ך	2	Shemen-Hatov2025-12-01_gemini	no_match	0.0			"מד) הגאון אמיתי רבי יעקב בעל חות
					דעת זצ""ל שהיה אבד״ק
					ליסא אשר לא רחוק מפוזנא הי׳ אוהב
					נאמן לזקיני (הגה""ק ר׳ עקיבא איגר) זצ""ל
					והרבה פעמים בא לפוזנא לבקרו ואמר
					עליו שהוא בקי גדו"				
המגיד ממעזעריטש	2	Shemen-Hatov2025-12-01_gemini	phonetic	0.444	Tsadik_002.001		"הלכנו כולנו להסאלי׳ של רבינו וישכבו
					כולם לנוח שם ומקומי היתה תמיד אצל
					התנור על ספסל אחד והיה לי שם כר
					בעלת שלשה קצוות קטנה וישנו כולם אך
					אנכי לא הייתי יכול לישן אז כי הבנתי
					תי"				
רפב״י	2	Shemen-Hatov2025-12-01_gemini	no_match	0.0			"להם זקיני הרר״ש בדרך צחות כי הא בהא
					תלי'. מה שאצליכם ההן הוא צדק. לכן
					אתם מלובשים בנקיות. כי רפב״י בש""ס
					סוטה (דף מ״ט ע״ב) חושב המעלות מדריגה
					אחר מדריגה נקיות מביאה לידי טהרה
					ו"				
"המגיד
					ממעזעריטש"	2	Shemen-Hatov2025-12-01_gemini	phonetic	0.444	Tsadik_002.001		"שם משמואל הוא הרב הגאון האמתי מופה""ד
					והדרו מוהר״ר שמואל שמעלקי הלוי הורוויץ
					זלה״ה אב״ד ור״מ דק""ק נ""ש נודע ומפורסם
					בתבל כי מלבד שהיה גאון גדול כאחד מן
					הגדולים בדורו היה גם חסיד ועלי"				
מנחם מענדלי	2	Shemen-Hatov2025-12-01_gemini	phonetic	0.636	Tsadik_012.172		"נו) הרב הגה״ק הרר״ש מנ״ש כל גדולי
					ישראל הלכו לאורו. ותלמידיו
					הקדושים האירו כל פני תבל ממזרח שמש
					עד מבואו. ובאורם נראה לנו אור.
					ומגדולי תלמידיו ה״ה. א) בנו הוא זקיני
					הגה״ק מ׳ צ"				
צבי יהושע הלוי	2	Shemen-Hatov2025-12-01_gemini	no_match	0.0			"הגה""ק ז""ל. ובשו״ת נוב""י מה״ת חאו״ח
					סי׳ ט״ו. ובצל״ח ביצה (דף ו') ובשו״ת
					עטרת חכמים חאע״ז סי׳ ט״ז מחתנו.
					ועוד נמצא ממנו בכתי״ק ארבעה חיבורים
					גדולים איזה אלפים בוגין וכ׳ בראש
					ס׳ "				
נפתלי מראפטשיץ	2	Shemen-Hatov2025-12-01_gemini	phonetic	0.364	Tsadik_055.006		"הגה""ק ז""ל. ובשו״ת נוב""י מה״ת חאו״ח
					סי׳ ט״ו. ובצל״ח ביצה (דף ו') ובשו״ת
					עטרת חכמים חאע״ז סי׳ ט״ז מחתנו.
					ועוד נמצא ממנו בכתי״ק ארבעה חיבורים
					גדולים איזה אלפים בוגין וכ׳ בראש
					ס׳ "				
צבי הירש הורוויץ	2	Shemen-Hatov2025-12-01_gemini	no_match	0.0			"המפורסם מ׳ זלמן מרגליות וכו׳ לא הניחו
					לה מתכשיטין כ״א וכו' אבל מרגליות
					גדולות ואבנים טובות הוצרכה להחזיק אף
					שלגודל יקר יחוסה וכו' הי׳ מקום לנטות
					כדעת האלפסי וכו׳ וכתבה לאביה חותני
"				
צבי הירש הלוי	2	Shemen-Hatov2025-12-01_gemini	no_match	0.0			"נח) כתב בשה״ג מ׳ פ׳ אות כ״ב וז״ל
					הרב מ׳ פנחס הלוי הורוויץ
					וכו׳ אבד״ק וויטקוב וק׳ לעכוויטץ ואח״כ
					נתקבל לאב""ד ור״מ בק' פ״פ-דמיין וכו'
					ונכדו הרה״ג מ׳ צבי הירש הלוי בעל ס׳
					לקוטי צ"				
מנ״ש	2	Shemen-Hatov2025-12-01_gemini	phonetic	0.5	Tsadik_017.003		"היה גאון ומקובל גדול. ולמד עם אחיו
					הגדול הרב מנ״ש זצ״ל. והיה ביניהם
					אהבת דוד ויהונתן כאשר הביא בשבת
					אחים. ואדוני אבי סיפר לי הרבה מרוב
					קדושתו ופרישותו שאין לשער. ובנעוריו
					היה "				
סענדיר חיים	2	Shemen-Hatov2025-12-01_gemini	no_match	0.0			"סג) עוד סיפר הר' סענדיר חיים הנ""ל
					לאבי שחותנו הגאון הגביר"				
זלמן פערילס מבראד	2	Shemen-Hatov2025-12-01_gemini	name_exact	0.85	Biblical_Solomon		"ר׳ זלמן פערילס מבראד היה מהדר לשדך
					את עצמו עם הרב גאון הגאונים מו״ה
					פנחס הורוויץ בעל הפלאה ז""ל. ואז הי'
					עדיין רב בעיר לעכוויץ. והרב לא רצה
					לשדך עמו. וסיבב השי״ת שאשתו היתה
					עסק"	H-LOC_152			
ראב״א	2	Shemen-Hatov2025-12-01_gemini	no_match	0.0			"כי בטלטול גדול העיר ינוצח השונא. ע״ד
					הרמז ויהי בנסוע הארון שהוא הת״ח קומה
					ה׳ ויפוצו אויביך. וא״כ העולה מזה שיש
					כאן מחלוקת בין מנהיגי קהלות גדולות וכו'
					וכו׳ כי דעת רשב״א וסייעתו כי "				
אפרים זלמן מרגליות	2	Shemen-Hatov2025-12-01_gemini	phonetic	0.35	tempH-48		"ע) וכתב בס׳ חוט המשולש (דף י""ג)
					כ׳ וז״ל בשנת תקס״ה יום
					ב׳ ד׳ תמוז לוקח מאתו (מהגה""ק בעל חתם
					סופר ז""ל) עמוד השני אשר מימי נעוריו
					הי' נשען עליו ולא זז ידו מתוך ידו ה״ה
					רבו הגאון"				
פנחס הלוי איש הורוויץ	2	Shemen-Hatov2025-12-01_gemini	name_exact	0.95	Tsadik_017.002		"עא) בהיותי בפפד״מ תרנ״א ראיתי על
					ציון קברו חקוק כזאת
					פ״ט ונגנז הגאון הגדול המפורסם יחיד
					בדורו רשכבה״ג החסיד ועניו ראש גולת
					אריאל נפטר ונקבר ביום ב׳ ד׳ תמוז
					תקס״ה רב פעלים מקבצ"				
אברהם ברודא	2	Shemen-Hatov2025-12-01_gemini	no_match	0.0			"עג) ובחוט המשולש דמ""א חושב את
					הקברים בבה״ח דפפד״מ.
					בשורה א׳ הגה""ק מ׳ שמואל חיים ישעי'
					אב״ד. ומ׳ אברהם ברודא. והמהרשש״ך."				
אברהם לעווענשטאם	2	Shemen-Hatov2025-12-01_gemini	no_match	0.0			"עז) כתב בספר צרור החיים מהגאון
					מו״ה אברהם לעווענשטאם
					אבד״ק עמדין בקונט׳ ונגינותי ננגן וז״ל
					ומה שהעידו על הגאון החסיד מהור״ר נתן
					אדליר ז״ל בפ״פ שהי׳ מתפלל ג״כ במבטא
					ספרדי גם אנ"				
טעבלי מליסא	2	Shemen-Hatov2025-12-01_gemini	no_match	0.0			"פד) והנה לעיל (אות נח) מובא ברמז
					ממכתב זקיני הגה״ק הפלאה
					ז״ל להגה״ק ר׳ טעבלי מליסא. ועיין מזה
					בס׳ לב העברי ד״ה. ובהשמטות שם
					בקונטרס יד עברי. וכאן אעתיק גוף
					המכתב כפי שנדפס בלה"	H-LOC_25			
יעקב יהושע הלוי	2	Shemen-Hatov2025-12-01_gemini	no_match	0.0			"פט) זקיני הגאון בעל הפלאה ז""ל נהג
					ישיבתו בכמה ומגדולי תלמידיו
					היו. א) בנו הגה""ק מ׳ צבי הירש
					אבד״ק פפדמיי״ן בעל מחנה לוי. ב) חתנו
					בן אחיו הגה״ק מ׳ צבי יהושע הלוי אבד״ק
					טרייבוטש"				
לייזריל	2	Shemen-Hatov2025-12-01_gemini	no_match	0.0			"הרבה קופצים. ובא האיש ג״כ לבית המדרש
					של המגיד הק' זצ""ל למכור החמשיםהחומשים . ובנו
					הר׳ לייזריל הי' צעיר לימים ובראותו
					שיש הרבה קונים. לקח גם הוא ספר
					אחד להראות בקודש פנימה לאביו המג"				
דניאל יפה	2	Shemen-Hatov2025-12-01_gemini	no_match	0.0			"הרבה קופצים. ובא האיש ג״כ לבית המדרש
					של המגיד הק' זצ""ל למכור החמשיםהחומשים . ובנו
					הר׳ לייזריל הי' צעיר לימים ובראותו
					שיש הרבה קונים. לקח גם הוא ספר
					אחד להראות בקודש פנימה לאביו המג"				
צבי הירש מטשארטקוב	2	Shemen-Hatov2025-12-01_gemini,Smichat-Moshe_2025-08-26	no_match	0.0			"התיבה בנוסח ספרד ונפלה עליו תרדמה
					באמצע התפלה ונרדם שם בעת עמדו
					לפני התיבה. ובא אליו בחלום זקינינו
					הק׳ הררצ״ה ואמר לו האיך יש לך כח
					לשנות את נוסחי נוסח אשכנז במקום
					הלזה אשר הי"	H-LOC_65			
יעקב לנדא	2	Shemen-Hatov2025-12-01_gemini	no_match	0.0			"חדשים. אחר אופיראציע קשה שנעשית
					בווארשא מגדולי הדוקטורים וכתב אדוני
					אבי הגאון שליט״א אל הרב הגאבד״ק
					טשארטקוב ר׳ יעקב לנדא שי׳ בבקשה
					שילך על קברו של זקיננו עם עוד אנשים
					יראי ה׳"				
"רצ""ה"	2	Shemen-Hatov2025-12-01_gemini	no_match	0.0			"צו) כתב ש""ב בעל מנחת שבת הנ""ל
					וז״ל שמעתי מאנשי אמת
					מספרים אשר הה״ק בעל קדושת לוי הי'
					פ״א בעיר פראסקרוב ואמר לאנשי העיר
					שהוא רואה אור גדול על הבית עלמין
					שבעיר הנ״ל. ושאל אותם א"				
איציקיל דער דארער	2	Shemen-Hatov2025-12-01_gemini	no_match	0.0			"טשארטקוב והי׳ אז ביום ה' מימי השבוע
					ושלח הק׳ ר׳ צבי הירשלי ז״ל את תלמידו
					הרב ר׳ איציקיל דער דארער להקביל את
					פני הבעש״ט. ובא אליו בחזרה ושיבח
					וקילס את הבעש״ט מאוד מאוד. ואז
					ציו"				
ר״ה	2	Shemen-Hatov2025-12-01_gemini	no_match	0.0			"ביד שותפו העוסק במסחרם ולא רצה
					להחזיר ליורשי המת. ובא הנפטר פעם
					אחר פעם בחלום הלילה ותבע את שותפו
					החי שיעמוד עמו לד״ת לפני ב״ד של
					מעלה. ויחרד האיש השותף החי ויקץ
					משינתו ותפעם "				
שלמה דוב	2	Shemen-Hatov2025-12-01_gemini	no_match	0.0			"נתקבל לפה הרב המאוה״ג מו״ה משה
					בהרב הגאון מו״ה שלמה דוב שהי׳ אבד״ק
					גלוגא רבתי ונתבקש ביש״מ בשנת תקס״ט
					לפ״ק. כ״ז ועתק אות באות מפנקס
					הקהל הישן דפה :"				
מאיר הלוי איש הורוויץ	2	Shemen-Hatov2025-12-01_gemini	phonetic	0.652	Tsadik_017.002		"קיח) ואלה הטורים חרותים על
					מצבתו. „מה נורא
					המקום הזה שנגנז בו מזה בן מזה מורינו
					ורבינו בוצינא קדישא שמו הקדוש עט״ר
					צבי בהגאון מוהר״ר מאיר הלוי איש הורוויץ
					נפטר יום ב׳ ט״ו חשון"				
יהושע העשיל	2	Shemen-Hatov2025-12-01_gemini	phonetic	0.6	Tsadik_043.003		"קיח) ואלה הטורים חרותים על
					מצבתו. „מה נורא
					המקום הזה שנגנז בו מזה בן מזה מורינו
					ורבינו בוצינא קדישא שמו הקדוש עט״ר
					צבי בהגאון מוהר״ר מאיר הלוי איש הורוויץ
					נפטר יום ב׳ ט״ו חשון"				
נחום הלוי	2	Shemen-Hatov2025-12-01_gemini	no_match	0.0			"קיט) ואלה הם בני זקיני הגה״ק מהר""צ
					הירש מטשארטקוב ז״ל.
					א) הג״מ נחום הלוי אבד״ק פראסקרוב
					הנ״ל אות צ״ו. ב) זקיני הגה""ק הר״ר
					שמואל שמעלקא הלוי אבד״ק רוצוואל
					(נמצאו חתימותיו בפנקס"				
נפתלי הירץ	2	Shemen-Hatov2025-12-01_gemini,Smichat-Moshe_2025-08-26	no_match	0.0			"תקנות. ונתקבל לשם אחר הגאון ר׳ אבושיל
					שהי׳ אח״כ אבד״ק פפדמיי״ן). שינאווי.
					(משם יש לו הסכמה ע״ס אוהל מועד).
					ניקלשפורג. ג) זקיני הגה״ק מ׳ פנחס
					הלוי אבד״ק פפדמיי״ן בע״ס הפלאה.
					ד)"				
"מאיר הלוי
					מטיקטין"	2	Shemen-Hatov2025-12-01_gemini	no_match	0.0			"קכ) הרב מו״ה מאיר הלוי הורוויץ וכו'
					אבד״ק באלחוב. זלאטשוב.
					טיקטין והגליל וכו׳. ובניו המה הגה""ק מ׳
					יוקל אבד״ק בראד (אבי הגה""ק מ' יצחק
					אבד״ק אה״ו). והגה״ק מ׳ צבי הירש
					אבד״ק טשאר"	H-LOC_71			
משה יוסף	2	Shemen-Hatov2025-12-01_gemini	phonetic	0.5	Biblical_Moses		"קכט) גם שמעתי מהרב מ׳ משה יוסף
					אבד״ק גאווראווי ומאנשי ק""ק
					טיקטין אשר פ״א הי׳ שם איש סוחר יודע
					בטוב מו״מ. ואשתו לא ידעה כלל בעניני
					מו״מ. ועוד הי׳ שם אשת חיל עוסקת
					במסחר אשר בעל"				
"מהר""ם"	2	Shemen-Hatov2025-12-01_gemini	no_match	0.0			"קלא) שמעתי מש""ב הג״מ יצחק ליב
					מטרעסטינא בע״ס שי
					למורא נכד זקיני הגה״ק מהר""ם ז""ל כי
					מפורסם שם כי פ״א הלך לביהכנ״ס וראתה"				
מראה כהן	2	Shemen-Hatov2025-12-01_gemini	no_match	0.0			"קלב) שמעתי מהר׳ שמואל חיים
					מטיקטין כי פ״א
					התקבצו אליו עשרה גדולי עיר ודנו להתיר
					דמו של מסור וכן קיימו. אח״ז בזמן
					מועט החלו כמה מהם למות. ותמה ע״ז
					מדוע יקטפו בלא עתם ודרש בבהכנ"				
נוב״י	2	Shemen-Hatov2025-12-01_gemini	no_match	0.0			"קלט) שמעתי מהרב ר׳ זונדיל אבד״ק
					איחאן בן הה״ק מ׳
					שלום רוקח אבד״ק בעלזא כי זקיני הגה״ק
					מהר״ם קודם פטירתו שאלוהו מי ימלא
					מקומו אחריו. וכ׳ קושיא בש״ס ותירוץ
					לקושי׳ זו ומי אשר יזכ"				
יצחק כ״ץ	2	Shemen-Hatov2025-12-01_gemini,Smichat-Moshe_2025-08-26	phonetic	0.4	Biblical_Isaac		"קנד) זקיני הגה""ק מוהר""ר מאיר הלוי
					מטיקטין היה חתן הקצין
					המפורסם מו״ה מנחם מאניס הכהן
					[הובא בהקדמת ס׳ פנים יפות] בן הרה״ג
					מ׳ ישעיה כ״ץ הדיין המצויין ב״ד רבה
					דק""ק בראד [כ״כ במגי"				
רודולפיס	2	Shemen-Hatov2025-12-01_gemini	no_match	0.0			"והנה ש""ב הגאון מ׳ יעקב שור שי׳ אבד""ק
					קוטב כ׳ וז""ל אזכיר את אשר
					כ׳ הסה״ד כי מהות הדברים אשר דיבר
					הקיסר עם המהר""ל סתומים ונעלמים
					ואני הולך רכיל ומגלה סוד אשר נדברו
					בין שניהם כאש"				
מאיר הלוי מטיקטין	2	Shemen-Hatov2025-12-01_gemini	no_match	0.0			"קנו) והנה לעיל אות קל״ז כתבתי
					אשר לעת זקנתו נשא
					זקיני הגה״ק ר׳ מאיר הלוי מטיקטין אשה
					שניה. וכ׳ ש״ב הרב המאוה״ג מ׳ אברהם
					איטנגא מדוקלא אשר שמה של אשתו השניה
					היתה הרבנית מייטל ["	H-LOC_71			
משה ק״ב	2	Shemen-Hatov2025-12-01_gemini,Smichat-Moshe_2025-08-26	phonetic	0.5	Biblical_Moses		"קנו) והנה לעיל אות קל״ז כתבתי
					אשר לעת זקנתו נשא
					זקיני הגה״ק ר׳ מאיר הלוי מטיקטין אשה
					שניה. וכ׳ ש״ב הרב המאוה״ג מ׳ אברהם
					איטנגא מדוקלא אשר שמה של אשתו השניה
					היתה הרבנית מייטל ["				
מנחם מאניס	2	Shemen-Hatov2025-12-01_gemini	no_match	0.0			"צד ק״כ]. בניו היו. א׳ הג״מ נתן נטע
					אבד״ק הארקי. ב׳ הג״מ מנחם מאניס
					אבד״ק ראסי. ג׳ הרה״ג מ׳ שאול מטיקטין.
					ועוד הובאו בניו בס׳ שבחי ירושלים.
					ומנכדיו הר׳ ישעי׳ מטיקטין ור׳ יצחק
					ל"				
חיים האלברשטאם	2	Shemen-Hatov2025-12-01_gemini,Smichat-Moshe_2025-08-26	no_match	0.0			"יא) הג״מ ישעי׳ הלוי אבד״ק פודקאמין
					הנ״ל אות קל״ז והוא זקינו
					של הגה""ק ר׳ חיים האלברשטאם הרב
					מצאנז. ויתר צאצאיו במטה לוי הע׳
					ט׳ י״א :"				
אבישיל	2	Shemen-Hatov2025-12-01_gemini	no_match	0.0			"„האשה נקנית בשלש דרכים״ רב העיר
					דומה לאשה שנוטלת מזונות. והיא מצילתו
					מידי עבירה. והוא נקנה להעיר או בכסף
					שנותן לקופת הקהל. או שמעצמם כותבים
					לו שטר רבנות. ובפה גלוגא שאינכם
					רוצ"				
שלום חייט	2	Shemen-Hatov2025-12-01_gemini	no_match	0.0			"קע) עוד ממכתב הרב מסעראצק וז""ל
					אכתוב דברי היתול המפורסים.
					בוועד ד״א התראה זקיני הג״מ יצחק הלוי
					מהורחוב עם הג״מ יעקב אבד״ק ליסקא
					(מובא בס׳ שארית נתן סי׳ ט׳ י') וראהו
					לגאון. ותד"				
משולם	2	Shemen-Hatov2025-12-01_gemini,shivheiZadikim2026-01-10	phonetic	0.375	Tsadik_020.001		"קעא) כתב בשה״ג הח׳ מ״מ אות רל״ד
					הגאון ר׳ משולם איגרא
					אבד״ק פ״ב כאשר היה בן תשע הי׳ דורש
					במקהלות ביום ש״ק בבהכ״נ הגדול בק״ק
					בראד. ובזמן ההוא ישב שם על כסא רבנות
					הג״מ יצחק הלוי "				
זישא	2	Shemen-Hatov2025-12-01_gemini,Shlosha-edrei-zon2025-11-28_corrected	name_exact	0.95	Tsadik_020.001		"וכאשר בא לק״ק ליסקא הלך להרב שבעיר
					כדרך כל הבחורים של ישיבה. ויהי כאשר
					הסתכל בפניו נשא חן בעיניו וביקש אותו
					על שבת על שולחנו ואכל אצלו בצוותא
					חדא. ואח״כ פטרו לשלום באהבה ובחיבה.
		"				
פרידריך	2	Shemen-Hatov2025-12-01_gemini	no_match	0.0			"ע״ד הסיפור אשר יסופר מהמלך
					האדיר פרידריך הגדול. הוא וחיל גדול
					צרו על העיר דאנציג ללכדנה. הדרכים
					אשר ע״י הובא לחם בר ומזון לאנשי העיר
					סגרו על מסגר. לענותם ברעב. למען
					אשר תרפינה"				
מייזילס	2	Shemen-Hatov2025-12-01_gemini	no_match	0.0			"וכתב בס׳ בית רבי (דף ב׳) אשר
					הגה״ק מ׳ שניאור זלמן מלאדי
					בעל השו״ע הרב הי' תלמיד זקיני הגה״ק
					בעל הפלאה ושימש אותו באותו פרק עצמו
					שהי׳ תלמיד הר״ר דובער ז״ל. ושם (דף
					ל״ו) מובא מכ"				
שניאור זלמן	2	Shemen-Hatov2025-12-01_gemini,Sipurei-Zadikim2025-06-22_corrected	name_exact	0.95	Tsadik_027.001		"בשבתו ובטחתי באהבתו תכסה ועמו הסליחה
					על אשר העתרתי דברי להודיע את כל
					התלאה אשר מצאתני מאנשי ריבנו דווילנא
					וכו׳ וכי׳וכו' לזאת הביאוני בחזקת היד לעיר
					מלוכה פ״ב לחצר המטרה וה׳ הי' עם
"				
"ישראל בעש""ט"	2	Shivei-Habesht2024-12-15_corrected	name_exact	0.95	Tsadik_001.001		"ראשית דבר שמעתי מפי חותני זללה""ה ה""ה מ׳ אלכסנדר שוחט שהי׳ אצל הרב החסיד הקדוש רבן של בני הגולה מורינו
                    ורבינו מ׳ ישראל בעש""ט ממעזיבוז
                    שהי' אצלו סופר ח׳ שנים
    "				
לאדי	2	Shivhei-Harav2024-10-29	fuzzy	0.667	Tsadik_027.001		"והמה קצות דרכי ושבחי רבינו הקדוש הגאון
               הישיש האלקי ר׳ שניאור זלמן
                  מלאדי זצוק""ל בעהמ״ח
               ספר התניא והשו״ע : אפס קצהו תראה מהקורות
               אתו במאסר "				
"אבגדור
                     אבנדור"	2	Shivhei-Harav2024-10-29,Shivhei-Harav2024-10-29_corrected	no_match	0.0			"איש הי' בארץ רוסי׳ הלבינה בעיר לאזנע
               ושמו ר' ברוך ויוליד האיש לעת זקנתו שני בנים ויקרא שם האחד
                  שניאור זלמן ושם השני קרא
                  יהודא ליב וכאשר גדלו הנערים ר"				
הקיסר פאויל	2	Shivhei-Harav2024-10-29	no_match	0.0			"אביגדור הנ""ל נסע לווילנא
               להחם לבב העם בהראותו המכתב אשר כתב הרב הק׳ על הגאון (אשר לא רצה לקבל דבריהם ולא
               להסתכל בהם מחמת המלשינות שהי' עוד בימי הה״מ הגדול וע״כ האמין
    "				
הקייזר	2	Shivhei-Harav2024-10-29	no_match	0.0			"עתה נחזור לספר את אשר קרה עם רבי ליב יאנוויטשער אשר נסע בפקודת
               הרב לווילנא : האיש הזה בנסעו
                  מפ""ב נפל בדעתו לשנות הקשר של תפילין שלו שהיה עפ""י דעת הרב
               וה"				
"הרב
                  המגיד"	2	Shivhei-Harav2024-10-29	no_match	0.0			"ויהי כי ארכו לו שם הימים ואחז בסנסני החכמה ועלה בשלבי הסולם המוצב ארצה וראשו מגיע
               השמימה עד למעל לא החזיק טובה לעצמו אף אחרי אשר הכירו החבירים הקדושים את רוב חכמתו
               ונתבהל"				
מהרד״ב	2	Shivhei-Harav2024-10-29,Shivhei-Harav2024-10-29_corrected	no_match	0.0			"ויהי בשנת תקע""א בעת אשר היה מלחמת
               הצרפתים עם הרוסים התפלל רבינו בשלום המלכות כי לא אבה שיכנסו הצרפתים לרוסיא כי אמר אם יהיה מדינת
                  רוסיא תחת ממשלתו הצפרתים תתרבה האפיקו"				
הר״רא	2	Shivhei-Harav2024-10-29,Shivhei-Harav2024-10-29_corrected	phonetic	0.667	Tsadik_046.001		"ויהי בשנת תקע""א בעת אשר היה מלחמת
               הצרפתים עם הרוסים התפלל רבינו בשלום המלכות כי לא אבה שיכנסו הצרפתים לרוסיא כי אמר אם יהיה מדינת
                  רוסיא תחת ממשלתו הצפרתים תתרבה האפיקו"				
אהרן בר׳ משה הלוי הורוויץ	2	Shivhei-Harav2024-10-29,Shivhei-Harav2024-10-29_corrected	no_match	0.0			"ויהי אחרי פטירת רבינו הקדוש מלאו מקומו הני תרי צנתרי דדהבא ה""ה הרב הקדוש האלקי מוה׳
                  אהרן בר׳ משה הלוי הורוויץ נצר מגזע הרב הק׳ ר׳ ישעיה
                  בעהמ""ח ספר השל""ה הקדוש והשני"				
פרידקע	2	Shivhei-Harav2024-10-29,Shivhei-Harav2024-10-29_corrected	no_match	0.0			"ויהי אחרי פטירת רבינו הקדוש מלאו מקומו הני תרי צנתרי דדהבא ה""ה הרב הקדוש האלקי מוה׳
                  אהרן בר׳ משה הלוי הורוויץ נצר מגזע הרב הק׳ ר׳ ישעיה
                  בעהמ""ח ספר השל""ה הקדוש והשני"				
אברהם שינעס	2	Shivhei-Harav2024-10-29,Shivhei-Harav2024-10-29_corrected	no_match	0.0			"ויהי אחרי פטירת רבינו הקדוש מלאו מקומו הני תרי צנתרי דדהבא ה""ה הרב הקדוש האלקי מוה׳
                  אהרן בר׳ משה הלוי הורוויץ נצר מגזע הרב הק׳ ר׳ ישעיה
                  בעהמ""ח ספר השל""ה הקדוש והשני"				
מנחם מגלי סופר	2	Shlosha-edrei-zon2025-11-28	no_match	0.0			"מודעה שחיברו ה""ה מוח""ז הרבני המופלא צדיק תמים עובד
				ה׳ כל הימים ונתגדל בין החכמים ושימש צדיקים
				רבים למד ולימד יראת שמים כ״ש מוה׳ מנחם מגלי סופר ז""ל
				והתאמץ חתנו הרבני מוה׳ משה שו״ב להדפיסו ו"				
"משה יעקב זצ""ל"	2	Shlosha-edrei-zon2025-11-28,Shlosha-edrei-zon2025-11-28_corrected	phonetic	0.5	Biblical_Moses		"מעשה נפלאה חדשה מובאת בעז""ה עתה אתחיל לספר ראשית
					התקרבותי אל הצדיקים ההם כי כאשר גמרתי הלימוד
					מלאכת סת״מ בק' בריגיל נחני ה׳ דרך עיר יענדרחויף וכתבתי
					שמה כמה ס""ת ושם נתקשרתי בעבותות התנא"				
אברהם יהושע העשל	2	Shlosha-edrei-zon2025-11-28,Shlosha-edrei-zon2025-11-28_corrected	phonetic	0.812	Tsadik_043.003		"אשר מוכרח הש""י לשבח את הצדיק. הבחינה הזאת משברת
					החומות וכאשר סיים הדברים הפך א״ע וראה אותי עומד אצל
					הדלת אז רץ במהירות גדול אלי ואומר שלום עליכם אתה שלי
					הוא אני קניתי אותך. ושאלתי אותו "				
מתתיהו	2	Shlosha-edrei-zon2025-11-28,Shlosha-edrei-zon2025-11-28_corrected	no_match	0.0			"אשר מוכרח הש""י לשבח את הצדיק. הבחינה הזאת משברת
					החומות וכאשר סיים הדברים הפך א״ע וראה אותי עומד אצל
					הדלת אז רץ במהירות גדול אלי ואומר שלום עליכם אתה שלי
					הוא אני קניתי אותך. ושאלתי אותו "				
שמו ר׳	2	Shlosha-edrei-zon2025-11-28,Shlosha-edrei-zon2025-11-28_corrected	no_match	0.0			"עתה אספר פלא א' אשר ראיתי אז ממנו. וזאת כי
					ביענדרחוף היה שם מלמד א׳ ושמו ר׳ וואלף אשר למד
					עם בחורי חמד גמ׳ תוס׳ והיה לו ששה בנות אך בן אין לו.
					והרופאים אמרו לו באשר לא ילמוד עם תלמידים "				
חמד	2	Shlosha-edrei-zon2025-11-28,Shlosha-edrei-zon2025-11-28_corrected	no_match	0.0			"עתה אספר פלא א' אשר ראיתי אז ממנו. וזאת כי
					ביענדרחוף היה שם מלמד א׳ ושמו ר׳ וואלף אשר למד
					עם בחורי חמד גמ׳ תוס׳ והיה לו ששה בנות אך בן אין לו.
					והרופאים אמרו לו באשר לא ילמוד עם תלמידים "				
שענקיר	2	Shlosha-edrei-zon2025-11-28,Shlosha-edrei-zon2025-11-28_corrected	no_match	0.0			"עתה אספר פלא א' אשר ראיתי אז ממנו. וזאת כי
					ביענדרחוף היה שם מלמד א׳ ושמו ר׳ וואלף אשר למד
					עם בחורי חמד גמ׳ תוס׳ והיה לו ששה בנות אך בן אין לו.
					והרופאים אמרו לו באשר לא ילמוד עם תלמידים "				
איתק	2	Shlosha-edrei-zon2025-11-28,Shlosha-edrei-zon2025-11-28_corrected	no_match	0.0			"ואז כשהי' הרב ביענדרחוף היו שם ב׳ אחים א' הי' ראש הקהל ושמו
					ר׳ אייזק אונגר ואחיו שמו ר' משה. ור' משה היה אז כבן ששים
					וביום א׳ בא ר' משה ג""כ אל הרב בתוך הבאים והרב היה מדבר
					ד״ת וי״ש כדרכ"				
אייזיקיל	2	Shlosha-edrei-zon2025-11-28,Shlosha-edrei-zon2025-11-28_corrected	no_match	0.0			"כאשר עשה התקשרות בתנאים עם אשתו אשר הותנה עמו בפירוש
					שלא יעסוק עוד בשחיטות וכן עשה ומאז לא עסק עוד בשו""ב
					עד הנה וזה המעשה כבר עברו מ׳ שנה והרגיש הרב עתה כי היה
					הורג נפשות וזה אמת כי הוא"				
אייזיקל	2	Shlosha-edrei-zon2025-11-28,Shlosha-edrei-zon2025-11-28_corrected	no_match	0.0			"כאשר עשה התקשרות בתנאים עם אשתו אשר הותנה עמו בפירוש
					שלא יעסוק עוד בשחיטות וכן עשה ומאז לא עסק עוד בשו""ב
					עד הנה וזה המעשה כבר עברו מ׳ שנה והרגיש הרב עתה כי היה
					הורג נפשות וזה אמת כי הוא"				
מ' בעריש	2	Shlosha-edrei-zon2025-11-28	no_match	0.0			"עוד סיפר לנו אדומ״ו הרב הק' מ' בעריש כי פ""א בשעת לימוד
					חריפות באו ב׳ אנשים בקרון ועל העגלה הביאו בת
					משוגעת מפרייסין ועמדו עם העגלה לפני בית הרב והיא שכבה
					בקרון קשורה בחבלים ובקשו ממנו ש"				
"אב""י"	2	Shlosha-edrei-zon2025-11-28,Shlosha-edrei-zon2025-11-28_corrected	no_match	0.0			"הנה אספר לאב""י אשר סיפר לי הרב הגאון מהר""ש מקרשאנוב
					בעת אשר בא ליענדרחוף וכך אמר כאשר נשאתי אשה
					והבטיחו לי מזונות ב׳ שנים וכעברה שנה גמרתי בלבי שלא לקבל
					עלי עול רבנות אך ללמוד איזה מלאכ"				
מו	2	Shlosha-edrei-zon2025-11-28,Sipurim-Nehmadim20251129	no_match	0.0			"אחר ד׳ שבועות בא זקן א' חסיד לאושפצין על שבת אל ר'
					בעריש ושאל אותי האם הגידו למו״ר אשר רבו נפטר
					והשבתי לו מי הוא הפתי להגיד לי זה ואמר שצריך לומר לו כי
					יכול חלילה לבא לידי סכנה והתחלתי "				
מע	2	Shlosha-edrei-zon2025-11-28	no_match	0.0			"ובשנה ב' או ג׳ אינני זוכר בבירור. בין כסא לעשור אמר
					לי אחר תפילת ערבית כשהאנשים כלם ילכו להם
					לאחר הלימוד כדרכם שאשאר פה כי יש לו לדבר עמי דבר סתר
					וכן עשיתי ואחר שהלכו כלם ישב אתי ואמר ב"				
אייזק אייזק	2	Shlosha-edrei-zon2025-11-28,Shlosha-edrei-zon2025-11-28_corrected	name_exact	0.85	Biblical_Isaac		"אחר זה שכר ר׳ אייזק מהגבערנער בלבוב כל הברזל אשר
					עושים בסיפשין בארץ הגר כי שם עשה הקיסר
					הוטין לצקת הברזל ור׳ אייזק שכר את כל הברזל שלא ימכרו
					הברזל לשום אדם רק לו והיו ערלים מקנאים מאד ע"				
מיכל ביראווער	2	Shlosha-edrei-zon2025-11-28,Shlosha-edrei-zon2025-11-28_corrected	no_match	0.0			"עומדים יחד ונגיד א' מגלייוויץ שמו ר' מיכל ביראווער ור' מיכל
					בכה מאוד לפניהם ונכמרו רחמיו של הקצב הנ""ל על בכייתו כי
					הכיר אותו לנגיד גדול ורצה לידע מה זאת ורמז לו בידיו שילך
					עמו לצד אחר ו"				
מיכל ביראווער מגלייוויטץ	2	Shlosha-edrei-zon2025-11-28,Shlosha-edrei-zon2025-11-28_corrected	no_match	0.0			"עומדים יחד ונגיד א' מגלייוויץ שמו ר' מיכל ביראווער ור' מיכל
					בכה מאוד לפניהם ונכמרו רחמיו של הקצב הנ""ל על בכייתו כי
					הכיר אותו לנגיד גדול ורצה לידע מה זאת ורמז לו בידיו שילך
					עמו לצד אחר ו"	H-LOC_432			
"מהר""א"	2	Shlosha-edrei-zon2025-11-28,Shlosha-edrei-zon2025-11-28_corrected	no_match	0.0			"הנה אתחיל לספר התקרבות שנעשה בין הרב ר' בעריש ובין
					הרב הגאון הק׳ מהר""א מווישניצא ועתה אחי עשה אזנך"				
צבי הירש קאטלברג	2	Shlosha-edrei-zon2025-11-28,Shlosha-edrei-zon2025-11-28_corrected	no_match	0.0			"כאפרכס ותשמע פלאי פלאים איך הצדיקים האמתיים אשר הם
					משלשלת הבעש״ט יודעים הכל מן השמים כי מגלים להם כמ״ש
					בזוהר הק' פ' שמות דף ז' ובשמים אין טעות כלל ולא ספק
					לערך ב׳ או ג׳ שנים אחר נשואין "				
יוסל סדגר	2	Shlosha-edrei-zon2025-11-28,Shlosha-edrei-zon2025-11-28_corrected	name_exact	0.85	Biblical_Joseph		"ואחר עברו איזה חדשים נשמע כי בא רב לווישניצא והלכתי
					אל הרב מו""ר לאמר לו והשיב לי ידעתי. ושאלתיו
					האם הוא זה אשר מורי הגיד לי ממנו כ״פ אשר יהי' לי תשוע׳
					ע״י ואמר הן ואבקשהו למען יצוה לחסי"				
מנחם בן גיטל	2	Shlosha-edrei-zon2025-11-28,Shlosha-edrei-zon2025-11-28_corrected	no_match	0.0			"שאר בג""ה ונסענו לשלום. בע״ש אחר חצות באנו אליו וכאשר
					ראה אותנו הרב קיבל אותנו בספ״י והראה לנו פנים שוחקות
					וקרא להגבאי ר׳ הירשלי ואמר לו שיכין לנו אכסניא קרוב לביתו
					כי כתיב בתורה י""ג פעמ"				
יעקעלי מזאטיר	2	Shlosha-edrei-zon2025-11-28,Shlosha-edrei-zon2025-11-28_corrected	no_match	0.0			"איני יודע על מה לכל הפחות אברך אותם ויברך ארבעתם ואחר
					השבת נפטרנו מאתו אמר אלי אשתו צריכה להיות בבריאות ולהיות
					לה בנים ויתן לה עשב הנקרא בעליצא וניכר טבעו בין הנכרים
					ובליל טבילה תשתו שנ"				
יוסל סאדגר	2	Shlosha-edrei-zon2025-11-28,Shlosha-edrei-zon2025-11-28_corrected	name_exact	0.85	Biblical_Joseph		"איני יודע על מה לכל הפחות אברך אותם ויברך ארבעתם ואחר
					השבת נפטרנו מאתו אמר אלי אשתו צריכה להיות בבריאות ולהיות
					לה בנים ויתן לה עשב הנקרא בעליצא וניכר טבעו בין הנכרים
					ובליל טבילה תשתו שנ"				
"הור""א"	2	Shlosha-edrei-zon2025-11-28,Shlosha-edrei-zon2025-11-28_corrected	no_match	0.0			"ורבי' הלך לפנינו ויהי כבואו אל הדלת נפל עליו פחד גדול
					ונשתנה צורתו ולא היה יכול לפתוח הדלת כי היה מרתת. אז
					שלחתי ידי ופתחתי חצי הדלת ותיכף רץ הרב לקראתו ולקח את
					רבי' בידו ואמר בזה""ל כי "				
׳ בעריש	2	Shlosha-edrei-zon2025-11-28	no_match	0.0			"ורבי' הלך לפנינו ויהי כבואו אל הדלת נפל עליו פחד גדול
					ונשתנה צורתו ולא היה יכול לפתוח הדלת כי היה מרתת. אז
					שלחתי ידי ופתחתי חצי הדלת ותיכף רץ הרב לקראתו ולקח את
					רבי' בידו ואמר בזה""ל כי "				
דודל	2	Shlosha-edrei-zon2025-11-28,Shlosha-edrei-zon2025-11-28_corrected	no_match	0.0			"ידענו כי יש להרב פלוגתא במקומו והוא הרגיש תיכף ושאל
					אותנו אם נדע את ר׳ אביש והוא היה הבעל פלוגתא בהסתר
					איך נדע דירתו ואמר כי ידענו ואמר בואו עמי אליו ובבאו
					ברכו גוט אבנד ובדיחא דעתי' ות"				
משה לעליווער	2	Shlosha-edrei-zon2025-11-28,Shlosha-edrei-zon2025-11-28_corrected	phonetic	0.5	Biblical_Moses		"אח״ז בא הצדיק ר' משה לעליווער בנו דהרב ר׳ דוד וחתן
					מהר""י יצחק מפשיסחע הנק׳ יוד הק' וסיפרתי לו המעש׳
					הזאת ואמר אני מכיר אותו היטיב כי יש לו כל המדריגות אשר
					הי' להרב הק' מ׳ יעקב יצחק מלוב"				
מיכלי זלאטשבר	2	Shlosha-edrei-zon2025-11-28,Shlosha-edrei-zon2025-11-28_corrected	no_match	0.0			"בקיץ השני נסענו ג״כ עם ר' בעריש לווישניצא וכאשר באנו
					אל ביתו אמר הרב מה זה ועל מה זה מע""כ הטריח
					א""ע לנסוע אלי בשלמא פעם הא׳ התפללתי אל ד' שיתן לו כח
					שיבא אלי יען כי אין בי כח לנסוע על ה"				
יצחק דראביטשר	2	Shlosha-edrei-zon2025-11-28,Shlosha-edrei-zon2025-11-28_corrected	no_match	0.0			"בקיץ השני נסענו ג״כ עם ר' בעריש לווישניצא וכאשר באנו
					אל ביתו אמר הרב מה זה ועל מה זה מע""כ הטריח
					א""ע לנסוע אלי בשלמא פעם הא׳ התפללתי אל ד' שיתן לו כח
					שיבא אלי יען כי אין בי כח לנסוע על ה"				
משה ליב סאסבר	2	Shlosha-edrei-zon2025-11-28,Shlosha-edrei-zon2025-11-28_corrected	phonetic	0.455	Tsadik_037.001		"אחי עתה אגלה את כל לבי כמה גדלה התקשרות עבותות
					האהבה בין הני תרי גברי רבא בחייהם ובמותם לא נפרדו .
					הן הרב מווישניצא לא הלך מדלתי ביתו החוצה רק יושב אהל
					באהלו ש""ת נדבה רוחו אותו לעלות לא"				
משה שוחט	2	Shlosha-edrei-zon2025-11-28,Shlosha-edrei-zon2025-11-28_corrected	phonetic	0.5	Biblical_Moses		"לפעלא טבא יישי חילו לחתני הרב מוה' משה שוחט כו' אסר א
					טרח ויגע להוציא אל הפועל כתיבת ידי מזה המחברת מה רב
					טובו שהעתיקו כלו בלשון צח ונקי ובקיצור מה דאפשר בזכות
					זה יבנה גם הוא ממנו ויזכה"				
"מהר""ש מקרשאנוב"	2	Shlosha-edrei-zon2025-11-28_corrected	no_match	0.0			"הנה אספר לאב""י אשר סיפר לי הרב הגאון מהר""ש מקרשאנוב
					בעת אשר בא ליענדרחוף וכך אמר כאשר נשאתי אשה
					והבטיחו לי מזונות ב׳ שנים וכעברה שנה גמרתי בלבי שלא לקבל
					עלי עול רבנות אך ללמוד איזה מלאכ"	H-LOC_36			
ווילטשיק	2	Shlosha-edrei-zon2025-11-28_corrected	no_match	0.0			"אחר זה שכר ר׳ אייזק מהגבערנער בלבוב כל הברזל אשר
					עושים בסיפשין בארץ הגר כי שם עשה הקיסר
					הוטין לצקת הברזל ור׳ אייזק שכר את כל הברזל שלא ימכרו
					הברזל לשום אדם רק לו והיו ערלים מקנאים מאד ע"				
"מהרי""א"	2	Sipurei-Kdoshim-2025-11-28,Sipurei-Kdoshim-2025-11-28_corrected	no_match	0.0			"מעשה מהרי""א הקדוש"				
הריה״ק	2	Sipurei-Kdoshim-2025-11-28	no_match	0.0			"ותבוא לאחיה עם בנה ותפול לפני רגליו ותבך ותתחנן לו. בבכיה ובצועקה עד
					למאד : והרעישה עולמות עדי כי כל השומע קול בכיתה. גם אם לב אבן היו נימוח.
					והי' בוכה עמה : ואחיה הרב לא יכול לעמוד ברוחו וכ"				
משה פשעווסקער	2	Sipurei-Kdoshim-2025-11-28,Sipurei-Kdoshim-2025-11-28_corrected	phonetic	0.5	Biblical_Moses		"גם הרב ר' משה פשעווסקער בא לשם והי׳ לפלא מאוד בעיניו
					אנשי כי חוש מהר העיר הרב להביא מורך בלב הארבעה אשר לבם לב אבן ובקשו את
					הרב ר' משה כי יעשה שלום בניהם ובין הרב ר׳
						זוסיא
					ויקרבם "				
"שלמה
					אפרים"	2	Sipurei-Kdoshim-2025-11-28	phonetic	0.375	Tsadik_001.010		"ויהיו הר׳ אהרן וביתו בהבור ההיא ויהי אחר מלאת ששה
					חדשים להיותם בבור המליטה אשת הר׳ אהרן בן בבור אשר לא
					היה כיופיו למקצה הארץ ועד קצהו וממש היה להם כנר מאיר את חשכת הבור ויקרא ר׳
						אהרן
	"				
"ש""א"	2	Sipurei-Kdoshim-2025-11-28,Sipurei-Kdoshim-2025-11-28_corrected	no_match	0.0			"בפתע פתאום נחלה הבחור כמר שלמה אפרים בנגעים גדולים
					ואנושה היתה מכתו מאנה הרפא והרופאים אמרו כי ארבעים יום רצופים ילך
					לשאוב רוח צח לעת ערב בהגן אשר היה בתוך העיר ואז ושב ורפא לו ויהי מדי יום
"				
אפרים ייטשינוק	2	Sipurei-Kdoshim-2025-11-28,Sipurei-Kdoshim-2025-11-28_corrected	no_match	0.0			"ויהי היום באשר התיעצו האנשים עם בעל האכסניא על אודות ר'
						אפרים עוללות ויאמר להם הלא אמרתי לכם כי אינו בכאן
					וישמע המשרת אשר הי' דרכו לעשות מדי שנה בשנה קאנטראקט על ביצים עם ר'
						אפרים ייט"				
אפרים ייטישניק	2	Sipurei-Kdoshim-2025-11-28,Sipurei-Kdoshim-2025-11-28_corrected	no_match	0.0			"ויקצוף עליו בעל האכסניא ויאמר לו למה תהתל באנשים נכבדים כאלה מטרת חפצך
						אפרים ייטישניק יהיה רב בעיר פראג
					ויכהו אחת על הלחי וידום: האנשים הבינו כי לא דבר רק דיבר המשרת ויהי ממחרת
					דרשו פנ"				
משה אוסטרער	2	Sipurei-Kdoshim-2025-11-28,Sipurei-Kdoshim-2025-11-28_corrected	phonetic	0.5	Biblical_Moses		"חובקת בן אולם אמר לו אשר על הברית מילה ישלח לקרוא אחריו והוא ישב על
					כסא אליהו בהמול הילד ועוד טרם נסע הרב מלויצק
						להבעש״ט היה אצל הגאונים ר׳ חיים
						סאנזער ור' משה אוסטרער (והם מתנגדים
		"				
אליה	2	Sipurei-Kdoshim-2025-11-28,Sipurei-Kdoshim-2025-11-28_corrected	fuzzy	0.667	Biblical_Elijah		יעזרינו ה׳ שיקוים בנו הכ' הנה אנכי שולח לכם את אליה וכו'				
"אדם בע""ש"	2	Sipurei-Kdoshim-2025-11-28,Sipurei-Kdoshim-2025-11-28_corrected	no_match	0.0			"מעשה שהי׳ כך הי' הר' אדם בע""ש ראה ברוח קדשו כי במקום
					פלום אלמוני על יומא דשיקא יהרג יהודי אחד ע""י קנה רובה בחנם על לא חמס
					בכפו וייצר לו מאד וירד בעצמו לראות להציל היהודי מיד מכתו וילך ויסע ה"				
בעל מגלה עמוקות	2	Sipurei-Kdoshim-2025-11-28	no_match	0.0			"הרב הקדוש בעל מגלה עמוקות קיבל על עצמו לילך בגלות
					לבש כלי גולה ושם לדרך פעמיו ונדד ממקום למקום 
									עם אחת בא ליער אחד כאשר היה במרחקים כי תעה מדרכו ויפגעו בו חבורת גנבים
					ושודדי לילה אש"				
"יחזקאל
						מפראג"	2	Sipurei-Kdoshim-2025-11-28,Sipurei-Kdoshim-2025-11-28_corrected	no_match	0.0			"מעשה נוראה מהרב הגאון ר׳ יחזקאל
						מפראג בעל נודע ביהודא."	H-LOC_142			
אדם בעש״ט	2	Sipurei-Kdoshim-2025-11-28_corrected,maase-zadikim2025-06-22	phonetic	0.667	Tsadik_001.001		"מעשה מהרב הקדוש ר' אדם בעש״ט נבג""מ והוא היה קודם הרב
					הקדוש ר' של בעש״ט"				
ישראל פאלעצקער	2	Sipurei-Zadikim2025-06-22	phonetic	0.833	Tsadik_012.168		"והמה ספורי נוראות ונפלאות משלשה עמודי
     עולם הצדיקים הגדולים בוציני דנהורא מופתי
     הדור והדרו המה הרב הקדוש רבי ליב שרהס
     והרב הקדוש רבי ישראל פאלעצקער והר״ר
     עזריאל בע""ג זצוק""ל לחיי עד "				
הסבא מספאלע	2	Sipurei-Zadikim2025-06-22,Sipurei-Zadikim2025-06-22_corrected	phonetic	0.8	Tsadik_012.154		"אמר הכותב חזו מפעלות אלקים אשר שם שמות בארץ כתר
        שם טוב עולה על גביהן, והאציל מרוחו על יריאיו למשול
        בהנהגת סדרי הטבע כרצונם. איש איש כפי כחו וגבורתו בחכמת
        התורה וביראת ה'. כל עי"	H-LOC_61			
שמעון בן יוחאי	2	SipureiAnsheiShem2025-12-01_gemini	phonetic	0.7	Biblical_ShimonBarYochai		"מעשה שהי׳ בלבוב ע""ד הדלקת הרבה נרות בל״ג בעומר
					לכבוד התנא ר׳ שמעון בן יוחאי."				
ישעיה פיק	2	SipureiAnsheiShem2025-12-01_gemini	no_match	0.0			"מהגאון עולם הבקי בש""ס ר׳ ישעיה פיק בעל הגהות על ש""ס"				
ישראל בעל שם טוב	2	SipureiAnsheiShem2025-12-01_gemini	name_exact	0.95	Tsadik_001.001		"מעשה גדולה ונוראה של הרב אור העולם רבן של ישראל
					הוא רבי ישראל בעל שם טוב."				
לוי יצחק מבארדיטשוב	2	SipureiAnsheiShem2025-12-01_gemini	name_exact	0.95	Tsadik_023.001		"מהגאון הנורא עמוד העולם ר׳ לוי יצחק מבארדיטשוב בעל
					קדושת לוי."	H-LOC_134			
פייבוש	2	SipureiAnsheiShem2025-12-01_gemini	no_match	0.0			"מעשה מהחסיד המקובל הקדוש מו""ה פייבוש מבית דינו של עיר
					פראג."				
יצחק מנעסחיש	2	Sipurim-Nehmadim20251129,Sipurim-Nehmadim20251129_corrected	no_match	0.0			"ב״ה מעשיות ומאמרים יקרים מהבעש״ט זצוק""ל
					כתב בס׳ רמתים צופים ששמע מהרה״ק ר' יצחק מנעסחיש
					זצוק""ל ששמע מחותנו זקנו הרה״ק ר׳ לוי יצחק
					מברדיטשוב זצוק""ל שסיפר מעשה מהבעש״ט כי בעת שהיה
					הב"				
חיים מקראסנע	2	Sipurim-Nehmadim20251129,Sipurim-Nehmadim20251129_corrected	no_match	0.0			"הרה״ק ר׳ חיים מקראסנע זצוק""ל היה שם אשתו חיה
					ובאיזה פעם בהיותו אצל הבעש״ט בבואו לקבל
					ממנו ברכת הפרידה בקש מהבעש״ט כי גם בנסעו ממנו ישא
					אותו על זכרונו הקדוש וכן יזכור גם לאשתו הצדקת ואמר"				
דוד ממקאלייעוו	2	Sipurim-Nehmadim20251129,Sipurim-Nehmadim20251129_corrected	phonetic	0.5	Biblical_David		"והרה״ק ר׳ דוד ממקאלייעוו היה דרכו להתפלל לפני התיבה
					בכל מקום בואו וגם שם נהג כן ויעמוד לפני העמוד להתפלל
					ולא נטל רשות משום אדם וגם אמר מזמור ק״ז הודו ופתח
					אליהו וידיד נפש כמו שקיבל מרבו"				
דוד ממקאלייעב	2	Sipurim-Nehmadim20251129,Sipurim-Nehmadim20251129_corrected	phonetic	0.5	Biblical_David		"הרב שילינו אצלו ולכל הפחות לסעוד עמו סעודת מלוה מלכה
					ויאמרו לו כי יבאו אי""ה לסעודת מלוה מלכה של רבם הבעש""ט
					והנה הרב הנ""ל נתפעל מאד כל השבת ממה שראה מהם וממה
					ששמע מהם וגם הם תארו לפניו ו"				
אייזיק מקאמרנא	2	Sipurim-Nehmadim20251129,Sipurim-Nehmadim20251129_corrected	name_exact	0.85	Biblical_Isaac		"וכעין מעשה זה הובא בס׳ נוצר חסד על פ""א מהרב הצדיק
					ר׳ אייזיק מקאמרנא זצ״ל פרק ד׳ משנה כ״א וז״ל
					בימי מרן הריב״ש זצוק""ל (הוא הבעש״ט) יצא איש גדול מן
					הכלל ר""ל וכפר באלהים חיים על קנאתו באחי"	H-LOC_37			
גור אריה	2	Sipurim-Nehmadim20251129,Sipurim-Nehmadim20251129_corrected	no_match	0.0			"שמעתי מאדמו״ר הרה״ק מרן ר׳ יצחק מסקווירא זצוק""ל
					שאמר כי הביהכ״נ הישנה בעיר פראג נבנתה
					מאבני ביהמ״ק כי כשהלכו בני ישראל בגולה נשאו עמהם
					מאבני המקדש מרוב חיבת הקודש ומרוב מרירות וכאב לב
	"				
שרירא גאון	2	Sipurim-Nehmadim20251129,Sipurim-Nehmadim20251129_corrected	no_match	0.0			"כתב בס׳ אוהב ישראל בלקוטים שהיה מעשה בימי הר״ר
					שרירא גאון זצוק""ל שהיה אז בימיו עושר מופלג
					והיה לו ס״ת שהיה כתב ידו של עזרא הסופר ולהעושר הנ""ל
					היה לו שני בנים ולאחר פטירתו היה מחלוקת גדו"				
ישכר בער	2	Sipurim-Nehmadim20251129,Sipurim-Nehmadim20251129_corrected	no_match	0.0			"כתב בס׳ ארץ החיים להרה״ק ר׳ חיים מטשערנוויץ זצוק""ל
					בעהמ״ח ספר באר מיים חיים ועוד כמה ספרים
					וז״ל אזכיר בכאן דבר נפלא אחת שראיתי בהרב הגאון אמיתי
					חסיד אמת הרב דק""ק זלאטשוב ע״כ באה״ק תוב״ב"				
נחוניא בן הקנה	2	Sipurim-Nehmadim20251129,Sipurim-Nehmadim20251129_corrected	no_match	0.0			"התרנגולת אפשר מרפה היא מצד אחר אבל לא מזאת השאלה
					ושאלתי את הנער היש אתך התרנגולת והשיב ישנה בבית
					האחר ואמרתי להביא אותה והנה מונח בתרנגולת צד אחד
					קצת מן הדקין והנה בה מכה גדולה מכה אשר "				
גדליה מזעלחאב	2	Sipurim-Nehmadim20251129,Sipurim-Nehmadim20251129_corrected	no_match	0.0			"כתב בס׳ שם הגדולים החדש ששמע מפי רב מובהק גדול
					הדור איך שפ""א בא שליח מכפר הסמוך לעיר
					ועלהאב בפולין להרב הצדיק ר׳ גדליה מזעלחאב שהיה צדיק
					גדול וחסיד מפורסם שיבא לשם למול תנוח אחד ולהכניס"				
מנחם מענדיל מפרעמישליאן	2	Sipurim-Nehmadim20251129,Sipurim-Nehmadim20251129_corrected	phonetic	0.429	Tsadik_012.172		"כתב בס׳ אגרא דפרק מהרה״ק ר׳ צבי אלימלך מדינוב
					זצוק""ל בעהמ״ח ספר בני יששכר וס׳ דרך פקודיך
					ועוד כמה ספרים בסימן ד׳ וז״ל סיפרו לי מעשה רב מקדוש
					ה׳ ה""ה הרב הקדוש מוהר״ר מנחם מענדיל מפרעמישל"				
משה חאגיז	2	Sipurim-Nehmadim20251129,Sipurim-Nehmadim20251129_corrected	phonetic	0.5	Biblical_Moses		"כתב בס׳ משנת חכמים מהרב הגאון ר׳ משה חאגיז זצ""ל
					סימן ר״כ וז״ל וכבר סיפר לי מפי מגידי אמת וזקני
					אותו דור דעה שבימי האריז""ל היה מעשה שאחד מן האנוסים
					שבא מפורטיגאל לגליל העליון בהעיר הקודש"				
אריז״ל	2	Sipurim-Nehmadim20251129,Sipurim-Nehmadim20251129_corrected	phonetic	0.75	Rabbinic_AriZal		"ושמע את כל מה שהאיש דבר ועשה וחרה לו מאד וקראו
					וגער בו ואמר לו שוטה וכי האלוה שלנו הוא אוכל ושותה ודאי
					השמש לוקח זה ואתה סבור שהאלוה הוא המקבלם וזה עון
					גדול לייחס שום גשמיות בהאל יתברך "				
׳ ליב	2	Sipurim-Nehmadim20251129,Smichat-Moshe_2025-08-26	phonetic	0.5	Tsadik_012.077		"עוד כתב בס׳ הנ״ל וז״ל דוגמא לזו שמעתי כי הרב ר׳
					ליב דימימעלעס ז""ל מלעמבורג (גיסו של הרה״ק ר'
					יעקב יצחק וצוק""ל מלובלין) היה מכניס אורח גדול ויצו בביתו
					ליתן לאכול לכל הבאים וכן ליתן יי״ש "				
גדליה מלוניץ	2	Sipurim-Nehmadim20251129,Sipurim-Nehmadim20251129_corrected	no_match	0.0			"וכעין מעשה זה היה אצל הרה״ק ר׳ גדליה מלוניץ זצוק""ל
					בעהמ״ח ספר תשואות חן שפ""א נסע בדרך עם
					זוגתו הרבנית ובנסעם בדרך התחיל הגשם לירד בחזקה ולא
					היה לזוגתו במה להתעטף ולכסות א״ע להגן עליה מה"	H-LOC_580			
"שרה""ס"	2	Sipurim-Nehmadim20251129,Sipurim-Nehmadim20251129_corrected	no_match	0.0			"כתב בס׳ רמתים צופים כי הרה״ק ר׳ ליב שרה""ס זצוק""ל
					היה פ״א בקאזניץ והיה מתאכסן אצל אחד לבל
					יכירו אותו והיו סבורין שהוא סוחר מעצים אצל הנהר ווייסיל
					ההולך שם והבעה״ב הבין כי הוא מהצדיקים הנ"				
נחמן קאסאווער	2	Sipurim-Nehmadim20251129,Sipurim-Nehmadim20251129_corrected	phonetic	0.615	Tsadik_012.104		"עוד כתב שם בפ׳ הנ""ל דוגמא לזה וז״ל שמעתי בשם מוהר״ר
					נחמן קאסאווער שהוכיח לב""א שאינם מקיימין שויתי ה׳
					גם בעוסקם בסחורה ומשא ומתן וכ״ת איך אפשר זה וכו׳ הא
					בהיותו בביהכ״נ ומתפלל אפשר לו לח"				
חיים בן עטר	2	Sipurim-Nehmadim20251129,Sipurim-Nehmadim20251129_corrected	no_match	0.0			"עוד כתב שם בפ׳ הנ""ל דוגמא לזה וז״ל שמעתי בשם מוהר״ר
					נחמן קאסאווער שהוכיח לב""א שאינם מקיימין שויתי ה׳
					גם בעוסקם בסחורה ומשא ומתן וכ״ת איך אפשר זה וכו׳ הא
					בהיותו בביהכ״נ ומתפלל אפשר לו לח"				
משה אלשיך	2	Sipurim-Nehmadim20251129,Sipurim-Nehmadim20251129_corrected	phonetic	0.5	Biblical_Moses		"עוד כתב שם בפ׳ הנ""ל דוגמא לזה וז״ל שמעתי בשם מוהר״ר
					נחמן קאסאווער שהוכיח לב""א שאינם מקיימין שויתי ה׳
					גם בעוסקם בסחורה ומשא ומתן וכ״ת איך אפשר זה וכו׳ הא
					בהיותו בביהכ״נ ומתפלל אפשר לו לח"				
אלשיך	2	Sipurim-Nehmadim20251129,Sipurim-Nehmadim20251129_corrected	no_match	0.0			"עוד כתב שם בפ׳ הנ""ל דוגמא לזה וז״ל שמעתי בשם מוהר״ר
					נחמן קאסאווער שהוכיח לב""א שאינם מקיימין שויתי ה׳
					גם בעוסקם בסחורה ומשא ומתן וכ״ת איך אפשר זה וכו׳ הא
					בהיותו בביהכ״נ ומתפלל אפשר לו לח"				
נחום ממקארוב	2	SipurimUmaamarimYekarim_Hebrewbooks_org_3804_gemini	no_match	0.0			"ידוע אשר הרה״ק ר׳ מאטעלי מטשערנאביל זצוק""ל היתה
					אשתו הראשונה בת הרה״ק ר׳ אהרן הגדול מקארלין
					זצוק""ל. תלמיד מובהק של המגיד הגדול. הרה״ק ר׳ דוב
					בער ממעזירטש זצוק""ל. והוליד ממנה שלשה בנים ה"	H-LOC_548			
יעקב יותנן	2	SipurimUmaamarimYekarim_Hebrewbooks_org_3804_gemini	phonetic	0.5	Tsadik_008.001		"משה רבינו ע״ה היה אדון הנביאים ומסתמא היה חוקר
					גדול. וכשראה המראה בסנה היה יכול להלוך בזה בגדולות
					ונפלאות ולחקור בזה הרבה והוא לא עשה כן רק האמין
					אמונה פשוטה כפתי. כן אמר אדמו״ר. ועמד א"				
שמואל מקאמינקע	2	SipurimUmaamarimYekarim_Hebrewbooks_org_3804_gemini	phonetic	0.438	Tsadik_009.008		"משה רבינו ע״ה היה אדון הנביאים ומסתמא היה חוקר
					גדול. וכשראה המראה בסנה היה יכול להלוך בזה בגדולות
					ונפלאות ולחקור בזה הרבה והוא לא עשה כן רק האמין
					אמונה פשוטה כפתי. כן אמר אדמו״ר. ועמד א"				
"נחום
					מטשערנאביל"	2	SipurimUmaamarimYekarim_Hebrewbooks_org_3804_gemini	name_exact	0.95	Tsadik_014.001		"בס׳ שארית ישראל מהרה״צ ר׳ ישראל בער מווילעדניק
					זצ""ל. תלמיד המגיד מטשערנאביל זצוק""ל בשער
					ההתקשרות דרוש ו' מאמר א׳ כתב שם על מאמר הגמ׳ במס׳
					חולין (דף י״ז ע״ב) רב ששת בדק לה בריש לישניה וז"	H-LOC_31			
צבי יהושע הלוי איש הורויץ	2	Smichat-Moshe_2025-08-26	phonetic	0.519	Tsadik_017.002		"מאת הרב הגאון אמיתי הקדוש והטהור צדיק יסוד עולם איש אלקים
					בוצינא קדישא חסידא ופרישא שר התורה נר ישראל עמוד
					התורה פ""ה עה״י כקש״ת מ׳ צבי יהושע הלוי איש הורויץ
					האבד״ק טרייביטש פרוסטיץ יעמנ"				
יצחק אהרן	2	Smichat-Moshe_2025-08-26	phonetic	0.364	Biblical_Isaac		"מאת כבוד הרב הגאון המובהק החריף ובקי
					בכל חדרי התורה תפארת ישראל שר התורה
					סיני ועוקר הרים עמה״י תורה וגדולה במקום אחד
					פאר הדור כקש״ת מוה׳ יצחק אהרן הנ״ל
					איטיבנא נ""י נשיא ארץ הקדושה "				
יוסף שאול הלוי נאטינזאהן	2	Smichat-Moshe_2025-08-26	no_match	0.0			"הסכמת הרב הגאון אמיתי ראש גולה אריאל עטרת
					תפארת ישראל נ״י ע״ה פה״ח רשכבה״ג
					כקש״ת מ׳ יוסף שאול הלוי נאטינזאהן אבד״ק
					לבוב והגליל זצללה""ה."				
משולם זלמן	2	Smichat-Moshe_2025-08-26	phonetic	0.455	Tsadik_020.001		"כה הראני ש""ב הרבני המופלג הותיק בנן של
					קדושים מו״ה שמעלקא הלזי איש הורוויץ
					בהרב מו״ה משולם זלמן ז״ל אשר זכה והביא
					לבהד״פ וכבר נדפס ובא חיבור זקנו הגאון קודש
					הקדשים החריף ובקי צדיק "				
שלמה קלוגר	2	Smichat-Moshe_2025-08-26	no_match	0.0			"הסכמת הרב הגאון אמיתי הצדיק עטרת תפארת
					ישראל ע״ה פ״ה נ״י רבן של כבת""ג
					נשיא ישראל סבא קדישא חסידא ופרישא כקש״ת
					מו״השלמה קלוגר זצללה״ה"				
"ש""ב"	2	Smichat-Moshe_2025-08-26	no_match	0.0			"איקלע לאחרין כבוד ש""ב ידיד נפשי ה״ה הרב
					המופלג ושנון בכן של קדושים מו״ה
					שמואל שמעלקא הלוי איש הורוויץ נכד דודי
					זקני הגאון החסיד האמיתי כבוד מוה׳ צבי יהושע
					איש הורוויץ הנ״ל זצללה״ה "				
יצחק שמשון הורוויץ מייזילש	2	Smichat-Moshe_2025-08-26	no_match	0.0			"הסכמת ש""ב הרב הגאון אמיתי המפורסם אל״ו
					ובחי הישיש עטרת תפארת בש""ק כש״י
					מוה׳ יצחק שמשון הורוויץ מייזילש האבד״ק
					טשערנאוויץ"				
טשערנאוויטץ	2	Smichat-Moshe_2025-08-26	no_match	0.0			"דברי אדם להבל דמה היום יום ג׳ ט״ו סיון תרכ״ז פה״ק טשערנאוויטץ
					הק׳ יצחק שמשון הורוויץ מייזילש החפ״ק טשערנאוויטץ ."				
איי	2	Smichat-Moshe_2025-08-26,Smichat-Moshe_2025-08-26_corrected	no_match	0.0			"הרעש הזה ואמרו הצדיק מאפטא יבא לכאן והרב ר׳איי הי' ג״כ כעת בבית הצ' בתוך הבאים וכאשר בא
					הצדיק לביתה כיבדו אותו והושיבוהו על הכסא כנהוג ואח״כ ביקש ממנה הצדיק שתספר איזה דבר יקר
					מאחי׳ הקדושים "				
צבי הירש ממטשארטקוב	2	Smichat-Moshe_2025-08-26,Smichat-Moshe_2025-08-26_corrected	no_match	0.0			"הדאקטורים נתנו לי ייאוש והי׳ כמשלש חדשים עבר דרך עיר סאניק לק׳ ליסקא הרב הק׳ רבי ר' הירש מרימנאב
					ז""ל והי׳ אצלי לבקרי ובירך אותי ובהחזרה לביתו שבת על ש""ק בק' סאניק ואחר תפילת שחרית בא ג""כ אצלי
			"				
יצחק מפוזנא	2	Smichat-Moshe_2025-08-26	no_match	0.0			"וא״מ ר״מ מטוסמעניץ הנ״ל הי׳ חתן הגאון מ׳ שמואל בהרב התייר מ׳ אברהם ראש מטיסמעניץ ור׳ שמואל
					הנ""ל הי׳ חתן הגאון מ׳ משה בהרב הגאון החסיד מ׳ יהושע במ""ח ס׳ מגיני שלמה. גם כתוב שם שהרב מ'
					מרדכי ר״"	H-LOC_5			
שלמה שפירא	2	Smichat-Moshe_2025-08-26	no_match	0.0			"וא״מ ר״מ מטוסמעניץ הנ״ל הי׳ חתן הגאון מ׳ שמואל בהרב התייר מ׳ אברהם ראש מטיסמעניץ ור׳ שמואל
					הנ""ל הי׳ חתן הגאון מ׳ משה בהרב הגאון החסיד מ׳ יהושע במ""ח ס׳ מגיני שלמה. גם כתוב שם שהרב מ'
					מרדכי ר״"				
"מהר""צ מזידיטשוב"	2	maase-zadikim2025-06-22	phonetic	0.583	Tsadik_058.002		"מהרב הקדוש הנ""ל
               סיפר הרב הצדיק איש אלקים מהר""צ מזידיטשוב ז""ל. מהתגלגלות
               הסבות מאדון הסבות איך שבא למעזיביז וראה גודל
               קדושת הרב הקדוש הנ""ל. הרב הצדיק מהר""צ "	H-LOC_92			
"הקדוש
               ממעזיביז"	2	maase-zadikim2025-06-22	name_exact	0.95	Tsadik_001.015		"מהרב הקדוש הנ""ל
               סיפר הרב הצדיק איש אלקים מהר""צ מזידיטשוב ז""ל. מהתגלגלות
               הסבות מאדון הסבות איך שבא למעזיביז וראה גודל
               קדושת הרב הקדוש הנ""ל. הרב הצדיק מהר""צ "	H-LOC_55			
"מהרמ""פ"	2	maase-zadikim2025-06-22,maase-zadikim2025-06-22_corrected	no_match	0.0			"סיפור נפלא מהרב הקדוש איש האלהים הנ""ל סיפרה הרב הצדיק
               מוהר""רמעשה צדיקים
               מוהר""ר פייוויש מבאלשוועץ ז""ל וכה היו דבריו. אנכי
               שמשתי כל צרכי את מורי ורבי הקדוש מ"				
"רמ""ל"	2	maase-zadikim2025-06-22,maase-zadikim2025-06-22_corrected	no_match	0.0			"ויהי כאשר בא הצדיק לסאסיב וישמע כי בא אגרת מבארדיטשוב
               כי הרה״ק מבארדיטשוב חלה מאוד וכיהרה״ק מסאסיב ישא
               תפלה בעדו ויזכרהו תמיד בפרט בשעת הריקודין בשבת קודש בלילה
         "				
נפתלי כ״ץ מפוזנא	2	shivheiZadikim2026-01-10,shivheiZadikim2026-01-10_corrected	no_match	0.0			"א מרבינו האר""י הק׳ ותלמידו הרח""ו ז""ל
					ב מהגאון הרבי ר׳ נפתלי כ״ץ מפוזנא
					ג מהגאון רבינו יונתן אייבשיץ מפראג
					ד מהגאון רבינו אלי' מווילנא
					ה מהמגיד הק׳ רבינו ר׳ בער ממעזריטש
					ו מהה״"	H-LOC_5			
יונתן אייבשיץ מפראג	2	shivheiZadikim2026-01-10,shivheiZadikim2026-01-10_corrected	no_match	0.0			"א מרבינו האר""י הק׳ ותלמידו הרח""ו ז""ל
					ב מהגאון הרבי ר׳ נפתלי כ״ץ מפוזנא
					ג מהגאון רבינו יונתן אייבשיץ מפראג
					ד מהגאון רבינו אלי' מווילנא
					ה מהמגיד הק׳ רבינו ר׳ בער ממעזריטש
					ו מהה״"	H-LOC_142			
זאב וואלף מזיטאמיר	2	shivheiZadikim2026-01-10,shivheiZadikim2026-01-10_corrected	name_exact	0.95	Tsadik_048.001		"א מרבינו האר""י הק׳ ותלמידו הרח""ו ז""ל
					ב מהגאון הרבי ר׳ נפתלי כ״ץ מפוזנא
					ג מהגאון רבינו יונתן אייבשיץ מפראג
					ד מהגאון רבינו אלי' מווילנא
					ה מהמגיד הק׳ רבינו ר׳ בער ממעזריטש
					ו מהה״"	H-LOC_179			
אפרי' פישלע מסטריקאוו	2	shivheiZadikim2026-01-10,shivheiZadikim2026-01-10_corrected	no_match	0.0			"א מרבינו האר""י הק׳ ותלמידו הרח""ו ז""ל
					ב מהגאון הרבי ר׳ נפתלי כ״ץ מפוזנא
					ג מהגאון רבינו יונתן אייבשיץ מפראג
					ד מהגאון רבינו אלי' מווילנא
					ה מהמגיד הק׳ רבינו ר׳ בער ממעזריטש
					ו מהה״"	H-LOC_435			
נח מקארוב	2	shivheiZadikim2026-01-10,shivheiZadikim2026-01-10_corrected	no_match	0.0			"כא מהגאון ר׳ מרדכי בנעט הרב מניקלשבורג
					כב מהגאון ר׳ עקיבא איגר הרב מפוזנא
					כג מהגאון ר׳ משה סופר הרב מפ״ב
					כד מהגאון ר׳ יעקב הרב מליסא
					כה מהגאון ר׳ ארי׳ ליבוש חריף הרב
					מפלאצק
		"	H-LOC_347			
יעקב ארי׳	2	shivheiZadikim2026-01-10,shivheiZadikim2026-01-10_corrected	phonetic	0.4	Biblical_Jacob		"כא מהגאון ר׳ מרדכי בנעט הרב מניקלשבורג
					כב מהגאון ר׳ עקיבא איגר הרב מפוזנא
					כג מהגאון ר׳ משה סופר הרב מפ״ב
					כד מהגאון ר׳ יעקב הרב מליסא
					כה מהגאון ר׳ ארי׳ ליבוש חריף הרב
					מפלאצק
		"				
ברדיטשוב	2	shivheiZadikim2026-01-10	fuzzy	0.556	Tsadik_023.001		"פעם אחת בסעודת ליל שב""ק פתאום פתח הה״ק מו""ה ברוך זצ""ל ממעזבוז את פיו
					הק'. ואמר לפני כל החסידים שישבו ועמדו לפניו בזה""ל כל מי שידבר רעות על
					הרב מברדיטשוב הנני מבטיח לו להיות לו עוה״ב לשכרו. ע"				
"זצ""ל"	2	shivheiZadikim2026-01-10	no_match	0.0			"פעם אחת בסעודת ליל שב""ק פתאום פתח הה״ק מו""ה ברוך זצ""ל ממעזבוז את פיו
					הק'. ואמר לפני כל החסידים שישבו ועמדו לפניו בזה""ל כל מי שידבר רעות על
					הרב מברדיטשוב הנני מבטיח לו להיות לו עוה״ב לשכרו. ע"				
״ק מברדיטשוב	2	shivheiZadikim2026-01-10	no_match	0.0			"פעם אחת בסעודת ליל שב""ק פתאום פתח הה״ק מו""ה ברוך זצ""ל ממעזבוז את פיו
					הק'. ואמר לפני כל החסידים שישבו ועמדו לפניו בזה""ל כל מי שידבר רעות על
					הרב מברדיטשוב הנני מבטיח לו להיות לו עוה״ב לשכרו. ע"				
״ש מקארוב	2	shivheiZadikim2026-01-10,shivheiZadikim2026-01-10_corrected	phonetic	0.5	Tsadik_017.003		מעשה נפלאה מהה״ק מוהר״ש מקארוב ז״ל.	H-LOC_347			
חיים ליב	2	shivheiZadikim2026-01-10,shivheiZadikim2026-01-10_corrected	phonetic	0.5	tempH-96		"סיפר הרה״ג החסיד המפורסם מוה׳ יחיאל מיכל נ""י אבד""ק שעפס שהי' מלפנים רב
					בעיר אסטראלענקי. והי׳ שם איש חסיד אחד ר׳ חיים ליב שהי׳ בילדותו משמש"				
מעזריטש	2	shivheiZadikim2026-01-10	phonetic	0.833	Tsadik_002.001		"בוש מאד בפני הקהל. וחרה אפו בחתנו מאד לאשר הוא התפאר א״ע בו כי אין כמהו
					בכל הגלילות חכם ועילוי גדול כמהו. ועתה עשה שטות כזה עד שגרם בושה גם לו.
					כי מה יאמרו עליו מעתה. והוסכם גם בדעת הגביר לב"				
פישלע	2	shivheiZadikim2026-01-10,shivheiZadikim2026-01-10_corrected	no_match	0.0			"מהה""ק הרבי ר׳ פישלע זצ״ל מסטריקב"				
מאירל משעדליץ	2	shivheiZadikim2026-01-10,shivheiZadikim2026-01-10_corrected	no_match	0.0			"אסתייש מילתא פ""א להחסיד המפורסם הצדיק ר׳ מאירל משעדליץ ז""ל בשעה שנסע
					ללייפציג ולמקומות אחרות אחר סחורה. כי הי׳ נגיד גדול כידוע. שיסע
					חזרה לביתו דרך עיר הטריקאוו. כי חפץ להיות אצל הה״ק הרבי ר"				
"מוהר""ש בונם"	2	shivheiZadikim2026-01-10,shivheiZadikim2026-01-10_corrected	phonetic	0.375	Tsadik_017.003		"וחותים. כי למה לכם מעות שאינו שוה כלום. ובמה נחשב הוא הלא זהו טפשות מאיש
					אשר כמוכם שראוי להיות בעל מדרגה. וצהנה וכהנה. והרב החסיד ר׳ מאירל ז""ל הנ״ל
					שמע כל דבריו. ויהי כמחריש. כי לא ידע מה לה"				
״ש בונם	2	shivheiZadikim2026-01-10	phonetic	0.5	Tsadik_017.003		"וחותים. כי למה לכם מעות שאינו שוה כלום. ובמה נחשב הוא הלא זהו טפשות מאיש
					אשר כמוכם שראוי להיות בעל מדרגה. וצהנה וכהנה. והרב החסיד ר׳ מאירל ז""ל הנ״ל
					שמע כל דבריו. ויהי כמחריש. כי לא ידע מה לה"				
מאיר שעדליצער	2	shivheiZadikim2026-01-10,shivheiZadikim2026-01-10_corrected	no_match	0.0			"וחותים. כי למה לכם מעות שאינו שוה כלום. ובמה נחשב הוא הלא זהו טפשות מאיש
					אשר כמוכם שראוי להיות בעל מדרגה. וצהנה וכהנה. והרב החסיד ר׳ מאירל ז""ל הנ״ל
					שמע כל דבריו. ויהי כמחריש. כי לא ידע מה לה"				
"מוהר""ש מקארוב"	2	shivheiZadikim2026-01-10,shivheiZadikim2026-01-10_corrected	no_match	0.0			"פ""א ישב הה״ק מוהר""ז הנ""ל אצל רבו הק' מוהר""ש מקארוב ז""ל בעת שהי׳ רבו מושכב
					על מטתו ומתנמנם. והוא המתין לו וישב לפניו. בדד ודום כדרכו. פתאום בא
					חסיד א' נגיד והביא מתנה א׳ עבור רבו. והיתה המתנה"				
רוה״ק	2	shivheiZadikim2026-01-10,shivheiZadikim2026-01-10_corrected	no_match	0.0			"פ""א ישב הה״ק מוהר""ז הנ""ל אצל רבו הק' מוהר""ש מקארוב ז""ל בעת שהי׳ רבו מושכב
					על מטתו ומתנמנם. והוא המתין לו וישב לפניו. בדד ודום כדרכו. פתאום בא
					חסיד א' נגיד והביא מתנה א׳ עבור רבו. והיתה המתנה"				
"לבו""ש"	2	shivheiZadikim2026-01-10,shivheiZadikim2026-01-10_corrected	no_match	0.0			"מעשה נאה
					מהמגיד הק' ממעזריטש ז״ל.
					זי""ע עם הגה""ק בעל לבו""ש ז""ל ."				
יחזקאלע פרעגער	2	shivheiZadikim2026-01-10,shivheiZadikim2026-01-10_corrected	no_match	0.0			"הגה״ק מו""ה יצחק מאיר ז""ל הרבי מגור סיפר בשולחנו הק'. מה שאירע להגאון
					בעל לבוש״ר ז""ל בבואו פעם ראשונה להגה״ק המגיד ממעזריטש ז""ל. שהמגיד
					הק׳ ז""ל. הקניטו בדברים בכל פעם. ודיבר דיבורים אשר יהיו "				
יחזקאלע פרעגר	2	shivheiZadikim2026-01-10,shivheiZadikim2026-01-10_corrected	no_match	0.0			"הגה״ק מו""ה יצחק מאיר ז""ל הרבי מגור סיפר בשולחנו הק'. מה שאירע להגאון
					בעל לבוש״ר ז""ל בבואו פעם ראשונה להגה״ק המגיד ממעזריטש ז""ל. שהמגיד
					הק׳ ז""ל. הקניטו בדברים בכל פעם. ודיבר דיבורים אשר יהיו "				
"יעי""צ"	2	shivheiZadikim2026-01-10,shivheiZadikim2026-01-10_corrected	no_match	0.0			"עת שנסע היהודי הק׳ ר׳ יעי""צ ז""ל מפרשיסחא ללובלין אל רבו הק' מוהריעי״צ הלוי
					ז""ל. הי' שם באותו פרק אבד""ק הגאון החריף מו""ה עזריאל הלוי הורוויץ ז""ל
					הי׳ נקרא (אייזענערקאפ). וסיפר הרב הגה""צ בוצינא"				
עזריאל הלוי הורוויץ	2	shivheiZadikim2026-01-10,shivheiZadikim2026-01-10_corrected	phonetic	0.429	Tsadik_017.003		"עת שנסע היהודי הק׳ ר׳ יעי""צ ז""ל מפרשיסחא ללובלין אל רבו הק' מוהריעי״צ הלוי
					ז""ל. הי' שם באותו פרק אבד""ק הגאון החריף מו""ה עזריאל הלוי הורוויץ ז""ל
					הי׳ נקרא (אייזענערקאפ). וסיפר הרב הגה""צ בוצינא"				
מוהרי״מ	2	shivheiZadikim2026-01-10,shivheiZadikim2026-01-10_corrected	no_match	0.0			ענין נאה מאת הה״ק הגאון מוהרי״מ ז״ל מגוד				
משה אליקום בריעה	2	shivheiZadikim2026-01-10,shivheiZadikim2026-01-10_corrected	no_match	0.0			"בין גדול מהה״ק הנ""ל בשנים קדמוניות בעת שהי' דר בווארשא. כי ידוע שהי׳ חלוק לבב
					הה״ק מ׳ משה אליקום בריעה ז""ל בן המגיד הק' מקאזניץ ז""ל על הגה״ק מוהרי״מ
					הנ""ל מטעם שנתרחק ממנו ליסע לרבותיו אחרים "				
יעקאבקא	2	shivheiZadikim2026-01-10,shivheiZadikim2026-01-10_corrected	no_match	0.0			"בין גדול מהה״ק הנ""ל בשנים קדמוניות בעת שהי' דר בווארשא. כי ידוע שהי׳ חלוק לבב
					הה״ק מ׳ משה אליקום בריעה ז""ל בן המגיד הק' מקאזניץ ז""ל על הגה״ק מוהרי״מ
					הנ""ל מטעם שנתרחק ממנו ליסע לרבותיו אחרים "				
זלמן פויזנער מווארשא	2	shivheiZadikim2026-01-10,shivheiZadikim2026-01-10_corrected	name_exact	0.85	Biblical_Solomon		"בין גדול מהה״ק הנ""ל בשנים קדמוניות בעת שהי' דר בווארשא. כי ידוע שהי׳ חלוק לבב
					הה״ק מ׳ משה אליקום בריעה ז""ל בן המגיד הק' מקאזניץ ז""ל על הגה״ק מוהרי״מ
					הנ""ל מטעם שנתרחק ממנו ליסע לרבותיו אחרים "	H-LOC_178			
מוהרי	2	shivheiZadikim2026-01-10	no_match	0.0			"בין גדול מהה״ק הנ""ל בשנים קדמוניות בעת שהי' דר בווארשא. כי ידוע שהי׳ חלוק לבב
					הה״ק מ׳ משה אליקום בריעה ז""ל בן המגיד הק' מקאזניץ ז""ל על הגה״ק מוהרי״מ
					הנ""ל מטעם שנתרחק ממנו ליסע לרבותיו אחרים "				
איציק אוירבאך	2	shivheiZadikim2026-01-10,shivheiZadikim2026-01-10_corrected	no_match	0.0			"הנה הרב הגאבד״ק לונטשיץ מ׳ איציק אוירבאך ז""ל בן הרה״ג הצ' מוהר""ח ז""ל בעל ס׳
					דברי משפט קודם שנתקבל לרב הי' סוחר. והי׳ זה דרכו בכל עת שנסע לפרייסין
					לסחורתו. לסור מדרכו אל בית הגדולים בתורה שבמ"				
איציק	2	shivheiZadikim2026-01-10,shivheiZadikim2026-01-10_corrected	no_match	0.0			"הנה הרב הגאבד״ק לונטשיץ מ׳ איציק אוירבאך ז""ל בן הרה״ג הצ' מוהר""ח ז""ל בעל ס׳
					דברי משפט קודם שנתקבל לרב הי' סוחר. והי׳ זה דרכו בכל עת שנסע לפרייסין
					לסחורתו. לסור מדרכו אל בית הגדולים בתורה שבמ"				
דאברי	2	shivheiZadikim2026-01-10,shivheiZadikim2026-01-10_corrected	no_match	0.0			"הנה הרב הגאבד״ק לונטשיץ מ׳ איציק אוירבאך ז""ל בן הרה״ג הצ' מוהר""ח ז""ל בעל ס׳
					דברי משפט קודם שנתקבל לרב הי' סוחר. והי׳ זה דרכו בכל עת שנסע לפרייסין
					לסחורתו. לסור מדרכו אל בית הגדולים בתורה שבמ"				
״נ	2	shivheiZadikim2026-01-10,shivheiZadikim2026-01-10_corrected	no_match	0.0			"רעיוניו בענין אחר. כענין כי קאי רבי בהאי מס׳ וכו'. ובכ״ז לאשר הי' בעש""ק. שאו
					לא למד שיעורא דילי' עם בני הישיבה. וגם כבר הי' אחר חצות היום. וגם מפני כבודו
					של הרה״ג ר״א ז״ל. התיר לעצמו לצאת מג"				
"מוהרעק""א"	2	shivheiZadikim2026-01-10,shivheiZadikim2026-01-10_corrected	no_match	0.0			"רעיוניו בענין אחר. כענין כי קאי רבי בהאי מס׳ וכו'. ובכ״ז לאשר הי' בעש""ק. שאו
					לא למד שיעורא דילי' עם בני הישיבה. וגם כבר הי' אחר חצות היום. וגם מפני כבודו
					של הרה״ג ר״א ז״ל. התיר לעצמו לצאת מג"				
מוהר״ע איגר	2	shivheiZadikim2026-01-10,shivheiZadikim2026-01-10_corrected	no_match	0.0			"מהה""ק הגאון מוהר״ע איגר ז""ל אבד״ק פוזנא"				
״ה ברוך	2	shivheiZadikim2026-01-10,shivheiZadikim2026-01-10_corrected	no_match	0.0			"סיפר אחד המיוחד מתלמידי הגאון הצדיק ר׳ עקיבא איגר ז""ל ה""ה הרב המאה״ג
					מו״ה ברוך ז""ל רב בק' גאללוב במדינת פרייסען מה שאירע פ""א אצל רבו
					מובהק הגאון מו""ה עקיבא זצ""ל שבשעת לימוד הישיבה חידש הגאון"				
"מו""ה עקיבא זצ""ל"	2	shivheiZadikim2026-01-10,shivheiZadikim2026-01-10_corrected	no_match	0.0			"סיפר אחד המיוחד מתלמידי הגאון הצדיק ר׳ עקיבא איגר ז""ל ה""ה הרב המאה״ג
					מו״ה ברוך ז""ל רב בק' גאללוב במדינת פרייסען מה שאירע פ""א אצל רבו
					מובהק הגאון מו""ה עקיבא זצ""ל שבשעת לימוד הישיבה חידש הגאון"				
חליו	2	shivheiZadikim2026-01-10,shivheiZadikim2026-01-10_corrected	no_match	0.0			"הפנימי ששכב שם הרב הק'. איש א' שהי' ממקורבי הרב ז""ל כי הי' למדן גדול. והי'
					דרכו תמיד לשחר פני קדשו של הרב ז""ל וגם לפני התלמידים הי׳ בא תמיד אחר למודם
					לשאלם מה חידש הרב ז""ל. והם היו רגילים לס"				
מ׳ ברוך	2	shivheiZadikim2026-01-10,shivheiZadikim2026-01-10_corrected	no_match	0.0			"עוד סיפר הרב מ׳ ברוך ז""ל הנ""ל שהי' איש תמים מרבו המובהק הגאין הצדיק ר""ע
					איגר ז""ל. מה שאירע אצלו שפ""א הי׳ אצלו קודם אור היום והגאון ז""ל רבו למד
					בעיון בעניניו והנר הי׳ עומד לכבות. וסכסכה עדיין"				
וצינא קדישא	2	shivheiZadikim2026-01-10	phonetic	0.455	Tsadik_012.154		"סיפר הרב הגאון הצדיק מוה' שמעון סופר ז""ל אבד""ק קראקא בנו של הגאון הצדיק
					המפורסם מאור הגולה בעל חתם סופר לפני הגה""צ בוצינא קדישא מו״ה
					יחיאל מאיר ז""ל הרב מגאשטנין. מה שאירע אצל אביו הק׳ ז""ל עם"				
אברהם שמואל בנימין	2	shivheiZadikim2026-01-10,shivheiZadikim2026-01-10_corrected	no_match	0.0			"סיפר הרב הגאון הצדיק מוה' שמעון סופר ז""ל אבד""ק קראקא בנו של הגאון הצדיק
					המפורסם מאור הגולה בעל חתם סופר לפני הגה""צ בוצינא קדישא מו״ה
					יחיאל מאיר ז""ל הרב מגאשטנין. מה שאירע אצל אביו הק׳ ז""ל עם"				
חריף	2	shivheiZadikim2026-01-10,shivheiZadikim2026-01-10_corrected	no_match	0.0			"פ""א אירע בעיר שהי׳ שם הרב הגאון הק׳ ר""ל חריף ז""ל מקשה לילד בלילה. ולאשר
					החזיקוהו למקובל גדול. פנו אליו לפעמים בכל עת צרה שיושיעם בכח צדקתו.
					וראו ממנו מופתים. וכן בעת שקרה המקשה לילד הזאת. רצ"				
"רצ""ה פארצאווער"	2	shivheiZadikim2026-01-10,shivheiZadikim2026-01-10_corrected	no_match	0.0			"סיפר הרבני החסיד המפורסם הישיש מוה׳ צבי הירש ז""ל מפארצאווי שהי׳ זוכה להיות
					שלוחא דרחמנא ושלותא דצבורא לפני המקום ב""ה אצל הרבה קדושים ז""ל
					ובפרשיסחא אצל הה״ק הרבי ר׳ בונם ז""ל זכה לקבל שב""ק לפנ"				
"הרצ""ה"	2	shivheiZadikim2026-01-10,shivheiZadikim2026-01-10_corrected	no_match	0.0			"סיפר הרבני החסיד המפורסם הישיש מוה׳ צבי הירש ז""ל מפארצאווי שהי׳ זוכה להיות
					שלוחא דרחמנא ושלותא דצבורא לפני המקום ב""ה אצל הרבה קדושים ז""ל
					ובפרשיסחא אצל הה״ק הרבי ר׳ בונם ז""ל זכה לקבל שב""ק לפנ"				
יוסלי טארציינער	2	shivheiZadikim2026-01-10,shivheiZadikim2026-01-10_corrected	no_match	0.0			"ואגב סיפר עוד שבפעם ראשונה שבא לפרשיהא אצל הה״ק מוהר""ש בונם ז""ל יחד
					עם הרב הצדיק המפורסם בוצינא קדישא עוה׳ ברוך ז""ל מק׳ הטוצין בליטא.
					והם היו נוסעים מקודם להה״ק ר׳ יוסלי טארציינער ז""ל בנו של"				
"מוהר""ב"	2	shivheiZadikim2026-01-10,shivheiZadikim2026-01-10_corrected	phonetic	0.5	Tsadik_012.007		"ואגב סיפר עוד שבפעם ראשונה שבא לפרשיהא אצל הה״ק מוהר""ש בונם ז""ל יחד
					עם הרב הצדיק המפורסם בוצינא קדישא עוה׳ ברוך ז""ל מק׳ הטוצין בליטא.
					והם היו נוסעים מקודם להה״ק ר׳ יוסלי טארציינער ז""ל בנו של"				
מאירל הלוי הורוויץ	2	shivheiZadikim2026-01-10,shivheiZadikim2026-01-10_corrected	phonetic	0.4	Tsadik_017.002		"מהרב הגה״ק ר׳ מאירל הלוי הורוויץ ז""ל שהי׳ רב בק""ק שעפם
					ושם מנוחתו כבוד. ורבו ונפלאותיו אשר יסופר בזה :"				
מאירל לאסקער	2	shivheiZadikim2026-01-10,shivheiZadikim2026-01-10_corrected	no_match	0.0			והי׳ נקרא מלפנים ר׳ מאירל לאסקער שהי׳ בנערותו דר בלאסק.				
מאירל משעפס	2	shivheiZadikim2026-01-10,shivheiZadikim2026-01-10_corrected	no_match	0.0			"הרב הק׳ ר' מאירל משעפס ז""ל חתם א""ע אבד""ק דב""ש שהוא ר""ת דראבנין ביזוין
					שעפס שהי׳ רב על כל ג׳ עיירות אלו ועיר שעפש היתה מטרופולין לב'
					עיירות הנ""ל ונתמנה לשם ע״פ ההמה״ק מקאזניץ ז""ל והה״ק בעל קד"				
ק מקאזניץ	2	shivheiZadikim2026-01-10	phonetic	0.714	Tsadik_042.001		"הרב הק׳ ר' מאירל משעפס ז""ל חתם א""ע אבד""ק דב""ש שהוא ר""ת דראבנין ביזוין
					שעפס שהי׳ רב על כל ג׳ עיירות אלו ועיר שעפש היתה מטרופולין לב'
					עיירות הנ""ל ונתמנה לשם ע״פ ההמה״ק מקאזניץ ז""ל והה״ק בעל קד"	H-LOC_151			
מאירל משטפס	2	shivheiZadikim2026-01-10,shivheiZadikim2026-01-10_corrected	no_match	0.0			"ובהיות הרה״ג החסיד המפורסם כק""ש מוה׳ יחיאל מיכל נ""י אבד""ק שטפש בווארשא
					ונכנס לבקר את פני קדשו של הה״ק מוה׳ יעקב ז""ל מק' ראדזיקין בחלייו
					שמח הרה״ק מוהר""י ז""ל עמו בבואי לשחר פניו. והתחיל לדבר "				
גיקטיליא	2	shivheiZadikim2026-01-10,shivheiZadikim2026-01-10_corrected	no_match	0.0			"טרם כניסתו לבית הה״ק ז""ל. בכל עת זכרו המעשה הנוראה. ובכ״ז חיזק את לבו
					לכנוס. וכשבא אל הפרוזדור ורצה להניח ידו על כפות המנעול לפתוח הדלת נשמטה ידו
					ונרתע לאחוריו מגודל פחד ורעדה לגשת אל הה״ק. "				
מאירל מלאסק	2	shivheiZadikim2026-01-10,shivheiZadikim2026-01-10_corrected	no_match	0.0			"התמנות הרה״ק הרב ר״מ הורוויץ הנ""ל לרב בק׳ שעפס ושתי עיירות הנ""ל היתה
					ע״פ ההמה״ק מקאזניץ ז""ל והגה""ק בעל קדושת לוי הנ""ל ומעשה שהיה
					כך היה שהרב מברדיטשוב היה בחאזניץ בעת שבאו הבע״ב משם לקאזניץ "	H-LOC_559			
מרדכי בנשט	2	shivheiZadikim2026-01-10,shivheiZadikim2026-01-10_corrected	phonetic	0.417	Tsadik_036.001		"מהגאון הצדיק מוה""ר מרדכי בנשט ז""ל."				
נעט	2	shivheiZadikim2026-01-10	no_match	0.0			"סיפר הרה״ג הצדיק בוצינא קדישא מו״ר מגאסטנין ז""ל מאשר שמע מפי הרב הגאון
					ר׳ שמעון סופר ז""ל הרב מק""ק קראקא מה ששמע מפ""ח של אביו הגה""צ בעל
					חתם סופר ז""ל מה שאירע בפטירתו של הגאון הצדיק מוהר״מ בנע"				
יעקב חיים זעליג	2	shivheiZadikim2026-01-10,shivheiZadikim2026-01-10_corrected	no_match	0.0			"מו""ה יעקב חיים זעליג נ""י הרב דק""ק לובראנץ מתורת רבו הקדוש מוהרי״מ ז""ל הרב
					מגאסטנין ששמע מפי רבו הק׳ הנ""ל שמתיחס א""ע בהרב הגה״ק מטורבין ז""ל הנ""ל שהי′
					דודו והזכיר לפניו תורה משמו ז""ל בפסוק חם "				
"א""ע"	2	shivheiZadikim2026-01-10	no_match	0.0			"מו""ה יעקב חיים זעליג נ""י הרב דק""ק לובראנץ מתורת רבו הקדוש מוהרי״מ ז""ל הרב
					מגאסטנין ששמע מפי רבו הק׳ הנ""ל שמתיחס א""ע בהרב הגה״ק מטורבין ז""ל הנ""ל שהי′
					דודו והזכיר לפניו תורה משמו ז""ל בפסוק חם "				
גש	2	shivheiZadikim2026-01-10,shivheiZadikim2026-01-10_corrected	no_match	0.0			"סיפורים נפלאים מאת הה״צ בוצינא קדישא מוה׳ זעליג ז״ל מק״ק
					שרענצק המוזכר בס׳ ממרום הרים שחיבר נכדו הרה״ג החסיד
					בגש״ק מוה׳ יה""ז אבד״ק לובראנץ נ״י ."				
"׳ יה""ז אבד״ק לובראנץ נ״י"	2	shivheiZadikim2026-01-10,shivheiZadikim2026-01-10_corrected	no_match	0.0			"סיפורים נפלאים מאת הה״צ בוצינא קדישא מוה׳ זעליג ז״ל מק״ק
					שרענצק המוזכר בס׳ ממרום הרים שחיבר נכדו הרה״ג החסיד
					בגש״ק מוה׳ יה""ז אבד״ק לובראנץ נ״י ."				
"רש""ב"	2	shivheiZadikim2026-01-10,shivheiZadikim2026-01-10_corrected	no_match	0.0			"בבוא הרב הק' מוה׳ זעליג ז""ל משרענצק פעם ראשונה לרבו הקדוש הרבי ר׳ שמחה
					בונם ז""ל לפרשיסחא אחר הסתלקות רבו מובהק הקדוש ר׳ שמואל מקארוב
					ז""ל. נתבונו הרבי רש""ב ז""ל מביאתו של הרב מוהר""ז אליו. דנח "				
"ר""ש בונם"	2	shivheiZadikim2026-01-10,shivheiZadikim2026-01-10_corrected	phonetic	0.5	Tsadik_017.003		"בבוא הרב הק' מוה׳ זעליג ז""ל משרענצק פעם ראשונה לרבו הקדוש הרבי ר׳ שמחה
					בונם ז""ל לפרשיסחא אחר הסתלקות רבו מובהק הקדוש ר׳ שמואל מקארוב
					ז""ל. נתבונו הרבי רש""ב ז""ל מביאתו של הרב מוהר""ז אליו. דנח "				
ק מוהר״ז	2	shivheiZadikim2026-01-10,shivheiZadikim2026-01-10_corrected	no_match	0.0			"בבוא הרב הק' מוה׳ זעליג ז""ל משרענצק פעם ראשונה לרבו הקדוש הרבי ר׳ שמחה
					בונם ז""ל לפרשיסחא אחר הסתלקות רבו מובהק הקדוש ר׳ שמואל מקארוב
					ז""ל. נתבונו הרבי רש""ב ז""ל מביאתו של הרב מוהר""ז אליו. דנח "				
מ מענדל	2	shivheiZadikim2026-01-10,shivheiZadikim2026-01-10_corrected	no_match	0.0			"ואדמו״ר הה״ק מוהר״מ מענדל ז""ל מקאצק. חיבבו מאד וישב עמו יחד בחדרו
					פנימי בסתר כמה שעות בהמתחת סודותם בהדרי קודש ואמר עליו דיבורים
					גדולים. ובס׳ מרום הרים שחבר נכדו הרב מלובראנץ הנ""ל מביא שהיה "				
מלובראנץ	2	shivheiZadikim2026-01-10,shivheiZadikim2026-01-10_corrected	no_match	0.0			"ואדמו״ר הה״ק מוהר״מ מענדל ז""ל מקאצק. חיבבו מאד וישב עמו יחד בחדרו
					פנימי בסתר כמה שעות בהמתחת סודותם בהדרי קודש ואמר עליו דיבורים
					גדולים. ובס׳ מרום הרים שחבר נכדו הרב מלובראנץ הנ""ל מביא שהיה "				
אלעזר הכהן	2	shivheiZadikim2026-01-10,shivheiZadikim2026-01-10_corrected	no_match	0.0			"ואדמו״ר הה״ק מוהר״מ מענדל ז""ל מקאצק. חיבבו מאד וישב עמו יחד בחדרו
					פנימי בסתר כמה שעות בהמתחת סודותם בהדרי קודש ואמר עליו דיבורים
					גדולים. ובס׳ מרום הרים שחבר נכדו הרב מלובראנץ הנ""ל מביא שהיה "				
זעליג חכמה	2	shivheiZadikim2026-01-10,shivheiZadikim2026-01-10_corrected	no_match	0.0			"גם הרה״ק הצדיק ביצי""ה ר׳ יחיאל מאיר ז""ל הרב מגאסטנין הפליג ג״כ בשבחו של
					הה״ק מוהר""ז מאד וסיפר ששמע מחסידים זקנים מן טשעכנאווי שבהיות הרב מוהר""ז
					בטשעכנאווי ונכנס אצל הה״ק הגאב""ד מוהר""א ז""ל. נ"				
תומ״י	2	shivheiZadikim2026-01-10,shivheiZadikim2026-01-10_corrected	no_match	0.0			"סיפרו אנשים נאמנים חסידים ואנשי מעשה מה דבדידהו הוה עובדא בישבם יחד עם
					הה""ק ר׳ זעליג ז""ל יחד במרבה להעוד יחד עין בעין ראו מחזה נוראה ממנו
					שראה עתידות ממש ומעשה שהיה כך היה כשה בו יחד והחלו ל"				
"מג""א"	2	shivheiZadikim2026-01-10,shivheiZadikim2026-01-10_corrected	no_match	0.0			"כתב בספר מרום הרים מה שסיפר איש נאמן רוח מחסידי קשישאי דק""ק קאליש שהי'
					מכיר היטב את הה״ק מוהר""ז ז""ל. ואירע פ""א בהיותו בקאליש דבר פלא שהי′
					בקאליש עשיר א׳ בין החסידים שהאריחו אצלו תמיד כל עת ב"				
ווארחי	2	shivheiZadikim2026-01-10	no_match	0.0			"פ״א באו הה״ק המפורסם מוה״ר יצחק ז""ל מווארחי. והה״ק ר׳ אברהם משה ז""ל בנו
					של הה״ק המפורסם הרבי ר׳ בונם ז""ל מפרשיסחא. פתאום לעיר שרענצק שהיה"				
רמי	2	shivheiZadikim2026-01-10,shivheiZadikim2026-01-10_corrected	no_match	0.0			"דר שם הה״ק ר׳ זעליג ז״ל הנ״ל : והוציאו קול שבאו על היריד לסחור שם פשתן. ששם
					היה שכית סחורה זו מאד באותו הימים. והיה ירידים מיוחדים לזה. ופנו בבואם. רק
					לבית מוהר""ז ז""ל הנ""ל. ונועדו יחדיו בשעש"				
אבוש	2	shivheiZadikim2026-01-10,shivheiZadikim2026-01-10_corrected	no_match	0.0			"מעשה נאה
					מהה״ק הגאון ר׳ אבוש ז""ל הרב דק""ס פ״פ דמיין"				
אבושל	2	shivheiZadikim2026-01-10,shivheiZadikim2026-01-10_corrected	no_match	0.0			"מגודל ענותנותו ותמימותו של הגאון הצדיק ר׳ אברהם אבוש ז""ל הרב דק׳ פ""פ
					דמיין יסופר בזה סיפור נאה אשר סיפר הה״ג הצדיק בוצינא קדישא חו״פ
					מוהר״ר חנוך העניך הכהן הגדול זצוק""ל מאלכהאנדר בסוד ישרים "				
"הר""ב"	2	shivheiZadikim2026-01-10,shivheiZadikim2026-01-10_corrected	no_match	0.0			"סביבו ללוותו. שקשה עליו לישא על גופו האדרת שער הזה בהליכתו למקום אי נקי שסר
					שמה לעשות צרכיו והשליכו מעליו ונתנו לר""ז הנ""ל ולא מש משם עד שהיה מוכרח הר״ז
					ז""ל להלביש את עצמו בו. באמרו אליו דרך "				
ה״ה	2	shivheiZadikim2026-01-10,shivheiZadikim2026-01-10_corrected	no_match	0.0			"מתורתו הק׳ לגלות צפונות מסתרי התורה : ולעמוד על סודה והחבירים הקדושים ה״ה
					המהרש""ל והרמ״א מרחוק בשמעם דרכו בקודש להשתמש בשמות הקדושים ולסלול לו דרך
					אחר ע""ד סוד ה׳ ליריאיו במנהגים אחרים חשבוהו"				
חיים וויטאל	2	shivheiZadikim2026-01-10,shivheiZadikim2026-01-10_corrected	no_match	0.0			"מתורתו הק׳ לגלות צפונות מסתרי התורה : ולעמוד על סודה והחבירים הקדושים ה״ה
					המהרש""ל והרמ״א מרחוק בשמעם דרכו בקודש להשתמש בשמות הקדושים ולסלול לו דרך
					אחר ע""ד סוד ה׳ ליריאיו במנהגים אחרים חשבוהו"				
ו	2	shivheiZadikim2026-01-10,shivheiZadikim2026-01-10_corrected	no_match	0.0			"דבריך. והשיב לו מיד תראה. והנה פתאום נשא הרש""ל את עיניו וראה שנתמלאה כל
					המערה פלג מים. ואז אמר לו הרח""ו עתה אמור נא אם תאמין מעתה. והשיב לו
					עדיין אינו מאמין שביכלתכם לעשות בי כחפצכם ולקחת חי"				
קפדנא	2	shivheiZadikim2026-01-10,shivheiZadikim2026-01-10_corrected	no_match	0.0			"ז""ל תיכף אחר המעשה שאירע לו שפתאום נעצב מאד. והתחיל לדאוג על אנשי ביתו.
					ובפרט על אשתו כי כשנסע מביתו לא היתה בבריאות כ״כ. וגם אז היתה המחלה ר""ל
					משתררת בעולם. ולאשר נפל בלבו מורד ועצבון פתאום"				
מהרי	2	shivheiZadikim2026-01-10,shivheiZadikim2026-01-10_corrected	no_match	0.0			"ז""ל תיכף אחר המעשה שאירע לו שפתאום נעצב מאד. והתחיל לדאוג על אנשי ביתו.
					ובפרט על אשתו כי כשנסע מביתו לא היתה בבריאות כ״כ. וגם אז היתה המחלה ר""ל
					משתררת בעולם. ולאשר נפל בלבו מורד ועצבון פתאום"				
חנוך העניך הכהן מאלכסנדר	2	shivheiZadikim2026-01-10,shivheiZadikim2026-01-10_corrected	no_match	0.0			"סיפור נפלא
					מהה״ק מוה׳ חנוך העניך הכהן מאלכסנדר ז""ל"	H-LOC_614			
חנוך העניך	2	shivheiZadikim2026-01-10,shivheiZadikim2026-01-10_corrected	no_match	0.0			"ידוע דרך הקודש של הה״ק מו״ה חנוך העניך ז""ל הכהן מאלכסנדר שהיו מוצנע בכל
					מעשיו הקדושים והכל בחכמה עשה שלא יוודע לאיש שהולך בגדולות ובנפלאות
					רק יהיה נראה לעין הבריות כעושה בפשיטות. אך מי אשר ע"				
חנוך העניד	2	shivheiZadikim2026-01-10,shivheiZadikim2026-01-10_corrected	no_match	0.0			"עוד סיפור נפלא מהה""ק מוהר״ר חנוך העניד ז""ל הנ""ל"				
מוהרח״ה הכהן	2	shivheiZadikim2026-01-10,shivheiZadikim2026-01-10_corrected	no_match	0.0			"בהיות הה״ק מוהרח״ה הכהן ז""ל הנ״ל רב בעיר נאווידוואר היו לו רדיפות גדולות
					ובזיונות מאת רודפיו. והיה נגיד א' מן הרודפים שבזה אותו הרבה. והיה
					מחויב נדוי ע״פ ד״ת בלי שום פקפוק כלל. והפצירו האנשי"				
יונתך	2	shivheiZadikim2026-01-10,shivheiZadikim2026-01-10_corrected	no_match	0.0			"ידוע ומפורסם בעולם בכל חצוי ארץ. עוצם הרבצת תורה בתלמידים של הגאון ר׳ יונתך
					ז""ל מפראג בכל הקהלות שהיה שם לרב ואב""ד דהיה בק""ק מיץ והמבורג ואלטינא
					מקום משכן כבוד קדשו וישיבתו הרמתה שאין ערוך א"				
חיים מוולאזיו	2	shivheiZadikim2026-01-10,shivheiZadikim2026-01-10_corrected	no_match	0.0			"פ״א בא תלמידו של הגר""א ז""ל מווילנא ה""ה הגאון הצדיק ר׳ חיים מוולאזיו ז""ל בעל ס׳
					נפש החיים לווילנא בעש""ק ולא היה אצל רבו הק׳ הגר""א ז""ל באותו יום וכשהלך
					לבית המרחץ לכבוד שבת ובטרם התחיל לפשוט מ"				
"רא""ש"	2	shivheiZadikim2026-01-10,shivheiZadikim2026-01-10_corrected	no_match	0.0			"ובהקדמת נכדו לספרא דצניעותא כתב שהגר""א ז""ל זקנו היה חוזר מדי יום ביום
					מאה דפין. וסיפר עוד הגאון מ׳ שאול ז""ל אבד""ק ווילנא שפ""א נכנס
					אצלו קודם התפלה ומצא פתוח לפניו מס׳ חוליו עד פ׳ בהמה המקשה "				
"רר""י"	2	shivheiZadikim2026-01-10,shivheiZadikim2026-01-10_corrected	no_match	0.0			"מעשה מהגאון רשכבה״נ רר״י זצוק""ל זי״ע.
					הגאון רר""י ז""ל נשא אשה מעיר פראג בת הרבני"				
יונה לאנדסופר	2	shivheiZadikim2026-01-10,shivheiZadikim2026-01-10_corrected	no_match	0.0			"ודר שמה בימי בחרותו ונשא ונתן עם הגורל לאטריע. ובאותו זמן היה שם רב הרב
					הגאון הגדול ר׳ יונה לאנדסופר בעל מעיל צדקה ולמד שם עם ישיבה גדולה והיה
					מנהגם כשסיימו שיעורם היה אומר הרב חילוק גדול בב"				
אבד״ק וויסקיט	2	shivheiZadikim2026-01-10	no_match	0.0			"מעשה נפלאה מהה""ק מו״ה אלי' ז""ל שהי׳ בסוף ימיו אבד״ק וויסקיט בעל
					ספר אזור אלי' ושו״ת דבר אלי'"				
"ור""י"	2	shivheiZadikim2026-01-10	no_match	0.0			"הה״ק מור""י ז""ל מנעשכיז סיפר ממר אביו ז""ל מעשה נורא שפ""א בא אצלו הרמב״ם
					ז""ל ושאל אותו מדוע איננו לומד בספרו היד החזקה, והשיבו כי הוא מוטרד
					לא מאד מאנשי דעלמא שבאים אליו בבקשותיהם. ע״כ עתו בל "				
זאב מזיטאמיר	2	shivheiZadikim2026-01-10,shivheiZadikim2026-01-10_corrected	name_exact	0.95	Tsadik_048.001		"מעשה מהה״ק ר׳ זאב מזיטאמיר בעל אור המאיר ז""ל"	H-LOC_179			
מנשה בן חזקי׳	2	shivheiZadikim2026-01-10,shivheiZadikim2026-01-10_corrected	no_match	0.0			"הנה הרה״ק ר״ר שמעלקי ז""ל שימש בכתר הרבנות בק׳ ניקלשפורג, וידוע שדרכו היה
					ע״פ דרך החסידות וכמה פעמים אירע שהתפלל לאחר זמן התפלה לעת ערב
					וכדומה עוד דברים אשר נדמה בעיני בע״ב כחלות. ואנשי ניקלש"				
מנשה בן חזקי'	2	shivheiZadikim2026-01-10,shivheiZadikim2026-01-10_corrected	no_match	0.0			"הנה הרה״ק ר״ר שמעלקי ז""ל שימש בכתר הרבנות בק׳ ניקלשפורג, וידוע שדרכו היה
					ע״פ דרך החסידות וכמה פעמים אירע שהתפלל לאחר זמן התפלה לעת ערב
					וכדומה עוד דברים אשר נדמה בעיני בע״ב כחלות. ואנשי ניקלש"				
אל ווארקעס	2	shivheiZadikim2026-01-10,shivheiZadikim2026-01-10_corrected	no_match	0.0			"בהיותו ערך בן ג׳ שנים היה אביו ז""ל רב בעיר מאגנישאוו ונחלה הילד הה״ק
					רי״מ ז""ל מאד ויצאה אמו ע""ה בבכי' רבה בחוץ שהיה מר מאד פגעה איש
					מלובש כמו דייטשיל שהי' חלה בצווארו רייזע באטיל. שאל אותה מ"				
נחלה	2	shivheiZadikim2026-01-10	no_match	0.0			"פעם א׳ בא אצלו א' מאנ""ש והתנצל לפניו שהוא בדחקות גדול מאד וגם אינו בבריאות
					השלימות. ושאל עצת קדשו אם ליסע לחו""ל שיש לו שם קרובים עשירים וישתדל
					אצלם שיסמכו אותו בנדבתם ולא הסכים לו ע״ז. אחר ז"				
רא״מ	2	shivheiZadikim2026-01-10_corrected	no_match	0.0			מהה״ק מוהר״ש בונם ז״ל ובנו הה״ק רא״מ ז״ל מפרשיסחא				
"מהר""ש בונם"	2	shivheiZadikim2026-01-10_corrected	no_match	0.0			"יסופר סיפור נאה אשר סיפרו אנשים נאמנים וחסידים מפורסמים מק״ק שעפס מה
					שמקובל אצלם מאבותם. בהיות הה״ק הרבי ר׳ בונם ז""ל מפרשיסחא בדרך.
					ואסתייע מילתא שעבר דרך עיר שעפס. היו נמצאים שם באותו פרח א"				
"מוהרח""ה"	2	shivheiZadikim2026-01-10_corrected	phonetic	0.4	Tsadik_012.007		"ידוע דרך הקודש של הה״ק מו״ה חנוך העניך ז""ל הכהן מאלכסנדר שהיו מוצנע בכל
					מעשיו הקדושים והכל בחכמה עשה שלא יוודע לאיש שהולך בגדולות ובנפלאות
					רק יהיה נראה לעין הבריות כעושה בפשיטות. אך מי אשר ע"				
"מור""י"	2	shivheiZadikim2026-01-10_corrected	no_match	0.0			"הה״ק מור""י ז""ל מנעשכיז סיפר ממר אביו ז""ל מעשה נורא שפ""א בא אצלו הרמב״ם
					ז""ל ושאל אותו מדוע איננו לומד בספרו היד החזקה, והשיבו כי הוא מוטרד
					לא מאד מאנשי דעלמא שבאים אליו בבקשותיהם. ע״כ עתו בל "				
מקוצי	2	tmimei_derech_2026-01-10,tmimei_derech_2026-01-10_corrected	no_match	0.0							
חננו	2	tmimei_derech_2026-01-10,tmimei_derech_2026-01-10_corrected	no_match	0.0			"קצרה העולה למקום מיושב אנשים ויתן לו תפוח מעץ
					החיים ויאמר התפוח הזה יביא אתכם לביתכם בשובה ונחת.
					אך תשכילו מה לעשו' עמו וישאלו לשלום זה לזה ויעדר התלמיד
					ממקומו. והבעתו״ס הלך בדרך אשר הר"				
מאל	2	tmimei_derech_2026-01-10,tmimei_derech_2026-01-10_corrected	no_match	0.0			"את העשיר וישאלהו על הדבר הזה. ויענהו עת דודים הגיע
					לבת אחי אשר נאבד. ושבוע זאת מועד חתונתה. ויאמר
					אבקשך כאשר יבואו כל הקרואים תקראני לראו' משפט תהלוכות
					החתונה. ויבטחהו על זה. ויספר העשי"				
אלופי	2	tmimei_derech_2026-01-10,tmimei_derech_2026-01-10_corrected	no_match	0.0			"היערה לשרתני ויאמר לו החעט. מההכרח ליקח לשם כלי
					בונים לבנותי סוכה למחסה מזרם ומטר. ויענהו אתן לך
					כסף לקנות כל חפצך. כראות החייט כי מתאמץ הרב ליקח
					אותו ליער. לא יכול להשמט מאתו. וגם פחד "				
בלהה	2	tmimei_derech_2026-01-10,tmimei_derech_2026-01-10_corrected	no_match	0.0			"ויקחו להם צידה לדרכם. ויסעו לבקש להם מקום שמן
					ודשן אבל דרך לא ידעו. ויבואו ליער עב חורש
					מצל. וייטב בעיני הרב לנטות סוכתו שמה. ויקח החייט את
					כלי הבנין. ויחטוב עלים מהיער. ויבן סוכה עבור "				
פלגש	2	tmimei_derech_2026-01-10,tmimei_derech_2026-01-10_corrected	no_match	0.0			"ויקחו להם צידה לדרכם. ויסעו לבקש להם מקום שמן
					ודשן אבל דרך לא ידעו. ויבואו ליער עב חורש
					מצל. וייטב בעיני הרב לנטות סוכתו שמה. ויקח החייט את
					כלי הבנין. ויחטוב עלים מהיער. ויבן סוכה עבור "				
ראובן עדן	2	tmimei_derech_2026-01-10,tmimei_derech_2026-01-10_corrected	no_match	0.0			"לימים מועטים קצרה נפש החייט למות מהעוני והלחץ.
					ויהי עבורו שאון ורעש בין אראלי מרום המליצים
					טוב על השרים בבני אדם צעקו לפני כסא כבוד ה׳ ה׳ גאה
					ורם הלא את נענה ושפל רוח תשכון. ומדוע תסתיר"				
מראובן	2	tmimei_derech_2026-01-10,tmimei_derech_2026-01-10_corrected	no_match	0.0			"ותבודדו באחת המערות. וילמוד אתו את כל אשר קיבל
					מראובן. לשמונה שנים נאסף החייט. והארמון עם כל רכושם
					היה לשרפת אש. וימלטו אך בנפשם. וישארו אביונים עניים
					מרודים. וכראות ר׳ יהודה את רישם אש"				
יהודה חייע	2	tmimei_derech_2026-01-10,tmimei_derech_2026-01-10_corrected	name_exact	0.85	Tsadik_012.048		"ותבודדו באחת המערות. וילמוד אתו את כל אשר קיבל
					מראובן. לשמונה שנים נאסף החייט. והארמון עם כל רכושם
					היה לשרפת אש. וימלטו אך בנפשם. וישארו אביונים עניים
					מרודים. וכראות ר׳ יהודה את רישם אש"				
חרד מיכל	2	tmimei_derech_2026-01-10,tmimei_derech_2026-01-10_corrected	no_match	0.0							
לאקאש	2	tmimei_derech_2026-01-10,tmimei_derech_2026-01-10_corrected	no_match	0.0			"ויוריד לו איוואן בחבל את הצפחת יי״ש ויעמידה שם ר'
					ישראל. וכאשר בא לאקאש למשמרתו. וישאלו אם עודנו חי.
					ויענהו עודני חי ויש אתי צפחת יי״ש טוב מאוד. אם
					תרצה הוריד אלי חבל ואקשור את הצפחת בק"				
לביא	2	tmimei_derech_2026-01-10,tmimei_derech_2026-01-10_corrected	no_match	0.0			"ויהיה נושא כליך והנכרים ייראו לקרותו ישראל וישכח כי
					כן ישראל הוא. וייטב הדבר בעיני השר ויוליכו איוואן
					לבית השר. ויאמר לו תעשה עבודת השר בכל יום כנכון
					עד אשר אצוך לביא לביתי וילבישו השר "				
פיון	2	tmimei_derech_2026-01-10,tmimei_derech_2026-01-10_corrected	no_match	0.0			"עשר שנים אתה היום. ורבותינו אמרו (בן שמונה עשר לחופה
					ולכן השנה הזה תלך גולה. ותרחיק נדוד ברגליך בארצות
					נכריות. למען יכופר עונך אשר נטמא נפשך בדבריר
					אסורים. וירע הדבר הזה מאוד בעיני הנער"				
פ'	2	tmimei_derech_2026-01-10,tmimei_derech_2026-01-10_corrected	no_match	0.0			"רבדל צערו ונפשו אבלה עליו. לעת ערב הוליכו השושבינון
					אם החתן והכלה להחופה. ועם רב אחריכם. ויאם את
					הכלה כדת . ויגד דרשה גם בסעודת החופה. וסארואים
					אוכלים ושותים וחוגגים : בתיך הסעודה זכר א"				
הארי	2	tmimei_derech_2026-01-10,tmimei_derech_2026-01-10_corrected	name_exact	0.95	Rabbinic_AriZal		"מעשה חושב . והחרשים האומנים אשר עשוהו. נסעו גם
					המה להמלך ודרכם היה דרך העיר הזאת. ויענודו שם לנוח.
					ויתקבצו כל אנשי העיר לראות את הארגז ולהתבונן על יפיו.
					והרב ר׳ נפתלי הלך אז מבית התפלה "				
נפלי	2	tmimei_derech_2026-01-10,tmimei_derech_2026-01-10_corrected	no_match	0.0			"הר""ר נפלי"				
הר״ר	2	tmimei_derech_2026-01-10,tmimei_derech_2026-01-10_corrected	no_match	0.0							
ריה	2	tmimei_derech_2026-01-10,tmimei_derech_2026-01-10_corrected	no_match	0.0			"בשנם הזאת ללכד בידי השובים. ויתנוהו לבית הכלא ויעת
					שם. והשלישי נתעשר גם היא מאוד מאוד אשר לא ריה
					חקר להונו ורכושו. ואשתו הרתה (אשר מעודה לא היה לם ולד)
					ותנד בן. וימל אותו לשמינת ימים כח"				
הונו	2	tmimei_derech_2026-01-10,tmimei_derech_2026-01-10_corrected	no_match	0.0			"בשנם הזאת ללכד בידי השובים. ויתנוהו לבית הכלא ויעת
					שם. והשלישי נתעשר גם היא מאוד מאוד אשר לא ריה
					חקר להונו ורכושו. ואשתו הרתה (אשר מעודה לא היה לם ולד)
					ותנד בן. וימל אותו לשמינת ימים כח"				
הרתה	2	tmimei_derech_2026-01-10,tmimei_derech_2026-01-10_corrected	no_match	0.0			"בשנם הזאת ללכד בידי השובים. ויתנוהו לבית הכלא ויעת
					שם. והשלישי נתעשר גם היא מאוד מאוד אשר לא ריה
					חקר להונו ורכושו. ואשתו הרתה (אשר מעודה לא היה לם ולד)
					ותנד בן. וימל אותו לשמינת ימים כח"				
לם	2	tmimei_derech_2026-01-10,tmimei_derech_2026-01-10_corrected	no_match	0.0			"בשנם הזאת ללכד בידי השובים. ויתנוהו לבית הכלא ויעת
					שם. והשלישי נתעשר גם היא מאוד מאוד אשר לא ריה
					חקר להונו ורכושו. ואשתו הרתה (אשר מעודה לא היה לם ולד)
					ותנד בן. וימל אותו לשמינת ימים כח"				
תנד	2	tmimei_derech_2026-01-10,tmimei_derech_2026-01-10_corrected	no_match	0.0			"בשנם הזאת ללכד בידי השובים. ויתנוהו לבית הכלא ויעת
					שם. והשלישי נתעשר גם היא מאוד מאוד אשר לא ריה
					חקר להונו ורכושו. ואשתו הרתה (אשר מעודה לא היה לם ולד)
					ותנד בן. וימל אותו לשמינת ימים כח"				
להגביר	2	tmimei_derech_2026-01-10,tmimei_derech_2026-01-10_corrected	no_match	0.0			"מפניו עד אשר יסע מפה. ואחר אלך למקום ישיבה ללו ד
					תורה. ויפלפל עמו הגבאי וירא כי בן משכיל הוא וישא חן
					בעיניו ויצו להשמש להחביאו העני ראה בנשף פי הנער
					איננו. וידמה כי תעה בתוהו לא דרך ולא"				
הראש ישיבה	2	tmimei_derech_2026-01-10,tmimei_derech_2026-01-10_corrected	no_match	0.0			"מפניו עד אשר יסע מפה. ואחר אלך למקום ישיבה ללו ד
					תורה. ויפלפל עמו הגבאי וירא כי בן משכיל הוא וישא חן
					בעיניו ויצו להשמש להחביאו העני ראה בנשף פי הנער
					איננו. וידמה כי תעה בתוהו לא דרך ולא"				
הראש	2	tmimei_derech_2026-01-10,tmimei_derech_2026-01-10_corrected	no_match	0.0			"להיות חתנו. ולהביאו אליו על הוצאות שלו. ותחת
					יתן להראש ישיבה מנות אפים. כהגיע מכתב להראש
					ה אשר למד עם הבחור הנחמד בן הגביר לקחו
					אהו לפוזנא. וכראות הר׳ נפתלי את הבחור הנחמד הזה.
					חן "				
אהו	2	tmimei_derech_2026-01-10,tmimei_derech_2026-01-10_corrected	no_match	0.0			"להיות חתנו. ולהביאו אליו על הוצאות שלו. ותחת
					יתן להראש ישיבה מנות אפים. כהגיע מכתב להראש
					ה אשר למד עם הבחור הנחמד בן הגביר לקחו
					אהו לפוזנא. וכראות הר׳ נפתלי את הבחור הנחמד הזה.
					חן "				
ראות	2	tmimei_derech_2026-01-10,tmimei_derech_2026-01-10_corrected	no_match	0.0			"להיות חתנו. ולהביאו אליו על הוצאות שלו. ותחת
					יתן להראש ישיבה מנות אפים. כהגיע מכתב להראש
					ה אשר למד עם הבחור הנחמד בן הגביר לקחו
					אהו לפוזנא. וכראות הר׳ נפתלי את הבחור הנחמד הזה.
					חן "				
הר׳ נפתלי	2	tmimei_derech_2026-01-10,tmimei_derech_2026-01-10_corrected	no_match	0.0			"להיות חתנו. ולהביאו אליו על הוצאות שלו. ותחת
					יתן להראש ישיבה מנות אפים. כהגיע מכתב להראש
					ה אשר למד עם הבחור הנחמד בן הגביר לקחו
					אהו לפוזנא. וכראות הר׳ נפתלי את הבחור הנחמד הזה.
					חן "				
"מיכאל לוי
                        פרומקין"	1	Adat-Zadikim2024-09-25b	name_exact	0.95	Rodkinson		"והיא סיפורי נוראות ונפלאות מאדון עוזינו מאור עינינו הבעש״ט הקדוש אשר לא
                    הובאו בשבחי הבעש״ט ז""ל. ועוד נוספו לזה סיפורים אמיתים מצדיקים
                    הקדושים תלמידי הבעש״ט ז""ל "				
"ישראל מ״מ דק""ק קאזעניץ"	1	Adat-Zadikim2024-09-25b	no_match	0.0			"מעשה מלידת הרב הגאון הקדוש מוה׳ ישראל מ״מ דק""ק קאזעניץ :"				
אשת ר׳ שבתי	1	Adat-Zadikim2024-09-25b	no_match	0.0			"שמעתי מאבא מארי הרב שיחי' מעשה שהבעש״ט ז""ל נבג""מ ישב עם החברי' קדישא שלו על סעודת שבת בערב.
                    ותיכף אחר קידוש שחק הבעש״ט שחוק נורא
                    מאוד עד שראו כי כמעט כלתה נפשו "				
"המגיד מקאזעניץ בעהמ""ח ספר עבודת ישראל"	1	Adat-Zadikim2024-09-25b	no_match	0.0			"שמעתי מאבא מארי הרב שיחי' מעשה שהבעש״ט ז""ל נבג""מ ישב עם החברי' קדישא שלו על סעודת שבת בערב.
                    ותיכף אחר קידוש שחק הבעש״ט שחוק נורא
                    מאוד עד שראו כי כמעט כלתה נפשו "	H-LOC_151			
"אברהם יהושיע העשיל זצ""ל
                            מאפטע"	1	Adat-Zadikim2024-09-25b	phonetic	0.72	Tsadik_043.003		"מעשה מרבינו הקדוש הבעש״ט ז""ל זי״ע
                    שסיפר הגאון הקדוש האלקי רשכב""ה מוה׳ אברהם יהושיע העשיל זצ""ל
                            מאפטע בעת היותו
                        בבארדיטשוב : מעשה "	H-LOC_133			
"מיכל
                            מזלאטשוב"	1	Adat-Zadikim2024-09-25b	name_exact	0.95	Tsadik_013.002		"ומעשה כזו היתה ג״כ בדור שלפנינו אצל הצדיק הגדול ר' מיכל
                            מזלאטשוב אשר הוכיח איש א׳ עבור מדת
                    הבטחון והאיש הנ""ל התנצל לפניו כי הוא בוטח בד׳ ית""ש ואמר לו הר"	H-LOC_402			
דוד ממיקלייעב	1	Adat-Zadikim2024-09-25b	phonetic	0.5	Biblical_David		"מעשה שנסע הרב הקדוש ר׳ דוד ממיקלייעב
                        להבעש״ט על יוה״כ והיה דרכו בקודש
                    תמיד להיות אצל הבעש״ט כל ימים הנוראים
                    היינו מקודם ר""ה עד אחר יוה״כ"				
דוד מקלייעוור	1	Adat-Zadikim2024-09-25b	phonetic	0.5	Biblical_David		"מעשה שנסע הרב הקדוש ר׳ דוד ממיקלייעב
                        להבעש״ט על יוה״כ והיה דרכו בקודש
                    תמיד להיות אצל הבעש״ט כל ימים הנוראים
                    היינו מקודם ר""ה עד אחר יוה״כ"				
"הרב
                        המוכיח"	1	Adat-Zadikim2024-09-25b	name_exact	0.95	Tsadik_012.020		"המעשה המבואר בשבחי בעש״ט מהבעש״ט אשר היה אצל הדירזאווצעס
                    דק' סלוצק הרכיב שם חמר גמל ולא סיפרה
                    לאמיתה והוא לא אשם בזה כי עבור המרחק רב אשר מהעיר הנ""ל להכותב שבחי"				
"מנחם מענדיל נ""י
                            מוויטעפסק בעהמ""ח ספר פרי
                            הארץ"	1	Adat-Zadikim2024-09-25b	phonetic	0.429	Tsadik_012.172		"שמעתי מאבא מארי שיחי' הרב הקדוש הגאון בו״ק מוה' מנחם מענדיל נ""י
                            מוויטעפסק בעהמ""ח ספר פרי
                            הארץ הי' לומד אצל הרב הק' המגיד הגדול
                 "	H-LOC_400			
"הרב בת""י"	1	Adat-Zadikim2024-09-25b	no_match	0.0			"שמעתי מאבא מארי שיחי' הרב הקדוש הגאון בו״ק מוה' מנחם מענדיל נ""י
                            מוויטעפסק בעהמ""ח ספר פרי
                            הארץ הי' לומד אצל הרב הק' המגיד הגדול
                 "				
ר״מ מענדיל	1	Adat-Zadikim2024-09-25b	phonetic	0.455	Tsadik_012.172		"שמעתי מאבא מארי שיחי' הרב הקדוש הגאון בו״ק מוה' מנחם מענדיל נ""י
                            מוויטעפסק בעהמ""ח ספר פרי
                            הארץ הי' לומד אצל הרב הק' המגיד הגדול
                 "				
"יעקב
                        יוסף בעהמ""ח התולדות י""י"	1	Adat-Zadikim2024-09-25b	phonetic	0.63	Tsadik_008.001		"שמעתי מאבא מארי שיחי' הרב הקדוש הגאון בו״ק מוה' מנחם מענדיל נ""י
                            מוויטעפסק בעהמ""ח ספר פרי
                            הארץ הי' לומד אצל הרב הק' המגיד הגדול
                 "				
"הרר""מ מענדיל"	1	Adat-Zadikim2024-09-25b	phonetic	0.385	Tsadik_012.172		"שמעתי מאבא מארי שיחי' הרב הקדוש הגאון בו״ק מוה' מנחם מענדיל נ""י
                            מוויטעפסק בעהמ""ח ספר פרי
                            הארץ הי' לומד אצל הרב הק' המגיד הגדול
                 "				
"מדינת
                        וואלחיי"	1	Adat-Zadikim2024-09-25b	no_match	0.0			"מעשה מהרב הקדוש האלקי רשכב""ה ר׳ אברהם יהושוע העשיל מאפטא ז""ל בעת שבתו על כסא הרבנות
                        ביאסע : הרב הנ""ל אחרי אשר עזב את הרבנות
                        מקאלביש נתקבל לאב""ד במדינת
 "				
"המגיד
                            מקאזעניץ"	1	Adat-Zadikim2024-09-25b	name_exact	0.95	Tsadik_042.001		"מעשה נוראה שקרה בימי הצדיקים הקדושים ה""ה הרב המגיד
                            מקאזעניץ והרב הקדוש ר׳ יעקב יצחק מלובלין ז""ל זי""ע : מעשה שהי' איש אחד ממקורביו של
                        המגיד
         "	H-LOC_151			
"הרה״ק
                            מלובלין"	1	Adat-Zadikim2024-09-25b	name_exact	0.95	Tsadik_041.001		"מעשה נוראה שקרה בימי הצדיקים הקדושים ה""ה הרב המגיד
                            מקאזעניץ והרב הקדוש ר׳ יעקב יצחק מלובלין ז""ל זי""ע : מעשה שהי' איש אחד ממקורביו של
                        המגיד
         "	H-LOC_56			
"ליב מסַוואלק בן ר׳
                        אליעזר"	1	Adat-Zadikim2024-09-25b	phonetic	0.433	Tsadik_001.001		"מעשה נוראה שקרה בימי הצדיקים הקדושים ה""ה הרב המגיד
                            מקאזעניץ והרב הקדוש ר׳ יעקב יצחק מלובלין ז""ל זי""ע : מעשה שהי' איש אחד ממקורביו של
                        המגיד
         "	H-LOC_526			
"מהרה""מ"	1	Adat-Zadikim2024-09-25b	phonetic	0.667	Tsadik_002.001		"מעשה נוראה מאדונינו האלקי רשכב""ה הרב המגיד הגדול
                            ממעזריטש איך המשיך אליו הדאקטער גארדע עד שנעשה צדיק גדול זכותם יגן
                    עלינו אמן : איש אחד משועי ואצילי ויל"				
"מנחם נחום
                            מטשארנאביל"	1	Adat-Zadikim2024-09-25b	name_exact	0.95	Tsadik_014.001		"ויהי אחרי הדברים האלה עשה הרה״מ שידוך
                    עם היתומה בת הרר""א הנ""ל עם הרה״ק ר׳ מנחם נחום
                            מטשארנאביל ז""ל עבור
                    בנו הרה״ק ר' מרדכי מטשארנאבי"	H-LOC_31			
"מנחם מענדיל ז""ל מוויטעפסק (בעמ״ח פרי הארץ)"	1	Adat-Zadikim2024-09-25b	name_exact	0.95	Tsadik_012.172		"ויהי אחרי הדברים האלה עשה הרה״מ שידוך
                    עם היתומה בת הרר""א הנ""ל עם הרה״ק ר׳ מנחם נחום
                            מטשארנאביל ז""ל עבור
                    בנו הרה״ק ר' מרדכי מטשארנאבי"	H-LOC_400			
בת הרב ר׳ אהרן	1	Adat-Zadikim2024-09-25b	phonetic	0.4	Tsadik_016.001		"ויהי אחרי הדברים האלה עשה הרה״מ שידוך
                    עם היתומה בת הרר""א הנ""ל עם הרה״ק ר׳ מנחם נחום
                            מטשארנאביל ז""ל עבור
                    בנו הרה״ק ר' מרדכי מטשארנאבי"				
"רש""ז בעהמ""ח התניא"	1	Adat-Zadikim2024-09-25b	no_match	0.0			"ויהי אחרי הדברים האלה עשה הרה״מ שידוך
                    עם היתומה בת הרר""א הנ""ל עם הרה״ק ר׳ מנחם נחום
                            מטשארנאביל ז""ל עבור
                    בנו הרה״ק ר' מרדכי מטשארנאבי"				
"האב״ד דק""ק קראקא"	1	Adat-Zadikim2024-09-25b	no_match	0.0			"עתה אציע לפני הקורא נעים שלשה סיפורים אמיתים מרבינו הגאון הקדוש מאור הגולה אשר
                    מימיו שותים כל תפוצות ישראל בכל מקומות מושבותיהם ואנכי שמעתיה מאבא מארי שיחי׳
                    והם"	H-LOC_130			
"משה בעל המפה על
                        הש""ע"	1	Adat-Zadikim2024-09-25b	phonetic	0.667	Rabbinic_Rema		"לאנשי העיר קראקא המעוטרה ובעת ההוא התחיל
                    להופיע יקר וגדולת רבינו משה בעל המפה על
                        הש""ע אשר היי אז בן שמונה עשרה שנה ובכל קצוי ארץ שמעו את
                   "				
"חיים ברבי בצלאל בעל המחבר ספר החיים וספר
                            אגרת הטיול"	1	Adat-Zadikim2024-09-25b	no_match	0.0			"עתה נספר את אשר העיד אליהו הנביא ז""ל על רבינו
                        משה ומזה המעשה אשר נספר נקח מוסר לדעת איך צריך האדם
                    להחזיק עצמו בשפלות והמעש׳ שהיתה כך היתה רבינו הנ""ל הי' לו "				
"מוהר""ל מפראג"	1	Adat-Zadikim2024-09-25b	no_match	0.0			"עתה נספר את אשר העיד אליהו הנביא ז""ל על רבינו
                        משה ומזה המעשה אשר נספר נקח מוסר לדעת איך צריך האדם
                    להחזיק עצמו בשפלות והמעש׳ שהיתה כך היתה רבינו הנ""ל הי' לו "	H-LOC_142			
"יוסף קארו
                            קארי"	1	Adat-Zadikim2024-09-25b	no_match	0.0			"רבינו פשר דבר ויען לו רבינו כי אותך ראיתי ישר לפני לסבול בזיון לכפר חל העיר כי
                    לא ראיתי בכל האנשים איש ישר כמוך גם למען תבוא ותגיד לי סיבות הדבר אשר בעיר כי
                    העל"				
אברהם יהושוע העשיל	1	Adat-Zadikim2024-09-25b_corrected	phonetic	0.722	Tsadik_043.003		"מעשה מהרב הקדוש האלקי רשכב""ה ר׳ אברהם יהושוע העשיל מ ז""ל בעת שבתו על כסא הרבנות
                        באפטאיאסע : הרב הנ""ל אחרי אשר עזב את הרבנות
                        מקאלביש נתקבל לאב""ד במדינת
 "				
פב״פ	1	Adat-Zadikim2024-09-25b_corrected	no_match	0.0			"מעשה מהרב הקדוש האלקי רשכב""ה ר׳ אברהם יהושוע העשיל מ ז""ל בעת שבתו על כסא הרבנות
                        באפטאיאסע : הרב הנ""ל אחרי אשר עזב את הרבנות
                        מקאלביש נתקבל לאב""ד במדינת
 "				
מרש״א	1	Adat-Zadikim2024-09-25b_corrected	no_match	0.0			"מעשה נורא שקרה בימי הגאון מהרש״א ז""ל בעיר אוסטרא היו שני אנשים שותפים סוחרים והי' מסחרם
                    מלייווינט פשוט כדומה. והיו אוהבים זל""ז כל ימיהם פעם אחד ששמעו כי אצל דוכסה אחת
             "				
"הר״מ
                        הרה""מ"	1	Adat-Zadikim2024-09-25b_corrected	no_match	0.0			"ויאמר להם למה לא אמר לי והקיצור בעוה""ר נסע לביתו ונפל למשכב וביום ג׳ דחול המועד
                    פסח עלה למרום ושבק לנו החיים וכאשר שמעו החבירים נתאבלו עליו מאוד כי ידוע לכל
                    שהר"				
חיים ברבי בצלאל	1	Adat-Zadikim2024-09-25b_corrected	no_match	0.0			"עתה נספר את אשר העיד אליהו הנביא ז""ל על רבינו
                        משה ומזה המעשה אשר נספר נקח מוסר לדעת איך צריך האדם
                    להחזיק עצמו בשפלות והמעש׳ שהיתה כך היתה רבינו הנ""ל הי' לו "				
"הר""א
                        הר""ח"	1	Adat-Zadikim2024-09-25b_corrected	no_match	0.0			"ראיתי בביתך בלבול גדול לי בתורה ובתפלה בחרתי לי מקום אשר אוכל ללמוד ולהתפלל שלא
                    יבלבלוני ועל כן קראתי לפלוני השדכן וצויתיו כן וכן וכן היו הדברים ואשר שאלתני מה
                    "				
ברוך נ״ע ממעזיביז	1	Buzina_Denehora20251129	name_exact	0.95	Tsadik_001.015		"ספר
					בוצינא דנהורא
					לקוטים יקרים. אמרי נועם אחד קדוש מדבר מן שמיא. דין
					גליא רזיא. בוצינא דנהורא וקדישא. רב רבנן. וחכם הרזים :
					איש אלקים קדוש ונורא. שמו נודע בכל קצוי ארץ ארי דבי
				"	H-LOC_55			
ברוך נ״ע	1	Buzina_Denehora20251129	no_match	0.0			"ספר
					בוצינא דנהורא
					לקוטים יקרים. אמרי נועם אחד קדוש מדבר מן שמיא. דין
					גליא רזיא. בוצינא דנהורא וקדישא. רב רבנן. וחכם הרזים :
					איש אלקים קדוש ונורא. שמו נודע בכל קצוי ארץ ארי דבי
				"				
מרדכי מטשירנאביל	1	Buzina_Denehora20251129	phonetic	0.647	Tsadik_014.002		"ספר
					בוצינא דנהורא
					לקוטים יקרים. אמרי נועם אחד קדוש מדבר מן שמיא. דין
					גליא רזיא. בוצינא דנהורא וקדישא. רב רבנן. וחכם הרזים :
					איש אלקים קדוש ונורא. שמו נודע בכל קצוי ארץ ארי דבי
				"				
ליבליע אלטשידאיווער	1	Buzina_Denehora20251129	no_match	0.0			"אמר המביא להבי״ד הן זה רבות בשנים עברו. מאז בא לידי
					מתנה טובה מרגניתא טבא אור הגנוז אשר עדיין לא הי'
					נעולמיםלעולמים. המה כתבי קודש. לקוטים יקרים מפנינים שיצאו מפי
					קודש הקדשים. נשיא אלקי"				
"שלמה קארלינר
					זלה""ה"	1	Buzina_Denehora20251129	no_match	0.0			"אמר המביא להבי״ד הן זה רבות בשנים עברו. מאז בא לידי
					מתנה טובה מרגניתא טבא אור הגנוז אשר עדיין לא הי'
					נעולמיםלעולמים. המה כתבי קודש. לקוטים יקרים מפנינים שיצאו מפי
					קודש הקדשים. נשיא אלקי"				
ברוך ג״	1	Buzina_Denehora20251129	no_match	0.0			"אמר המביא להבי״ד הן זה רבות בשנים עברו. מאז בא לידי
					מתנה טובה מרגניתא טבא אור הגנוז אשר עדיין לא הי'
					נעולמיםלעולמים. המה כתבי קודש. לקוטים יקרים מפנינים שיצאו מפי
					קודש הקדשים. נשיא אלקי"				
יוסקי	1	Buzina_Denehora20251129	no_match	0.0			"אמר המביא להבי״ד הן זה רבות בשנים עברו. מאז בא לידי
					מתנה טובה מרגניתא טבא אור הגנוז אשר עדיין לא הי'
					נעולמיםלעולמים. המה כתבי קודש. לקוטים יקרים מפנינים שיצאו מפי
					קודש הקדשים. נשיא אלקי"				
"דלבא
					נחמן יעקב בן לא""א"	1	Buzina_Denehora20251129	phonetic	0.367	tempH-127		"כה דברי המביא לבית הדפוס המדבר מעומקא דלבא
					נחמן יעקב בן לא""א המנוח מוהר""ר
					אליהו ז""ל חונה בעיר באר"				
וצינא דנהורא	1	Buzina_Denehora20251129	no_match	0.0			"עט""ר הה״ק הר׳ שלמה שליט״א יקח אי״ה ג״כ ספר אחד בעת צאתו מבית
					תעודת אדונינו מורינו ורביניורבינו. ראש גולת אריאל
					בוצינא דנהורא וקדישא. אספקלריא המאירה. איש אלקים מופת
					הדור והדרו. אור ישרא"				
אברהם יעקב	1	Buzina_Denehora20251129	phonetic	0.375	Biblical_Abraham		"עט""ר הה״ק הר׳ שלמה שליט״א יקח אי״ה ג״כ ספר אחד בעת צאתו מבית
					תעודת אדונינו מורינו ורביניורבינו. ראש גולת אריאל
					בוצינא דנהורא וקדישא. אספקלריא המאירה. איש אלקים מופת
					הדור והדרו. אור ישרא"				
׳ נחמן	1	Buzina_Denehora20251129	no_match	0.0			"עט""ר הה״ק הר׳ שלמה שליט״א יקח אי״ה ג״כ ספר אחד בעת צאתו מבית
					תעודת אדונינו מורינו ורביניורבינו. ראש גולת אריאל
					בוצינא דנהורא וקדישא. אספקלריא המאירה. איש אלקים מופת
					הדור והדרו. אור ישרא"				
"ברוך
					ממעזוביז"	1	Buzina_Denehora20251129	phonetic	0.615	Tsadik_001.015		"עט""ר הה״ק הר׳ שלמה שליט״א יקח אי״ה ג״כ ספר אחד בעת צאתו מבית
					תעודת אדונינו מורינו ורביניורבינו. ראש גולת אריאל
					בוצינא דנהורא וקדישא. אספקלריא המאירה. איש אלקים מופת
					הדור והדרו. אור ישרא"				
דוד גוטמאן	1	Buzina_Denehora20251129	phonetic	0.5	Biblical_David		"עט""ר הה״ק הר׳ שלמה שליט״א יקח אי״ה ג״כ ספר אחד בעת צאתו מבית
					תעודת אדונינו מורינו ורביניורבינו. ראש גולת אריאל
					בוצינא דנהורא וקדישא. אספקלריא המאירה. איש אלקים מופת
					הדור והדרו. אור ישרא"				
אלכסנדר אורינשטיין	1	Buzina_Denehora20251129	no_match	0.0			"עט""ר הה״ק הר׳ שלמה שליט״א יקח אי״ה ג״כ ספר אחד בעת צאתו מבית
					הדפוס במחיר אשר ישית עליו המופלא המוכ״ז ולאות אמת באתי עה״ח
					בפקודת קדשו :
					אלכסנדר אורינשטיין
					נאום משה דוד גוטמאן החותם "				
משה דוד גוטמאן	1	Buzina_Denehora20251129	no_match	0.0			"עט""ר הה״ק הר׳ שלמה שליט״א יקח אי״ה ג״כ ספר אחד בעת צאתו מבית
					הדפוס במחיר אשר ישית עליו המופלא המוכ״ז ולאות אמת באתי עה״ח
					בפקודת קדשו :
					אלכסנדר אורינשטיין
					נאום משה דוד גוטמאן החותם "				
דבי נשיאה	1	Buzina_Denehora20251129	no_match	0.0			"עט""ר הה""ק ר׳ ישראל שליט״א יקח ג""כ ספר אחר כשיצא מהדפוס
					עט״ר הה״ק הר׳ יצחק שליט״א יקח אי״ה ספר אחד כשיצא לאור במחיר
					אשר ישית עליו המביא לבית הדפוס ובאתי עה״ח ישראל בפקודת קדשו
					עט״ר תנא ד"				
נחום דוב	1	Buzina_Denehora20251129	no_match	0.0			"עט""ר הה""ק ר׳ ישראל שליט״א יקח ג""כ ספר אחר כשיצא מהדפוס
					עט״ר הה״ק הר׳ יצחק שליט״א יקח אי״ה ספר אחד כשיצא לאור במחיר
					אשר ישית עליו המביא לבית הדפוס ובאתי עה״ח ישראל בפקודת קדשו
					עט״ר תנא ד"				
יהושע אורינשטיין	1	Buzina_Denehora20251129	no_match	0.0			"עט""ר הה""ק ר׳ ישראל שליט״א יקח ג""כ ספר אחר כשיצא מהדפוס
					עט״ר הה״ק הר׳ יצחק שליט״א יקח אי״ה ספר אחד כשיצא לאור במחיר
					אשר ישית עליו המביא לבית הדפוס ובאתי עה״ח ישראל בפקודת קדשו
					עט״ר תנא ד"				
אברהם איסר	1	Buzina_Denehora20251129	phonetic	0.417	H_Abraham		אברהם איסר				
נחמן מק׳ באר	1	Buzina_Denehora20251129	phonetic	0.385	Tsadik_012.104		"עט״ר הה""ק מו""ה ישראל שליט״א יקח אי""ה ספר
					תעודת אדונינו מורינו ורבינו ראש גולת אריאל בוצינא דנהורא
					וקדישא. אספקלריא המאירה איש אלקים מופת הדור
					והדרו אור ישראל וקדושו המפורסם בכל קצוי ארץ"				
ארי דבי	1	Buzina_Denehora20251129	no_match	0.0			"עט״ר הה""ק מו""ה ישראל שליט״א יקח אי""ה ספר
					תעודת אדונינו מורינו ורבינו ראש גולת אריאל בוצינא דנהורא
					וקדישא. אספקלריא המאירה איש אלקים מופת הדור
					והדרו אור ישראל וקדושו המפורסם בכל קצוי ארץ"				
יפרח	1	Buzina_Denehora20251129	no_match	0.0			"עט״ר הה""ק מו""ה ישראל שליט״א יקח אי""ה ספר
					תעודת אדונינו מורינו ורבינו ראש גולת אריאל בוצינא דנהורא
					וקדישא. אספקלריא המאירה איש אלקים מופת הדור
					והדרו אור ישראל וקדושו המפורסם בכל קצוי ארץ"				
צבי הירש שטערינבערג	1	Buzina_Denehora20251129	no_match	0.0			"עט״ר הה""ק מו""ה ישראל שליט״א יקח אי""ה ספר
					תעודת אדונינו מורינו ורבינו ראש גולת אריאל בוצינא דנהורא
					וקדישא. אספקלריא המאירה איש אלקים מופת הדור
					והדרו אור ישראל וקדושו המפורסם בכל קצוי ארץ"				
"אהרן דאהל
					מרדכי שרגא"	1	Buzina_Denehora20251129	no_match	0.0			"תעדות אדונינו מורינו ורבינו ראש גולת אריאל. בוצינא דנהורא
					וקדישא. אספקלריא המאירה. איש אלקים מופת הדור
					והדרו אור ישראל וקדושו המפורסם בכל קצוי ארץ. ע״ה פ״ה כקש״ת
					אהרן דאהל
					מרדכי שר"				
ברוך ממעזביז	1	Buzina_Denehora20251129	name_exact	0.95	Tsadik_001.015		"תעדות אדונינו מורינו ורבינו ראש גולת אריאל. בוצינא דנהורא
					וקדישא. אספקלריא המאירה. איש אלקים מופת הדור
					והדרו אור ישראל וקדושו המפורסם בכל קצוי ארץ. ע״ה פ״ה כקש״ת
					אהרן דאהל
					מרדכי שר"				
דוד שוואגער	1	Buzina_Denehora20251129	phonetic	0.5	Biblical_David		"יקח ספר אחד במחיר אשר ישית עליו המוכ״ז הרבני המופלא מו""ה
					נחמן מבאר באתי עה״ח ד""ד לימי הרצון תרט״ל החותם
					בפקודת כ״ק אדמו״ר שליט״א פה הוסאטין דוד שוואגער
					עטרעט""ר הה""ק מו""ה ישראל שליט״א יק"				
"קב""ה"	1	Buzina_Denehora20251129	no_match	0.0			"פ״א נתארח בק""ק ראשקיב בימי החורף ועדיין לא קידש את
					הלבנה. מחמת שלא האירה הלבנה עד זו הלילה. ואף בזו
					הלילה לא האירה הלבנה. ומאוד הי׳ בזו הלילה ענן גדול. ושלג
					ירד עד למאוד. והוא הכין א״ע "				
בהשי״ת	1	Buzina_Denehora20251129	no_match	0.0			"פ׳ בשלח
					ויהי בשלח פרעה את העם ולא נחם אלהים דרך ארץ וגו׳ כי
					קרוב הוא. אמר כי מעשה הצדיקים קדושי עליון אשר מנהיגים
					את עצמן בדרך כל הארץ. אוכלים ושותים וישינים ומתפללים
					מעט ורוב דיבו"				
פנחס מאוסטראה	1	Buzina_Denehora20251129	no_match	0.0			"שאל אותו הרב הק׳ ר׳ פנחס מאוסטראה. כתיב שוב אשוב
					אליך כעת חיה והנה בן לשרה אשתך. והיכן כתיב ששב
					אליו המלאך. והשיב לון. איתא בזוהר והנה שלשה אנשים נצבים
					עליו. שלשה אנשים. אלין אינון אבהת"				
משיחך	1	Buzina_Denehora20251129	no_match	0.0			"תהלים פ""ט
					ואתה ונחת ותמאם התעברת עם משיחך. אמר שבשעת החורבן
					ונח ומאס השי""ת בישראל. בעת ההוא הי' עובר של משים
					שיבא ב""ב אמן :"				
בר אבוה	1	Buzina_Denehora20251129	no_match	0.0			"מגלה ט״ו ע״ב
					מה ראתה אסתר שזמנה את המן וכו'. אשכחיה רבה בר אבוה
					לאליהו וכו'. אמר לי ככולהו תנאי וככלהו אמוראי, פי' מה
					ראתה אסתר שמנה. לשון עדים זוממים כלומר שהזמינה
					בהמן. א""ל ככלהו"				
מלבא	1	Buzina_Denehora20251129	no_match	0.0			"מגלה ט״ו ע""א
					ומרדכי ידע את כל אשר נעשה. מאי. אמר רב וכו'. ומרדכי
					ושמואל אמר גבר מלבא עילאה. ממלבא תתאי
					פירש״י כינוי הוא להיפך בלשון נקי'. והוא ז""ל פירש הגמרא
					עפ״י מאמרם ז""ל מי מושל"				
פנחס בן	1	Buzina_Denehora20251129	phonetic	0.4	Tsadik_017.002		"חולין ו׳ ע״א
					פנחס בן יאיר הוי קאזיל לפדיון שבויים. פגע בי׳ בגינאי
					נהרא. אמר לי׳. גינאי חלוק לי מימך. ואעבור
					בך. חלק לי'. הוה האי גברא דהוי דארי חיטי לפיסחא אמר לי'
					חלוק למי להאי וכ"				
יאיר	1	Buzina_Denehora20251129	no_match	0.0			"חולין ו׳ ע״א
					פנחס בן יאיר הוי קאזיל לפדיון שבויים. פגע בי׳ בגינאי
					נהרא. אמר לי׳. גינאי חלוק לי מימך. ואעבור
					בך. חלק לי'. הוה האי גברא דהוי דארי חיטי לפיסחא אמר לי'
					חלוק למי להאי וכ"				
"רפב""י"	1	Buzina_Denehora20251129	no_match	0.0			"שעשה פתח הנינור והשער של חלוקת המים. מחמת זה נתחלקם
					המים ג״כ לרפב""י :"				
ערדכי	1	Buzina_Denehora20251129	no_match	0.0			"פעם אחת הי׳ בדיחא דעתיה בפורים ואמר מי שישאל אותו
					כל חללא דעלמא יאמר להם. שאלו אותו הלא כל
					המגלה היא פרסומא ניסא. מה שייכות למגלה זה הפסוק וישם
					המלך מס על הארץ ואיי הים והשיב שראה אחשור"				
קי	1	Buzina_Denehora20251129	no_match	0.0			"פעם אחת הי׳ בדיחא דעתיה בפורים ואמר מי שישאל אותו
					כל חללא דעלמא יאמר להם. שאלו אותו הלא כל
					המגלה היא פרסומא ניסא. מה שייכות למגלה זה הפסוק וישם
					המלך מס על הארץ ואיי הים והשיב שראה אחשור"				
עמלק	1	Buzina_Denehora20251129	no_match	0.0			"פעם אחת הי׳ בדיחא דעתיה בפורים ואמר מי שישאל אותו
					כל חללא דעלמא יאמר להם. שאלו אותו הלא כל
					המגלה היא פרסומא ניסא. מה שייכות למגלה זה הפסוק וישם
					המלך מס על הארץ ואיי הים והשיב שראה אחשור"				
רישא	1	Buzina_Denehora20251129	no_match	0.0			"פ׳ עקב
					הוא תהלתך והוא אלקיך. הפסוק הזה נדרש מרישא לסיפא
					ומסיפא לרישא : הוא תהלתך. כמו שאתה משבח אותו
					כן הוא אלקיך. והוא אלקיך, כפי השגתך בו יתברך. כן אתם
					משבח אותו"				
סיפא	1	Buzina_Denehora20251129	no_match	0.0			"פ׳ עקב
					הוא תהלתך והוא אלקיך. הפסוק הזה נדרש מרישא לסיפא
					ומסיפא לרישא : הוא תהלתך. כמו שאתה משבח אותו
					כן הוא אלקיך. והוא אלקיך, כפי השגתך בו יתברך. כן אתם
					משבח אותו"				
יעקב מבאר שבע	1	Buzina_Denehora20251129	no_match	0.0			"פ׳ ויצא
					ויצא יעקב מבאר שבע וילך חרנה. כי יש לו לאדם ללמוד
					חובה על עצמי. ויהי׳ נדמה בעיניו. כאלו לא התחיל
					עדיין בעבודת הבורא כלל. וזהו כוונת הכתוב הלוך ילך
					ובכה. יותר מה שהוא בחי׳ ה"				
"מרע""ה"	1	Buzina_Denehora20251129	no_match	0.0			"פ׳ יתרו
					ויאמר ר' אל משה לך אל העם וגו׳ והגבלת את העם
					כל הנוגע בהר מות יומת וגו'. ויאמר ד׳ אל משה
					רד העד בעם פן יהרסו וגו'. ויאמר משה אל ד׳ לא יוכל
					העם לעלות. כי אתה העדותה בנו לאמר"				
הקב	1	Buzina_Denehora20251129	no_match	0.0			"לו השי״ת רב העד בעם. הי׳ תמה מאוד. ואמר להקב""ה
					למה לי עוד לירד ולהעיד בעם הא לא יכול העם לעלות
					מפני שכבר העדותה בנו וכו'. והאיך באפשרי הוא לעבוד
					חלילה על דבריך ומצותיך. והשיב לו הקב״ה ל"				
פשיבא	1	Buzina_Denehora20251129	no_match	0.0			"תהלים קז
					ויצעקו אל ד' בצר להם. והקשה. מה הי׳ כוונת דהמע""ה
					שעשה מזמור מזה. הא בגמרא איתא סתם
					ארבעה צריכים להודות וכל אחד כשאירע לו איזה נס יזמר
					להקב""ה כמו שירצה. ותירץ. דזה ידוע. מא"				
חפני	1	Buzina_Denehora20251129	no_match	0.0			"תהלים קז
					ויצעקו אל ד' בצר להם. והקשה. מה הי׳ כוונת דהמע""ה
					שעשה מזמור מזה. הא בגמרא איתא סתם
					ארבעה צריכים להודות וכל אחד כשאירע לו איזה נס יזמר
					להקב""ה כמו שירצה. ותירץ. דזה ידוע. מא"				
שמואל ירהינאה	1	Buzina_Denehora20251129	no_match	0.0			"ב״מ פ""ה ע""ב
					שמואל ירהינאה. אסייה דרבי. הוה קא מצטער רבי
					למסמכי'. א""ל לדידי חזי לי ספרא דאדם
					הראשון. וכו'. שמואל ירחינאה חכם יתקרי. רבי לא יתקרי.
					ופי׳ המאמר הזה ע״ד הרמז. כי אדם הרא"				
מסמכי'	1	Buzina_Denehora20251129	no_match	0.0			"ב״מ פ""ה ע""ב
					שמואל ירהינאה. אסייה דרבי. הוה קא מצטער רבי
					למסמכי'. א""ל לדידי חזי לי ספרא דאדם
					הראשון. וכו'. שמואל ירחינאה חכם יתקרי. רבי לא יתקרי.
					ופי׳ המאמר הזה ע״ד הרמז. כי אדם הרא"				
מתתתי׳	1	Buzina_Denehora20251129	no_match	0.0			"בימי מתתתי׳. בן יוחנן כ״ג חשמונאי והקשה. למה תקנו
					להזכיר בחנוכה. את יוחנן כהן גדול. הא בני חשמונאי
					היו כולם צדיקים ויוחנן שמש בכהונה גדולה פ׳ שנים.
					ולבסוף נעשה צדוקי. ותירץ כשאדם עובר ע"				
חשמונאי	1	Buzina_Denehora20251129	no_match	0.0			"בימי מתתתי׳. בן יוחנן כ״ג חשמונאי והקשה. למה תקנו
					להזכיר בחנוכה. את יוחנן כהן גדול. הא בני חשמונאי
					היו כולם צדיקים ויוחנן שמש בכהונה גדולה פ׳ שנים.
					ולבסוף נעשה צדוקי. ותירץ כשאדם עובר ע"				
יוחנן כהן	1	Buzina_Denehora20251129	no_match	0.0			"בימי מתתתי׳. בן יוחנן כ״ג חשמונאי והקשה. למה תקנו
					להזכיר בחנוכה. את יוחנן כהן גדול. הא בני חשמונאי
					היו כולם צדיקים ויוחנן שמש בכהונה גדולה פ׳ שנים.
					ולבסוף נעשה צדוקי. ותירץ כשאדם עובר ע"				
צדוקי	1	Buzina_Denehora20251129	no_match	0.0			"בימי מתתתי׳. בן יוחנן כ״ג חשמונאי והקשה. למה תקנו
					להזכיר בחנוכה. את יוחנן כהן גדול. הא בני חשמונאי
					היו כולם צדיקים ויוחנן שמש בכהונה גדולה פ׳ שנים.
					ולבסוף נעשה צדוקי. ותירץ כשאדם עובר ע"				
יוחנן צדוקי	1	Buzina_Denehora20251129	no_match	0.0			"בימי מתתתי׳. בן יוחנן כ״ג חשמונאי והקשה. למה תקנו
					להזכיר בחנוכה. את יוחנן כהן גדול. הא בני חשמונאי
					היו כולם צדיקים ויוחנן שמש בכהונה גדולה פ׳ שנים.
					ולבסוף נעשה צדוקי. ותירץ כשאדם עובר ע"				
חננ	1	Buzina_Denehora20251129	no_match	0.0			"בימי מתתתי׳. בן יוחנן כ״ג חשמונאי והקשה. למה תקנו
					להזכיר בחנוכה. את יוחנן כהן גדול. הא בני חשמונאי
					היו כולם צדיקים ויוחנן שמש בכהונה גדולה פ׳ שנים.
					ולבסוף נעשה צדוקי. ותירץ כשאדם עובר ע"				
יוחנ	1	Buzina_Denehora20251129	no_match	0.0			"בימי מתתתי׳. בן יוחנן כ״ג חשמונאי והקשה. למה תקנו
					להזכיר בחנוכה. את יוחנן כהן גדול. הא בני חשמונאי
					היו כולם צדיקים ויוחנן שמש בכהונה גדולה פ׳ שנים.
					ולבסוף נעשה צדוקי. ותירץ כשאדם עובר ע"				
ן	1	Buzina_Denehora20251129	no_match	0.0			"בימי מתתתי׳. בן יוחנן כ״ג חשמונאי והקשה. למה תקנו
					להזכיר בחנוכה. את יוחנן כהן גדול. הא בני חשמונאי
					היו כולם צדיקים ויוחנן שמש בכהונה גדולה פ׳ שנים.
					ולבסוף נעשה צדוקי. ותירץ כשאדם עובר ע"				
חנוב״י	1	Buzina_Denehora20251129	no_match	0.0			"בימי מתתתי׳. בן יוחנן כ״ג חשמונאי והקשה. למה תקנו
					להזכיר בחנוכה. את יוחנן כהן גדול. הא בני חשמונאי
					היו כולם צדיקים ויוחנן שמש בכהונה גדולה פ׳ שנים.
					ולבסוף נעשה צדוקי. ותירץ כשאדם עובר ע"				
נר	1	Buzina_Denehora20251129	no_match	0.0			"בימי מתתתי׳. בן יוחנן כ״ג חשמונאי והקשה. למה תקנו
					להזכיר בחנוכה. את יוחנן כהן גדול. הא בני חשמונאי
					היו כולם צדיקים ויוחנן שמש בכהונה גדולה פ׳ שנים.
					ולבסוף נעשה צדוקי. ותירץ כשאדם עובר ע"				
חנוכח	1	Buzina_Denehora20251129	no_match	0.0			"בימי מתתתי׳. בן יוחנן כ״ג חשמונאי והקשה. למה תקנו
					להזכיר בחנוכה. את יוחנן כהן גדול. הא בני חשמונאי
					היו כולם צדיקים ויוחנן שמש בכהונה גדולה פ׳ שנים.
					ולבסוף נעשה צדוקי. ותירץ כשאדם עובר ע"				
"נחום מטשירנאביל זצלה""ה"	1	Buzina_Denehora20251129	phonetic	0.455	Tsadik_014.001		"כאשר נתקבל הרב הק׳ ר׳ נחום מטשירנאביל זצלה""ה בפעם
					ראשון לרב ומגיד. נתקבל בכבוד גדול. וכאשר שמע
					רבי ר׳ ברוך נ״ע. מהכבוד הגדול שעשו לו. אמר אם לעוברי
					רצונו כך לעושי רצונו עאכ״ו. ותיכף פיר"				
ברוך נ״	1	Buzina_Denehora20251129	no_match	0.0			"כאשר נתקבל הרב הק׳ ר׳ נחום מטשירנאביל זצלה""ה בפעם
					ראשון לרב ומגיד. נתקבל בכבוד גדול. וכאשר שמע
					רבי ר׳ ברוך נ״ע. מהכבוד הגדול שעשו לו. אמר אם לעוברי
					רצונו כך לעושי רצונו עאכ״ו. ותיכף פיר"				
פרש״י	1	Buzina_Denehora20251129	no_match	0.0			"ע״ד צחות
					אולי לא תלך האשה אחרי פרש״י אלי כתיב. בת הי' לו
					לאליעזר. והי׳ מחזר וכו'. אמר לי׳ אברהם אתה ארור
					והוא ברוך ואין ארור. מדבק בברוך ולכאורה קשה. איפכא
					הוה לי׳ למימר. ואין ברוך"				
יעקב אבינו	1	Buzina_Denehora20251129	name_exact	0.95	Biblical_Jacob		"מה שאמר יעקב אבינו ע""ה כי ירא אנכי אותו. פי׳ על כי
					עשיתי את עצמי לאותו. היינו לעשו שאמרתי אנכי
					עשו בכורך :"				
רחל	1	Buzina_Denehora20251129	no_match	0.0			"ראשי חרשים לעמך. ר""ת רחל שהיא השראת השכינה
					והתחדשות המוחין לישראל :"				
הי׳	1	Buzina_Denehora20251129	no_match	0.0			"נכדו הרב ר׳ יחיאל מיכל כשהי׳ ילד קטן היו משחק את
					עצמו במחבאים עם ילד אחר. והחביא א״ע הרב
					הנ""ל ושתה במחבא זמן רב בסוברו שהילך מחפשו ולא יוכל
					למצאנו. אך בראותו ששהה ביותר יצא מהמחבא ולא מ"				
צווע בענקינש	1	Buzina_Denehora20251129	no_match	0.0			"פ""א נכנס אצלו אחד מצדיקי הדור. אמר הרב ז""ל למשרתו לך
					לחדר שלי ושם עומדים שני בענקליך. קח אחד ואתן לאותו
					צדיק שישב עליו. ומיד הרגיש אותו צדיק שיש לו כוונה מיוחדת
					באריכת לשונו. ושאל פי' ה"				
דיא צווע	1	Buzina_Denehora20251129	no_match	0.0			"ראיתי אז איר בענקט ניט נאך השי""ת. ע""כ צויתי להביא לכם
					הבענקיל פין דיא צווע בענקייניש :"				
מעך	1	Buzina_Denehora20251129	no_match	0.0			"פ""א בבהמ""ז כאשר בא לאלו התיבות קדושנו קדוש יעקב הי'
					מתחטא לפני המקום כבן המתחטא לפני אביו. ואמר קדושנו
					העליג מעך וארים קדוש יעקב הלאך כאשר רצית קדשת את
					יעקב עכ״ל"				
ארים	1	Buzina_Denehora20251129	no_match	0.0			"פ""א בבהמ""ז כאשר בא לאלו התיבות קדושנו קדוש יעקב הי'
					מתחטא לפני המקום כבן המתחטא לפני אביו. ואמר קדושנו
					העליג מעך וארים קדוש יעקב הלאך כאשר רצית קדשת את
					יעקב עכ״ל"				
יעקב חקיק	1	Buzina_Denehora20251129	no_match	0.0			"ומענין קדושת יעקב שמענו אומרים בשם הה״ק ר׳ משה
					מסיווראן זצולל""ה, כי ביאר מאמר הגמרא חולין פ׳
					ליד הנשה על פ' והנה מלאכי אלקים עולים ויורדים בו. תנא
					עולים ומסתכלים בדיוקנו של מעלה ויורדין"				
סכיני׳ פרש״י	1	Buzina_Denehora20251129	no_match	0.0			"ומענין קדושת יעקב שמענו אומרים בשם הה״ק ר׳ משה
					מסיווראן זצולל""ה, כי ביאר מאמר הגמרא חולין פ׳
					ליד הנשה על פ' והנה מלאכי אלקים עולים ויורדים בו. תנא
					עולים ומסתכלים בדיוקנו של מעלה ויורדין"				
"ר""ש בן לוי"	1	Buzina_Denehora20251129	no_match	0.0			"ומענין קדושת יעקב שמענו אומרים בשם הה״ק ר׳ משה
					מסיווראן זצולל""ה, כי ביאר מאמר הגמרא חולין פ׳
					ליד הנשה על פ' והנה מלאכי אלקים עולים ויורדים בו. תנא
					עולים ומסתכלים בדיוקנו של מעלה ויורדין"				
"יעקב
					אבינו"	1	Buzina_Denehora20251129	name_exact	0.95	Biblical_Jacob		"בעו לסכינים הנ""ל בעו להזיקו. וגם מה שפרש״י להצילו מן השרב
					מנ""ל דווקא מן השרב. ותירץ מאמר הגמרא הנ""ל עפ""י מה דאיתא
					במדרש והנה מלאכי אלקים עולים ויורדים. עולים שנים ויורדים
					שנים אלו שרי א"				
"פנחס זצלה""ה"	1	Buzina_Denehora20251129	no_match	0.0			"פ״א דבר מהמפורסמים שבדורו. וחרה עליהם בחרי אף
					גדול. אשר מתעטפים בטלית שאינם שלהם ואומרים
					תורה. עפ""י קבלה. ומתפללים בכוונות. ואמר רצוני לשאול
					להם על הכוונות. שהמה מתפללים. היודעים המה מה"				
הר׳ פנחס	1	Buzina_Denehora20251129	phonetic	0.4	Tsadik_017.002		"פ״א דבר מהמפורסמים שבדורו. וחרה עליהם בחרי אף
					גדול. אשר מתעטפים בטלית שאינם שלהם ואומרים
					תורה. עפ""י קבלה. ומתפללים בכוונות. ואמר רצוני לשאול
					להם על הכוונות. שהמה מתפללים. היודעים המה מה"				
זאח	1	Buzina_Denehora20251129	no_match	0.0			"פ״א דבר מהמפורסמים שבדורו. וחרה עליהם בחרי אף
					גדול. אשר מתעטפים בטלית שאינם שלהם ואומרים
					תורה. עפ""י קבלה. ומתפללים בכוונות. ואמר רצוני לשאול
					להם על הכוונות. שהמה מתפללים. היודעים המה מה"				
זקיני	1	Buzina_Denehora20251129	no_match	0.0			"פ״א דבר מהמפורסמים שבדורו. וחרה עליהם בחרי אף
					גדול. אשר מתעטפים בטלית שאינם שלהם ואומרים
					תורה. עפ""י קבלה. ומתפללים בכוונות. ואמר רצוני לשאול
					להם על הכוונות. שהמה מתפללים. היודעים המה מה"				
בני מו׳	1	Buzina_Denehora20251129	no_match	0.0			"[החסיד המקורב המובא בהקדמה יספר נפלאות שראה ממנו
					כשבקשו על ב״מ בנו] בני מו׳ שלמה נולד תיכף"				
בוצינא דנהירא	1	Buzina_Denehora20251129	no_match	0.0			בוצינא דנהירא				
"חיים
					טשערניוויצער"	1	Buzina_Denehora20251129	no_match	0.0			"סיפר ר׳ אביגדר מק׳ ליטין שנסע הרב הק' ר׳ חיים
					טשערניוויצער מן וואליחיי מק' באטישאהן לק׳ מעזיביז.
					על קבר הבעש״ט. וכשבא לק׳ מעזיבוז. לא הי׳ הרב ר״ר ברוך
					בביתו. שיום אז קודם ביאת הרב ר׳ חי"				
וואליחיי מק' באטישאהן	1	Buzina_Denehora20251129	no_match	0.0			"סיפר ר׳ אביגדר מק׳ ליטין שנסע הרב הק' ר׳ חיים
					טשערניוויצער מן וואליחיי מק' באטישאהן לק׳ מעזיביז.
					על קבר הבעש״ט. וכשבא לק׳ מעזיבוז. לא הי׳ הרב ר״ר ברוך
					בביתו. שיום אז קודם ביאת הרב ר׳ חי"				
הר׳ אביגדור	1	Buzina_Denehora20251129	no_match	0.0			"סיפר ר׳ אביגדר מק׳ ליטין שנסע הרב הק' ר׳ חיים
					טשערניוויצער מן וואליחיי מק' באטישאהן לק׳ מעזיביז.
					על קבר הבעש״ט. וכשבא לק׳ מעזיבוז. לא הי׳ הרב ר״ר ברוך
					בביתו. שיום אז קודם ביאת הרב ר׳ חי"				
"פעם
					א׳"	1	Buzina_Denehora20251129	no_match	0.0			"סיפר ר׳ אביגדר מק׳ ליטין שנסע הרב הק' ר׳ חיים
					טשערניוויצער מן וואליחיי מק' באטישאהן לק׳ מעזיביז.
					על קבר הבעש״ט. וכשבא לק׳ מעזיבוז. לא הי׳ הרב ר״ר ברוך
					בביתו. שיום אז קודם ביאת הרב ר׳ חי"				
ימינאדע	1	Buzina_Denehora20251129	no_match	0.0			"סיפר ר׳ אביגדר מק׳ ליטין שנסע הרב הק' ר׳ חיים
					טשערניוויצער מן וואליחיי מק' באטישאהן לק׳ מעזיביז.
					על קבר הבעש״ט. וכשבא לק׳ מעזיבוז. לא הי׳ הרב ר״ר ברוך
					בביתו. שיום אז קודם ביאת הרב ר׳ חי"				
אב	1	Buzina_Denehora20251129	no_match	0.0			"על מה שאיני מברך. כי שהיתי לימינאדע קודם ביאתכם וישבו
					שניהם על כסאות ולא דברו כלום. רק אלו הדברים. שאמר
					הרב ר""ח להרב ר״ב אני נוסע על קבר הבעש""ע ובאתי לשאול
					לכם אם תסכימו ע״ז. להיות על ק"				
מדי	1	Buzina_Denehora20251129	no_match	0.0			"על מה שאיני מברך. כי שהיתי לימינאדע קודם ביאתכם וישבו
					שניהם על כסאות ולא דברו כלום. רק אלו הדברים. שאמר
					הרב ר""ח להרב ר״ב אני נוסע על קבר הבעש""ע ובאתי לשאול
					לכם אם תסכימו ע״ז. להיות על ק"				
ר׳	1	Buzina_Denehora20251129	no_match	0.0			"על מה שאיני מברך. כי שהיתי לימינאדע קודם ביאתכם וישבו
					שניהם על כסאות ולא דברו כלום. רק אלו הדברים. שאמר
					הרב ר""ח להרב ר״ב אני נוסע על קבר הבעש""ע ובאתי לשאול
					לכם אם תסכימו ע״ז. להיות על ק"				
מסיקאל	1	Buzina_Denehora20251129	no_match	0.0			"הרב מסיקאל. מאוד הפליא לפניו את רב אחד לצדיק גדול.
					ושאל אותו רר""ב. על מדותיו. ואמר לו הרב מסיקאל
					שהוא לוקח מעט מעות: אמר לו הרב ר״ב אדרבה בשביל שהוא
					ליקח מעט מעות. נראה שאינו גדול כמו ש"				
סדילקוב	1	Buzina_Denehora20251129	no_match	0.0			"סיפר הר׳ ליב מלעטיטשוב. שהוא הי׳ מלמד אצל הרב הק'
					הר׳ משה חיים אפרים מסדילקיב נכד הבעש""ט בילדותו
					הי׳ יושב עם הבעש""ט אצל השלחן. פתאום אמר לו הבעש״ט אם
					תרצה אראה לך דבר: אמר לו הן. צוה הב"				
ר' ברוך ממעזיביז	1	Buzina_Denehora20251129	name_exact	0.95	Tsadik_001.015		"אגרת הקודש אשר שלח הרב הקדוש
					רבי ר' ברוך ממעזיביז נ""ע להרב הקדוש
					המפורסם מוהר״ר מנחם מענדיל
					זצלה""ה מוויטיפסק לאה״ק תוב״ב"	H-LOC_55			
"מוהר""ר יעקב שמשון
					משפיטיפקע"	1	Buzina_Denehora20251129	phonetic	0.652	Tsadik_035.001		"אגרת קודש אשר שלח מאה""ק הרב
					הגאון הק׳ מוהר""ר יעקב שמשון
					משפיטיפקע זצלה""ה אל הרב הקדוש
					רבי ר׳ ברוך נבג״מ ממעזיביז"				
מטי	1	Buzina_Denehora20251129	no_match	0.0			"מאת קטן עבדיו. מתענג בנופת מוסריו מתעלס בתוכחותיו
					המגולות. מתחמם נגד אור יקרתו. נושא גחלתו ורצפתו
					לגעת אל פיו. בוטח בחסד המלובש ובמעיל הצדקה מלהכוות. משתחוה
					מרחוק בכובד ראש. ושא עינים. "				
שמשון בן ראסי'	1	Buzina_Denehora20251129	no_match	0.0			"מאת קטן עבדיו. מתענג בנופת מוסריו מתעלס בתוכחותיו
					המגולות. מתחמם נגד אור יקרתו. נושא גחלתו ורצפתו
					לגעת אל פיו. בוטח בחסד המלובש ובמעיל הצדקה מלהכוות. משתחוה
					מרחוק בכובד ראש. ושא עינים. "				
משה מקיטוב	1	Buzina_Denehora20251129	phonetic	0.5	Biblical_Moses		"אגרת הקודש אשר שלח הבעש״ט
					הקדוש נבג״מ להרב הק' המפורסם
					וכו' מוהר""ר משה מקיטוב זצוקללהה ."				
"אשלי
					rברבי"	1	Buzina_Denehora20251129	no_match	0.0			"שלמא יסני להאי גברא רבא ויקירא. אשל נטוע להני אשלי
					rברבי. בוצינא דנהורא. זית שופכני עסים רמוני.
					ה""ה הרב המאור הגדול. משנתו ברור וזך כשמשא. פ""ש תפארתו
					משה נרו יאיר כשמשא בצהרים"				
ריקנא	1	Buzina_Denehora20251129	no_match	0.0			"הנה נחתי וסלקי ברעותא דמר ודרכתי בקום ועשה. ונחצתי
					בנחיצה לנסוע לק' הארידענקא. ותקנתי הדבר על נכון כצבותא
					דמר. וגם אודות השאלה אשר שאלתם. גם מזה לא הנחתי ידי וחזרתי
					אחר הני אורחי ופרחי "				
אליעזר מטלוסט	1	Buzina_Denehora20251129	no_match	0.0			"הכ״ד ישראל במוהר""ר אליעזר מטלוסט :"				
משה נרו יאיר	1	Buzina_Denehora20251129	no_match	0.0			"הנהו אומרן קרבין ונחתין לגבוה משלחן גבוה קא זכי לי׳ רחמנא
					ה""ה הרב המאור הגדול. שבח עוז ומגדל נ""י פ""ה ע""ה
					כ""ש תפארתו מוהר״ר משה נרו יאיר כצאת השמש כגבורתו מק'
					טלוסט לק׳ קיטוב יצ""ו:"				
יעקב יוסף הכהן מפילינאה	1	Buzina_Denehora20251129	phonetic	0.385	Tsadik_008.001		"אגרת הקודש ששלח הבעש״ט הקודש
					נבג״מ אל הרב הקדוש המפורסם מוה""ר
					יעקב יוסף הכהן מפילינאה בעל
					מחבר ספר תולדות יעקב יוסף"				
נ	1	Buzina_Denehora20251129	no_match	0.0			"ליד אהובי א״נ הרב המאור הגדול נ""י פ""ה ע""ה המפורסם
					בחסידות החכם השלם המופלא. עושה פלא הנצמד
					בקירות לבבי. דבק מאח לי כבוד מוהר""ר יוסף הכהן נ״י."				
כבוד	1	Buzina_Denehora20251129	no_match	0.0			"ליד אהובי א״נ הרב המאור הגדול נ""י פ""ה ע""ה המפורסם
					בחסידות החכם השלם המופלא. עושה פלא הנצמד
					בקירות לבבי. דבק מאח לי כבוד מוהר""ר יוסף הכהן נ״י."				
"מוהר""ר יוסף הכהן נ״י"	1	Buzina_Denehora20251129	no_match	0.0			"ליד אהובי א״נ הרב המאור הגדול נ""י פ""ה ע""ה המפורסם
					בחסידות החכם השלם המופלא. עושה פלא הנצמד
					בקירות לבבי. דבק מאח לי כבוד מוהר""ר יוסף הכהן נ״י."				
אהרן מפאווליוויטש	1	Buzina_Denehora20251129	no_match	0.0			"אחר אשר זכני ד׳ ליהנות מאור פני מלך חיים. מדי היות
					מסתופף בצל קדשו. ובחזרה עשיתי למז״ט שידוך עם בני
					שיחי׳ עם נכד של הרב בוצינא קדישא מו״ה אהרן מפאווליוויטש
					זלה""ה. וידעתי בטוב אדוני כי ח"				
משה צבי	1	Buzina_Denehora20251129	phonetic	0.5	Biblical_Moses		"נאום משה צבי בהרב מו""ה שמעון שלמה זלה""ה
					חונה פה סיווראן"				
נחום נבג״	1	Buzina_Denehora20251129	no_match	0.0			"העתקה מכ""י קודש הרב הצדיק המפורסם איש אלקי ר'
					מרדכי זצוקלל""ה מטשירנאביל. אשר כתב על
					היהודים בשנה הראשונה אחרי הלקח ארון אלקים. אביו הקדוש
					הרב ר׳ נחום נבג״מ :"				
נבוכדנצר	1	Buzina_Denehora20251129	no_match	0.0			"בגזירת עירין פתגמין. ובמאמר קדישין שאילתין בצירוף קוב״ה
					ושכנתי׳ בנידן מחזיקי ארענדים עפ״י כתב מהשר.
					איפסקא הלכתא. בתשובת ב״ח שדין חזקה יש להם. אעפ""י שעדיין
					לא התחיל החוכר להשתמושי בתשמו"				
מרדכי באאמו״ר	1	Buzina_Denehora20251129	phonetic	0.357	Tsadik_036.001		"מרדכי באאמו״ר מ׳ מנחם נחום הנ""ט
					מטשירנאביל ושארי קהילות ק׳ :"				
"מנחם נחום הנ""ט
					מטשירנאביל"	1	Buzina_Denehora20251129	phonetic	0.538	Tsadik_014.001		"מרדכי באאמו״ר מ׳ מנחם נחום הנ""ט
					מטשירנאביל ושארי קהילות ק׳ :"				
נחום מטשירנאביל	1	Buzina_Denehora20251129_corrected	phonetic	0.625	Tsadik_014.001		"כאשר נתקבל הרב הק׳ ר׳ נחום מטשירנאביל זצלה""ה בפעם
					ראשון לרב ומגיד. נתקבל בכבוד גדול. וכאשר שמע
					רבי ר׳ ברוך נ״ע. מהכבוד הגדול שעשו לו. אמר אם לעוברי
					רצונו כך לעושי רצונו עאכ״ו. ותיכף פיר"				
צ״ח	1	Buzina_Denehora20251129_corrected	no_match	0.0			"סיפר ר׳ אביגדר מק׳ ליטין שנסע הרב הק' ר׳ חיים
					 מן טשערניוויצערוואליחיי מק' באטישאהן לק׳ מעזיביז.
					על קבר הבעש״ט. וכשבא לק׳ מעזיבוז. לא הי׳ הרב ר״ר ברוך
					בביתו. שיום אז קודם ביאת הרב ר׳ חי"				
"בעש""ע"	1	Buzina_Denehora20251129_corrected	no_match	0.0			"על מה שאיני מברך. כי שהיתי לימינאדע קודם ביאתכם וישבו
					שניהם על כסאות ולא דברו כלום. רק אלו הדברים. שאמר
					הרב ר""ח להרב ר״ב אני נוסע על קבר הבעש""ע ובאתי לשאול
					לכם אם תסכימו ע״ז. להיות על ק"				
"רר""ב"	1	Buzina_Denehora20251129_corrected	no_match	0.0			"הרב מסיקאל. מאוד הפליא לפניו את רב אחד לצדיק גדול.
					ושאל אותו רר""ב. על מדותיו. ואמר לו הרב מסיקאל
					שהוא לוקח מעט מעות: אמר לו הרב ר״ב אדרבה בשביל שהוא
					ליקח מעט מעות. נראה שאינו גדול כמו ש"				
ליב מלעטיטשוב	1	Buzina_Denehora20251129_corrected	name_exact	0.85	Tsadik_012.048		"סיפר הר׳ ליב מלעטיטשוב. שהוא הי׳ מלמד אצל הרב הק'
					׳ הרמשה חיים אפרים מסדילקיב נכד הבעש""ט בילדותו
					הי׳ יושב עם הבעש""ט אצל השלחן. פתאום אמר לו הבעש״ט אם
					תרצה אראה לך דבר: אמר לו הן. צוה הב"				
ר״ב מפרשיסחא	1	Dvarim-Yekarim2025-12-01_gemini	phonetic	0.5	Tsadik_001.015		"ח״א סיפר לי איך בימי הקדוש הרבי מלובלין זצלה״ה זי״ע
					העם אשר הי׳ אצלו בר״ה ויוה״כ אחר יו״כ הלכו אצלו
					ושאלו אותו איך הי' חתימתם אם לטובה וענה אותם על שאלתם
					כי הוא ראה ברוה״ק. ובא אליו גם "	H-LOC_63			
"המהר""ל מפראג"	1	Dvarim-Yekarim2025-12-01_gemini	no_match	0.0			"מעשה נורא מהרה״ג הקדוש המהר""ל מפראג זי""ע"	H-LOC_142			
מאטילי המגיד מטשערנאביל	1	Dvarim-Yekarim2025-12-01_gemini	phonetic	0.474	Tsadik_014.001		"כבוד הרה״צ הק׳ ר׳ מאטילי המגיד מטשערנאביל זצלה״ה
					זי״ע ידוע לכל דרכו בקודש אשר נסע תמיד לערי ישראל
					וקיבץ מעות הרבה. אמרו אשר פרנס צדיקים נסתרים. פ״א בא
					לעיר אחת אשר הי׳ שם מחסידי׳ חולה מ"	H-LOC_31			
"הר""נ"	1	Dvarim-Yekarim2025-12-01_gemini	no_match	0.0			"ובוודאי כאשר ישיג המכתב יעמידנו בג״ע בטח. וכן הי׳ כאשר
					הלכו כל הפמליא של מעלה הנשמות הראו לו את הרב ר׳ נחום ז""ל
					ומיד הלך הנפטר ונתן לו המכתב. ומחמת כי הרב הי' טרוד
					בהליכה לא קרא המכתב ר"				
ישראל המגיד מקאזניץ	1	Hitgalut-HaZadikim2025-12-01_gemini	phonetic	0.643	Tsadik_042.001		"מעשה נוראה מאד מרבינו הקדוש א״א ר׳ ישראל המגיד מקאזניץ
					זצוקללה""ה ."	H-LOC_151			
קשאנזי שאטרינסקי	1	Hitgalut-HaZadikim2025-12-01_gemini	no_match	0.0			"רבינו המגיד הקדוש מקאזניץ זי""ע היה דרכו בקודש לעמוד ולהתפלל
					בעצמו לפני התיבה בימים הנוראים כידוע. פעם אחת ביוה״כ
					הלך המגיד זצללה""ה להתפלל כל נדרי. ויהי בגשתו אל התיבה עמד א״ע שם זמן
					רב "				
אפרים פישל	1	Hitgalut-HaZadikim2025-12-01_gemini	phonetic	0.375	Tsadik_001.010		"המפורסם איש אמיתי מוהר״ר אפרים פישל שיחי׳ מעיר פילוב הנ""ל שקיבל איש
					מפי איש חסידים אמיתים זללה״ה) *) :"				
הבית יוסף	1	Hitgalut-HaZadikim2025-12-01_gemini	no_match	0.0			"הרבי מלובלין תחילת משכנו היה בעיר „לאנצהוט"" במדינת גאליציען. ושם הי'
					איש א' מפשוטי העם אשר בכח הגדת תהלים בכוונה רבה זכה למלאך
					מגיד מן השמים אשר היה נגלה אליו לפרקים כמו שהיה אצל מרן רבינו ה"				
בוצ״נ	1	Hitgalut-HaZadikim2025-12-01_gemini	no_match	0.0			"[הה״ג הי״פ רמ״י ז״ל אבד״ק קלימינטוב בשם חותנו הה״ק הגאון המפ׳ בוצ״נ
					ז""ל הרבי מאופלא]"				
גאלדאלי	1	Hitgalut-HaZadikim2025-12-01_gemini	no_match	0.0			"הרב הקדוש היהודי מפרשיסחא זצוקללה""ה בימי חורפו היה מקום משכנו בעיר
					אפטא. כי היה שם חתן בעה״ב אחד אשר היה מחזיק בית מזיגה. והבית
					מזיגה היתה נקראת על שם חמותו גאלדאלי. כי היא היתה הנושאת ונותנ"				
אורי מסטרעליסק	1	Hitgalut-HaZadikim2025-12-01_gemini	name_exact	0.95	Tsadik_057.001		"התגלות הרה״ק מרן הרבי ר׳ אורי מסטרעליסק זצוקללה""ה"	H-LOC_209			
אוריי	1	Hitgalut-HaZadikim2025-12-01_gemini	phonetic	0.667	Tsadik_057.001		"בימי בחרותו היה מסתופף בצל קדושת רבינו שלמה מקארלין ובצל קדושת
					רבינו זאב בעהמח״ס אור המאיר זי״ע ואח״כ נטל רשות מהרה״ק רבי זאב
					ליסע לביתו. ובא לביתו לעיר לעמבורג ומקום דירתו היה במרתף צר וקטן"				
וואפטשי לעמבורגער	1	Hitgalut-HaZadikim2025-12-01_gemini	no_match	0.0			"[הרב רמ״י ז""ל הנ״ל בשם הה״צ המפורסם ר׳ וואפטשי לעמבורגער.
					זצ״ל תלמיד מובהק של רבינו אורי הנ״ל]"				
נטע וולאדווער	1	Hitgalut-HaZadikim2025-12-01_gemini	no_match	0.0			"[הרב הגה״צ רמ״י ז״ל הנ״ל מפה קדוש הגה״צ ר׳ נטע וולאדווער זצ״ל
					תלמיד מובהק של רבינו]"				
יששכר דוב	1	Hitgalut-HaZadikim2025-12-01_gemini	no_match	0.0			התגלות הרה״ק מופה״ד הרבי ר׳ יששכר דוב זצוקללה״ה מראדשיץ				
ישכר דוב	1	Hitgalut-HaZadikim2025-12-01_gemini	no_match	0.0			"הרב הגדול חסידא ופרישא המפורסם כקש״ת ר׳ מאיר יהושע ז""ל האב""ד דק'
					קלמנטוב. חתן הרב הגאון הקדוש הרבי ר׳ ליביש אבד״ק אופלא ואוזראב
					זצוקללה""ה. סיפר בעת אשר נתקבל לרבנות ראשונה לק״ק ריווץ. נסע לר"				
סעודיה גאון	1	Hitgalut-HaZadikim2025-12-01_gemini	no_match	0.0			"מעשה וענין נורא מאוד מרבינו סעודיה גאון ז""ל"				
סעדי׳ גאון	1	Hitgalut-HaZadikim2025-12-01_gemini	no_match	0.0			"פעם אחד בא אצלו אחד מתלמידיו. פתאום בלילה. ומצא אותו שהיה מתגלגל
					בשלג. והיה התלמיד עומד ומשתומם ונחרד ונרתת ואמר לו רבי רבי
					כלום ח״ו אתם צריכים לתשובה ביסורים וסיגופים גדולים כאלה בגילגול של"				
הירש מבאלחוב	1	Hitgalut-HaZadikim2025-12-01_gemini	no_match	0.0			"סיפר לי הרב ר׳ הירש מבאלחוב ששמע מפי מגידי אמת שהגאון רבי ר' העשיל
					ז״ל בשנת ת״ח הלך לעיר ווינא. והיה שם אב""ד מוהר״ר שעפטיל זצ""ל
					בעהמ״ח ספר ווי העמודים ולא החשיב כ״כ להרבי ר' העשיל. והרבי ר' "	H-LOC_118			
"הש""ך"	1	Hitgalut-HaZadikim2025-12-01_gemini	no_match	0.0			"עוד סיפר שהרב הגאון בעל הש""ך זצ""ל רץ שש שעות לפני עגלה של הגאון רב
					העשיל זצ""ל והיה מראה לו קונטרס מש""ך בהעגלה. והיה אומר לו שטעה
					איזה טעות. ועכ""ז יתמיד וכל זה שמע הרב הנ""ל מהגאונים קושט דברי"				
רחיד״א	1	Hitgalut-HaZadikim2025-12-01_gemini	no_match	0.0			"עוד סיפר שהרב הגאון בעל הש""ך זצ""ל רץ שש שעות לפני עגלה של הגאון רב
					העשיל זצ""ל והיה מראה לו קונטרס מש""ך בהעגלה. והיה אומר לו שטעה
					איזה טעות. ועכ""ז יתמיד וכל זה שמע הרב הנ""ל מהגאונים קושט דברי"				
יוסף שאול נאטינזאהן	1	Hitgalut-HaZadikim2025-12-01_gemini	no_match	0.0			"הגאון הגדול מוהר״ר יוסף שאול נאטינזאהן ז""ל האבד״ק לעמבערג כי
					להמקובל הגאון הקדוש ר׳ שמשון זצ""ל מאוסטראפאלע נתגלה שיהיה חלקו
					בג״ע ביחד עם הגאון הקדוש רשכבה""ג רבי ר' העשיל זצ""ל ורצה לתהות על ק"				
חיים מאיר יחיאל	1	Hitgalut-HaZadikim2025-12-01_gemini	phonetic	0.444	tempH-70		"סיפר הרב הגאון הקדוש מופה""ד מרן ר׳ חיים מאיר יחיאל
					זצוקללה""ה הרבי ממאגלניצע"				
הר״ת	1	Hitgalut-HaZadikim2025-12-01_gemini	no_match	0.0			"הגאון הקדוש רשכבה״ג רבי ר׳ העשיל זצוק״ל היה מחזיק אצלו איש צדיק גדול
					אחד שיהיה לו למוכיח תמיד. פעם אחת בבוקר קודם התפלה היה לו עיון גדול
					באיזה דיבור תוס׳. והיה מתאחר בשביל זה מלכנוס לבית הכנ"				
יעקב מלובלין	1	Hitgalut-HaZadikim2025-12-01_gemini	phonetic	0.562	Tsadik_041.001		"הגאון רבי ר׳ העשיל זצ""ל אבד""ק קראקא בן הגאון מוהר״ר יעקב מלובלין בכל
					הארץ יצא קו תהלתו. ושמעתי מאדם גדול זקן שקיבל שהגיד הגאון החסיד
					בעל השל""ה בחלום שהרבי ר' העשיל הוא נשמת ר""ת ויזהרו מאוד ב"	H-LOC_56			
יצחק מדראוויטש	1	Hitgalut-HaZadikim2025-12-01_gemini	no_match	0.0			"מלבם דברים האלו להפחידך. והאיש הזה כשמעו דבר זה נתן ת״ח להמשמש הנ""ל
					אשר הציל את נפשו מבוא בדמים. כי אם דיבר דברי שוא האלו לפני רבינו הקדוש
					אז שרפו בהבל פיו הקדוש. ויצא מלפניו ופגע באנשים וסי"				
ליביש שידלאווצער	1	Hitgalut-HaZadikim2025-12-01_gemini	no_match	0.0			"דרכו בקודש של הרבי ר׳ אלימלך זצלה""ה היה. כי לא היה רשאי ללון בביתו
					שום מעות אף פרוטה אחת. וכן הורגל במדה זו עד שלא היה יכול לישן
					בשום אופן. באם היה מונח באיזה מקום או באיזה תיבה שום מטבע וכן"				
לייביש	1	Hitgalut-HaZadikim2025-12-01_gemini	no_match	0.0			"שוחקות. שמע בני אם באמת אתה רוצה לילך ורק מניעתך הוא יען שאינך יודע
					הבית אשר שם משכן קדשו של הרבי שמעני ואומר לך שתדע בעצמך אנה
					להלוך. תלך החוצה מבית הזה. ותשים פניך לנגדר הרחק מעט. ואז כאשר"				
"הרמ""י"	1	Hitgalut-HaZadikim2025-12-01_gemini	no_match	0.0			"הנה אנכי צויתיך להשאיר העוף הזה על סעודת שחרית כי היה בהעוף הזה נשמה
					של איזה איש חסיד (אשר לא ניתן שמו להגלות) אשר היה צריך תיקון.
					ובא אלי. ובקש אותי שאוכל מאותו הגוף לתקו אותו. לזאת יען כי "				
"זושא
					מהאניפלע"	1	Hitgalut-HaZadikim2025-12-01_gemini	phonetic	0.375	Tsadik_020.001		"מעשה נורא מהרב איש אלקים קדוש ונורא הרבי ר׳ זושא
					מהאניפלע זצוק""ל ."				
יחזקאל מקאזמיר	1	Hitgalut-HaZadikim2025-12-01_gemini	no_match	0.0			"הרב הצדיק בוצינא קדישא המפורסם מרן ר׳ יחזקאל מקאזמיר זצוקללה""ה ישב
					פעם אחת בסעודה עם אנשי שלומיו ביומא הלולא של רבינו הגאון הקדוש
					זצוק""ל מבארדיטשוב הנ""ל. ושאל הרה״ק ר׳ יחזקאל לאנ""ש אם יש בכא"	H-LOC_647			
"יהושע העשיל
					מאפטא"	1	Hitgalut-HaZadikim2025-12-01_gemini	name_exact	0.95	Tsadik_043.003		"מעשה נפלאה מהגאון הקדוש רבינו יהושע העשיל
					מאפטא בעל אוהב ישראל."	H-LOC_133			
היהודי הקדוש	1	Hitgalut-HaZadikim2025-12-01_gemini	no_match	0.0			"סיפר הרב הגדול החסיד המפורסם בנש""ק מוהר״ר אברהם שליט״א האבד״ק
					סטאשוב ופאריסאוו נכד של הרבינו היהודי הקדוש זצוקללה""ה ששמע מפ""ק
					הרב הגאון הקדוש ציס״ע הרבי ר׳ העניך זצוק״ל מאלקסאנדר שפעם אחת יש"				
"היהודי
					מפרשיסחא"	1	Hitgalut-HaZadikim2025-12-01_gemini	no_match	0.0			"סיפר הרב הגדול החסיד המפורסם בנש""ק מוהר״ר אברהם שליט״א האבד״ק
					סטאשוב ופאריסאוו נכד של הרבינו היהודי הקדוש זצוקללה""ה ששמע מפ""ק
					הרב הגאון הקדוש ציס״ע הרבי ר׳ העניך זצוק״ל מאלקסאנדר שפעם אחת יש"	H-LOC_63			
"ליביש
					מאפאלע"	1	Hitgalut-HaZadikim2025-12-01_gemini	no_match	0.0			"מעשה נפלאה מהרב הגדול והקדוש המפורסם הרבי ר' ליביש
					מאפאלע ואוזעריב זי""ע"				
ליביש מאפלע	1	Hitgalut-HaZadikim2025-12-01_gemini	no_match	0.0			"סיפר הרב הגדול חסידא ופרישא ר׳ מאיר יהושע זצ""ל האבד״ק קלימנטוב כי
					פעם אחת ביום הושענא רבה בא השוחט לבית חותנו הרב הקדוש
					המפורסם הרבי ר׳ ליביש מאפלע ומאוזראוו זצוק""ל. לשחוט העופות על יו״ט שמ״"				
שמואל שמעלתא	1	Hitgalut-HaZadikim2025-12-01_gemini	phonetic	0.667	Tsadik_017.003		"הדבר אם היה בכאן קצת י״ש נשתית בינינו „חמרא וחיי לפום רבנן"" אז היו יכולים
					לתקן בזה אותו דבר נחוץ שהיה ידוע להם. ענה הרה״ק רש״ש הנ""ל ואמר להם
					אמת שטוב ויפה הדבר. וגם השעה צריכה לכך. אולם מי ו"				
מוהרי״ל מזאקולקוב	1	Hitgalut-HaZadikim2025-12-01_gemini	no_match	0.0			"לדרכו בשמחה רבה ועצומה. ביודעו כי איש עשיר הנהו :
					ויהי למחרת וינחם הרה״ק ר׳ שמואל שמעלקא על הדבר הגדול הזה אשר עשה
					בלילה ההוא. ויתן אל לבו איך ששני גדולים וקדושים הלא הם אביו הקדוש
					והנו"				
"מוהרי""ל מזאקלקוב"	1	Hitgalut-HaZadikim2025-12-01_gemini	no_match	0.0			"לשלחו לעיר לובלין להיות ביו״ט חג הסוכות אצל הרבי הקדוש. וכולי האי ואולי.
					יצמח טובה לבנו הקדוש רש״ש ע״י התאמצות ותפלות הרה״ק הרבי מלובלין. ואולי
					ידבר הרבי מלובלין על לבו דברים טובים וניחומים "				
עיליש	1	Hitgalut-HaZadikim2025-12-01_gemini	no_match	0.0			"(*אמר המאסף אל תתמה על הדבר הזה כי הוא ע""ד שנאמר בקהלת [י׳ כ]
					עוף השמים יוליך את הקול. עיי״ש בתרגום וכי האי דמצינו בגיטין
					דמ״ה ע״א בנמעשה דרב עיליש עיי״ש וכן ב״מ מצינו כן בזוה״ק ובמדרשים.
		"				
ישראל משה חזן	1	Hitgalut-HaZadikim2025-12-01_gemini	no_match	0.0			"מעשה נוראה ונפלאה מסבר איי הים והוא הגהות על ספר ש""ת
					מהגאונים הקדמונים הנדפס בליווארני תרכ״ט עם הג׳ מהגאון ציס״ע
					מוה״ר ישראל משה חזן זצוק""ל אשר העתיק לי הרב הגדול
					ש""ב מוה""ר נתן צבי שליט"				
נתן צבי	1	Hitgalut-HaZadikim2025-12-01_gemini	no_match	0.0			"מעשה נוראה ונפלאה מסבר איי הים והוא הגהות על ספר ש""ת
					מהגאונים הקדמונים הנדפס בליווארני תרכ״ט עם הג׳ מהגאון ציס״ע
					מוה״ר ישראל משה חזן זצוק""ל אשר העתיק לי הרב הגדול
					ש""ב מוה""ר נתן צבי שליט"				
"שמואל
					מקאריב"	1	Hitgalut-HaZadikim2025-12-01_gemini	no_match	0.0			"מעשה נפלאה מהרב הקדוש המפורסם הרבי ר׳ שמואל
					מקאריב זצוק""ל"				
שלמה מקאנסקיוואלי	1	Hitgalut-HaZadikim2025-12-01_gemini	no_match	0.0			"אדוני אבי הרב הגדול חסידא קדישא כק״ש מוהר״ר מרדכי זאב זצ""ל
					האבד״ק קאלביעל בעהמח״ס קול הרמ""ז. הרב הגדול והקדוש המפורסם
					ציס״ע הרבי ר׳ שמואל מקאריב היה נוסע לרבינו הקדוש הרבי מלובלין זי""ע והי'
"				
"ר""ש מקארוב"	1	Hitgalut-HaZadikim2025-12-01_gemini	phonetic	0.5	Tsadik_017.003		"אדוני אבי הרב הגדול חסידא קדישא כק״ש מוהר״ר מרדכי זאב זצ""ל
					האבד״ק קאלביעל בעהמח״ס קול הרמ""ז. הרב הגדול והקדוש המפורסם
					ציס״ע הרבי ר׳ שמואל מקאריב היה נוסע לרבינו הקדוש הרבי מלובלין זי""ע והי'
"	H-LOC_347			
שמואל דוב	1	Hitgalut-HaZadikim2025-12-01_gemini	phonetic	0.429	Tsadik_017.003		"סיפר הרב הקדוש המפורסם ר׳ שמואל דוב שליט״א מבוסקוויטץ כי לאחר פטירת
					הרב הקדוש ונורא ר׳ אורי מסטרעילסק זצוק""ל בא חסיד אחד מאנשי
					שלומיו להסתופף בצל קדושת אדמו״ר הרה״ק הרבי ר׳ בונם זצ""ל מפרשיסח"				
אורי מסטרעילסק	1	Hitgalut-HaZadikim2025-12-01_gemini	phonetic	0.643	Tsadik_057.001		"סיפר הרב הקדוש המפורסם ר׳ שמואל דוב שליט״א מבוסקוויטץ כי לאחר פטירת
					הרב הקדוש ונורא ר׳ אורי מסטרעילסק זצוק""ל בא חסיד אחד מאנשי
					שלומיו להסתופף בצל קדושת אדמו״ר הרה״ק הרבי ר׳ בונם זצ""ל מפרשיסח"				
המג״א	1	Hitgalut-HaZadikim2025-12-01_gemini	no_match	0.0			"(*המאסף מזה נלמוד שהעבודה היותר גדולה בעבדות השי״ת הוא השיפלות.
					ופוק חזי שאפי׳ באדם גדול וקדוש עליון ר׳ שמואל מקאריב הנ""ל היה
					נוגע הדבר עד למאוד ואנן יתמי דיתמי מאי נענין אבתריה. ולא רציתי ל"				
משה סטעניצר מזעליחאוו	1	Hitgalut-HaZadikim2025-12-01_gemini	no_match	0.0			"סיפר הה״ג החסיד ר׳ יעקב יצחק ז""ל האבד״ק סאבין בן הרה״ק המפורסם
					משה סטעניצר מזעליחאוו זצוק""ל אשר פעם אחת היה במאגלניצא בחג
					הסוכות. והיה דרך האנשים אשר שמותם כשמות האושפיזין להעמיד יין ביום או"				
"שמשון הרב דק""ק ראשקוב בן הרב הק׳ דק""ק פולנאי"	1	Khal-Hasidim2024-9-25	no_match	0.0			"שמעתי מהרב הק' ר׳ שמשון הרב דק""ק ראשקוב בן הרב הק׳ דק""ק פולנאי מעשה שהיה איש א׳ ונקרא שמו ר׳
                        אדם וממנו באו הכתבים להבעש״ט כי בא פ״א למערה אחת ומצא שם כתבים שהם רזים וסתרין
    "	H-LOC_68			
"גרשון
                        קיטעבר"	1	Khal-Hasidim2024-9-25	phonetic	0.615	Tsadik_012.007		"שמעתי מהרב הק' ר׳ שמשון הרב דק""ק ראשקוב בן הרב הק׳ דק""ק פולנאי מעשה שהיה איש א׳ ונקרא שמו ר׳
                        אדם וממנו באו הכתבים להבעש״ט כי בא פ״א למערה אחת ומצא שם כתבים שהם רזים וסתרין
    "				
אשת הבעש״ט	1	Khal-Hasidim2024-9-25	phonetic	0.667	Tsadik_001.001		"ויהי אחרי כן שכר הרב מוהר""ג בשבילו איזה כפר שיתפרנס שם ושם
                    קנה שלמות רב כי בנה לעצמו בית התבודדת היער ושם היה מתפלל ולומד כל הימים לרבות
                    הלילות כל השבוע רק משבת"				
"ישראל בעש""ט
                            ממעזיבוז"	1	Khal-Hasidim2024-9-25	phonetic	0.609	Tsadik_001.001		"ראשית דבר שמעתי מפי חותני זצל״ה ה""ה מו״הר אלכסנדר שוחט שהיה
                    אצל הרב החסיד הקדוש רבן של כל בני הגולה מורינו ורבינו מו' ישראל בעש""ט
                            ממעזיבוז שהיה אצלו
   "	H-LOC_55			
"אבד""ק נעמרוב בעל המחבר ספר תולדות יעקב יוסף"	1	Khal-Hasidim2024-9-25	phonetic	0.7	Tsadik_008.001		"ראשית דבר שמעתי מפי חותני זצל״ה ה""ה מו״הר אלכסנדר שוחט שהיה
                    אצל הרב החסיד הקדוש רבן של כל בני הגולה מורינו ורבינו מו' ישראל בעש""ט
                            ממעזיבוז שהיה אצלו
   "				
"אב""ד
                        דק""ק קוטב מו""ה משה"	1	Khal-Hasidim2024-9-25	no_match	0.0			"ועתה אספר הגדולות אשר שמעתי מחמי ז""ל איך היה התגלותו כי הוא ישב בכפר קטן על השענק
                    והיה דרכו כשהביא לאשתו הי""ש הלך להתבודדות בעבר הנהר הנקרא
                        פרוט ושם היה לו "	H-LOC_84			
"צבי
                        סופר"	1	Khal-Hasidim2024-9-25	name_exact	0.95	Tsadik_012.109		"אשר רצה לנסוע לא""י זו המעשה הי' מספר הגאון הקדוש האלקי ר'
                        ישראל דוב
                        מוולעדניק ז״ל ביום שביעי של פסח כל ימיו :
                    הנה בעת אשר הי' הבעש״ט"				
בעל אור החיים	1	Khal-Hasidim2024-9-25	no_match	0.0			"נודע לכל ומפורסם הנסיעה מהבעש״ט ז""ל
                    לארץ הקדושה כי רצה לראות א""ע עם הרב הקדוש האלקי בעל אור החיים ומן השמים עכבוהו והיה לו צרות גדולות בדרך
                    עד שפעם אחת נעצב וסר"				
"אדם
                        בעש״ט"	1	Khal-Hasidim2024-9-25	phonetic	0.667	Tsadik_001.001		"נודע לכל ומפורסם הנסיעה מהבעש״ט ז""ל
                    לארץ הקדושה כי רצה לראות א""ע עם הרב הקדוש האלקי בעל אור החיים ומן השמים עכבוהו והיה לו צרות גדולות בדרך
                    עד שפעם אחת נעצב וסר"				
אפרים מסדילקב	1	Khal-Hasidim2024-9-25	phonetic	0.455	Tsadik_001.010		"נודע לכל ומפורסם הנסיעה מהבעש״ט ז""ל
                    לארץ הקדושה כי רצה לראות א""ע עם הרב הקדוש האלקי בעל אור החיים ומן השמים עכבוהו והיה לו צרות גדולות בדרך
                    עד שפעם אחת נעצב וסר"	H-LOC_91			
"יצחק אייזק בן הרב דק""ק
                            ברעהין"	1	Khal-Hasidim2024-9-25	no_match	0.0			"ואכתוב בשבילו המעשה ג""כ מעשה מהבעש״ט
                    אשר שמעתי מאיש אחד מאנשי קהלתינו ושמו החסיד ר' יצחק אייזק בן הרב דק""ק
                            ברעהין אשר שמע מפי
                    אביו ו"	H-LOC_88			
"הרב דק""ק
                            ברייאהין"	1	Khal-Hasidim2024-9-25	no_match	0.0			"ואכתוב בשבילו המעשה ג""כ מעשה מהבעש״ט
                    אשר שמעתי מאיש אחד מאנשי קהלתינו ושמו החסיד ר' יצחק אייזק בן הרב דק""ק
                            ברעהין אשר שמע מפי
                    אביו ו"	H-LOC_88			
"הרב דק""ק קיטוב"	1	Khal-Hasidim2024-9-25	no_match	0.0			"שמעתי מפי הרב המאה""ג החסיד דקהלתינו מו׳ גדליה פ""א ביקש
                        הבעש""ט את הרב דק""ק קיטוב ושאל מאתו ספר הזוהר ובהליכתו לביתו פגע בו גיסו ר' גרשון ושאל אותו מה לך תחת חיקך ולא רצה לאמר לו"	H-LOC_84			
"דוד מ""מ דק""ק
                            קאלימיי'"	1	Khal-Hasidim2024-9-25	no_match	0.0			"שמעתי מהרב ר׳ גדלי׳ איך שהרב הקדוש והטהור מוה' דוד מ""מ דק""ק
                            קאלימיי' נסע אחר מעות חנוכה ותעה בדרך
                    ובא לבית הבעש״ט לע""ע והוא ישב בבית
                   "	H-LOC_42			
"פאלק החסיד המפורסים דק""ק
                            טיעשילנק"	1	Khal-Hasidim2024-9-25	no_match	0.0			"שמעתי מהרב מהור״ר פאלק החסיד המפורסים דק""ק
                            טיעשילנק ששמע מהר' אברהם
                        אב""ד דק""ק דובאסר שהיה מקדם ש״ץ בבית המדרש
                    דק""ק מעזיבוז פ״א ה"				
"אברהם
                        אב""ד דק""ק דובאסר"	1	Khal-Hasidim2024-9-25	no_match	0.0			"שמעתי מהרב מהור״ר פאלק החסיד המפורסים דק""ק
                            טיעשילנק ששמע מהר' אברהם
                        אב""ד דק""ק דובאסר שהיה מקדם ש״ץ בבית המדרש
                    דק""ק מעזיבוז פ״א ה"	H-LOC_30			
"הרב הק׳ דק""ק פולנאי בעל המחבר ספר תולדות יעקב
                            יוסף"	1	Khal-Hasidim2024-9-25	phonetic	0.667	Tsadik_008.001		"שמעתי מהרב מהור״ר פאלק החסיד המפורסים דק""ק
                            טיעשילנק ששמע מהר' אברהם
                        אב""ד דק""ק דובאסר שהיה מקדם ש״ץ בבית המדרש
                    דק""ק מעזיבוז פ״א ה"	H-LOC_51			
"המגיד הגדול דק""ק
                            מעזריטש"	1	Khal-Hasidim2024-9-25	phonetic	0.5	Tsadik_002.001		"שמעתי מהרב מהור״ר פאלק החסיד המפורסים דק""ק
                            טיעשילנק ששמע מהר' אברהם
                        אב""ד דק""ק דובאסר שהיה מקדם ש״ץ בבית המדרש
                    דק""ק מעזיבוז פ״א ה"				
יוסף אשכנזי ש״ץ	1	Khal-Hasidim2024-9-25	phonetic	0.75	Tsadik_012.056		"עוד שמעתי מפי הרב ר' פאלק הנ""ל שהוא
                    גלה למדינות קרים עם הרה""ק ר׳
                        יוסף אשכנזי ש״ץ
                    הבעש״ט בשעת הבריחה ושמע מפיו ואני
                    ש"				
יעקב ממעזיבוז	1	Khal-Hasidim2024-9-25	phonetic	0.545	Tsadik_001.015		"עוד שמעתי מפיו הנ""ל פ״א עיה״כ ראה בעש״ט קיטרוג גדול על ישראל שיסתלק מהם תורה שבע""פ והי׳ מתעצב מאד
                    כל יום עיה״כ. ולע""ע כשבאו כל העיר לברכם ברך אחד או שנים ואמר לא יכולתי מחמת צער
  "	H-LOC_55			
"זאב
                        קוצעס"	1	Khal-Hasidim2024-9-25	name_exact	0.95	Tsadik_012.039		"עוד שמעתי מפיו הנ""ל פ״א עיה״כ ראה בעש״ט קיטרוג גדול על ישראל שיסתלק מהם תורה שבע""פ והי׳ מתעצב מאד
                    כל יום עיה״כ. ולע""ע כשבאו כל העיר לברכם ברך אחד או שנים ואמר לא יכולתי מחמת צער
  "				
"מנחם נחום
                            מטשארנביל"	1	Khal-Hasidim2024-9-25	name_exact	0.95	Tsadik_014.001		"עוד שמעתי מפיו הנ""ל פ״א עיה״כ ראה בעש״ט קיטרוג גדול על ישראל שיסתלק מהם תורה שבע""פ והי׳ מתעצב מאד
                    כל יום עיה״כ. ולע""ע כשבאו כל העיר לברכם ברך אחד או שנים ואמר לא יכולתי מחמת צער
  "	H-LOC_31			
"שמעריל מ״מ דק""ק
                            ויורטיווקע"	1	Khal-Hasidim2024-9-25	no_match	0.0			"מעשה מפי חמיו של ר' פאלק הכהן רבי שמעריל מ״מ דק""ק
                            ויורטיווקע שפ""א שבת בק""ק באלטע ואמר שהעיר הזאת תחרב פ""א ואח""כ תבנה ותהי'
                    עיר ואם בישראל ותעמוד עד ביאת"				
"הר""ג מקיטוב
                        מא""י"	1	Khal-Hasidim2024-9-25	no_match	0.0			"שמעתי מר' פאלק הנ""ל כשנסע
                        הר""ג מקיטוב
                        מא""י לחוץ לארץ לשדך את בניו אמר אגב אורחא ת""ל שעברתי
                    את הים אסע לגיסי הבעש״ט ובא אליו
        "	H-LOC_84			
"הרב הגאון הקדוש המפורסם דק""ק פולנאי"	1	Khal-Hasidim2024-9-25	phonetic	0.353	Tsadik_008.001		"שמעתי מהרב הגאון הקדוש המפורסם דק""ק פולנאי שהיה אב""ד בק""ק
                        שאריגאד ששמע שהבעש״ט בא לק""ק מאהליב אמר בלבו אסע גם אני
                    כי לא הי׳ עדיין חסיד ונסע ובא בעש""ק אליו ק"	H-LOC_51			
"חיים
                            מבראד"	1	Khal-Hasidim2024-9-25	no_match	0.0			"עוד מעשה שהבעש״ט ישב בק""ק זאסלב ושבת שם כמה שבתים ובתוך כך מצאו עכו״ם מת
                    על השדה והביאו אותו לעיר ורצו לעשות עלילה על היהודים והלכו להדוכסה ואמרו לה
                    שהיהודים הר"	H-LOC_152			
"יואל מ""מ דק""ק נעמרוב"	1	Khal-Hasidim2024-9-25	no_match	0.0			"שמעתי מר׳ יואל מ""מ דק""ק נעמרוב ותמיד
                    היה אצל הרב דק""ק פולנאי בק""ק ראשקיב ובק'
                        שאריגראד ובק""ק נעמרוב שמעתי
                    ממנו שפ״א שבת הבעש״ט
         "				
"אברהם שווערדליק
                            מירושלים"	1	Khal-Hasidim2024-9-25	no_match	0.0			"שמעתי מר׳ יואל מ""מ דק""ק נעמרוב ותמיד
                    היה אצל הרב דק""ק פולנאי בק""ק ראשקיב ובק'
                        שאריגראד ובק""ק נעמרוב שמעתי
                    ממנו שפ״א שבת הבעש״ט
         "	H-LOC_154			
אליעזר מטאמאשפאלי	1	Khal-Hasidim2024-9-25	no_match	0.0			"שמעתי מר׳ יואל מ""מ דק""ק נעמרוב ותמיד
                    היה אצל הרב דק""ק פולנאי בק""ק ראשקיב ובק'
                        שאריגראד ובק""ק נעמרוב שמעתי
                    ממנו שפ״א שבת הבעש״ט
         "	H-LOC_83			
"יחיאל אב""ד דק""ק קאוולי"	1	Khal-Hasidim2024-9-25	no_match	0.0			"שמעתי מהרב דקהלתינו ר׳ גדליה ז""ל ששלח הגאון הקדוש ר׳
                        יחיאל אב""ד דק""ק קאוולי איש א'
                    למדן וחכם לתהות על קנקנו של הבעש״ט
                    וחלה בדרך ובא לק""ק"	H-LOC_52			
"יחיאל
                            מקוליווער"	1	Khal-Hasidim2024-9-25	no_match	0.0			"שמעתי מגיסי מ' מרדכי ששמע מר׳ יחיאל
                            מקוליווער פ״א בא איש א׳ ממדינת ליטא ששלחו אותו בני מדינתו לתהות על קנקנו
                    ונתאכסן אצל ר' יחיאל הנ""ל
                 "				
יוסף מזורניץ	1	Khal-Hasidim2024-9-25	no_match	0.0			"החסיד ר׳ יוסף מזורניץ הנקרא ר׳
                        יוסף מלמד היה בעירנו בק""ק
                        ליניץ ואני לא הייתי בקו הבריאה בעיר
                    ההיא ולא יכולתי לישב עמו רק שנתתי לו של"				
מאיר מאופאליע	1	Khal-Hasidim2024-9-25	no_match	0.0			"שמעתי מר' מאיר מאופאליע שר׳ יוסף מלמד הנ""ל היה דר בעיר ושכחתי שם העיר
                    והיה ביתו סמוך לבית ע״א פ״א בא הבעש״ט
                    לעירו וראה ביתו סמוך לבית ע""א והשיב לו אני איש עני מ"				
"אהרן דק""ק מעזיבוז"	1	Khal-Hasidim2024-9-25	no_match	0.0			"שמעתי מר׳ אהרן דק""ק מעזיבוז שסיפר לפני הרב דקהלתינו פ״א נסע הבעש״ט לק""ק בראד ולן
                    במקום א׳ סמוך לבראד ובלילה חרד
                        הבעש""ט וארכובותיו דא לדא נקשו עד שהעיר הר' צ"	H-LOC_55			
"אברהם
                        אבינו"	1	Khal-Hasidim2024-9-25	name_exact	0.95	H_Abraham		"שמעתי מר׳ אהרן דק""ק מעזיבוז שסיפר לפני הרב דקהלתינו פ״א נסע הבעש״ט לק""ק בראד ולן
                    במקום א׳ סמוך לבראד ובלילה חרד
                        הבעש""ט וארכובותיו דא לדא נקשו עד שהעיר הר' צ"				
דוד ממיקליעב	1	Khal-Hasidim2024-9-25	phonetic	0.5	Biblical_David		"מעשה שנסע הרב הקדוש ר' דוד ממיקליעב
                        להבעש״ט על יוה""כ והי' דרכו בקודש
                    תמיד להיות אצל הבעש״ט כל ימים הנוראים
                    היינו מקודם ר""ה עד אחר יוה""כ "				
"ליבש דק""ק
                        מעזריטש"	1	Khal-Hasidim2024-9-25	no_match	0.0			"שמעתי מהרב דקהלתינו שהיה הר׳ ליבש דק""ק
                        מעזריטש אצל הבעש״ט בימים נוראים וחלה קודם ר״ה ועסק
                        הבעש״ט ברפואתו כל הלילה של ער""ה
                    וגם הלילה "				
"יצחק דק""ק מעזריטש"	1	Khal-Hasidim2024-9-25	no_match	0.0			"שמעתי מהרב דקהלתינו שהיה הר׳ ליבש דק""ק
                        מעזריטש אצל הבעש״ט בימים נוראים וחלה קודם ר״ה ועסק
                        הבעש״ט ברפואתו כל הלילה של ער""ה
                    וגם הלילה "				
"יוסף יוזפא מק""ק אוסטרא"	1	Khal-Hasidim2024-9-25	no_match	0.0			"עוד שמעתי מהרב דקהלתינו. פ""א נתקבל בן ר׳ יוסף יוזפא מק""ק אוסטרא לאב""ד בק""ק פולנאי והביא עמו דיין אחד בכדי שיוכל להעיז את
                        המוכיח ז""ל ובשבת התפלל המוכיח לפני התיבה ושמע ר׳
      "	H-LOC_139			
פרומע ריבלע	1	Khal-Hasidim2024-9-25	no_match	0.0			"שמעתי מהרב דקהלתנו מעשה באם של האחים ר׳ יוסף ור׳
                        יצחק הנ""ל שהיה דירתם בק""ק
                        סאטאנאב ושמה דיא פרומע ריבעלע
                    פ״א נסע הבעש״ט לק""ק הנ""ל וס"				
שמואל הקצין	1	Khal-Hasidim2024-9-25	no_match	0.0			"שמעתי מר' שמואל הקצין שסיפר לפני הרב שהוא ור׳ בער
                        בן בונים נסעו בשביל פ״ש קודם ר״ה ובאו להרב המגיד הגדול ורצה המגיד לעכב אותם על ר""ה ולא רצו כי
                    אמרו צריכין "				
"בער
                        בן בונים"	1	Khal-Hasidim2024-9-25	no_match	0.0			"שמעתי מר' שמואל הקצין שסיפר לפני הרב שהוא ור׳ בער
                        בן בונים נסעו בשביל פ״ש קודם ר״ה ובאו להרב המגיד הגדול ורצה המגיד לעכב אותם על ר""ה ולא רצו כי
                    אמרו צריכין "				
"פאלק אב""ד דק""ק טיטשיניק"	1	Khal-Hasidim2024-9-25	no_match	0.0			"שמעתי מר' פאלק אב""ד דק""ק טיטשיניק פ״א
                    במוצאי שבת צוה הבעש״ט לחתן חורגו
                    הרה""ק ר׳ יוסף אשכנזי שיאמר לפניו עין יעקב והוא שכב על המטה
                    ושמע מפיו "				
"ר""ח וויטאל"	1	Khal-Hasidim2024-9-25	no_match	0.0			"שמעתי מר' פאלק אב""ד דק""ק טיטשיניק פ״א
                    במוצאי שבת צוה הבעש״ט לחתן חורגו
                    הרה""ק ר׳ יוסף אשכנזי שיאמר לפניו עין יעקב והוא שכב על המטה
                    ושמע מפיו "				
"יעקב אב""ד דק""ק סמילא"	1	Khal-Hasidim2024-9-25	no_match	0.0			"שמעתי מרב יעקב אב""ד דק""ק סמילא ששמע מאביו רב מאיר חריף
                    ז""ל פ""א בא הבעש""ט להרב דק""ק פולנאי ואני מסופק אם היה המעשה
                    בק""ק נעמרוב או בק""ק שאריגראד ובא
             "	H-LOC_80			
פסח בנו של ר׳ יעקב מקאמינקע	1	Khal-Hasidim2024-9-25	no_match	0.0			"שמעתי מר' פסח בנו של ר׳ יעקב מקאמינקע
                        שהבעש״ט הי' בדרך ובא לעיר אחת
                    ושמע כרוז שיתאכסן בבית פלוני ובא לבית הנ""ל ולא רצו לקבל אותו על האכסני' הלז מחמת
       "				
סופר	1	Khal-Hasidim2024-9-25	phonetic	0.667	Tsadik_012.109		"שמעתי מר' פסח בנו של ר׳ יעקב מקאמינקע
                        שהבעש״ט הי' בדרך ובא לעיר אחת
                    ושמע כרוז שיתאכסן בבית פלוני ובא לבית הנ""ל ולא רצו לקבל אותו על האכסני' הלז מחמת
       "				
"ברוך
                            מקאמינקע"	1	Khal-Hasidim2024-9-25	phonetic	0.467	Tsadik_009.008		"עוד סיפר לי ר' פסח הנ""ל פ״א נסע הבעש״ט
                        מקאמינקע לביתו. ונסע עמו בצוותא חדא ר' ברוך
                            מקאמינקע בעגלה מיוחדת והסופר ישן עמו וגם העגלה של קמח הולך אחריו
"				
"יודל
                            מטשידנוב"	1	Khal-Hasidim2024-9-25	no_match	0.0			"שמעתי מהרב דק""ק פולנאי ומהרב דקהלתינו שרב נחמן מקאסוב הי׳ לו קרוב אחד ושמו ר׳ יודל
                            מטשידנוב אביו שלו ר׳
                        יוסף הי' מוכיח ודרכו של ר׳ יודל שלא הי' רוצה"	H-LOC_443			
שניאור נכד רב נחמן	1	Khal-Hasidim2024-9-25	no_match	0.0			"שמעתי מרבי שניאור נכד רב נחמן שרב יודיל
                    היה אצל רב נחמן בק""ק לאדמיר ורב נחמן בנה
                    שם בהמ״ד על המים ממש והמרחץ היה סמוך לבהמ״ד והלכו בשבת בבוקר למקוה ורב
        "				
"בעל המחבר ספר תולדות יעקב
                            יוסף"	1	Khal-Hasidim2024-9-25	name_exact	0.95	Tsadik_008.001		"שמעתי פ״א הלך ר׳ נחמן ז""ל דרך ק""ק
                        זאלראויע עם סחורה בעת תפלת שחרית ועמד עם עגלה שלו נגד
                    בה""מ ולקח הטו""ת ונכנס לבית המדרש ועטף ט""ות ועמד לפ""הת להתפלל בלי רשו"				
"דוד פורקעס ז""ל מ""מ דק""ק
                            מעזיבוז"	1	Khal-Hasidim2024-9-25	phonetic	0.429	Tsadik_012.034		"שמעתי מהרב דקהלתינו בהיות הבעש״ט חולה
                    קודם פטירתו לא שכב במשכב רק שנעשה כחוש וקולו נקלה והיה יושב בבית התבודדותו ולא
                    היה בו כח לקרוא להמשרת שלו כשהיה צריך לו ות"	H-LOC_55			
"ליב מוכיח
                            מפולנאי"	1	Khal-Hasidim2024-9-25	phonetic	0.722	Tsadik_012.020		"ושמעתי מהרב דקהלתינו שהיה בקוטעב איש אחד
                    ונקרא שמו טעקטיגר והיה מדבר תמיד נגד החברה של חסידים פ״א
                    שמע הר׳ אהרן גיסו של הבעש״ט והיה מריב
                    עמו "	H-LOC_51			
אשת ר׳ אהרן	1	Khal-Hasidim2024-9-25	no_match	0.0			"ושמעתי מהרב דקהלתינו שהיה בקוטעב איש אחד
                    ונקרא שמו טעקטיגר והיה מדבר תמיד נגד החברה של חסידים פ״א
                    שמע הר׳ אהרן גיסו של הבעש״ט והיה מריב
                    עמו "				
דוב בער המגיד ממעזריטץ וראוונע	1	Khal-Hasidim2024-9-25	no_match	0.0			"שמעתי מהרב דקהלתינו שפ""א הלך הרב הקדוש והטהור ר' פנחס מקאריץ עם הרב הקדוש האלקי מוה'
                        דוב בער המגיד ממעזריטץ וראוונע על פ""ש שהי' אחד קרוב
                    לשניהם נתפס בתפיסה "	H-LOC_54			
ליב מסינאמי	1	Khal-Hasidim2024-9-25	name_exact	0.85	Tsadik_012.048		"שמעתי שהיה כומר א' בק""ק מעזיבוז אצל
                    הקאמיסר ועשה צרות גדולות לישראל מאותן העיר ובני העיר היו מציקים את
                        הבעש""ט שיתפלל לגרש אותו מן העיר ואמר אינני
          "				
"דוד סופר
                            מאניפאליע"	1	Khal-Hasidim2024-9-25	no_match	0.0			"שמעתי שהיה כומר א' בק""ק מעזיבוז אצל
                    הקאמיסר ועשה צרות גדולות לישראל מאותן העיר ובני העיר היו מציקים את
                        הבעש""ט שיתפלל לגרש אותו מן העיר ואמר אינני
          "	H-LOC_242			
"ישראל זצוק""ל מ""מ דק""ק
                            קאזניץ"	1	Khal-Hasidim2024-9-25	no_match	0.0			"מעשה מלידת הרב הגאון הקדוש מו""ה ישראל זצוק""ל מ""מ דק""ק
                            קאזניץ:"	H-LOC_151			
שבתי כורך ספרים	1	Khal-Hasidim2024-9-25	no_match	0.0			": מעשה שהבעש״ט ז""ל נבג""מ ישב עם
                    החבריא קדישא שלו על סעודה שבת בערב. ותיכף אחר קידוש שחק הבעש״ט שחוק נורא מאוד עד שיראו כי כמעט כלתה
                    נפשו בהשחוק הזה ויראו כל החב"				
אשת ר' שבתי	1	Khal-Hasidim2024-9-25	no_match	0.0			": מעשה שהבעש״ט ז""ל נבג""מ ישב עם
                    החבריא קדישא שלו על סעודה שבת בערב. ותיכף אחר קידוש שחק הבעש״ט שחוק נורא מאוד עד שיראו כי כמעט כלתה
                    נפשו בהשחוק הזה ויראו כל החב"				
"הרב דק""ק קארושטיסאב הנקרא
                        בשמו רבי דוד"	1	Khal-Hasidim2024-9-25	no_match	0.0			"מעשה עלילה דק""ק פאווליטש וברח
                        הרב דק""ק קארושטיסאב הנקרא
                        בשמו רבי דוד ורצה לברוח עד מדינות וואלחאי
                    כי כל האנשים חשובים אשר סביבותיהם "	H-LOC_257			
"זעליג דק""ק לעטשוב"	1	Khal-Hasidim2024-9-25	no_match	0.0			"שמעתי מר' זעליג דק""ק לעטשוב שהלך בדרך ובא לק""ק איספאלי ועדיין הי' כפר והי׳ מתאכסן אצל שוחט ושמעו שבאהרב ר׳
                        מאיר הרב דגולה והלכתי להקביל פניו וביקש את הרב מ'
                   "	H-LOC_101			
"הרב דק""ק ביטשוב"	1	Khal-Hasidim2024-9-25	no_match	0.0			"שמעתי מהרב דקהלתינו ששלח הבעש״ט
                        להרב דק""ק ביטשוב שהשוחט שלו מן כת ש""ץ ימ""ש והוא מאכיל טריפות
                    כי לאחר שמראה לו הסכין מכה בסכין על קורנס כדי לפגמו ובדק אחריו "	H-LOC_410			
"יוסף
                            מיאמפאלע"	1	Khal-Hasidim2024-9-25	no_match	0.0			"שמעתי כשהי׳ הרב הקדוש האלקי ר׳ יחיאל מיכל
                            מזלאטשוב אצל הבעש״ט פ״א ביום הששי בבוקר קודם שחרית אמר
                    לו הבעש""ט לנסוע לביתו היום ולא ענהו כי אמר בלבו ע""ש היו"	H-LOC_597			
"דוד
                        צערקס"	1	Khal-Hasidim2024-9-25	phonetic	0.5	Biblical_David		"שמעתי מהרב דקהלתינו פ״א היה הבעש״ט
                    בק""ק פולנאי ונסע מק""ק הנ""ל אל
                        עיר חדש והדרך הוא אצל בית הקברות של עיר
                        חדש וראה הבעש״ט עמוד
      "				
"אברהם
                        אבא"	1	Khal-Hasidim2024-9-25	phonetic	0.6	H_Abraham		"פ״א בעת אסיפת ד׳ ארצות היה הפרנס הראשון הרב הנגיד המפורסים מ' אברהם
                        אבא הציע הדבר לפני כולם כי הנה נשמע שמע הבעש״ט ולפי הנשמע הוא ע״ה ואיך יכול להיות שיהיה לו רוה""ק כי אין ע""ה
"				
"ברוך מק""ק טולטשין"	1	Khal-Hasidim2024-9-25	no_match	0.0			"פ״א בשמחת תורה היו אנשי חבורתא קדישתא תלמידי הבעש""ט שמחים
                    ומרקדים בעגולה והשכינה מלהטת סביבותם ובתוך הרקדתם נקרע המנעל אצל זעירא דמן
                    חברייא ה""ה הקדוש מ׳ נחום
  "	H-LOC_210			
"מנחם נחום
                        מטשערנאביל"	1	Khal-Hasidim2024-9-25	phonetic	0.722	Tsadik_014.001		"שמענו בשם הרב הק' מ'מנחם נחום
                        מטשערנאביל ז""ל כי באיזו קהלה הסמוכה לק""ק
                        מעזיבוז היה איש א׳ מופלג ועשיר גדול
                    והיה סוחר ללייפסק והיה חש"	H-LOC_31			
"יונה בן
                        אמתי"	1	Khal-Hasidim2024-9-25	no_match	0.0			"שמענו בשם הרב הק' מ'מנחם נחום
                        מטשערנאביל ז""ל כי באיזו קהלה הסמוכה לק""ק
                        מעזיבוז היה איש א׳ מופלג ועשיר גדול
                    והיה סוחר ללייפסק והיה חש"				
הרב מטוראווע	1	Khal-Hasidim2024-9-25	no_match	0.0			"פ""א היה הבעש""ט באיזה קהילה והי' אכסניתו על העלי' פעם א' ראה
                    איש א' עובר על הרחוב מיד צוה להמשרת שלו רוץ מהר וקרא לי את האיש הזה וירץ הנער
                    ויקרא לו ומתחילה נתפעם"	H-LOC_375			
ארי' ליב מפולנאי	1	Khal-Hasidim2024-9-25	phonetic	0.526	Tsadik_012.020		"מעשה הי' שהרב הק' המוכיח מו""ה ארי' ליב מפולנאי חשקה נפשו מאוד ללמוד חכמת שיחת בהמות
                    ועופות ושיחת דקלים מפני שנצרך לו זה לתוכחה ומאחר שהי' כוונתו לש""ש נגמר בדעתו
                   "	H-LOC_51			
"משה אוסטריער בעל
                            ערוגות הבושם"	1	Khal-Hasidim2024-9-25	no_match	0.0			"מעשה נוראה מרבינו הבעש״ט הקדוש זי""ע. בעת היותו בבראד ביחד
                    עם הקדושים ר' חיים צאנזיר ור' משה אוסטריער בעל
                            ערוגות הבושם:"				
הרב מלוצק	1	Khal-Hasidim2024-9-25	name_exact	0.95	Tsadik_024.001		"בעיר בראד היה איש אחד מופלג בתורה ויראה ונקרא בימיו
                        הרב מלוצק יען כי בימי חורפו היה
                    רב בלוצק ואח״כ ברך לו ד' בהון ועושר וישלך מעליו העול
                   "	H-LOC_626			
"הרב
                            מלוצק"	1	Khal-Hasidim2024-9-25	name_exact	0.95	Tsadik_024.001		"בעיר בראד היה איש אחד מופלג בתורה ויראה ונקרא בימיו
                        הרב מלוצק יען כי בימי חורפו היה
                    רב בלוצק ואח״כ ברך לו ד' בהון ועושר וישלך מעליו העול
                   "	H-LOC_626			
"ליב
                        קעסלר"	1	Khal-Hasidim2024-9-25	name_exact	0.85	Tsadik_012.048		"עתה נכתוב קצת מפטירתו שהיה הסתלקותו ביום א׳ דשבועות בפסח שקודם זה הי' הרה""ק מו'
                        פנחס מקאריץ אצל
                        הבעש״ט ונחלש מעט ומפני זה בעי״ט
                    האחר"				
"נחמן
                            מהראדינקי"	1	Khal-Hasidim2024-9-25	phonetic	0.5	Tsadik_012.001		"עתה נכתוב קצת מפטירתו שהיה הסתלקותו ביום א׳ דשבועות בפסח שקודם זה הי' הרה""ק מו'
                        פנחס מקאריץ אצל
                        הבעש״ט ונחלש מעט ומפני זה בעי״ט
                    האחר"				
"יעקב מק""ק מעזיבוז"	1	Khal-Hasidim2024-9-25	no_match	0.0			"עתה נכתוב קצת מפטירתו שהיה הסתלקותו ביום א׳ דשבועות בפסח שקודם זה הי' הרה""ק מו'
                        פנחס מקאריץ אצל
                        הבעש״ט ונחלש מעט ומפני זה בעי״ט
                    האחר"	H-LOC_55			
"יעקב
                        יוסף הכהן אבד""ק פולנאי בעל תולדות יעקב יוסף"	1	Khal-Hasidim2024-9-25	no_match	0.0			"עתה נכתוב קצת משבחי הגאון אלקי קדוש יאמר לו מוהר""ר יעקב
                        יוסף הכהן אבד""ק פולנאי בעל תולדות יעקב יוסף ועוד חיבורים :"	H-LOC_51			
"יואל מ""מ דק""ק
                        נעמרוב"	1	Khal-Hasidim2024-9-25	no_match	0.0			"שמעתי מהרב הצדיק ר׳ יואל מ""מ דק""ק
                        נעמרוב אשר מקום קבורתו בירושלים תוב״ב. שפ״א נסע עם הרב דק""ק ראשקוב לק""ק מעזיבוז ובא לק""ק באר
                    והתפללו שם באכסניא בבית בעשרה"				
"בעהמ""ח ספר תולדות יעקב יוסף
                            :"	1	Khal-Hasidim2024-9-25	phonetic	0.704	Tsadik_008.001		"שמעתי מהרב שהיה אומר בז""הל מרגלא בפומיה דצדיק יעקב יוסף ז""ל נקל לו לומר עשרה חילוקים מלהתפלל ש״ע אחת ושמעתי
                    מהרה""ק מ' זושא מאניפאלי כשנסע מאחיו
                    הרה""ק ר׳ אלימלך "				
"צבי
                        מקאמעניץ"	1	Khal-Hasidim2024-9-25	no_match	0.0			"שמעתי מחמי ז""ל שהרב הקדוש מ' גרשון טבל
                    א״ע בים בשעה שהספינה מהלכת ושאלתי אותו איך הותר להעמיד עצמו בסכנה גדולה כזו ולא
                    היה בידו להשיבני וכשבא ר׳ גדליה אלינו ושא"				
"המ""מ דק""ק לאדזיאן"	1	Khal-Hasidim2024-9-25	no_match	0.0			"שמעתי מהרב דקהלתינו מעשה שראה הבעש״ט
                    על ר' גרשון גיסו רשימא של ניאוף והיה
                    צער גדול מזה והיה בוש לומר לו ומתמה על הדבר ואעפ""כ אמר לו והשיב לו שקרן אתה והכחש
    "	H-LOC_431			
"שלום מארץ
                        המערב"	1	Khal-Hasidim2024-9-25	no_match	0.0			"שמעתי מפי מ""מ הנ' פ""א גזר הר' שלום מארץ
                        המערב תענית על הגשמים בירושלים והיה צדיק גדול חשוב וצוה שיתכנסו כולם בבה""כ אחת להתפלל
                    בכנופיא שלח להר""ג הנ""ל שהוא ית"				
"הר""ג"	1	Khal-Hasidim2024-9-25	no_match	0.0			"שמעתי מפי מ""מ הנ' פ""א גזר הר' שלום מארץ
                        המערב תענית על הגשמים בירושלים והיה צדיק גדול חשוב וצוה שיתכנסו כולם בבה""כ אחת להתפלל
                    בכנופיא שלח להר""ג הנ""ל שהוא ית"				
"ור""ג"	1	Khal-Hasidim2024-9-25	no_match	0.0			"גם שמעתי מר' פנחס מלמד שהיה מקודם מ״מ וכמדומהלי שהמעשה הי'
                    בק""ק צפת והיה שם הרב דק""ק הנ׳ הנק'
                    בלשונם חכם והיה איש טוב מאד והיה אוהב לר""ג פ""א אמר
               "				
"ליפע ז""ל מק""ק
                        חמעלניק"	1	Khal-Hasidim2024-9-25	no_match	0.0			"גם שמעתי מר' פנחס מלמד שהיה מקודם מ״מ וכמדומהלי שהמעשה הי'
                    בק""ק צפת והיה שם הרב דק""ק הנ׳ הנק'
                    בלשונם חכם והיה איש טוב מאד והיה אוהב לר""ג פ""א אמר
               "				
"הרב אור
                        החיים"	1	Khal-Hasidim2024-9-25	no_match	0.0			"מעשה נוראה מהרב הקדוש האלקי מו""ה גרשון
                        קיטעוור ז""ל גיסו של רבינו הבעש״ט נ""ע : פעם אחת הי' הבעש״ט ז""ל בדאגה גדולה עד מאוד. וקראו לגיסו הרה""ק מו""ה גרשון ז""ל ואמר לו תדע גיסי כי כ"				
"ישראל
                        בע""ש"	1	Khal-Hasidim2024-9-25	phonetic	0.4	Tsadik_001.001		"מעשה נוראה מהרב הקדוש האלקי מו""ה גרשון
                        קיטעוור ז""ל גיסו של רבינו הבעש״ט נ""ע : פעם אחת הי' הבעש״ט ז""ל בדאגה גדולה עד מאוד. וקראו לגיסו הרה""ק מו""ה גרשון ז""ל ואמר לו תדע גיסי כי כ"				
הרב אור החיים	1	Khal-Hasidim2024-9-25	no_match	0.0			"מעשה נוראה מהרב הקדוש האלקי מו""ה גרשון
                        קיטעוור ז""ל גיסו של רבינו הבעש״ט נ""ע : פעם אחת הי' הבעש״ט ז""ל בדאגה גדולה עד מאוד. וקראו לגיסו הרה""ק מו""ה גרשון ז""ל ואמר לו תדע גיסי כי כ"				
"האור
                        החיים"	1	Khal-Hasidim2024-9-25	no_match	0.0			"מעשה נוראה מהרב הקדוש האלקי מו""ה גרשון
                        קיטעוור ז""ל גיסו של רבינו הבעש״ט נ""ע : פעם אחת הי' הבעש״ט ז""ל בדאגה גדולה עד מאוד. וקראו לגיסו הרה""ק מו""ה גרשון ז""ל ואמר לו תדע גיסי כי כ"				
"הרב אוה""ק"	1	Khal-Hasidim2024-9-25	no_match	0.0			"מעשה נוראה מהרב הקדוש האלקי מו""ה גרשון
                        קיטעוור ז""ל גיסו של רבינו הבעש״ט נ""ע : פעם אחת הי' הבעש״ט ז""ל בדאגה גדולה עד מאוד. וקראו לגיסו הרה""ק מו""ה גרשון ז""ל ואמר לו תדע גיסי כי כ"				
"המגיד הגדול
                            ממעזריטץ"	1	Khal-Hasidim2024-9-25	phonetic	0.846	Tsadik_002.001		"מעשה איך נתקרב רבינו האלקי המגיד הגדול
                            ממעזריטץ לרבינו הקדוש
                        הבעש""ט ז""ל :"				
"הרב דק""ק דראזינץ שהיה אב""ד בק""ק פאוולויץ"	1	Khal-Hasidim2024-9-25	no_match	0.0			"ומהרב דק""ק דראזינץ שהיה אב""ד בק""ק פאוולויץ שמעתי המעשה איך נתקרב
                    הרב המגיד הגדול
                        להבעש""ט
                    המגיד צם ז׳ או ח' פעמים משבת לשבת רצופים וחלה מ"	H-LOC_134			
"מענדיל מק""ק באר"	1	Khal-Hasidim2024-9-25	no_match	0.0			"ומהרב דק""ק דראזינץ שהיה אב""ד בק""ק פאוולויץ שמעתי המעשה איך נתקרב
                    הרב המגיד הגדול
                        להבעש""ט
                    המגיד צם ז׳ או ח' פעמים משבת לשבת רצופים וחלה מ"	H-LOC_74			
"יעקב
                            מהניפאלי"	1	Khal-Hasidim2024-9-25	phonetic	0.438	Tsadik_020.001		"ומהרב דק""ק דראזינץ שהיה אב""ד בק""ק פאוולויץ שמעתי המעשה איך נתקרב
                    הרב המגיד הגדול
                        להבעש""ט
                    המגיד צם ז׳ או ח' פעמים משבת לשבת רצופים וחלה מ"	H-LOC_242			
גרשון דק' פאווליץ	1	Khal-Hasidim2024-9-25	no_match	0.0			"ומהרב דק""ק דראזינץ שהיה אב""ד בק""ק פאוולויץ שמעתי המעשה איך נתקרב
                    הרב המגיד הגדול
                        להבעש""ט
                    המגיד צם ז׳ או ח' פעמים משבת לשבת רצופים וחלה מ"	H-LOC_274			
"המגיד הגדול דק""ק מעזריטש"	1	Khal-Hasidim2024-9-25	phonetic	0.5	Tsadik_002.001		"שמעתי כי הרב המגיד הגדול דק""ק מעזריטש
                    לא הי' תוקע בעצמו כ""א הרב הק' מו' מנחם מענדיל שנפטר
                        באה״ק הי' תוקע והוא ז""ל הי׳ מקרא את
                    התקיעות וא"				
"מנחם נחום
                        מק' טשעראנביל"	1	Khal-Hasidim2024-9-25	phonetic	0.423	Tsadik_014.001		"מעשה כשנתקבל הרב המגיד הגדול למ""מ בק""ק
                        חוסטוב והסרסור הי׳ הרב הקדוש ר' מנחם נחום
                        מק' טשעראנביל ושמעתי מר׳ יואל
                            מפראטהור שהיה"	H-LOC_31			
"יואל
                            מפראטהור"	1	Khal-Hasidim2024-9-25	no_match	0.0			"מעשה כשנתקבל הרב המגיד הגדול למ""מ בק""ק
                        חוסטוב והסרסור הי׳ הרב הקדוש ר' מנחם נחום
                        מק' טשעראנביל ושמעתי מר׳ יואל
                            מפראטהור שהיה"				
"מדינות
                        האלעסי'"	1	Khal-Hasidim2024-9-25	no_match	0.0			"מעשה כשנתקבל הרב המגיד הגדול למ""מ בק""ק
                        חוסטוב והסרסור הי׳ הרב הקדוש ר' מנחם נחום
                        מק' טשעראנביל ושמעתי מר׳ יואל
                            מפראטהור שהיה"				
מוהר״ם מטשארנביל	1	Khal-Hasidim2024-9-25	phonetic	0.429	Tsadik_014.001		"מעשה כשנתקבל הרב המגיד הגדול למ""מ בק""ק
                        חוסטוב והסרסור הי׳ הרב הקדוש ר' מנחם נחום
                        מק' טשעראנביל ושמעתי מר׳ יואל
                            מפראטהור שהיה"	H-LOC_31			
"כלת הרב המ""מ הגדול
                        אשת הר׳ אברהם"	1	Khal-Hasidim2024-9-25	no_match	0.0			"שמעתי מהרה""ק ר׳ נחום ששמע מפי כלת הרב המ""מ הגדול
                        אשת הר׳ אברהם הנ""ל כשנתאלמן בנו הק' מ׳ אברהם
                    זצ״ל קרא לשני חשובי העיר ואמר בקשתי שתסעו לק""ק קרעמניץ
       "				
"פייוול בעמה""ח ספר משנת
                            חכמים"	1	Khal-Hasidim2024-9-25	no_match	0.0			"שמעתי מהרה""ק ר׳ נחום ששמע מפי כלת הרב המ""מ הגדול
                        אשת הר׳ אברהם הנ""ל כשנתאלמן בנו הק' מ׳ אברהם
                    זצ״ל קרא לשני חשובי העיר ואמר בקשתי שתסעו לק""ק קרעמניץ
       "				
יהודה ליב כהן	1	Khal-Hasidim2024-9-25	phonetic	0.471	Tsadik_037.001		"שמעתי מהרה""ק ר׳ נחום ששמע מפי כלת הרב המ""מ הגדול
                        אשת הר׳ אברהם הנ""ל כשנתאלמן בנו הק' מ׳ אברהם
                    זצ״ל קרא לשני חשובי העיר ואמר בקשתי שתסעו לק""ק קרעמניץ
       "				
מנחם מטשארנביל	1	Khal-Hasidim2024-9-25	phonetic	0.706	Tsadik_014.001		"שמעתי מהרה""ק ר׳ נחום ששמע מפי כלת הרב המ""מ הגדול
                        אשת הר׳ אברהם הנ""ל כשנתאלמן בנו הק' מ׳ אברהם
                    זצ״ל קרא לשני חשובי העיר ואמר בקשתי שתסעו לק""ק קרעמניץ
       "	H-LOC_31			
הדאקטער גורדע	1	Khal-Hasidim2024-9-25	phonetic	0.571	Tsadik_012.124		"מעשה נורא מאד מרבינו האלקי רשכב""ה המגיד הגדול ממעזריטש איך המשיך אליו
                        הדאקטער גורדע עד שנעשה צדיק גדול :"				
מהרה״מ	1	Khal-Hasidim2024-9-25	fuzzy	0.667	Tsadik_002.001		"איש אחד משועי ואצילי וילנא הבירה עבר דרך
                        מעזריטש לעסקו וכאשר שמע מכל העם מפליאים לו מאד גדולת
                    הרב המגיד נתיישב בדעתו לילך ולתהות על קנקנו ועל כי היה האיש
  "				
המגיד הג'	1	Khal-Hasidim2024-9-25	no_match	0.0			"מעשה שהיה הרב הגדול האלקי ר׳ אהרן מקארלין קודם הפסח אצל הרב
                        המגיד הג' במעזריטש ורצה לנסוע
                    לביתו על החג הפסח וילך לקבל רשות פרידת שלום מרבו לנסוע לביתו ונתן "				
"מרדכי מטשארנביל
                                טשאראביל"	1	Khal-Hasidim2024-9-25	phonetic	0.571	Tsadik_014.002		"ויהי אחרי הדברים האלה עשה הרה״מ שידוך
                    עם היתומה בת הרר""א הנ""ל עם הרה""ק ר' מנחם נחום מטשארנביל ז""ל. עבור בנו הרה""ק ר׳ מרדכי מטשארנביל
                                טשאראביל. והיה "				
"מנחם מענדיל מוויטפעסק ז""ל (בעהמ""ח פרי הארץ)"	1	Khal-Hasidim2024-9-25	phonetic	0.652	Tsadik_012.172		"ויהי אחרי הדברים האלה עשה הרה״מ שידוך
                    עם היתומה בת הרר""א הנ""ל עם הרה""ק ר' מנחם נחום מטשארנביל ז""ל. עבור בנו הרה""ק ר׳ מרדכי מטשארנביל
                                טשאראביל. והיה "	H-LOC_400			
מנחם מענדיל מוויטעפסק בעל פרי הארץ	1	Khal-Hasidim2024-9-25	phonetic	0.594	Tsadik_012.172		"עתה נכתוב קצת מאת הרב הגאון המפורסם איש אלקים קדוש מו""ה
                        מנחם מענדיל מוויטעפסק בעל פרי הארץ אשר תקע אהלו באה״ק תובב״א :"	H-LOC_400			
"מנחם מענדיל נ""ע
                            מוויטעפסק בעמה""ח ספר פרי
                            הארץ"	1	Khal-Hasidim2024-9-25	phonetic	0.5	Tsadik_012.172		"הרב האלקי הגאון הקדוש מו' מנחם מענדיל נ""ע
                            מוויטעפסק בעמה""ח ספר פרי
                            הארץ הי׳ לומד אצל הרב הק׳ המגיד
                    הגדול ממעזריטש ז""ל מנערות"	H-LOC_400			
"בעמה""ח תולדות יעקב יוסף"	1	Khal-Hasidim2024-9-25	phonetic	0.667	Tsadik_008.001		"הרב האלקי הגאון הקדוש מו' מנחם מענדיל נ""ע
                            מוויטעפסק בעמה""ח ספר פרי
                            הארץ הי׳ לומד אצל הרב הק׳ המגיד
                    הגדול ממעזריטש ז""ל מנערות"				
"והרב בת""יי"	1	Khal-Hasidim2024-9-25	no_match	0.0			"הרב האלקי הגאון הקדוש מו' מנחם מענדיל נ""ע
                            מוויטעפסק בעמה""ח ספר פרי
                            הארץ הי׳ לומד אצל הרב הק׳ המגיד
                    הגדול ממעזריטש ז""ל מנערות"				
"יעקב יוסף בעמה""ח התולדות י""י"	1	Khal-Hasidim2024-9-25	phonetic	0.419	Tsadik_008.001		"הרב האלקי הגאון הקדוש מו' מנחם מענדיל נ""ע
                            מוויטעפסק בעמה""ח ספר פרי
                            הארץ הי׳ לומד אצל הרב הק׳ המגיד
                    הגדול ממעזריטש ז""ל מנערות"				
"הרי""י"	1	Khal-Hasidim2024-9-25	no_match	0.0			"הרב האלקי הגאון הקדוש מו' מנחם מענדיל נ""ע
                            מוויטעפסק בעמה""ח ספר פרי
                            הארץ הי׳ לומד אצל הרב הק׳ המגיד
                    הגדול ממעזריטש ז""ל מנערות"				
"יחזקאל אבד""ק
                            יאנפאלי"	1	Khal-Hasidim2024-9-25	no_match	0.0			"הרב הקדוש האלקי מופת דורו ופלאו מ' יצחק דראביצר נתקבל למ״מ
                    בק' האריחוב גדולה וישב שם כמה שבועות והי׳ מעשה שקצב א'
                    נשאר ב""ח לבטל הטאקסע והבע״ט לא הי׳ בביתו ומשכנ"	H-LOC_242			
אליעזר מאמשטרדם	1	Khal-Hasidim2024-9-25	no_match	0.0			"שמעתי מהרב הנ""ל שהלך הגאון האלקי ר׳אליעזר מאמשטרדם לאה״ק בשביל רב נחמן
                            מהאראדענקי כי אמר כשנהי' שנינו נביא את
                    הגואל וכשבא לאה״ק הלכו שם כל בני העיר
    "	H-LOC_132			
שמשון בן רב נחמן	1	Khal-Hasidim2024-9-25	no_match	0.0			"שמעתי מהרב הנ""ל שהלך הגאון האלקי ר׳אליעזר מאמשטרדם לאה״ק בשביל רב נחמן
                            מהאראדענקי כי אמר כשנהי' שנינו נביא את
                    הגואל וכשבא לאה״ק הלכו שם כל בני העיר
    "				
"יחיאל
                            מיכלמזלאטשוב"	1	Khal-Hasidim2024-9-25	phonetic	0.778	Tsadik_013.002		"מעשה שהיה בימי הרב הקדוש האלקי ר׳ יחיאל
                            מיכלמזלאטשוב אשר הוכיח איש אחד עבור מדת
                        מדה הבטחון והאיש הנ""ל התנצל לפניו כי הוא בוטח בד' ית""ש ואמר לו הרב ה"	H-LOC_402			
מיכל מזלאשטוב	1	Khal-Hasidim2024-9-25	phonetic	0.467	Tsadik_013.002		"מעשה שהיה בימי הרב הקדוש האלקי ר׳ יחיאל
                            מיכלמזלאטשוב אשר הוכיח איש אחד עבור מדת
                        מדה הבטחון והאיש הנ""ל התנצל לפניו כי הוא בוטח בד' ית""ש ואמר לו הרב ה"	H-LOC_634			
"מיכל
                            מזלאשוב"	1	Khal-Hasidim2024-9-25	phonetic	0.615	Tsadik_013.002		"מעשה שאירע לבן הקדוש של הרב האלקי מו'מיכל
                            מזלאשוב שמו ר׳ יוסף
                            מיאנפלי פעם אחת אנגיד ואתנח ועלה למעלה
                    וטבלו אותו בנהר דינור ו"	H-LOC_635			
"יוסף
                            מיאנפלי"	1	Khal-Hasidim2024-9-25	no_match	0.0			"מעשה שאירע לבן הקדוש של הרב האלקי מו'מיכל
                            מזלאשוב שמו ר׳ יוסף
                            מיאנפלי פעם אחת אנגיד ואתנח ועלה למעלה
                    וטבלו אותו בנהר דינור ו"				
יוסף מזמיגראד	1	Khal-Hasidim2024-9-25	no_match	0.0			"מעשה שאירע לבן הקדוש של הרב האלקי מו'מיכל
                            מזלאשוב שמו ר׳ יוסף
                            מיאנפלי פעם אחת אנגיד ואתנח ועלה למעלה
                    וטבלו אותו בנהר דינור ו"	H-LOC_571			
יעקב יוסף מפולנאה	1	Khal-Hasidim2024-9-25	name_exact	0.95	Tsadik_008.001		"פ""א אצל הרב הק' מ' מיכל
                            מזלאטשוב היה בנו הקטן חולה עד מאוד
                    ומיד הגיע ידיעה להרב הנ""ל איך שבאיזה מדינה רוצים לשרוף ספרים הקדושים של הרב מו'
             "	H-LOC_51			
"מוהר""ם"	1	Khal-Hasidim2024-9-25	phonetic	0.5	Tsadik_017.003		"פ""א אצל הרב הק' מ' מיכל
                            מזלאטשוב היה בנו הקטן חולה עד מאוד
                    ומיד הגיע ידיעה להרב הנ""ל איך שבאיזה מדינה רוצים לשרוף ספרים הקדושים של הרב מו'
             "				
"אב וואלף
                            מזבערז"	1	Khal-Hasidim2024-9-25	phonetic	0.45	Tsadik_048.001		"מעשה נורא מאת הרב הצדיק הקדוש חסיד ועניו מו""ה זאב וואלף
                            מזבערז :"	H-LOC_16			
"המגיד
                        הגדול"	1	Khal-Hasidim2024-9-25	name_exact	0.95	Tsadik_002.001		"ועוד היה דרכו של הרב הנ""ל אשר בכל היארידן הגדולים היה נוסע והיה שוכר חנות ועמד שם
                    כל ימי היאריד ומהות הדבר הראה פעם אחד לתלמידיו אשר הפציר בו מאוד להגיד להם מה
                    "				
מרדכי מטשארנביל	1	Khal-Hasidim2024-9-25	phonetic	0.688	Tsadik_014.002		"ואחר כך לעת זקנתו קבל את הרב הגדול ר׳ עזריאל לו לגבאי ולר׳
                        עזריאל הזה הרכינו ראשם כל הצדיקי׳ גדולים שיברך אותם
                    והוא היה תלמיד חבר להרב הגאון ר' ישראל
      "	H-LOC_31			
מאיר מבארדיטשוב	1	Khal-Hasidim2024-9-25	phonetic	0.615	Tsadik_023.001		"עתה נספר אחת אשר סיפר החסיד המפורסם ר' מאיר מבארדיטשוב לפני כבוד קדושת הרב
                    הגדול והקדוש ר' משה מסאווראן אשר הוא ראה את הרה""ק ר׳ ליב שרהעס ביער אצל
                        סוואלק :ו"	H-LOC_134			
"הרב
                            מפינסק"	1	Khal-Hasidim2024-9-25	name_exact	0.95	Tsadik_023.001		"הנה האיש הנ""ל הר' מאיר היה בן גביר וחתן לגביר
                        בסוואלק הבירה והוא בעצמו היה חריף ושנון והיה לומד
                    בישיבת הגאון מסוואלק והנה כאשר הגדיל
                    האי"	H-LOC_122			
הרב מקארלין	1	Khal-Hasidim2024-9-25	phonetic	0.5	Tsadik_016.001		"הנה האיש הנ""ל הר' מאיר היה בן גביר וחתן לגביר
                        בסוואלק הבירה והוא בעצמו היה חריף ושנון והיה לומד
                    בישיבת הגאון מסוואלק והנה כאשר הגדיל
                    האי"	H-LOC_4			
הרב הקדוש מסאווראן	1	Khal-Hasidim2024-9-25	phonetic	0.6	Tsadik_021.002		"הנה האיש הנ""ל הר' מאיר היה בן גביר וחתן לגביר
                        בסוואלק הבירה והוא בעצמו היה חריף ושנון והיה לומד
                    בישיבת הגאון מסוואלק והנה כאשר הגדיל
                    האי"	H-LOC_90			
מהר״צ מזידיטשוב	1	Khal-Hasidim2024-9-25	phonetic	0.583	Tsadik_058.002		"סיפר הרב הצדיק איש אלקים מהר״צ מזידיטשוב ז""ל. מהתגלגלות הסבות מאדון הסבות איך
                    שבא למעזיביז וראה גודל קדושת הרב הקדוש
                    הנ""ל. הרב הצדיק מהר""צ הי' מסתופף בצל הקודש "	H-LOC_92			
"מהור""י יצחק מלובלין"	1	Khal-Hasidim2024-9-25	phonetic	0.55	Tsadik_041.001		"סיפר הרב הצדיק איש אלקים מהר״צ מזידיטשוב ז""ל. מהתגלגלות הסבות מאדון הסבות איך
                    שבא למעזיביז וראה גודל קדושת הרב הקדוש
                    הנ""ל. הרב הצדיק מהר""צ הי' מסתופף בצל הקודש "	H-LOC_56			
"הרב
                        הקדוש מלובלין"	1	Khal-Hasidim2024-9-25	name_exact	0.95	Tsadik_041.001		"סיפר הרב הצדיק איש אלקים מהר״צ מזידיטשוב ז""ל. מהתגלגלות הסבות מאדון הסבות איך
                    שבא למעזיביז וראה גודל קדושת הרב הקדוש
                    הנ""ל. הרב הצדיק מהר""צ הי' מסתופף בצל הקודש "	H-LOC_56			
"הרה""ק נכד הבעש״ט"	1	Khal-Hasidim2024-9-25	name_exact	0.95	Tsadik_001.001		"סיפר הרב הצדיק איש אלקים מהר״צ מזידיטשוב ז""ל. מהתגלגלות הסבות מאדון הסבות איך
                    שבא למעזיביז וראה גודל קדושת הרב הקדוש
                    הנ""ל. הרב הצדיק מהר""צ הי' מסתופף בצל הקודש "				
יהודא גרשון מראזדיל	1	Khal-Hasidim2024-9-25	no_match	0.0			"סיפר הרב הצדיק איש אלקים מהר״צ מזידיטשוב ז""ל. מהתגלגלות הסבות מאדון הסבות איך
                    שבא למעזיביז וראה גודל קדושת הרב הקדוש
                    הנ""ל. הרב הצדיק מהר""צ הי' מסתופף בצל הקודש "	H-LOC_110			
הרב הקדוש מלובלין	1	Khal-Hasidim2024-9-25	name_exact	0.95	Tsadik_041.001		"סיפר הרב הצדיק איש אלקים מהר״צ מזידיטשוב ז""ל. מהתגלגלות הסבות מאדון הסבות איך
                    שבא למעזיביז וראה גודל קדושת הרב הקדוש
                    הנ""ל. הרב הצדיק מהר""צ הי' מסתופף בצל הקודש "	H-LOC_56			
"הרב הקדוש
                            ממעזיבוז"	1	Khal-Hasidim2024-9-25	name_exact	0.95	Tsadik_001.015		"סיפר הרב הצדיק איש אלקים מהר״צ מזידיטשוב ז""ל. מהתגלגלות הסבות מאדון הסבות איך
                    שבא למעזיביז וראה גודל קדושת הרב הקדוש
                    הנ""ל. הרב הצדיק מהר""צ הי' מסתופף בצל הקודש "	H-LOC_55			
מהר״ץ מזידיטשוב	1	Khal-Hasidim2024-9-25	phonetic	0.583	Tsadik_058.002		"סיפר הרב הצדיק איש אלקים מהר״צ מזידיטשוב ז""ל. מהתגלגלות הסבות מאדון הסבות איך
                    שבא למעזיביז וראה גודל קדושת הרב הקדוש
                    הנ""ל. הרב הצדיק מהר""צ הי' מסתופף בצל הקודש "	H-LOC_92			
הרב מלובלין	1	Khal-Hasidim2024-9-25	name_exact	0.95	Tsadik_041.001		"סיפר הרב הצדיק איש אלקים מהר״צ מזידיטשוב ז""ל. מהתגלגלות הסבות מאדון הסבות איך
                    שבא למעזיביז וראה גודל קדושת הרב הקדוש
                    הנ""ל. הרב הצדיק מהר""צ הי' מסתופף בצל הקודש "	H-LOC_56			
"הרב הקדוש
                            מלובלין"	1	Khal-Hasidim2024-9-25	name_exact	0.95	Tsadik_041.001		"סיפר הרב הצדיק איש אלקים מהר״צ מזידיטשוב ז""ל. מהתגלגלות הסבות מאדון הסבות איך
                    שבא למעזיביז וראה גודל קדושת הרב הקדוש
                    הנ""ל. הרב הצדיק מהר""צ הי' מסתופף בצל הקודש "	H-LOC_56			
"הרה""ק
                            מזידטשוב"	1	Khal-Hasidim2024-9-25	no_match	0.0			"סיפר הרב הצדיק איש אלקים מהר״צ מזידיטשוב ז""ל. מהתגלגלות הסבות מאדון הסבות איך
                    שבא למעזיביז וראה גודל קדושת הרב הקדוש
                    הנ""ל. הרב הצדיק מהר""צ הי' מסתופף בצל הקודש "	H-LOC_92			
הרב הקדוש מזידיטשוב	1	Khal-Hasidim2024-9-25	name_exact	0.95	Tsadik_058.002		"סיפר הרב הצדיק איש אלקים מהר״צ מזידיטשוב ז""ל. מהתגלגלות הסבות מאדון הסבות איך
                    שבא למעזיביז וראה גודל קדושת הרב הקדוש
                    הנ""ל. הרב הצדיק מהר""צ הי' מסתופף בצל הקודש "	H-LOC_92			
"המוכיח הקדוש מק""ק פולנאי"	1	Khal-Hasidim2024-9-25	phonetic	0.588	Tsadik_012.020		"בימי המוכיח הקדוש מק""ק פולנאי היה בעיר
                        בעי מסור א׳ שציער מאד את אנשי עירו במסירות. פ״א חלה וצוה המוכיח ז""ל להשמשים מחברה להודיע לו זמן לויה
                    שלו והודיעו לו ו"	H-LOC_51			
"הרה""מ ממעזריטש"	1	Khal-Hasidim2024-9-25	phonetic	0.75	Tsadik_002.001		"איש הי' בארץ רוסי' הלבינה בעיר
                        לאזנע ושמו ר' ברוך ויולד האיש
                    לעת זקנתו שני בנים ויקרא שם האחד שניאור
                        זלמן ושם השני קרא יהודה ליב וכא"				
הגאון ר׳ אליהו מווילנא	1	Khal-Hasidim2024-9-25	no_match	0.0			"איש הי' בארץ רוסי' הלבינה בעיר
                        לאזנע ושמו ר' ברוך ויולד האיש
                    לעת זקנתו שני בנים ויקרא שם האחד שניאור
                        זלמן ושם השני קרא יהודה ליב וכא"	H-LOC_175			
"האבד""ק בארדיטשוב"	1	Khal-Hasidim2024-9-25	no_match	0.0			"איש הי' בארץ רוסי' הלבינה בעיר
                        לאזנע ושמו ר' ברוך ויולד האיש
                    לעת זקנתו שני בנים ויקרא שם האחד שניאור
                        זלמן ושם השני קרא יהודה ליב וכא"	H-LOC_134			
"בת הבעש""ט מרת אדל"	1	Khal-Hasidim2024-9-25	phonetic	0.421	Tsadik_001.001		"איש הי' בארץ רוסי' הלבינה בעיר
                        לאזנע ושמו ר' ברוך ויולד האיש
                    לעת זקנתו שני בנים ויקרא שם האחד שניאור
                        זלמן ושם השני קרא יהודה ליב וכא"				
"הה""מ הגדול"	1	Khal-Hasidim2024-9-25	phonetic	0.429	Tsadik_002.001		"איש הי' בארץ רוסי' הלבינה בעיר
                        לאזנע ושמו ר' ברוך ויולד האיש
                    לעת זקנתו שני בנים ויקרא שם האחד שניאור
                        זלמן ושם השני קרא יהודה ליב וכא"				
"האב""ד מבארדיטשוב"	1	Khal-Hasidim2024-9-25	phonetic	0.615	Tsadik_023.001		"איש הי' בארץ רוסי' הלבינה בעיר
                        לאזנע ושמו ר' ברוך ויולד האיש
                    לעת זקנתו שני בנים ויקרא שם האחד שניאור
                        זלמן ושם השני קרא יהודה ליב וכא"	H-LOC_134			
אביגדור הרב מפינסק	1	Khal-Hasidim2024-9-25	no_match	0.0			"איש הי' בארץ רוסי' הלבינה בעיר
                        לאזנע ושמו ר' ברוך ויולד האיש
                    לעת זקנתו שני בנים ויקרא שם האחד שניאור
                        זלמן ושם השני קרא יהודה ליב וכא"	H-LOC_122			
"הה״מ
                        הגדול"	1	Khal-Hasidim2024-9-25	phonetic	0.429	Tsadik_002.001		"איש הי' בארץ רוסי' הלבינה בעיר
                        לאזנע ושמו ר' ברוך ויולד האיש
                    לעת זקנתו שני בנים ויקרא שם האחד שניאור
                        זלמן ושם השני קרא יהודה ליב וכא"				
"מרדכי
                            מלעחוויץ"	1	Khal-Hasidim2024-9-25	name_exact	0.95	Tsadik_045.001		"איש הי' בארץ רוסי' הלבינה בעיר
                        לאזנע ושמו ר' ברוך ויולד האיש
                    לעת זקנתו שני בנים ויקרא שם האחד שניאור
                        זלמן ושם השני קרא יהודה ליב וכא"				
מרדכי מלעפלע	1	Khal-Hasidim2024-9-25	name_exact	0.95	Tsadik_012.301		"איש הי' בארץ רוסי' הלבינה בעיר
                        לאזנע ושמו ר' ברוך ויולד האיש
                    לעת זקנתו שני בנים ויקרא שם האחד שניאור
                        זלמן ושם השני קרא יהודה ליב וכא"				
"ליב
                        מיאנעוויטש"	1	Khal-Hasidim2024-9-25	name_exact	0.85	Tsadik_012.048		"איש הי' בארץ רוסי' הלבינה בעיר
                        לאזנע ושמו ר' ברוך ויולד האיש
                    לעת זקנתו שני בנים ויקרא שם האחד שניאור
                        זלמן ושם השני קרא יהודה ליב וכא"	H-LOC_554			
"ליב
                            מיאנאויטש"	1	Khal-Hasidim2024-9-25	name_exact	0.85	Tsadik_012.048		"איש הי' בארץ רוסי' הלבינה בעיר
                        לאזנע ושמו ר' ברוך ויולד האיש
                    לעת זקנתו שני בנים ויקרא שם האחד שניאור
                        זלמן ושם השני קרא יהודה ליב וכא"	H-LOC_554			
"ליב בעמה""ח ספ' שארית יהודא"	1	Khal-Hasidim2024-9-25	name_exact	0.85	Tsadik_012.048		"איש הי' בארץ רוסי' הלבינה בעיר
                        לאזנע ושמו ר' ברוך ויולד האיש
                    לעת זקנתו שני בנים ויקרא שם האחד שניאור
                        זלמן ושם השני קרא יהודה ליב וכא"				
הגאון ר׳ אלי' מווילנא	1	Khal-Hasidim2024-9-25	no_match	0.0			"איש הי' בארץ רוסי' הלבינה בעיר
                        לאזנע ושמו ר' ברוך ויולד האיש
                    לעת זקנתו שני בנים ויקרא שם האחד שניאור
                        זלמן ושם השני קרא יהודה ליב וכא"	H-LOC_175			
"שאול
                            מסיראטשינע"	1	Khal-Hasidim2024-9-25	no_match	0.0			"איש הי' בארץ רוסי' הלבינה בעיר
                        לאזנע ושמו ר' ברוך ויולד האיש
                    לעת זקנתו שני בנים ויקרא שם האחד שניאור
                        זלמן ושם השני קרא יהודה ליב וכא"				
"הרבי
                            מרייסיין"	1	Khal-Hasidim2024-9-25	name_exact	0.95	Tsadik_027.001		"איש הי' בארץ רוסי' הלבינה בעיר
                        לאזנע ושמו ר' ברוך ויולד האיש
                    לעת זקנתו שני בנים ויקרא שם האחד שניאור
                        זלמן ושם השני קרא יהודה ליב וכא"	H-LOC_487			
הגאון החסיד	1	Khal-Hasidim2024-9-25	no_match	0.0			"איש הי' בארץ רוסי' הלבינה בעיר
                        לאזנע ושמו ר' ברוך ויולד האיש
                    לעת זקנתו שני בנים ויקרא שם האחד שניאור
                        זלמן ושם השני קרא יהודה ליב וכא"				
"הרב
                        מסטאלין"	1	Khal-Hasidim2024-9-25	phonetic	0.556	Tsadik_016.003		"ויהי במשך איזה שנים אחרי׳ היה מוכרח הרב ז""ל להיות בפ""ב
                    מאיז עסק השייך לכלל והקיסר פאוויל לא ידע מביאתו
                        לפ""ב ויהי שם הרב איזה ימים אחדים בתוך כך נתהוה סיבה
 "	H-LOC_654			
"אשר
                            מסטאלין"	1	Khal-Hasidim2024-9-25	name_exact	0.95	Tsadik_016.003		"ויהי במשך איזה שנים אחרי׳ היה מוכרח הרב ז""ל להיות בפ""ב
                    מאיז עסק השייך לכלל והקיסר פאוויל לא ידע מביאתו
                        לפ""ב ויהי שם הרב איזה ימים אחדים בתוך כך נתהוה סיבה
 "	H-LOC_654			
הקייסער נקולי	1	Khal-Hasidim2024-9-25	no_match	0.0			"עתה נסיים הסיפור מישועת החודש הזה כי עד כה עזרנו השי""ת לסיים הסיפור מיום י״ט וכ""ט
                    בו ועתה נחזור לראשו לספר מר""ח כסליו ויו""ד בו אשר בשני הימים האלו נפדו הרבנים
                    ה"				
רבן יוחנן בן זכאי	1	Khal-Hasidim2024-9-25	no_match	0.0			"ויהי אחרי הסתלקות
                        הסתלקית הרב המגיד נתפזרו התלמידים לכל מקומות מושבותיהם
                    ללמד תורתו ברבים והרביצו תלמידים הלא המה הקדושים אשר בארץ המה ותלמידי תלמידיהם
    "				
ר׳ יוחנן בן זכאי	1	Khal-Hasidim2024-9-25	no_match	0.0			"ויהי אחרי הסתלקות
                        הסתלקית הרב המגיד נתפזרו התלמידים לכל מקומות מושבותיהם
                    ללמד תורתו ברבים והרביצו תלמידים הלא המה הקדושים אשר בארץ המה ותלמידי תלמידיהם
    "				
"מנחם מענדיל
                            מויטעפסק"	1	Khal-Hasidim2024-9-25	name_exact	0.95	Tsadik_012.172		"ויהי אחרי הסתלקות
                        הסתלקית הרב המגיד נתפזרו התלמידים לכל מקומות מושבותיהם
                    ללמד תורתו ברבים והרביצו תלמידים הלא המה הקדושים אשר בארץ המה ותלמידי תלמידיהם
    "	H-LOC_400			
פנחס רוועש משקלאב	1	Khal-Hasidim2024-9-25	no_match	0.0			"פעם אחת בא ר' סנדר מתלמידי הגאון מווילנא על אסיפה
                        למאהליב דרוסי' וישלח לצוות להרב שישלח גם הוא אחד
                    מאנשים כי כמה פעמים הרעיש ר' סענדר הנ""ל האסיפות ובוויכוחי"	H-LOC_106			
"לוי
                        יצחק מבארדיטשוב"	1	Khal-Hasidim2024-9-25	name_exact	0.95	Tsadik_023.001		"פעם אחת בא ר' סנדר מתלמידי הגאון מווילנא על אסיפה
                        למאהליב דרוסי' וישלח לצוות להרב שישלח גם הוא אחד
                    מאנשים כי כמה פעמים הרעיש ר' סענדר הנ""ל האסיפות ובוויכוחי"	H-LOC_134			
"זאב
                        ואלף מזיטאמיר"	1	Khal-Hasidim2024-9-25	phonetic	0.824	Tsadik_048.001		"פעם אחת בא ר' סנדר מתלמידי הגאון מווילנא על אסיפה
                        למאהליב דרוסי' וישלח לצוות להרב שישלח גם הוא אחד
                    מאנשים כי כמה פעמים הרעיש ר' סענדר הנ""ל האסיפות ובוויכוחי"	H-LOC_179			
רבי אליעזר בן עזרי'	1	Khal-Hasidim2024-9-25	no_match	0.0			"ויהי כאשר הניח ה׳ לו מכל המציקים מבית ומחוץ ועבר מלין כל מה שדברו עד כה מישראלים
                    ומאינם ישראלים ביקש הצדיק הזה לישב בשלוה ללמד דעת את העם ולנחותם בדרך
                        בהרך "				
"אהרן
                            משטראשעלע"	1	Khal-Hasidim2024-9-25	phonetic	0.611	Tsadik_046.001		"עתה נספר סדר ההשתלשלות עד פטירת רבינו הקדוש זי״ע ויהי בשנת תקע""א בעת אשר היה
                    מלחמת הצרפתים עם הרוסים התפלל רבינו בשלום המלכות כי לא אבה שיכנסו הצרפתים
                        לרוסי"	H-LOC_628			
"ישעיה
                        בעה״מ ספר השל״ה הקדוש"	1	Khal-Hasidim2024-9-25	no_match	0.0			"ויהי אחרי פטירת רבינו הקדוש מלאו מקומו הני תרי צנתרי דדהבא ה״ה הרב הקדוש האלקי
                    מו״ה אהרן הלו הורוויץ נצר מגזע הרב הקדוש ר׳ישעיה
                        בעה״מ ספר השל״ה הקדוש והשני "				
פריידקע	1	Khal-Hasidim2024-9-25	no_match	0.0			"ויהי אחרי פטירת רבינו הקדוש מלאו מקומו הני תרי צנתרי דדהבא ה״ה הרב הקדוש האלקי
                    מו״ה אהרן הלו הורוויץ נצר מגזע הרב הקדוש ר׳ישעיה
                        בעה״מ ספר השל״ה הקדוש והשני "				
"אברהם
                        שיינעס משקלאוו"	1	Khal-Hasidim2024-9-25	no_match	0.0			והנה להציע לפני הקורא את כל הנעש׳ אחר פטירת רבינו הקדוש ברייסין ופרשת גדולת אהרן מהחל עד כלה תקצר היריע' . וע״כ אמרתי להבליג מעט על תאוותי ועוד חזון למועד ורק דבר אחד מהנוראו' הגדולי׳ בחרתי להציג לפני	H-LOC_106			
"רבי
                            דובראוונע"	1	Khal-Hasidim2024-9-25	no_match	0.0			והנה להציע לפני הקורא את כל הנעש׳ אחר פטירת רבינו הקדוש ברייסין ופרשת גדולת אהרן מהחל עד כלה תקצר היריע' . וע״כ אמרתי להבליג מעט על תאוותי ועוד חזון למועד ורק דבר אחד מהנוראו' הגדולי׳ בחרתי להציג לפני				
"אברהם
                        שינעס"	1	Khal-Hasidim2024-9-25	no_match	0.0			"ועתה נכתוב אפס קצהו מפטירת הרב הקדוש מוהרא""ה לגן עדן העליון
                    זי""ע : ויהי ביום הושענא רבה בשנת תקפ""ט התפלל הרב לפני התיבה כדרכו תמיד אשר דלג
                    פזז ורקד בעת תפילתו כ"				
"מאיר הלוי הורוויץ אבד""ק טיקטין"	1	Khal-Hasidim2024-9-25	no_match	0.0			"נעתיק כאן סיפור נורא מס׳ הנחמד שהגה""ח מאת הגאון הקדוש איש אלקי מופת דורו מו""ה
                        מאיר הלוי הורוויץ אבד""ק טיקטין זקינם של הני צנטרי : דדהבא הגאונים
                    הקדושים מו""ה"	H-LOC_71			
"צבי הירש הלוי הורוויץ אבד""ק
                        טשארקאב"	1	Khal-Hasidim2024-9-25	no_match	0.0			"עוד נעתיק כאן סיפור אחד מס' הנ""ל מבנו של הגאון הנ""ל ה""ה הגאון הקדוש איש אלקי מו""ה
                        צבי הירש הלוי הורוויץ אבד""ק
                        טשארקאב אבי הגאונים הקדושים
              "	H-LOC_458			
"פנחס הורוויץ ז״ל בעמ""ח ס' המקנה והפלאה"	1	Khal-Hasidim2024-9-25	no_match	0.0			"מהאחים הגאונים הגדולים הצדיקים הקדושים מ'
                        שמעלקא ומ' פנחס הורוויץ ז״ל בעמ""ח ס' המקנה והפלאה:"				
"פנחס הורוויץ ז""ל בעמ""ח ספר המקנה והפלאה"	1	Khal-Hasidim2024-9-25	no_match	0.0			"הרב הקדוש מו""ה זושא ז""ל היה תלמיד הרב
                    הגדול והקדוש המגיד ממעזריטש ז""ל ושמע
                    שם הרב המגיד הלך למרחקים עד כי נשמע הקול במקומות הקירה
                    והאחים הקד"				
"המגיד
                            דמעזריטש"	1	Khal-Hasidim2024-9-25	phonetic	0.714	Tsadik_002.001		"ובימים האלה כאשר היה הרה""ק בניקלשפורג בא
                    הרב הקדוש מו""ה אלימלך ז""ל לשחר פני
                    ריעו בביתו כי היו יחדיו תלמידים של הרב המגיד
                            דמעזריטש ז"""				
"האבד""ק
                            ראפשיץ"	1	Khal-Hasidim2024-9-25	no_match	0.0			"ובימים האלה כאשר היה הרה""ק בניקלשפורג בא
                    הרב הקדוש מו""ה אלימלך ז""ל לשחר פני
                    ריעו בביתו כי היו יחדיו תלמידים של הרב המגיד
                            דמעזריטש ז"""	H-LOC_49			
מהר״ם באנט	1	Khal-Hasidim2024-9-25	no_match	0.0			"ובימים האלה כאשר היה הרה""ק בניקלשפורג בא
                    הרב הקדוש מו""ה אלימלך ז""ל לשחר פני
                    ריעו בביתו כי היו יחדיו תלמידים של הרב המגיד
                            דמעזריטש ז"""				
בעל נועם אלימלך	1	Khal-Hasidim2024-9-25	name_exact	0.95	Tsadik_019.001		"ובימים האלה כאשר היה הרה""ק בניקלשפורג בא
                    הרב הקדוש מו""ה אלימלך ז""ל לשחר פני
                    ריעו בביתו כי היו יחדיו תלמידים של הרב המגיד
                            דמעזריטש ז"""				
מהר״ם באנעט	1	Khal-Hasidim2024-9-25	no_match	0.0			"ובימים האלה כאשר היה הרה""ק בניקלשפורג בא
                    הרב הקדוש מו""ה אלימלך ז""ל לשחר פני
                    ריעו בביתו כי היו יחדיו תלמידים של הרב המגיד
                            דמעזריטש ז"""				
"פפ""ד"	1	Khal-Hasidim2024-9-25	no_match	0.0			"הרב הק' ר' שמעלקא ואחיו הרב מ' פנחס
                    נבג""מ נתבקשו ביחד על כסא הרבנות בק""ק פפד״מ ובק""ק ניקלשפורג
                    להיות שק""ק פפד""מ היה קהלה גדולה ונכבדת מק""ק
                     "				
"המ""מ דק""ק מעזריטש"	1	Khal-Hasidim2024-9-25	phonetic	0.357	Tsadik_002.001		"הרב הק' ר' שמעלקא ואחיו הרב מ' פנחס
                    נבג""מ נתבקשו ביחד על כסא הרבנות בק""ק פפד״מ ובק""ק ניקלשפורג
                    להיות שק""ק פפד""מ היה קהלה גדולה ונכבדת מק""ק
                     "				
ישראל מרוזין וסאדיגערייא	1	Khal-Hasidim2024-9-25	phonetic	0.654	Tsadik_002.008		"מעשה נפלא מהרב הקדוש הצדיק הגאון המפורסם מו' פנחס מעיר קאריץ זללה""ה. מעשה זו
                    סיפרה הרב הקדוש בוצינא קדישא מו""ה ישראל מרוזין וסאדיגערייא זללה""ה :"	H-LOC_208			
"הרה""ק משפאלע"	1	Khal-Hasidim2024-9-25	name_exact	0.95	Tsadik_012.154		"מפורסם לכל קדושת ארי׳ דבי עילאה הק' האלקי ר' ליבוש משפאלע הנקרא בפי כל
                    שפאלער זיידע וסבת הקריאה בשם הזה זיידע היה כי במן בואו לשפאלע היה עיר ההוא מלאה מחוטאי ישראל כלם היו
        "	H-LOC_61			
"הרה""ק
                            משפאלע"	1	Khal-Hasidim2024-9-25	name_exact	0.95	Tsadik_012.154		"מפורסם לכל קדושת ארי׳ דבי עילאה הק' האלקי ר' ליבוש משפאלע הנקרא בפי כל
                    שפאלער זיידע וסבת הקריאה בשם הזה זיידע היה כי במן בואו לשפאלע היה עיר ההוא מלאה מחוטאי ישראל כלם היו
        "	H-LOC_61			
"הצדיק
                            מקאריץ"	1	Khal-Hasidim2024-9-25	no_match	0.0			"מפורסם לכל קדושת ארי׳ דבי עילאה הק' האלקי ר' ליבוש משפאלע הנקרא בפי כל
                    שפאלער זיידע וסבת הקריאה בשם הזה זיידע היה כי במן בואו לשפאלע היה עיר ההוא מלאה מחוטאי ישראל כלם היו
        "	H-LOC_149			
"הרה""ק מריזין"	1	Khal-Hasidim2024-9-25	name_exact	0.95	Tsadik_002.008		"מפורסם לכל קדושת ארי׳ דבי עילאה הק' האלקי ר' ליבוש משפאלע הנקרא בפי כל
                    שפאלער זיידע וסבת הקריאה בשם הזה זיידע היה כי במן בואו לשפאלע היה עיר ההוא מלאה מחוטאי ישראל כלם היו
        "	H-LOC_26			
בני הרב הצדיק מסלאוויטא	1	Khal-Hasidim2024-9-25	no_match	0.0			"מפורסם לכל קדושת ארי׳ דבי עילאה הק' האלקי ר' ליבוש משפאלע הנקרא בפי כל
                    שפאלער זיידע וסבת הקריאה בשם הזה זיידע היה כי במן בואו לשפאלע היה עיר ההוא מלאה מחוטאי ישראל כלם היו
        "				
"סבא קדישא ר׳ ליב משפאלע
                        הנקרא בפי כל שפלער זיידע"	1	Khal-Hasidim2024-9-25	no_match	0.0			"עתה נספר מעט מזעיר מהתגלות הרב הגדול והקדוש אריה דבי עילאה
                        סבא קדישא ר׳ ליב משפאלע
                        הנקרא בפי כל שפלער זיידע זצוק""ל זי""ע. שמעתי מהרב
                    "	H-LOC_61			
"הרב
                            מזלאטפאליע"	1	Khal-Hasidim2024-9-25	no_match	0.0			"עתה נספר מעט מזעיר מהתגלות הרב הגדול והקדוש אריה דבי עילאה
                        סבא קדישא ר׳ ליב משפאלע
                        הנקרא בפי כל שפלער זיידע זצוק""ל זי""ע. שמעתי מהרב
                    "	H-LOC_533			
"הבעל שם
                        טוב"	1	Khal-Hasidim2024-9-25	name_exact	0.95	Tsadik_001.001		"הנה הצדיק הנעלה הזה נולד בכפר מאיש המוני ובנערותו היה עילוי גדול בלימוד אבל תיכף
                    כאשר הגדיל מעט שם תיכף המסוה על פניו ויסתר מבני האדם במעשיו. ופעם אחת בימי חייו
                   "				
מרדכי מנישחיז	1	Khal-Hasidim2024-9-25	phonetic	0.615	Tsadik_036.001		"ויהי אחרי הדברים האלה נתוועד הסבא הזה עם הרבנים הקדושים
                    המפורסמים הצדיקים ר' מרדכי מנישחיז ועם הש״ץ
                            מזאסלאב אשר גם המה
                    הלכו אז בגולה"	H-LOC_198			
הש״ץ ר׳ יעקב	1	Khal-Hasidim2024-9-25	no_match	0.0			"ויהי אחרי הדברים האלה נתוועד הסבא הזה עם הרבנים הקדושים
                    המפורסמים הצדיקים ר' מרדכי מנישחיז ועם הש״ץ
                            מזאסלאב אשר גם המה
                    הלכו אז בגולה"				
"בן ר׳
                        שמעון"	1	Khal-Hasidim2024-9-25	no_match	0.0			"עוד היה דרכו בקודש להפך את כל הקללות לברכות בלשונם דייק היינו כי מי שלא הבין היה
                    סובר כי הוא מקלל יום יום את כל הבאים והמה היו כולם ברכות ועל הדרך שנמצא בדברי
                    ח"				
"הסבא
                            מספאלע"	1	Khal-Hasidim2024-9-25	phonetic	0.8	Tsadik_012.154		"ועתה נציע לפני הקורא מעשה אחת ממופתיו הרבים כאשר יעדנו בהתחלת דיבורנו זה : הנה
                    בעיר אחת מעיירות הסמוכות לספאלע היתה עגונה אחת אשר עזבה
                    אותה בעל נעוריה וחמש עשרה"	H-LOC_61			
"נכד
                        הבעש״ט ז""ל בעל דגל מחנה אפרים"	1	Khal-Hasidim2024-9-25	phonetic	0.364	Tsadik_001.001		"הרב הקדוש בעל נועם
                            אלימלך צוה לתלמידו עת שאלוהו מי יהיה להם לרב ומורה
                    ויאמר להם ליסע לסדילקאב לנכד
                        הבעש״ט ז""ל בעל דגל מחנה אפרים"				
"מהר""ם פריסטקר"	1	Khal-Hasidim2024-9-25	no_match	0.0			"הרב הקדוש בעל נועם
                            אלימלך צוה לתלמידו עת שאלוהו מי יהיה להם לרב ומורה
                    ויאמר להם ליסע לסדילקאב לנכד
                        הבעש״ט ז""ל בעל דגל מחנה אפרים"				
"הצדיק
                            מפריסטיק"	1	Khal-Hasidim2024-9-25	phonetic	0.462	Tsadik_084.001		"הרב הקדוש בעל נועם
                            אלימלך צוה לתלמידו עת שאלוהו מי יהיה להם לרב ומורה
                    ויאמר להם ליסע לסדילקאב לנכד
                        הבעש״ט ז""ל בעל דגל מחנה אפרים"	H-LOC_331			
"הרה""ק מסדילקב"	1	Khal-Hasidim2024-9-25	phonetic	0.5	Tsadik_001.010		"הרב הקדוש בעל נועם
                            אלימלך צוה לתלמידו עת שאלוהו מי יהיה להם לרב ומורה
                    ויאמר להם ליסע לסדילקאב לנכד
                        הבעש״ט ז""ל בעל דגל מחנה אפרים"	H-LOC_91			
"זושא מהאנפלע אחי
                        הרה""ק בעל נועם אלימלך"	1	Khal-Hasidim2024-9-25	phonetic	0.371	Tsadik_019.001		"ספרו עליו על הרב הקדוש מוה' זושא מהאנפלע אחי
                        הרה""ק בעל נועם אלימלך שהיה מבקש תמיד
                        לירא את השם וכל ימיו היה מתפלל להשם ב""ה וב""ש שיפחד
                   "	H-LOC_242			
"מהר""י
                            מלובלין"	1	Khal-Hasidim2024-9-25	phonetic	0.5	Tsadik_041.001		"אמר הרב הקדוש מו""ה אלימלך ז""ל האונאה
                    בעבודה סכנה גדולה מאוד. ומעשה שהיה בהרב הצדיק קדוש עליון מהר""י
                            מלובלין שנסע
                        לליזענסק להקדוש"	H-LOC_56			
בעל חסד לאברהם	1	Khal-Hasidim2024-9-25	no_match	0.0			"מה ששמעו מהרב הק' מ' זושא
                            מהניפאלע. ששמע מאחיו הרב הק' מ׳
                        אלימלך ז""ל פ""א עלה למעלה ופגע
                    בהרב בעל חסד לאברהם ושאל אותו רבי
      "				
"אלימלך זיע""א בעמ""ח ספר נועם
                        אלימלך"	1	Khal-Hasidim2024-9-25	no_match	0.0			"מעשה נפלאה הנודעת בפי כל החסידים יראי ד׳ וחושבי שמו והיא מהצדיק
                    יסוד עולם הגאון הקדוש אספקלריא המאירה עמוד התשובה אשר כל ימי חייו השיב רבים מעון
                        מרןאלימלך ז"				
"האדון פאטאצקי
                        הצעיר"	1	Khal-Hasidim2024-9-25	no_match	0.0			"בליזענסק ישב הצדיק הקדוש הזה. והעיר ההוא
                    היתה תחת -ממשלת אדון אחד שמו פאטאצקי הי׳ שייך לו כל שליסל
                        ראמניב וישב בהכפר שלו פאסעסאר יהודי אשר היה מאמין מאד
   "				
"האדון פיטאצקי
                        הצעיר"	1	Khal-Hasidim2024-9-25	no_match	0.0			"בליזענסק ישב הצדיק הקדוש הזה. והעיר ההוא
                    היתה תחת -ממשלת אדון אחד שמו פאטאצקי הי׳ שייך לו כל שליסל
                        ראמניב וישב בהכפר שלו פאסעסאר יהודי אשר היה מאמין מאד
   "				
המגיד הגדול ממעזריטש	1	Khal-Hasidim2024-9-25	name_exact	0.95	Tsadik_002.001		"עתה נציע לפני הקורא התגלות הרב הגאון הקדוש האלקי ר׳
                        ישראל פאליצקער שהיה צדיק גדול מגדולי תלמידיו של
                        המגיד הגדול ממעזריטש ז""ל
                    :"				
"השל""ה
                        הקדוש"	1	Khal-Hasidim2024-9-25	no_match	0.0			"בעיר פאלעצק במדינת רייסן היה איש
                    אחד מהמוני עם הפשוטים אשר התפרנס ממלאכתו ממלאכת החייטים והיה עוסק במלאכתו באמונה
                    לא ויתר שום דבר משום אדם ועסק במצות ה׳ בכל יכו"				
"הרה""מ הק' ממעזריטש"	1	Khal-Hasidim2024-9-25	phonetic	0.5	Tsadik_002.001		"ועתה נציע סדר הסתלקותו שלו לעולם העליון ומדי דברי בזה נציע את אשר גרענו בחפזנו
                    לספר מפטירת אבי הרב אשר היה חייט בפלעצק כי קודם מותו נעשה
                    בנו רב מפורסם כאשר כתבנ"				
"עוזיאל מייזלש בעמה""ח כרם שלמה"	1	Khal-Hasidim2024-9-25	no_match	0.0			"הרב הגאון האלקי ר׳ לוי יצחק טרם נתקבל לאב""ד בקהילות גדולות
                    וטרם יצא טבעו ושמו הקדוש בעולם לאות ולמופת בישראל בהיותו
                        בהיותי עוד צעיר לימים הי׳ אב""ד בעיר ריטש"				
לוי יצחק הרב דריטשעוואל	1	Khal-Hasidim2024-9-25	phonetic	0.353	Tsadik_023.001		"הרב הגאון האלקי ר׳ לוי יצחק טרם נתקבל לאב""ד בקהילות גדולות
                    וטרם יצא טבעו ושמו הקדוש בעולם לאות ולמופת בישראל בהיותו
                        בהיותי עוד צעיר לימים הי׳ אב""ד בעיר ריטש"				
המגיד הגדול	1	Khal-Hasidim2024-9-25	name_exact	0.95	Tsadik_002.001		"הרב הגאון האלקי ר׳ לוי יצחק טרם נתקבל לאב""ד בקהילות גדולות
                    וטרם יצא טבעו ושמו הקדוש בעולם לאות ולמופת בישראל בהיותו
                        בהיותי עוד צעיר לימים הי׳ אב""ד בעיר ריטש"				
"הרב
                            דריטשוואהל"	1	Khal-Hasidim2024-9-25	no_match	0.0			"הרב הגאון האלקי ר׳ לוי יצחק טרם נתקבל לאב""ד בקהילות גדולות
                    וטרם יצא טבעו ושמו הקדוש בעולם לאות ולמופת בישראל בהיותו
                        בהיותי עוד צעיר לימים הי׳ אב""ד בעיר ריטש"				
"הרב
                            מריטשוואהל"	1	Khal-Hasidim2024-9-25	no_match	0.0			"הרב הגאון האלקי ר׳ לוי יצחק טרם נתקבל לאב""ד בקהילות גדולות
                    וטרם יצא טבעו ושמו הקדוש בעולם לאות ולמופת בישראל בהיותו
                        בהיותי עוד צעיר לימים הי׳ אב""ד בעיר ריטש"				
הגאון מריטשוואהל	1	Khal-Hasidim2024-9-25	no_match	0.0			"הרב הגאון האלקי ר׳ לוי יצחק טרם נתקבל לאב""ד בקהילות גדולות
                    וטרם יצא טבעו ושמו הקדוש בעולם לאות ולמופת בישראל בהיותו
                        בהיותי עוד צעיר לימים הי׳ אב""ד בעיר ריטש"				
"הקדוש
                            מסאסוב"	1	Khal-Hasidim2024-9-25	name_exact	0.95	Tsadik_037.001		"דרכו בקודש היה ליסע לירידים ושם כאשר ראה דבר מה לגמול חסד מיהר ועשה בלי עיכוב פעם
                    אחד ראה כי העגלים אשר הובאו ליריד
                        לירור נאסרו ולא יתן להם איש מים לשתות וש"	H-LOC_60			
"הצדיק
                            לסאסיב"	1	Khal-Hasidim2024-9-25	phonetic	0.6	Tsadik_037.001		"מעשה שהיה בכפר א' באשה אחת מקשה לילד שלחו שליח מיוחד להרב הצדיק
                            לסאסיב לבקש רחמים בעדה
                    והאיש ההוא לא הכיר את הצדיק ולא ידעו ויסע ויבא בלילה בשעה שניה אח"	H-LOC_60			
"אלימלך ז""ל בעמה""ח נועם
                        אלימלך"	1	Khal-Hasidim2024-9-25	phonetic	0.476	Tsadik_019.001		"סיפור נפלא מהרב הקדוש איש האלהים הנ""ל סיפרה הרב הצדיק מוהר""ר פייוויש
                        מבאלשוועץ ז""ל וכה היו דבריו. אנכי שמשתי כל צרכי את מורי ורבי
                    הקדוש מוהר""ר אלימלך ז""ל בע"				
הצדיק מסאסוב	1	Khal-Hasidim2024-9-25	name_exact	0.95	Tsadik_037.001		"סיפור נפלא מהרב הקדוש איש האלהים הנ""ל סיפרה הרב הצדיק מוהר""ר פייוויש
                        מבאלשוועץ ז""ל וכה היו דבריו. אנכי שמשתי כל צרכי את מורי ורבי
                    הקדוש מוהר""ר אלימלך ז""ל בע"	H-LOC_60			
"הרה""ק מסאסוב"	1	Khal-Hasidim2024-9-25	phonetic	0.444	Tsadik_037.001		"סיפור נפלא מהרב הקדוש איש האלהים הנ""ל סיפרה הרב הצדיק מוהר""ר פייוויש
                        מבאלשוועץ ז""ל וכה היו דבריו. אנכי שמשתי כל צרכי את מורי ורבי
                    הקדוש מוהר""ר אלימלך ז""ל בע"	H-LOC_60			
פיוויש מבאלשווץ	1	Khal-Hasidim2024-9-25	no_match	0.0			"סיפור נפלא מהרב הקדוש איש האלהים הנ""ל סיפרה הרב הצדיק מוהר""ר פייוויש
                        מבאלשוועץ ז""ל וכה היו דבריו. אנכי שמשתי כל צרכי את מורי ורבי
                    הקדוש מוהר""ר אלימלך ז""ל בע"	H-LOC_408			
"הרה""ק
                            מבארדיטשוב"	1	Khal-Hasidim2024-9-25	name_exact	0.95	Tsadik_023.001		"ויהי כאשר בא הצדיק לסאסוב וישמע כי בא אגרת
                        מבארדיטשוב כי הרה""ק
                            מבארדיטשוב חלה מאוד
                    וכי הרה""ק מסאסיב ישא
                    תפלה"	H-LOC_134			
"הרה""ק מסאסיב"	1	Khal-Hasidim2024-9-25	phonetic	0.444	Tsadik_037.001		"ויהי כאשר בא הצדיק לסאסוב וישמע כי בא אגרת
                        מבארדיטשוב כי הרה""ק
                            מבארדיטשוב חלה מאוד
                    וכי הרה""ק מסאסיב ישא
                    תפלה"	H-LOC_60			
"צבי
                        מזדיטשוב"	1	Khal-Hasidim2024-9-25	no_match	0.0			"סיפר הרה""ק המקובל האלהי מוהר״ר צבי
                        מזדיטשוב ז""ל שהיה נוסע לסאסוב והיה מסתופף בצלו לקבל ממנו תורה. פעם אחד
                    אמר הרה""ק מהר""צ אשים עיני לראות התנהגתו בענין תיקו"	H-LOC_92			
"הרה""ק מזידיטשוב"	1	Khal-Hasidim2024-9-25	phonetic	0.583	Tsadik_058.002		"סיפר הרה""ק המקובל האלהי מוהר״ר צבי
                        מזדיטשוב ז""ל שהיה נוסע לסאסוב והיה מסתופף בצלו לקבל ממנו תורה. פעם אחד
                    אמר הרה""ק מהר""צ אשים עיני לראות התנהגתו בענין תיקו"	H-LOC_92			
"משה ליב מסאסוב
                            סאבוב"	1	Khal-Hasidim2024-9-25	phonetic	0.667	Tsadik_037.001		"עוד מעשה נפלאה מהרב הצדיק הקדוש מו""ה משה ליב מסאסוב
                            סאבוב: זי""ע"	H-LOC_60			
"חיים
                        וויינשענקער"	1	Khal-Hasidim2024-9-25	no_match	0.0			"שמה בסאסוב העיר הי׳ איש אחד ושמו ר'
                        חיים וויינשנקער סוחר יין ולו בן תלמיד חכם גדול והאיש
                    זקן בא בימים והלך בדרך כל הארץ ואת אשתו ובניו הניח לאנחות כי נשארו "				
יעקב יצחק הלוי מלובלין	1	Khal-Hasidim2024-9-25	name_exact	0.95	Tsadik_041.001		"מעשה נוראה בימי הצדיקים הקדושים ה""ה הרב המגיד
                        הקדוש מקאזניץ והרב הקדוש
                    ר׳ יעקב יצחק הלוי מלובלין ז""ל זי""ע : מעשה שהיה איש אחד ממקורביו של
                  "	H-LOC_56			
"ליב מסוואלק בן ר׳
                        אליעזר"	1	Khal-Hasidim2024-9-25	phonetic	0.433	Tsadik_001.001		"מעשה נוראה בימי הצדיקים הקדושים ה""ה הרב המגיד
                        הקדוש מקאזניץ והרב הקדוש
                    ר׳ יעקב יצחק הלוי מלובלין ז""ל זי""ע : מעשה שהיה איש אחד ממקורביו של
                  "	H-LOC_526			
"הה""מ מקאזניץ"	1	Khal-Hasidim2024-9-25	phonetic	0.556	Tsadik_042.001		"מעשה נוראה בימי הצדיקים הקדושים ה""ה הרב המגיד
                        הקדוש מקאזניץ והרב הקדוש
                    ר׳ יעקב יצחק הלוי מלובלין ז""ל זי""ע : מעשה שהיה איש אחד ממקורביו של
                  "	H-LOC_151			
"ישראל זצוק""ל מ""מ דק""ק קאזניץ"	1	Khal-Hasidim2024-9-25	no_match	0.0			"מעשה נוראה מהגאון האמיתי המקובל אלקי קדוש יאמר לו מופת הדור אשר
                    דבריו היו נשמעים בשמים כקש""ת מרן ישראל זצוק""ל מ""מ דק""ק קאזניץ אשר שמעתי מפי איש נאמן
                    שהי' משמש ל"	H-LOC_151			
המגיד הקדוש	1	Khal-Hasidim2024-9-25	no_match	0.0			"פעם אחת כחצות הלילה והמשמש הנ""ל שכב על משכבו בלילות ותדד שנתו מעיניו וכשכבו
                    בעמקי רעיונותי' שמע קול איש מוזר יוצא מהבית אשר המגיד הקדוש ישב בה ברוב בכי ויללה נורא מאוד ותפול עליו א"				
"המגיד
                        הק׳"	1	Khal-Hasidim2024-9-25	name_exact	0.95	Tsadik_002.001		"פעם אחת כחצות הלילה והמשמש הנ""ל שכב על משכבו בלילות ותדד שנתו מעיניו וכשכבו
                    בעמקי רעיונותי' שמע קול איש מוזר יוצא מהבית אשר המגיד הקדוש ישב בה ברוב בכי ויללה נורא מאוד ותפול עליו א"				
קאלבסאוו	1	Khal-Hasidim2024-9-25	no_match	0.0			"הרב הנ""ל אחרי אשר עזב את הרבנות מקאלבסאוו נתקבל לאב""ד
                        במדינת וואלחיי בק""ק יאסי הבירה. והיה מפורסם אצלם לגאון וגדול הדור בלימוד אולם אשר
                    היה צדיק גדול בנסתרו"				
"האבד""ק
                            אפטא"	1	Khal-Hasidim2024-9-25	no_match	0.0			"עוד מעשה נפלא מהרב הקדוש הגאון המפורסם איש אלקים האבד""ק
                            אפטא ז""ל :"	H-LOC_133			
הרב מאפטא	1	Khal-Hasidim2024-9-25	name_exact	0.95	Tsadik_043.003		"בזמן שהיה הרב הקדוש מאפטא במעזיביז היה סמוך אל העיר מעזיבוז רינדאר אחד שהיה פועל ישועות וכל איש אשר בא לגבולו זכה
                    לישועה אם לרפואה או לדברים אחרים. והאנשים אשר הסתופפו בצל הקדוש הנ"	H-LOC_133			
"חיים
                        יוסף דוד אזולאי"	1	Khal-Hasidim2024-9-25	phonetic	0.5	tempH-69		"מעשה נוראה מהגאון המובהק חסידא קדישא מורינו ורבינו חיים
                        יוסף דוד אזולאי זצ""ל נעתק מס' שם הגדולים
                        החדש וז""ל שם :"				
הגאון אזולאי	1	Khal-Hasidim2024-9-25	no_match	0.0			"ושמעתי ממנו מעשה נוראה ונפלאה. שלעת זקנתו כאשר היה חכם העיר דק""ק
                        לוורני בא אליו אדם חשוב אחד והוא כהן בקובלנא על אשתו
                    לאשר כי נסתרה עם איש אחד. והגאון הנ""ל "				
"אורי זללה""ה
                            מסטרעליסק"	1	Khal-Hasidim2024-9-25	phonetic	0.579	Tsadik_057.001		"סיפור מקדוש עליון איש אלהים עמוד אש מוהר""ר אורי זללה""ה
                            מסטרעליסק."	H-LOC_209			
"הרב
                            דנישחיז"	1	Khal-Hasidim2024-9-25	phonetic	0.667	Tsadik_036.001		"נודע לכל שלומי חסידי ישראל קדושת האלהי ז""ל מסטרעליסק כי באמת היה כמלאך אלהים כאחד השרפים
                    וממש לא היה בן אדם רק שרף כי תמיד היה בוער כאש לשמו ית׳ ויתעלה. והאמת היה לו
              "	H-LOC_198			
"קדוש
                            מאפטא"	1	Khal-Hasidim2024-9-25	name_exact	0.95	Tsadik_043.003		"ספרו חסידים רבים מעשה כיוצא בזו שאירע להרב הגאון איש אלהים קדוש
                            מאפטא כי בא אצלו פעם
                    אחת אשה חשובה שהיתה צריכה לייעץ בענין א'. ויהי ברגע בואה קרא הרב הק"	H-LOC_133			
"שלמה לוצקר ז""ל בעמה""ח ספר
                            דברת שלמה"	1	Khal-Hasidim2024-9-25	no_match	0.0			"סיפר הרב הקדוש רשכב""ה מו""ה שלום מבעלז ז""ל. הנה נודע שהוא שימש כל צרכו את הרה""ק מוהר""ר
                        שלמה לוצקר ז""ל בעמה""ח ספר
                            דברת שלמה וגם שימש את הרב הקדוש מלוב"				
הרב מסטרעליסק	1	Khal-Hasidim2024-9-25	name_exact	0.95	Tsadik_057.001		"סיפר הרב הקדוש רשכב""ה מו""ה שלום מבעלז ז""ל. הנה נודע שהוא שימש כל צרכו את הרה""ק מוהר""ר
                        שלמה לוצקר ז""ל בעמה""ח ספר
                            דברת שלמה וגם שימש את הרב הקדוש מלוב"	H-LOC_209			
"גדליה
                            מזעליחוב"	1	Khal-Hasidim2024-9-25	no_match	0.0			"סיפור נפלא מהרב הקדוש אחד מן הצדיקים הנסתרים מו""ה גדליה
                            מזעליחוב זצ""ל נעתק מס' שם הגדולים החדש"				
"האב""ד דק""ק קראקא"	1	Khal-Hasidim2024-9-25	no_match	0.0			"בשנת ה׳ אלפים שלש מאות וחמש עשרה לבריאות עולם נתבקש בישיבה של מעלה הרב הגאון
                    הצדיק האב""ד דק""ק קראקא ולא הניח
                    אחריו בן למלא מקומו. ויהי אחרי עבור ימי הספד של הרב"	H-LOC_130			
"משה בעלהמפה על
                        הש""ע"	1	Khal-Hasidim2024-9-25	phonetic	0.529	Rabbinic_Rema		"בשנת ה׳ אלפים שלש מאות וחמש עשרה לבריאות עולם נתבקש בישיבה של מעלה הרב הגאון
                    הצדיק האב""ד דק""ק קראקא ולא הניח
                    אחריו בן למלא מקומו. ויהי אחרי עבור ימי הספד של הרב"				
רב קראקא	1	Khal-Hasidim2024-9-25	phonetic	0.5	Tsadik_001.015		"בשנת ה׳ אלפים שלש מאות וחמש עשרה לבריאות עולם נתבקש בישיבה של מעלה הרב הגאון
                    הצדיק האב""ד דק""ק קראקא ולא הניח
                    אחריו בן למלא מקומו. ויהי אחרי עבור ימי הספד של הרב"	H-LOC_130			
"חיים בר' בצלאל בעמה""ח
                            ספר החיים וספר אגרת
                            הטיול אחיו של הגאון הק' מוהר""ל מפראג"	1	Khal-Hasidim2024-9-25	no_match	0.0			"עתה נספר את אשר העיד אלי' הנביא ז""ל על רבינו
                        משה ומזה המעשה אשר נספר נקח מוסר לדעת איך צריך האדם
                    להחזיק עצמו בשפלות. והמעשה שהיתה כך היתה רבינו הנ""ל היה לו "	H-LOC_142			
"מרן הב""י"	1	Khal-Hasidim2024-9-25	no_match	0.0			"ויהי בשנת ה׳ אלפים של״ג ביום ל""ג בעומר אשר נתמלא לרבינו ל""ג שנים מיום הולדו. עלה
                    רבינו הקדוש לשמים ושבק לנו החיים. מובן זאת לכל בר דעה אשר כל העיר קראקא וכל סביבותיה רבנים זקנים וח"				
יצחק אייזק	1	Khal-Hasidim2024-9-25_corrected	no_match	0.0			"ואכתוב בשבילו המעשה ג""כ מעשה מהבעש״ט
                    אשר שמעתי מאיש אחד מאנשי קהלתינו ושמו החסיד ר' יצחק אייזק בן הרב דק""ק
                             אשר שמע מפי
                    אביו ולא רצי"				
דוד פורעקס	1	Khal-Hasidim2024-9-25_corrected	phonetic	0.5	Biblical_David		"שמעתי מהרב מהור״ר פאלק החסיד המפורסים דק""ק
                             ששמע מהר' טיעשילנקאברהם
                        אב""ד דק""ק  שהיה מקדם ש״ץ בבית המדרש
                    דק""ק דובאסרמעזיבוז פ״א ה"				
אברהם שווערדליק	1	Khal-Hasidim2024-9-25_corrected	no_match	0.0			"שמעתי מר׳ יואל מ""מ דק""ק  ותמיד
                    היה אצל נעמרובהרב דק""ק  בק""ק פולנאיראשקיב ובק'
                        שאריגראד ובק""ק נעמרוב שמעתי
                    ממנו שפ״א שבת הבעש״ט
         "				
יוסף יוזפא	1	Khal-Hasidim2024-9-25_corrected	no_match	0.0			"עוד שמעתי מהרב דקהלתינו. פ""א נתקבל בן ר׳ יוסף יוזפא מק""ק  לאב""ד בק""ק אוסטראפולנאי והביא עמו דיין אחד בכדי שיוכל להעיז את
                        המוכיח ז""ל ובשבת התפלל המוכיח לפני התיבה ושמע ר׳
      "				
המגיד מישרים	1	Khal-Hasidim2024-9-25_corrected	no_match	0.0			"שמעתי מר' פאלק אב""ד דק""ק  פ״א
                    במוצאי שבת צוה טיטשיניקהבעש״ט לחתן חורגו
                    הרה""ק ר׳ יוסף אשכנזי שיאמר לפניו עין יעקב והוא שכב על המטה
                    ושמע מפיו "				
וויטאל	1	Khal-Hasidim2024-9-25_corrected	no_match	0.0			"שמעתי מר' פאלק אב""ד דק""ק  פ״א
                    במוצאי שבת צוה טיטשיניקהבעש״ט לחתן חורגו
                    הרה""ק ר׳ יוסף אשכנזי שיאמר לפניו עין יעקב והוא שכב על המטה
                    ושמע מפיו "				
דוב בער המגיד	1	Khal-Hasidim2024-9-25_corrected	phonetic	0.455	Tsadik_002.001		"שמעתי מהרב דקהלתינו שפ""א הלך הרב הקדוש והטהור ר' פנחס מ עם הרב הקדוש האלקי מוה'
                        קאריץדוב בער המגיד מ על פ""ש שהי' אחד קרוב
                    לשניהם נתפס בתפיסה אמר הר' מעזריטץ"				
הרדענקעזאב קוצעס	1	Khal-Hasidim2024-9-25_corrected	phonetic	0.5	Tsadik_012.039		"שמעתי מהרב דקהלתינו בעת הלווית הבעש״ט
                    תמה מאוד ר' נחמן
                        מ מה זה שאין רואה מאומה וכשבא מן
                    בית עלמין ראה נוראות גדולות ואמר לרבי הרדענקעזאב"				
דוד מתיר'	1	Khal-Hasidim2024-9-25_corrected	phonetic	0.5	Biblical_David		"שמעתי מהרב דקהלתינו פ״א היה הבעש״ט
                    בק""ק פולנאי ונסע מק""ק הנ""ל אל
                        עיר חדש והדרך הוא אצל בית הקברות של עיר
                        חדש וראה הבעש״ט עמוד
      "				
שמאי	1	Khal-Hasidim2024-9-25_corrected	no_match	0.0			"פ""א שמע הרב מוהר""ן מאנשים שהיו מדברים סרה על
                        הבעש""ט והיטב חרה לו עד מאוד עבור זה ואמר להם משל ע״ז
                    פעם א׳ עשו שני שרים גדולים כתר להמלך והוציאו עליו הון רב ו"				
הילל בן שחר	1	Khal-Hasidim2024-9-25_corrected	no_match	0.0			"כד אתכנשו כל צדיקי הדור על היא""צ ברופשיץ. באה אשה אחת
                    לפניהם ובתוכם הי׳ הגאון מ ז""ל וצעקה האשה בבכי יליל תמרורים כי נתנה
                    סך שמנה מאות רייניש כסף לאיש אחד ממכירי"				
ארי' ליב	1	Khal-Hasidim2024-9-25_corrected	no_match	0.0			"מעשה הי' שהרב הק' המוכיח מו""ה ארי' ליב מ חשקה נפשו מאוד ללמוד חכמת שיחת בהמות
                    ועופות ושיחת דקלים מפני שנצרך לו זה לתוכחה ומאחר שהי' כוונתו לש""ש נגמר בדעתו
                    ליסע "				
"רומ""ע"	1	Khal-Hasidim2024-9-25_corrected	no_match	0.0			"פ""א נסע הבעש״ט עם תלמידיו והוכרחו ללון
                    ביער אמרו התלמידים בבדיחותא נראה הסעודה שיעשה הרב לנו ויאמר הרב לכן ביום מחר
                    אי""ה אעשה לכם סעודה גדולה בכמה מיני מטעמים ו"				
משה אוסטריער	1	Khal-Hasidim2024-9-25_corrected	phonetic	0.5	Biblical_Moses		"מעשה נוראה מרבינו הבעש״ט הקדוש זי""ע. בעת היותו בבראד ביחד
                    עם הקדושים ר' חיים צאנזיר ור' משה אוסטריער בעל
                            :ערוגות הבושם"				
"מה""מ"	1	Khal-Hasidim2024-9-25_corrected	no_match	0.0			"עתה נכתוב קצת מפטירתו שהיה הסתלקותו ביום א׳ דשבועות בפסח שקודם זה הי' הרה""ק מו'
                        פנחס מ אצל
                        קאריץהבעש״ט ונחלש מעט ומפני זה בעי״ט
                    האחר"				
בעש״ן	1	Khal-Hasidim2024-9-25_corrected	no_match	0.0			"עתה נכתוב קצת מפטירתו שהיה הסתלקותו ביום א׳ דשבועות בפסח שקודם זה הי' הרה""ק מו'
                        פנחס מ אצל
                        קאריץהבעש״ט ונחלש מעט ומפני זה בעי״ט
                    האחר"				
ליפע	1	Khal-Hasidim2024-9-25_corrected	no_match	0.0			"גם שמעתי מר' פנחס מלמד שהיה מקודם מ״מ וכמדומהלי שהמעשה הי'
                    בק""ק צפת והיה שם הרב דק""ק הנ׳ הנק'
                    בלשונם חכם והיה איש טוב מאד והיה אוהב לר""ג פ""א אמר
               "				
ליפמאן	1	Khal-Hasidim2024-9-25_corrected	no_match	0.0			"גם שמעתי מר' פנחס מלמד שהיה מקודם מ״מ וכמדומהלי שהמעשה הי'
                    בק""ק צפת והיה שם הרב דק""ק הנ׳ הנק'
                    בלשונם חכם והיה איש טוב מאד והיה אוהב לר""ג פ""א אמר
               "				
"אוה""ק"	1	Khal-Hasidim2024-9-25_corrected	no_match	0.0			"מעשה נוראה מהרב הקדוש האלקי מו""ה גרשון
                        קיטעוור ז""ל גיסו של רבינו הבעש״ט נ""ע : פעם אחת הי' הבעש״ט ז""ל בדאגה גדולה עד מאוד. וקראו לגיסו הרה""ק מו""ה גרשון ז""ל ואמר לו תדע גיסי כי כ"				
גורדע	1	Khal-Hasidim2024-9-25_corrected	no_match	0.0			"מעשה נורא מאד מרבינו האלקי רשכב""ה המגיד הגדול מ איך המשיך אליו
                        מעזריטשהדאקטער גורדע עד שנעשה צדיק גדול :"				
חאטיןגרדע	1	Khal-Hasidim2024-9-25_corrected	no_match	0.0			"איש אחד משועי ואצילי וילנא הבירה עבר דרך
                        מעזריטש לעסקו וכאשר שמע מכל העם מפליאים לו מאד גדולת
                    הרב המגיד נתיישב בדעתו לילך ולתהות על קנקנו ועל כי היה האיש
  "				
"שפ""א"	1	Khal-Hasidim2024-9-25_corrected	no_match	0.0			"שמעתי מהרב שפ""א באו לדין לפני הר׳ יצחק הנ׳ שני בעלי דינים
                    ופסק שבועה לאחד וקיבל עליו לשבע וב""ד שכנגדו צעק שיקיים הפסק כי חרה לו מאוד שידע
                    בבירור שב""ד שכנגדו טוע"				
הט״ז	1	Khal-Hasidim2024-9-25_corrected	no_match	0.0			"עתה נחזור להציע לפני הקורא כל הקורות עם הרב הקדוש מעת דרכו רגליו על מפתן הקדוש
                        במעזריטש ונספרם על הסדר ולא נדלג מענין לענין והשמות
                    יובאו בסוף אי""ה : הנה בבו"				
פנחס רוועש	1	Khal-Hasidim2024-9-25_corrected	no_match	0.0			"פעם אחת בא ר' סנדר מתלמידי הגאון מ על אסיפה
                        לווילנאמאהליב דרוסי' וישלח לצוות להרב שישלח גם הוא אחד
                    מאנשים כי כמה פעמים הרעיש ר' סענדר הנ""ל האסיפות ובוויכוחי"				
זוסי	1	Khal-Hasidim2024-9-25_corrected	name_exact	0.95	Tsadik_020.001		"פעם אחת בא ר' סנדר מתלמידי הגאון מ על אסיפה
                        לווילנאמאהליב דרוסי' וישלח לצוות להרב שישלח גם הוא אחד
                    מאנשים כי כמה פעמים הרעיש ר' סענדר הנ""ל האסיפות ובוויכוחי"				
אליעזר בן עזרי'	1	Khal-Hasidim2024-9-25_corrected	no_match	0.0			"ויהי כאשר הניח ה׳ לו מכל המציקים מבית ומחוץ ועבר מלין כל מה שדברו עד כה מישראלים
                    ומאינם ישראלים ביקש הצדיק הזה לישב בשלוה ללמד דעת את העם ולנחותם בדרך
                        בהרך "				
ויטיל	1	Khal-Hasidim2024-9-25_corrected	no_match	0.0			"והנה מדי עבר הרב לטולטשין נזקק לבקשת אשה
                    אחת לשלם לה טובה תחת טובה כי בעת אשר ישב הרב במאסר
                        בפעטערסבורג פעם הראשון היתה שמה אשה אחת שמה
                    "				
קארליןשלמה	1	Khal-Hasidim2024-9-25_corrected	no_match	0.0			"עתה נספר סדר ההשתלשלות עד פטירת רבינו הקדוש זי״ע ויהי בשנת תקע""א בעת אשר היה
                    מלחמת הצרפתים עם הרוסים התפלל רבינו בשלום המלכות כי לא אבה שיכנסו הצרפתים
                        לרוסי"				
שלמה הקאזקין	1	Khal-Hasidim2024-9-25_corrected	no_match	0.0			"עתה נספר סדר ההשתלשלות עד פטירת רבינו הקדוש זי״ע ויהי בשנת תקע""א בעת אשר היה
                    מלחמת הצרפתים עם הרוסים התפלל רבינו בשלום המלכות כי לא אבה שיכנסו הצרפתים
                        לרוסי"				
צבי הירש הלוי הורוויץ	1	Khal-Hasidim2024-9-25_corrected	phonetic	0.423	Tsadik_017.002		"עוד נעתיק כאן סיפור אחד מס' הנ""ל מבנו של הגאון הנ""ל ה""ה הגאון הקדוש איש אלקי מו""ה
                        צבי הירש הלוי הורוויץ אבד""ק
                         אבי הגאונים הקדושים
                     "				
באנט	1	Khal-Hasidim2024-9-25_corrected	no_match	0.0			"ובימים האלה כאשר היה הרה""ק בניקלשפורג בא
                    הרב הקדוש מו""ה אלימלך ז""ל לשחר פני
                    ריעו בביתו כי היו יחדיו תלמידים של הרב המגיד
                            ד ז""ל. ויהי"				
באנעט	1	Khal-Hasidim2024-9-25_corrected	no_match	0.0			"ובימים האלה כאשר היה הרה""ק בניקלשפורג בא
                    הרב הקדוש מו""ה אלימלך ז""ל לשחר פני
                    ריעו בביתו כי היו יחדיו תלמידים של הרב המגיד
                            ד ז""ל. ויהי"				
"המ""מ"	1	Khal-Hasidim2024-9-25_corrected	no_match	0.0			"הרב הק' ר' שמעלקא ואחיו הרב מ' פנחס 
                    נבג""מ נתבקשו ביחד על כסא הרבנות בק""ק פפד״מ ובק""ק ניקלשפורג
                    להיות שק""ק פפד""מ היה קהלה גדולה ונכבדת מק""ק
                    "				
הגבאי	1	Khal-Hasidim2024-9-25_corrected	no_match	0.0			"ועתה נציע לפני הקורא מעשה אחת ממופתיו הרבים כאשר יעדנו בהתחלת דיבורנו זה : הנה
                    בעיר אחת מעיירות הסמוכות לספאלע היתה עגונה אחת אשר עזבה
                    אותה בעל נעוריה וחמש עשרה"				
הגבאים	1	Khal-Hasidim2024-9-25_corrected	no_match	0.0			"ועתה נציע לפני הקורא מעשה אחת ממופתיו הרבים כאשר יעדנו בהתחלת דיבורנו זה : הנה
                    בעיר אחת מעיירות הסמוכות לספאלע היתה עגונה אחת אשר עזבה
                    אותה בעל נעוריה וחמש עשרה"				
פריסטקר	1	Khal-Hasidim2024-9-25_corrected	phonetic	0.385	Tsadik_084.001		"הרב הקדוש בעל  צוה לתלמידו עת שאלוהו מי יהיה להם לרב ומורה
                    ויאמר להם ליסע לנועם
                            אלימלךסדילקאב לנכד
                        הבעש״ט ז""ל בעל . ויסע
       "				
הלל בן שחר	1	Khal-Hasidim2024-9-25_corrected	no_match	0.0			"בליזענסק ישב הצדיק הקדוש הזה. והעיר ההוא
                    היתה תחת -ממשלת אדון אחד שמו פאטאצקי הי׳ שייך לו כל שליסל
                        ראמניב וישב בהכפר שלו פאסעסאר יהודי אשר היה מאמין מאד
   "				
"ישראל
                        עישראל"	1	Khal-Hasidim2024-9-25_corrected	no_match	0.0			"בעיר פאלעצק במדינת רייסן היה איש
                    אחד מהמוני עם הפשוטים אשר התפרנס ממלאכתו ממלאכת החייטים והיה עוסק במלאכתו באמונה
                    לא ויתר שום דבר משום אדם ועסק במצות ה׳ בכל יכו"				
"עוזיאל
                        עיזואל"	1	Khal-Hasidim2024-9-25_corrected	no_match	0.0			"הרב הגאון האלקי ר׳ לוי יצחק טרם נתקבל לאב""ד בקהילות גדולות
                    וטרם יצא טבעו ושמו הקדוש בעולם לאות ולמופת בישראל בהיותו
                        בהיותי עוד צעיר לימים הי׳ אב""ד בעיר ריטש"				
יעקב יצחק הלוי	1	Khal-Hasidim2024-9-25_corrected	phonetic	0.6	Tsadik_041.001		"מעשה מרבינו הקדוש אספקלריא המאירה מו""ה יעקב יצחק הלוי מ זי""ע : לובלין"				
חיים בר' בצלאל	1	Khal-Hasidim2024-9-25_corrected	no_match	0.0			"עתה נספר את אשר העיד אלי' הנביא ז""ל על רבינו
                        משה ומזה המעשה אשר נספר נקח מוסר לדעת איך צריך האדם
                    להחזיק עצמו בשפלות. והמעשה שהיתה כך היתה רבינו הנ""ל היה לו "				
"מוהר""ל מפראגקראקא"	1	Khal-Hasidim2024-9-25_corrected	no_match	0.0			"עתה נספר את אשר העיד אלי' הנביא ז""ל על רבינו
                        משה ומזה המעשה אשר נספר נקח מוסר לדעת איך צריך האדם
                    להחזיק עצמו בשפלות. והמעשה שהיתה כך היתה רבינו הנ""ל היה לו "				
"הב""יהשלחן ערוך"	1	Khal-Hasidim2024-9-25_corrected	no_match	0.0			"ויהי בשנת ה׳ אלפים של״ג ביום ל""ג בעומר אשר נתמלא לרבינו ל""ג שנים מיום הולדו. עלה
                    רבינו הקדוש לשמים ושבק לנו החיים. מובן זאת לכל בר דעה אשר כל העיר קראקא וכל סביבותיה רבנים זקנים וח"				
"המחמע""ד"	1	Khal-Kdoshim2025-06-22	no_match	0.0			"ומדי דברי בא במשטמת הישמעאלים אספר עוד מעשה נפלאה אשר בה נחזה כי ישראל נושע בה׳ תשועת
               עולמים גם עד נצח יוושעו משוכן מרומים לא אחד בלבד עמד עלינו לכלותינו. אלא שבכל דור
               וד"				
המחמד	1	Khal-Kdoshim2025-06-22	no_match	0.0			"ומדי דברי בא במשטמת הישמעאלים אספר עוד מעשה נפלאה אשר בה נחזה כי ישראל נושע בה׳ תשועת
               עולמים גם עד נצח יוושעו משוכן מרומים לא אחד בלבד עמד עלינו לכלותינו. אלא שבכל דור
               וד"				
"צבי הירש
               מזודיטשוב"	1	Khal-Kdoshim2025-06-22	no_match	0.0			"מעשה מהגאון הגדול אור ישראל וקדושו מוה' צבי הירש
               מזודיטשוב זי״ע : בין רבים החסידים אשר כיונים
               הוגים אל ארובותיהם על ימי הפורים על הצדיק הקדוש לבלי להיות מפוזר ומפורר בפיר"	H-LOC_92			
"שמעלקא האב""ד ניקלשפורג"	1	Khal-Kdoshim2025-06-22	no_match	0.0			"מעשה מרב האי גאון קדוש ה׳ מכבוד בוצינא דנהורא קדישא אספקלריא המאירה מרן מו""ה
                  שמעלקא האב""ד ניקלשפורג
               רבו של הקדוש מלובלין : כאשר נתכהן הגאון הקדוש הנזכר לשרת בקודש לרעו"	H-LOC_66			
הגאון האלקי הנזכר מנקלשפורג	1	Khal-Kdoshim2025-06-22	no_match	0.0			"מעשה מרב האי גאון קדוש ה׳ מכבוד בוצינא דנהורא קדישא אספקלריא המאירה מרן מו""ה
                  שמעלקא האב""ד ניקלשפורג
               רבו של הקדוש מלובלין : כאשר נתכהן הגאון הקדוש הנזכר לשרת בקודש לרעו"				
"מרדכי יפה בעל
               הלבושים"	1	Khal-Kdoshim2025-06-22	no_match	0.0			"לאהבת אחי ורעי אספר לפניכם מעשה רב ונורא שנעשה בימי הגאון ר׳ מרדכי יפה בעל
               הלבושים :"				
"מרדכי
                  יפה"	1	Khal-Kdoshim2025-06-22	phonetic	0.429	Tsadik_012.301		"הגאון ר׳ מרדכי
                  יפה היה אב""ד ור״מ בקהלת קטנות מקדם והרים ה׳ כסאו והגדיל למעלה שבאו
               שלוחים מק""ק פוזנא לקבלו עליהם לאב""ד ור""מ כי היה
               גאון רב בנגלה ובנסתר כ"				
החכם אבוהב	1	Khal-Kdoshim2025-06-22	no_match	0.0			"הגאון ר׳ מרדכי
                  יפה היה אב""ד ור״מ בקהלת קטנות מקדם והרים ה׳ כסאו והגדיל למעלה שבאו
               שלוחים מק""ק פוזנא לקבלו עליהם לאב""ד ור""מ כי היה
               גאון רב בנגלה ובנסתר כ"				
החכ' ר׳ אבוהב	1	Khal-Kdoshim2025-06-22	no_match	0.0			"הגאון ר׳ מרדכי
                  יפה היה אב""ד ור״מ בקהלת קטנות מקדם והרים ה׳ כסאו והגדיל למעלה שבאו
               שלוחים מק""ק פוזנא לקבלו עליהם לאב""ד ור""מ כי היה
               גאון רב בנגלה ובנסתר כ"				
עזרא במו' ידידיה	1	Khal-Kdoshim2025-06-22	no_match	0.0			"איש אחד הי מחסידי עליון ואספר
               קצת מחסידותיו ומדותיו ושמו ר' עזרא במו' ידידיה והי׳ דר בעיר קטנה
               ואנשים בה מעט סמוך לווינצי והאיש ההוא מיום שעבר לו שבע שנים לא
            "				
גדליה במוה' אברהם	1	Khal-Kdoshim2025-06-22	no_match	0.0			"איש אחד הי מחסידי עליון ואספר
               קצת מחסידותיו ומדותיו ושמו ר' עזרא במו' ידידיה והי׳ דר בעיר קטנה
               ואנשים בה מעט סמוך לווינצי והאיש ההוא מיום שעבר לו שבע שנים לא
            "				
"אי""ו"	1	Khal-Kdoshim2025-06-22	no_match	0.0			"איש אחד הי מחסידי עליון ואספר
               קצת מחסידותיו ומדותיו ושמו ר' עזרא במו' ידידיה והי׳ דר בעיר קטנה
               ואנשים בה מעט סמוך לווינצי והאיש ההוא מיום שעבר לו שבע שנים לא
            "				
"משה חיים
                  מדקדק"	1	Khal-Kdoshim2025-06-22	no_match	0.0			"איש אחד הי מחסידי עליון ואספר
               קצת מחסידותיו ומדותיו ושמו ר' עזרא במו' ידידיה והי׳ דר בעיר קטנה
               ואנשים בה מעט סמוך לווינצי והאיש ההוא מיום שעבר לו שבע שנים לא
            "				
"אלימלך זי״ע בעהמ""ח ס׳ נועם אלימלך"	1	Khal-Kdoshim2025-06-22	phonetic	0.435	Tsadik_019.001		"מעשה מהצדיק הקדוש עמוד התשובה מרן מו""ה אלימלך זי״ע בעהמ""ח ס׳ נועם אלימלך :"				
"מחמע""ד"	1	Khal-Kdoshim2025-06-22_corrected	no_match	0.0			"ומדי דברי בא במשטמת הישמעאלים אספר עוד מעשה נפלאה אשר בה נחזה כי ישראל נושע בה׳ תשועת
               עולמים גם עד נצח יוושעו משוכן מרומים לא אחד בלבד עמד עלינו לכלותינו. אלא שבכל דור
               וד"				
מחמד	1	Khal-Kdoshim2025-06-22_corrected	no_match	0.0			"ומדי דברי בא במשטמת הישמעאלים אספר עוד מעשה נפלאה אשר בה נחזה כי ישראל נושע בה׳ תשועת
               עולמים גם עד נצח יוושעו משוכן מרומים לא אחד בלבד עמד עלינו לכלותינו. אלא שבכל דור
               וד"				
גר	1	Khal-Kdoshim2025-06-22_corrected	no_match	0.0			"ומדי דברי בא במשטמת הישמעאלים אספר עוד מעשה נפלאה אשר בה נחזה כי ישראל נושע בה׳ תשועת
               עולמים גם עד נצח יוושעו משוכן מרומים לא אחד בלבד עמד עלינו לכלותינו. אלא שבכל דור
               וד"				
אבוהב הספרדי	1	Khal-Kdoshim2025-06-22_corrected	no_match	0.0			"הגאון ר׳ מרדכי
                  יפה היה אב""ד ור״מ בקהלת קטנות מקדם והרים ה׳ כסאו והגדיל למעלה שבאו
               שלוחים מק""ק פוזנא לקבלו עליהם לאב""ד ור""מ כי היה
               גאון רב בנגלה ובנסתר כ"				
אבוהב	1	Khal-Kdoshim2025-06-22_corrected	no_match	0.0			"הגאון ר׳ מרדכי
                  יפה היה אב""ד ור״מ בקהלת קטנות מקדם והרים ה׳ כסאו והגדיל למעלה שבאו
               שלוחים מק""ק פוזנא לקבלו עליהם לאב""ד ור""מ כי היה
               גאון רב בנגלה ובנסתר כ"				
הספרדי	1	Khal-Kdoshim2025-06-22_corrected	no_match	0.0			"הגאון ר׳ מרדכי
                  יפה היה אב""ד ור״מ בקהלת קטנות מקדם והרים ה׳ כסאו והגדיל למעלה שבאו
               שלוחים מק""ק פוזנא לקבלו עליהם לאב""ד ור""מ כי היה
               גאון רב בנגלה ובנסתר כ"				
משה חיים	1	Khal-Kdoshim2025-06-22_corrected	phonetic	0.5	Biblical_Moses		"איש אחד הי מחסידי עליון ואספר
               קצת מחסידותיו ומדותיו ושמו ר' עזרא במו' ידידיה והי׳ דר בעיר קטנה
               ואנשים בה מעט סמוך לווינצי והאיש ההוא מיום שעבר לו שבע שנים לא
            "				
"ישמעאל
                  ישממאל"	1	Khal-Kdoshim2025-06-22_corrected	no_match	0.0			"איש אחד הי מחסידי עליון ואספר
               קצת מחסידותיו ומדותיו ושמו ר' עזרא במו' ידידיה והי׳ דר בעיר קטנה
               ואנשים בה מעט סמוך לווינצי והאיש ההוא מיום שעבר לו שבע שנים לא
            "				
משה ליליענטהאל	1	Kokhvei-Or2025-11-29	phonetic	0.5	Biblical_Moses		בדפוס ר' משה ליליענטהאל (בבתי מחסה)				
נהמן	1	Kokhvei-Or2025-11-29	no_match	0.0			"הנה שמתי אל לבבי להעלות על הכתב קצת
			סיפורים מאנשי רבינו הקדוש והנורא ר׳
			נהמן זצוק""ל ובראשיתם קדמתי את הסיפור ממורנ""ת
			כי עליו סמך את ידיו והאיר בו כמאור הגדול במאור
			הקטן לממשלת והכנעת לוחמי"				
"נפתלי
					הירץ"	1	Kokhvei-Or2025-11-29	no_match	0.0			"בשנת ה׳ אלפים תק""ס. נולד מורנ""ת ז""ל בעיר
					נעמרוב ונתגדל בבית אביו הנכבד ר׳ נפתלי
					הירץ ז""ל בתורה ובעושר ובחכמה. ובבואו אח""כ בבית
					התלמוד של חותנו הרב הגאון ר׳ דוד צבי ז""ל נתגבר ועלה
					ב"				
מיכל להבעש״	1	Kokhvei-Or2025-11-29	no_match	0.0			"מעשה ג׳ מהתקרבות הרב הק' ר' מיכל להבעש״ט ז""ל
					שבזה כיון למורנ""ת ז""ל מחשבתו שחשב אז
					ונתבהל ונשתומם מאד בראותו בעיניו כי לא נעלם מאתו גם
					כל מחשבותיו ורעיונותיו העולים על לבבו ומאז נמשכו אל"				
אדומו״ר זהל	1	Kokhvei-Or2025-11-29	no_match	0.0			"וכראות אביו את כל זה הרבה לקצוף עליו מאד
					והלך וגירשו מביתו והמעות שלו בערך
					שני אלפים רו״כ לקח בידו ולא רצה ליתנם לו. והוכרח
					לאכול אצל זקנו. חוץ משאר מיני מרירות שעבר עליו באותו
					העת"				
"אדמו""ר"	1	Kokhvei-Or2025-11-29	no_match	0.0			"ובסוף אותו החורף נסע למעדוועדובקע [כמובא
					בימי מורנ""ת] כי שם היה אדמו״ר ז""כ בעת
					ההיא. ואעפ""י שהיא דרך רחוקה מנעמרוב והיה לו על
					זאת הנסיעה מניעות רבות וגדולות אשר א""א לבאר הכל
					בכתב ו"				
"יצחק
					אייזיק"	1	Kokhvei-Or2025-11-29	no_match	0.0			"(היילו כי מכוון ממש כן המה גם אמרי פיהו האלה אשר
					יאמר על חתנו שהוא יוצא מהדעת על שעושה רצון הבורא
					""תברך כפי תעלומות דרכיו אשר יודיעינו ע״י עבדיו
					הנאמנים) ועוד כיוצא בדברים כאלה דיבר והו"				
קהת מטירהאוויצע	1	Kokhvei-Or2025-11-29	no_match	0.0			"גם תבערת הלב בעבודת ה' של ר׳ אהרן ור׳ יהושע
					מזשערין אין לשער וכן שאר כל אנשיו כמו ר'
					נפתלי ז""ל מנעמרוב ור׳ יחיאל אחיו והרב ר׳ אהרן ז""ל
					מברסלב הרב ר׳ שמואל יצחק ז""ל מטשערין הרב ר' ישעי'
"				
זאב מטירהאו	1	Kokhvei-Or2025-11-29	no_match	0.0			"גם תבערת הלב בעבודת ה' של ר׳ אהרן ור׳ יהושע
					מזשערין אין לשער וכן שאר כל אנשיו כמו ר'
					נפתלי ז""ל מנעמרוב ור׳ יחיאל אחיו והרב ר׳ אהרן ז""ל
					מברסלב הרב ר׳ שמואל יצחק ז""ל מטשערין הרב ר' ישעי'
"				
"אבא שו""ב
					מטשערין"	1	Kokhvei-Or2025-11-29	no_match	0.0			"גם תבערת הלב בעבודת ה' של ר׳ אהרן ור׳ יהושע
					מזשערין אין לשער וכן שאר כל אנשיו כמו ר'
					נפתלי ז""ל מנעמרוב ור׳ יחיאל אחיו והרב ר׳ אהרן ז""ל
					מברסלב הרב ר׳ שמואל יצחק ז""ל מטשערין הרב ר' ישעי'
"	H-LOC_469			
זלמן מנעמרוב	1	Kokhvei-Or2025-11-29	name_exact	0.85	Biblical_Solomon		"גם תבערת הלב בעבודת ה' של ר׳ אהרן ור׳ יהושע
					מזשערין אין לשער וכן שאר כל אנשיו כמו ר'
					נפתלי ז""ל מנעמרוב ור׳ יחיאל אחיו והרב ר׳ אהרן ז""ל
					מברסלב הרב ר׳ שמואל יצחק ז""ל מטשערין הרב ר' ישעי'
"				
לייב מקרומינטשאק	1	Kokhvei-Or2025-11-29	name_exact	0.85	Tsadik_012.048		"והנגיד ר׳ לייב מקרומינטשאק ובנו ר׳ יצחק אייזיק חתנו
					של אדומו״ר ז""ל וכן ר' יוסף חתנו השני ר׳ ישראל מליפיוועץ
					ר׳ אייזיק יוסף מליפיוועץ ר׳ חיים שארעס מברסלב ר'
					יעקב מברסלב ר׳ דוד מברסלב ר׳"				
ישראל מליפיוועץ	1	Kokhvei-Or2025-11-29	no_match	0.0			"והנגיד ר׳ לייב מקרומינטשאק ובנו ר׳ יצחק אייזיק חתנו
					של אדומו״ר ז""ל וכן ר' יוסף חתנו השני ר׳ ישראל מליפיוועץ
					ר׳ אייזיק יוסף מליפיוועץ ר׳ חיים שארעס מברסלב ר'
					יעקב מברסלב ר׳ דוד מברסלב ר׳"				
חיים שארעס מברסלב	1	Kokhvei-Or2025-11-29	no_match	0.0			"והנגיד ר׳ לייב מקרומינטשאק ובנו ר׳ יצחק אייזיק חתנו
					של אדומו״ר ז""ל וכן ר' יוסף חתנו השני ר׳ ישראל מליפיוועץ
					ר׳ אייזיק יוסף מליפיוועץ ר׳ חיים שארעס מברסלב ר'
					יעקב מברסלב ר׳ דוד מברסלב ר׳"	H-LOC_642			
יעקב מברסלב	1	Kokhvei-Or2025-11-29	no_match	0.0			"והנגיד ר׳ לייב מקרומינטשאק ובנו ר׳ יצחק אייזיק חתנו
					של אדומו״ר ז""ל וכן ר' יוסף חתנו השני ר׳ ישראל מליפיוועץ
					ר׳ אייזיק יוסף מליפיוועץ ר׳ חיים שארעס מברסלב ר'
					יעקב מברסלב ר׳ דוד מברסלב ר׳"	H-LOC_642			
דוד מברסלב	1	Kokhvei-Or2025-11-29	phonetic	0.5	Biblical_David		"והנגיד ר׳ לייב מקרומינטשאק ובנו ר׳ יצחק אייזיק חתנו
					של אדומו״ר ז""ל וכן ר' יוסף חתנו השני ר׳ ישראל מליפיוועץ
					ר׳ אייזיק יוסף מליפיוועץ ר׳ חיים שארעס מברסלב ר'
					יעקב מברסלב ר׳ דוד מברסלב ר׳"	H-LOC_642			
זיילעג מברסלב	1	Kokhvei-Or2025-11-29	no_match	0.0			"והנגיד ר׳ לייב מקרומינטשאק ובנו ר׳ יצחק אייזיק חתנו
					של אדומו״ר ז""ל וכן ר' יוסף חתנו השני ר׳ ישראל מליפיוועץ
					ר׳ אייזיק יוסף מליפיוועץ ר׳ חיים שארעס מברסלב ר'
					יעקב מברסלב ר׳ דוד מברסלב ר׳"	H-LOC_642			
"ישרא
					מברסלב"	1	Kokhvei-Or2025-11-29	no_match	0.0			"והנגיד ר׳ לייב מקרומינטשאק ובנו ר׳ יצחק אייזיק חתנו
					של אדומו״ר ז""ל וכן ר' יוסף חתנו השני ר׳ ישראל מליפיוועץ
					ר׳ אייזיק יוסף מליפיוועץ ר׳ חיים שארעס מברסלב ר'
					יעקב מברסלב ר׳ דוד מברסלב ר׳"	H-LOC_642			
נאוושעליץ	1	Kokhvei-Or2025-11-29	no_match	0.0			"והנגיד ר׳ לייב מקרומינטשאק ובנו ר׳ יצחק אייזיק חתנו
					של אדומו״ר ז""ל וכן ר' יוסף חתנו השני ר׳ ישראל מליפיוועץ
					ר׳ אייזיק יוסף מליפיוועץ ר׳ חיים שארעס מברסלב ר'
					יעקב מברסלב ר׳ דוד מברסלב ר׳"				
משה יצחק מטירהאוויצע	1	Kokhvei-Or2025-11-29	no_match	0.0			"והנגיד ר׳ לייב מקרומינטשאק ובנו ר׳ יצחק אייזיק חתנו
					של אדומו״ר ז""ל וכן ר' יוסף חתנו השני ר׳ ישראל מליפיוועץ
					ר׳ אייזיק יוסף מליפיוועץ ר׳ חיים שארעס מברסלב ר'
					יעקב מברסלב ר׳ דוד מברסלב ר׳"				
געצי	1	Kokhvei-Or2025-11-29	no_match	0.0			"והנגיד ר׳ לייב מקרומינטשאק ובנו ר׳ יצחק אייזיק חתנו
					של אדומו״ר ז""ל וכן ר' יוסף חתנו השני ר׳ ישראל מליפיוועץ
					ר׳ אייזיק יוסף מליפיוועץ ר׳ חיים שארעס מברסלב ר'
					יעקב מברסלב ר׳ דוד מברסלב ר׳"				
"ארון
					מדאשוב"	1	Kokhvei-Or2025-11-29	no_match	0.0			"והנגיד ר׳ לייב מקרומינטשאק ובנו ר׳ יצחק אייזיק חתנו
					של אדומו״ר ז""ל וכן ר' יוסף חתנו השני ר׳ ישראל מליפיוועץ
					ר׳ אייזיק יוסף מליפיוועץ ר׳ חיים שארעס מברסלב ר'
					יעקב מברסלב ר׳ דוד מברסלב ר׳"				
משה מדאשוב	1	Kokhvei-Or2025-11-29	phonetic	0.5	Biblical_Moses		"והנגיד ר׳ לייב מקרומינטשאק ובנו ר׳ יצחק אייזיק חתנו
					של אדומו״ר ז""ל וכן ר' יוסף חתנו השני ר׳ ישראל מליפיוועץ
					ר׳ אייזיק יוסף מליפיוועץ ר׳ חיים שארעס מברסלב ר'
					יעקב מברסלב ר׳ דוד מברסלב ר׳"				
שלום מדאשוב	1	Kokhvei-Or2025-11-29	no_match	0.0			"והנגיד ר׳ לייב מקרומינטשאק ובנו ר׳ יצחק אייזיק חתנו
					של אדומו״ר ז""ל וכן ר' יוסף חתנו השני ר׳ ישראל מליפיוועץ
					ר׳ אייזיק יוסף מליפיוועץ ר׳ חיים שארעס מברסלב ר'
					יעקב מברסלב ר׳ דוד מברסלב ר׳"				
שבת	1	Kokhvei-Or2025-11-29	no_match	0.0			"פ""א עמד לפניו ר׳ נחמן ב""ר יודיל אר""ל שהיה איש
					כשר וירא וחרד לדבר ה' ועסק יומם ולילה
					בתורה ותפלה ובביתו אין לחם ואין שמלה כי היה עני
					גדול וגם אשתו היתה רעה וכעסנית והיתה מקללת אותו
					"				
"האריז""ל"	1	Kokhvei-Or2025-11-29_corrected	name_exact	0.95	Rabbinic_AriZal		"והנה ר' יודיל ז""ל היה איש חשוב קצת בין אנשי
					עירו וגם היה לו ידיעה בכתבי האריז""ל
					ובבואו לאדומו״ר ז""ל התחיל לדבר עמו בלשון גדולות ואמר
					לו יוריכו רבינו דרך לעבודת הבורא י""ת וענה אדומו״ר ז"""				
המגיד מטירהאוויצע	1	Kokhvei-Or2025-11-29_corrected	no_match	0.0			"הרב הצדיק ר׳ יקותיאל המגיד מטירהאוויצע זצוק""ל
					הוא אשר זכה ביותר מכל המפורסמים
					שבדורו להכניע א""ע תחת אדומו״ר ז""ל ולעמוד לפני הדרת
					קדושתו באימה ופחד וגם הרבה מאנשי מקורביו ויוצאי
					חלצ"				
קהת	1	Kokhvei-Or2025-11-29_corrected	no_match	0.0			"גם תבערת הלב בעבודת ה' של ר׳ אהרן ור׳ יהושע
					מזשערין אין לשער וכן שאר כל אנשיו כמו ר'
					נפתלי ז""ל מנעמרוב ור׳ יחיאל אחיו והרב ר׳ אהרן ז""ל
					מברסלב הרב ר׳ שמואל יצחק ז""ל מטשערין הרב ר' ישעי'
"				
טירהאואבא	1	Kokhvei-Or2025-11-29_corrected	no_match	0.0			"גם תבערת הלב בעבודת ה' של ר׳ אהרן ור׳ יהושע
					מזשערין אין לשער וכן שאר כל אנשיו כמו ר'
					נפתלי ז""ל מנעמרוב ור׳ יחיאל אחיו והרב ר׳ אהרן ז""ל
					מברסלב הרב ר׳ שמואל יצחק ז""ל מטשערין הרב ר' ישעי'
"				
לייב	1	Kokhvei-Or2025-11-29_corrected	name_exact	0.85	Tsadik_012.048		"והנגיד ר׳  לייב מ ובנו ר׳ קרומינטשאקיצחק אייזיק חתנו
					של אדומו״ר ז""ל וכן ר' יוסף חתנו השני ר׳ ישראל מליפיוועץ
					ר׳ אייזיק יוסף מליפיוועץ ר׳ חיים שארעס מ ר'
					ברסלביעקב מ ר׳ ברסלבדוד מ ר׳ ברס"				
חיים שארעס	1	Kokhvei-Or2025-11-29_corrected	no_match	0.0			"והנגיד ר׳  לייב מ ובנו ר׳ קרומינטשאקיצחק אייזיק חתנו
					של אדומו״ר ז""ל וכן ר' יוסף חתנו השני ר׳ ישראל מליפיוועץ
					ר׳ אייזיק יוסף מליפיוועץ ר׳ חיים שארעס מ ר'
					ברסלביעקב מ ר׳ ברסלבדוד מ ר׳ ברס"				
זיילעג	1	Kokhvei-Or2025-11-29_corrected	no_match	0.0			"והנגיד ר׳  לייב מ ובנו ר׳ קרומינטשאקיצחק אייזיק חתנו
					של אדומו״ר ז""ל וכן ר' יוסף חתנו השני ר׳ ישראל מליפיוועץ
					ר׳ אייזיק יוסף מליפיוועץ ר׳ חיים שארעס מ ר'
					ברסלביעקב מ ר׳ ברסלבדוד מ ר׳ ברס"				
ישרא	1	Kokhvei-Or2025-11-29_corrected	no_match	0.0			"והנגיד ר׳  לייב מ ובנו ר׳ קרומינטשאקיצחק אייזיק חתנו
					של אדומו״ר ז""ל וכן ר' יוסף חתנו השני ר׳ ישראל מליפיוועץ
					ר׳ אייזיק יוסף מליפיוועץ ר׳ חיים שארעס מ ר'
					ברסלביעקב מ ר׳ ברסלבדוד מ ר׳ ברס"				
"משה יצחק מ
					טירהאוויצע"	1	Kokhvei-Or2025-11-29_corrected	no_match	0.0			"והנגיד ר׳  לייב מ ובנו ר׳ קרומינטשאקיצחק אייזיק חתנו
					של אדומו״ר ז""ל וכן ר' יוסף חתנו השני ר׳ ישראל מליפיוועץ
					ר׳ אייזיק יוסף מליפיוועץ ר׳ חיים שארעס מ ר'
					ברסלביעקב מ ר׳ ברסלבדוד מ ר׳ ברס"				
געצי מלאדיזען	1	Kokhvei-Or2025-11-29_corrected	no_match	0.0			"והנגיד ר׳  לייב מ ובנו ר׳ קרומינטשאקיצחק אייזיק חתנו
					של אדומו״ר ז""ל וכן ר' יוסף חתנו השני ר׳ ישראל מליפיוועץ
					ר׳ אייזיק יוסף מליפיוועץ ר׳ חיים שארעס מ ר'
					ברסלביעקב מ ר׳ ברסלבדוד מ ר׳ ברס"				
עוזר מלאדיזען	1	Kokhvei-Or2025-11-29_corrected	no_match	0.0			"והנגיד ר׳  לייב מ ובנו ר׳ קרומינטשאקיצחק אייזיק חתנו
					של אדומו״ר ז""ל וכן ר' יוסף חתנו השני ר׳ ישראל מליפיוועץ
					ר׳ אייזיק יוסף מליפיוועץ ר׳ חיים שארעס מ ר'
					ברסלביעקב מ ר׳ ברסלבדוד מ ר׳ ברס"				
ארון	1	Kokhvei-Or2025-11-29_corrected	no_match	0.0			"והנגיד ר׳  לייב מ ובנו ר׳ קרומינטשאקיצחק אייזיק חתנו
					של אדומו״ר ז""ל וכן ר' יוסף חתנו השני ר׳ ישראל מליפיוועץ
					ר׳ אייזיק יוסף מליפיוועץ ר׳ חיים שארעס מ ר'
					ברסלביעקב מ ר׳ ברסלבדוד מ ר׳ ברס"				
מורכ״ת	1	Kokhvei-Or2025-11-29_corrected	no_match	0.0			"שמעתי מאחד מאנ""ש שנסע עמו פ""א ובאו
					לבית מלון ואכלו שם סעודות הערב
					ובשעת האכילה נכנס חתיכת עצם בצווארו של מורכ״ת
					ז""ל ופתח את פיו כדרך החונק ונבהלו שם מאד והש""י
					ברחמיו היה בעזרו שבלע"				
כלב	1	Kokhvei-Or2025-11-29_corrected	no_match	0.0			"ואודות הפחדיים שיש בזה אמר שע""ז נאמר מה
					דאיתא בזוה״ק פרשה שלח בענין הליכת
					כלב לחברון להשתטח על קברי האבות ולא נתיירא
					מהענקים ואיתא שם ע""ז מאן דאיהו בדוחקא לא איסתכל
					מידי כך כלב בגי"				
"רז""י"	1	Kokhvei-Or2025-11-29_corrected	no_match	0.0			"ובתוך שיחתו הק' ענה אחד לפניו בלשון צער ונניחו.
					איך לוקחין לב כזה וגער בו מורנ""ת ז""ל ואמר לו גם אתה
					יש לך לב הזה אלא שאין אתה מלבב זאת [דיא האסט
					אויך דאס הארץ נאר דיא בייא הארצט עס ניט]"				
אלעזר שענקעל מטארנאוו	1	Maasiot-Pliot2026-01-10	no_match	0.0			"הובא לבה""ד ע""י הצעיר אלעזר שענקעל מטארנאוו."	H-LOC_161			
יוסף פישער	1	Maasiot-Pliot2026-01-10	no_match	0.0			"קראקא
					בדפוסו של יוסף פישער (גראדגאססע נו' 62).
					בשנת תרנ""ו לפ""ק."				
Fischer	1	Maasiot-Pliot2026-01-10	no_match	0.0			"Druck von Josef Fischer Krakau, 1896.
					Verlag von Lazar Schenkel Tarnow (Galizien).
					Nachdruck streng verboten."				
Schenkel	1	Maasiot-Pliot2026-01-10	no_match	0.0			"Druck von Josef Fischer Krakau, 1896.
					Verlag von Lazar Schenkel Tarnow (Galizien).
					Nachdruck streng verboten."				
מרדכי בנעט מניקלשפורג	1	Maasiot-Pliot2026-01-10	no_match	0.0			"א מעשה נוראה מהחכם הגדול קדוש אלקי רבינו אברהם בן עזרא.
					ב מעשה מהגאון המקובל הק׳ והטהור רבי נפתלי כ״ץ בעל סמיכות חכמים.
					ג מעשה בחסיד אחד ציוה את בנו לזרוק פתו במים כל ימיו ומקיים כבוד אב.
		"	H-LOC_66			
איסורל אבי	1	Maasiot-Pliot2026-01-10	no_match	0.0			"א מעשה נוראה מהחכם הגדול קדוש אלקי רבינו אברהם בן עזרא.
					ב מעשה מהגאון המקובל הק׳ והטהור רבי נפתלי כ״ץ בעל סמיכות חכמים.
					ג מעשה בחסיד אחד ציוה את בנו לזרוק פתו במים כל ימיו ומקיים כבוד אב.
		"				
אלהי	1	Maasiot-Pliot2026-01-10	no_match	0.0			"א מעשה נוראה מהחכם הגדול קדוש אלקי רבינו אברהם בן עזרא.
					ב מעשה מהגאון המקובל הק׳ והטהור רבי נפתלי כ״ץ בעל סמיכות חכמים.
					ג מעשה בחסיד אחד ציוה את בנו לזרוק פתו במים כל ימיו ומקיים כבוד אב.
		"				
מאליהו	1	Maasiot-Pliot2026-01-10	fuzzy	0.75	Biblical_Elijah		"א מעשה נוראה מהחכם הגדול קדוש אלקי רבינו אברהם בן עזרא.
					ב מעשה מהגאון המקובל הק׳ והטהור רבי נפתלי כ״ץ בעל סמיכות חכמים.
					ג מעשה בחסיד אחד ציוה את בנו לזרוק פתו במים כל ימיו ומקיים כבוד אב.
		"				
שבתי מראשקוב	1	Maasiot-Pliot2026-01-10	no_match	0.0			"א מעשה נוראה מהחכם הגדול קדוש אלקי רבינו אברהם בן עזרא.
					ב מעשה מהגאון המקובל הק׳ והטהור רבי נפתלי כ״ץ בעל סמיכות חכמים.
					ג מעשה בחסיד אחד ציוה את בנו לזרוק פתו במים כל ימיו ומקיים כבוד אב.
		"				
נפתלי מראפשיטץ	1	Maasiot-Pliot2026-01-10	phonetic	0.667	Tsadik_055.006		"א מעשה נוראה מהחכם הגדול קדוש אלקי רבינו אברהם בן עזרא.
					ב מעשה מהגאון המקובל הק׳ והטהור רבי נפתלי כ״ץ בעל סמיכות חכמים.
					ג מעשה בחסיד אחד ציוה את בנו לזרוק פתו במים כל ימיו ומקיים כבוד אב.
		"				
ד	1	Maasiot-Pliot2026-01-10	no_match	0.0			"א מעשה נוראה מהחכם הגדול קדוש אלקי רבינו אברהם בן עזרא.
					ב מעשה מהגאון המקובל הק׳ והטהור רבי נפתלי כ״ץ בעל סמיכות חכמים.
					ג מעשה בחסיד אחד ציוה את בנו לזרוק פתו במים כל ימיו ומקיים כבוד אב.
		"				
"אברהם
					אבן עזרא"	1	Maasiot-Pliot2026-01-10	phonetic	0.4	H_Abraham		"ויהי היום ויעבור עליהם החכם הגדיל קדוש אלקי ר' אברהם
					אבן עזרא דרך המחוז ההוא ויסור אל בית איש אחד
					מאנשי העיר הנ""ל וילן שם ויהי בבקר רצה לשום לדרך פעמיו
					ליסע למחוז חפצו כדרכו בקדש. ויאמר"				
"א בן
					עזרא"	1	Maasiot-Pliot2026-01-10	no_match	0.0			"בקד וישחטו צאן טבח והכן והכינו את אשר יביאו משתם שמנים
					ויין רב כיד המלך וישבו להם לאכול כצהרים. והחכם ר״א בן
					עזרא ביניהם וישאו קולם ויצעקו בקול צורח כשאגת אריז ובקול
					גדול הלוך וחזק מאד "				
רייזן	1	Maasiot-Pliot2026-01-10	no_match	0.0			"הנה הגאון הנודע ע״פ תבל ומקובל מהור״ר נפתלי כ״ץ ז""ל
					שהי׳ אב""ד דק""ק אוסטראה ובק""ק פוזין ובק""ק פראנקפורט
					דמיין לעת זקנתו ונסע עם אשתו הרבנות לארץ הקדושה. ויהי
					בבואו לעיר הגדולה סטאמבול הנ"				
יחזקיהו מלך יהודא	1	Maasiot-Pliot2026-01-10	no_match	0.0			"בכח ויסגור הדלת ויאמר אל סופר שיכתוב שמות הקדושים על
					כל החלונות בהחדר וגם על הפתח. ועל העם הנצבים עליו
					נפלה חרדה גדולה מאוד על מה ששמעו דבריו. ויאמר אל
					האנשים שילכו חוצה מפתח ביתו רק הס"				
עורב	1	Maasiot-Pliot2026-01-10	no_match	0.0			"צוני אבי ואני מקיים מצותו. אמר לו מצות אביך קיימת אמר לו הן.
					כיון ששמע הלויתן כך הי' מטיל אהבה על אותו אדם. אמר לו
					פתח פיך פתח פיו וירק בתוכו שלש פעמים מיד נחה עליו רוח
					חכמה ובינה וידע "				
"שלמה
					המלך"	1	Maasiot-Pliot2026-01-10	name_exact	0.95	Biblical_Solomon		"צוני אבי ואני מקיים מצותו. אמר לו מצות אביך קיימת אמר לו הן.
					כיון ששמע הלויתן כך הי' מטיל אהבה על אותו אדם. אמר לו
					פתח פיך פתח פיו וירק בתוכו שלש פעמים מיד נחה עליו רוח
					חכמה ובינה וידע "				
קב	1	Maasiot-Pliot2026-01-10	no_match	0.0			"לחביריו אם אתם שומעין לי נעשה עלילה לזה שיאבד כל הממון
					וכל האוצר. לפי שטען אותנו יותר מדאי. אמרו לו חביריו כיצד
					נעשה. אמר להם ממני תראו וכן תעשו. כשאכנס בעיר אפיל
					עצמי בחצי השער ויבאו ב"				
"מררכי בנעט זי""ע"	1	Maasiot-Pliot2026-01-10	no_match	0.0			"ה. מעשה נוראה מהגאון מאור הגולה צדיק הדור החסיד
					מרן מררכי בנעט זי""ע אב״ד מניקלשפורג. אשר סיפר הרב
					הגאון הצדיק מקראקא מו״ה שמעון סופר אשר שמע בעצמו
					מפה קדוש ה׳ רבן מאורן של ישראל אביו בע"				
חת״ם סופר	1	Maasiot-Pliot2026-01-10	no_match	0.0			"ה. מעשה נוראה מהגאון מאור הגולה צדיק הדור החסיד
					מרן מררכי בנעט זי""ע אב״ד מניקלשפורג. אשר סיפר הרב
					הגאון הצדיק מקראקא מו״ה שמעון סופר אשר שמע בעצמו
					מפה קדוש ה׳ רבן מאורן של ישראל אביו בע"				
האי	1	Maasiot-Pliot2026-01-10	no_match	0.0			"וכך הי׳ המעשה בשנת תקפ""ט י״ג מנחם אב נח נפשי׳ דרב
					האי גאון הצדיק מורינו רבי מרדכי בנעט זצלל""ה במרחץ
					קארלסבאד ולא נפטר בעירו מקום כסאו והובל לקבר בעיר
					ליכטענשטאדט הסמוכה כשתי שעות. והמקו"				
"מרדכי בנעט זצלל""ה"	1	Maasiot-Pliot2026-01-10	no_match	0.0			"וכך הי׳ המעשה בשנת תקפ""ט י״ג מנחם אב נח נפשי׳ דרב
					האי גאון הצדיק מורינו רבי מרדכי בנעט זצלל""ה במרחץ
					קארלסבאד ולא נפטר בעירו מקום כסאו והובל לקבר בעיר
					ליכטענשטאדט הסמוכה כשתי שעות. והמקו"				
יר	1	Maasiot-Pliot2026-01-10	no_match	0.0			"והי׳ ריב גדול בין הצדדים ומתדיינים בהדבר עד שנגשו אל
					המשפט לפני הממשלה וקרב הענין אחד אל אחד גבוה מעל
					גבוה עד שהגיע אל בית המלך (קיר״ה) ולהיושבים ראשונה במלכות
					כדת מה לעשות בנידון זה. א"				
"חת""ם סופר מפרעשבורג"	1	Maasiot-Pliot2026-01-10	no_match	0.0			"והי׳ ריב גדול בין הצדדים ומתדיינים בהדבר עד שנגשו אל
					המשפט לפני הממשלה וקרב הענין אחד אל אחד גבוה מעל
					גבוה עד שהגיע אל בית המלך (קיר״ה) ולהיושבים ראשונה במלכות
					כדת מה לעשות בנידון זה. א"	H-LOC_135			
"נעט זצ""ל"	1	Maasiot-Pliot2026-01-10	no_match	0.0			"והי׳ ריב גדול בין הצדדים ומתדיינים בהדבר עד שנגשו אל
					המשפט לפני הממשלה וקרב הענין אחד אל אחד גבוה מעל
					גבוה עד שהגיע אל בית המלך (קיר״ה) ולהיושבים ראשונה במלכות
					כדת מה לעשות בנידון זה. א"				
ג	1	Maasiot-Pliot2026-01-10	no_match	0.0			"והי׳ ריב גדול בין הצדדים ומתדיינים בהדבר עד שנגשו אל
					המשפט לפני הממשלה וקרב הענין אחד אל אחד גבוה מעל
					גבוה עד שהגיע אל בית המלך (קיר״ה) ולהיושבים ראשונה במלכות
					כדת מה לעשות בנידון זה. א"				
״ס	1	Maasiot-Pliot2026-01-10	no_match	0.0			"והי׳ ריב גדול בין הצדדים ומתדיינים בהדבר עד שנגשו אל
					המשפט לפני הממשלה וקרב הענין אחד אל אחד גבוה מעל
					גבוה עד שהגיע אל בית המלך (קיר״ה) ולהיושבים ראשונה במלכות
					כדת מה לעשות בנידון זה. א"				
מוע	1	Maasiot-Pliot2026-01-10	no_match	0.0			"כי בודאי בבואנו אצלו. והי׳ כראותו כי אין הנער אתנו ומת. ויהי
					בתוכם איש אחד חכם ויאמר אני אלך מתחלה לאביו ואקוה לאל
					שאני אנחמנו מהרה. ואתם כלכם תעכבו בכאן עד אשר אני
					אשלח לכם ידיעה שתבאו"				
הר״ן	1	Maasiot-Pliot2026-01-10	no_match	0.0			"הבעש״ט ז""ל הי׳ בק""ק בראד ונתאכסן אצל גביר אחד והי'
					מסובין שם על השלחן אנשים רבים מכובדים לכבודו
					כנהוג. והי׳ יושב שם למטה אצל השלחן בעל דרשיר אחד היינו
					דרשן והי׳ אוכל הרבה והםתכלו עליו ש"				
"שפיפון בן
					ליש"	1	Maasiot-Pliot2026-01-10	no_match	0.0			"סבר לאותו תנין עשה עצמו כעין גשר ועבר עליו בן סבר ולא
					הזיקו כיון שעבר מן הנהר פגע בו אדם אחד שהי' מכוער
					ביותר אמר לו אתה בן סבר אמר לו הן אמר לו מאין באת
					והוא הסיח לו מה שאירע לו אמר הא"				
בן ליש	1	Maasiot-Pliot2026-01-10	no_match	0.0			"סבר לאותו תנין עשה עצמו כעין גשר ועבר עליו בן סבר ולא
					הזיקו כיון שעבר מן הנהר פגע בו אדם אחד שהי' מכוער
					ביותר אמר לו אתה בן סבר אמר לו הן אמר לו מאין באת
					והוא הסיח לו מה שאירע לו אמר הא"				
"בן
					סבר"	1	Maasiot-Pliot2026-01-10	no_match	0.0			"סבר לאותו תנין עשה עצמו כעין גשר ועבר עליו בן סבר ולא
					הזיקו כיון שעבר מן הנהר פגע בו אדם אחד שהי' מכוער
					ביותר אמר לו אתה בן סבר אמר לו הן אמר לו מאין באת
					והוא הסיח לו מה שאירע לו אמר הא"				
הרמ״א מאורן	1	Maasiot-Pliot2026-01-10	no_match	0.0			"היה לו חנות גדול ויקר בכל מיני משי והי׳ לתפארת בכל אפסי
					תבל והי׳ מתנהג בקדושה ובטהרה ופרישות והי׳ מנהגו
					כאשר הגיע חצי היום בערב שבת מיד סגר החנות. פעם אחת
					נתקנא בו השטן ובא לנסות אותו ו"				
אסטניס	1	Maasiot-Pliot2026-01-10	no_match	0.0			"שהיה בעירו עשיר אחד והי׳ מגלח זקנו במספריים והי׳ החכם
					הנזכר מוחה בו ולא השגיח על דבריו אמר העשיר אסטניס
					אני ואיני יכול לסבול הזקן וא״ל החכם רבי יהודא החסיד הנ""ל
					ידוע תדע כי מרה תהי' באח"				
"די
					ליאון"	1	Maasiot-Pliot2026-01-10	no_match	0.0			"איש אחד היה רשע גמור כל ימיו. וידע בעצמו כי תשובתו
					קשה להתקבל ופעם אחת שאל בדרך שחוק להר״מ די
					ליאון ז""ל אם יש תרופה למכתו. ואמר לו הגאון הנ""ל אין לו
					תרופה וכפרה כ״א שיקבל עליו דין מיתה "				
די ליאון	1	Maasiot-Pliot2026-01-10	no_match	0.0			"איש אחד היה רשע גמור כל ימיו. וידע בעצמו כי תשובתו
					קשה להתקבל ופעם אחת שאל בדרך שחוק להר״מ די
					ליאון ז""ל אם יש תרופה למכתו. ואמר לו הגאון הנ""ל אין לו
					תרופה וכפרה כ״א שיקבל עליו דין מיתה "				
דליאון	1	Maasiot-Pliot2026-01-10	no_match	0.0			"ויעתר לו ה׳ ונפל למשכב. ובהגיע עת פטירתו התחיל לצעוק
					פנו מקום להרב ר״מ דליאון כי בא עתה אחרי לקיים ולאשר
					שבועתו ולהוליכני לג""ע אצלו ומיד נפטר ואחר פטירתו ראוהו
					כמה זקנים וגדולים בחלום י"				
זושא מהאינפאלי	1	Maasiot-Pliot2026-01-10	phonetic	0.353	Tsadik_020.001		"פעם אחד בא הקדוש והטהור רבי ר׳ זושא מהאינפאלי זללה""ה
					לכבוד רבינו מאוה""ג הגאון הקדוש רבי רבי שמעלקי
					מניקלשפורג זי""ע וביקש ר״ר זוסיא שילמוד אתו השיב לו הרה״ק
					ר״ר שמעלקי אם אתם תלמדו עמי ח"				
רבי אליעזר	1	Maasiot-Pliot2026-01-10	no_match	0.0			"מעשה ברבי אליעזר אבי הבעש״ט זי""ע שהי׳ דר בכפר והי׳
					מכניס אורח גדול והושיב שומרים בקצה הכפר וצוה
					להשומר מיד שיבא איזה אורח יבשר לו שילך אצל רבי אליעזר
					הנ""ל ושם יהי' לו טוב כדי שלא ידאג ה"				
דודך	1	Maasiot-Pliot2026-01-10	no_match	0.0			"על החשדא והוציאה מביתו בבזיון גדול ודמעתה על לחיה ותלך
					יחפה ערומה ורעבה ותלך בשדה לבדה. וראתה סוכת שומר פירות
					פנויה. ותשב שם ועל עצמה לא פחדה. באותו לילה היתה שיירה
					עוברות ממקום למקום ו"				
השלני	1	Maasiot-Pliot2026-01-10	no_match	0.0			"סיפור נורא מהקדוש אלהי מרן הבעש״ט זצ""ל אמר אני נשבע
					שבועה גמורה שיש איש אחד בעולם ששומע חידושי התורה
					מפי הקב""ה בעצמו לא מפי מלאך ולא מפי שרף אעפ""כ מתיירא
					בכל עת ורגע שלא יפילו אותו לנוק"				
מאור הגולה	1	Maasiot-Pliot2026-01-10	no_match	0.0			"כג. מעשה פליאה מרבינו מאור הגולה רש""י ז""ל."				
מררכי בנעט	1	Maasiot-Pliot2026-01-10_corrected	no_match	0.0			"ה. מעשה נוראה מהגאון מאור הגולה צדיק הדור החסיד
					מרן מררכי בנעט זי""ע אב״ד מניקלשפורג. אשר סיפר הרב
					הגאון הצדיק מקראקא מו״ה שמעון סופר אשר שמע בעצמו
					מפה קדוש ה׳ רבן מאורן של ישראל אביו בע"				
האימרדכי בנעט	1	Maasiot-Pliot2026-01-10_corrected	no_match	0.0			"וכך הי׳ המעשה בשנת תקפ""ט י״ג מנחם אב נח נפשי׳ דרב
					 גאון הצדיק מורינו רבי האימרדכי בנעט זצלל""ה במרחץ
					 ולא נפטר בעירו מקום כסאו והובל לקבר בעיר
					קארלסבאד הסמוכה כשתי שעות. והמקום הנ""ל מקום"				
ר״ן	1	Maasiot-Pliot2026-01-10_corrected	no_match	0.0			"הבעש״ט ז""ל הי׳ בק""ק בראד ונתאכסן אצל גביר אחד והי'
					מסובין שם על השלחן אנשים רבים מכובדים לכבודו
					כנהוג. והי׳ יושב שם למטה אצל השלחן בעל דרשיר אחד היינו
					דרשן והי׳ אוכל הרבה והםתכלו עליו ש"				
ייהודא	1	Maasiot-Pliot2026-01-10_corrected	no_match	0.0			. מעשה מרבינו ייהודא החסיד.				
הבעש״ע	1	Maasiot-Pliot2026-01-10_corrected	fuzzy	0.667	Tsadik_001.001		"שלא לביישו וכאשר ראה אליהו הנביא ז""ל את מנהגו הטוב
					שבתגילה א""ע אליו ואמר דע שאני אליהו הנביא ובאתי לנסות אותך
					ובשכר זה שעמדת בנסיון גדול כזה לפי קדושתך ביראת שמים
					ואהבת ישראל תקועה בלבך"				
אחיהו השלני	1	Maasiot-Pliot2026-01-10_corrected	no_match	0.0			"סיפור נורא מהקדוש אלהי מרן הבעש״ט זצ""ל אמר אני נשבע
					שבועה גמורה שיש איש אחד בעולם ששומע חידושי התורה
					מפי הקב""ה בעצמו לא מפי מלאך ולא מפי שרף אעפ""כ מתיירא
					בכל עת ורגע שלא יפילו אותו לנוק"				
אחיה השלני	1	Maasiot-Pliot2026-01-10_corrected	no_match	0.0			"סיפור נורא מהקדוש אלהי מרן הבעש״ט זצ""ל אמר אני נשבע
					שבועה גמורה שיש איש אחד בעולם ששומע חידושי התורה
					מפי הקב""ה בעצמו לא מפי מלאך ולא מפי שרף אעפ""כ מתיירא
					בכל עת ורגע שלא יפילו אותו לנוק"				
אבוי'	1	Maasiot-Pliot2026-01-10_corrected	no_match	0.0			"סיפור נורא מהקדוש אלהי מרן הבעש״ט זצ""ל אמר אני נשבע
					שבועה גמורה שיש איש אחד בעולם ששומע חידושי התורה
					מפי הקב""ה בעצמו לא מפי מלאך ולא מפי שרף אעפ""כ מתיירא
					בכל עת ורגע שלא יפילו אותו לנוק"				
"רש""יירושלים"	1	Maasiot-Pliot2026-01-10_corrected	no_match	0.0			"ז״ל הי׳ חכם בכל החכמות ונשמעה חכמתו אצל כל מלכי
					רש״יורוזני ארץ. כי אליו כל העמים ידרושו. עד שנשמע חכמתו
					אצל שר אחד בצרפת וישלח בעד רש""י לבא אליו וימאן רש""י
					ללכת כי הכיר האיש שהי' מצער ל"	H-LOC_154			
אברהם ניסן הלוי	1	Maasiot-veSihot-Zadikim2026-01-10	no_match	0.0			"מעשיות
					ושיחות צדיקים
					ספורים ומעשיות מצדיקים גאונים וקדושים זי""ע הלא
					המה הרבנים קדשי קדשים זצוקללה""ה המבוארים בדף
					השני וגם שיחות קדושים מהרבה צדיקים וקדושים
					אשר הי׳ למאורות גדו"				
ישראל דוד זיס	1	Maasiot-veSihot-Zadikim2026-01-10	phonetic	0.385	tempH-62		"מעשיות
					ושיחות צדיקים
					ספורים ומעשיות מצדיקים גאונים וקדושים זי""ע הלא
					המה הרבנים קדשי קדשים זצוקללה""ה המבוארים בדף
					השני וגם שיחות קדושים מהרבה צדיקים וקדושים
					אשר הי׳ למאורות גדו"				
"אלימלך זצ""ל"	1	Maasiot-veSihot-Zadikim2026-01-10	name_exact	0.95	Tsadik_019.001		"מהרהצה""ק הרב ר׳ אלימלך זצ""ל
					ואחי׳ הרב ר׳ זוסי׳ זצ״ל.
					מהרבי ר׳ שמעלקי
					 ר׳ שלמה סופר.
					ר׳ צבי זצ״ל מזידיטשוב.
					ר' מענדיל זצ״ל מקאסיב
					ר' חיים
					הרהצ״ק מבארדיטשוב ז""ל
					ר"				
יצחק אייזיק מקאמארנא	1	Maasiot-veSihot-Zadikim2026-01-10	no_match	0.0			"מהרהצה""ק הרב ר׳ אלימלך זצ""ל
					ואחי׳ הרב ר׳ זוסי׳ זצ״ל.
					מהרבי ר׳ שמעלקי
					 ר׳ שלמה סופר.
					ר׳ צבי זצ״ל מזידיטשוב.
					ר' מענדיל זצ״ל מקאסיב
					ר' חיים
					הרהצ״ק מבארדיטשוב ז""ל
					ר"				
מאיר מפרומישלאן	1	Maasiot-veSihot-Zadikim2026-01-10	phonetic	0.625	Tsadik_005.005		"מהרהצה""ק הרב ר׳ אלימלך זצ""ל
					ואחי׳ הרב ר׳ זוסי׳ זצ״ל.
					מהרבי ר׳ שמעלקי
					 ר׳ שלמה סופר.
					ר׳ צבי זצ״ל מזידיטשוב.
					ר' מענדיל זצ״ל מקאסיב
					ר' חיים
					הרהצ״ק מבארדיטשוב ז""ל
					ר"				
ר' העשיל	1	Maasiot-veSihot-Zadikim2026-01-10	no_match	0.0			"מהרהצה""ק הרב ר׳ אלימלך זצ""ל
					ואחי׳ הרב ר׳ זוסי׳ זצ״ל.
					מהרבי ר׳ שמעלקי
					 ר׳ שלמה סופר.
					ר׳ צבי זצ״ל מזידיטשוב.
					ר' מענדיל זצ״ל מקאסיב
					ר' חיים
					הרהצ״ק מבארדיטשוב ז""ל
					ר"				
דוד מזאבלאטוב	1	Maasiot-veSihot-Zadikim2026-01-10	phonetic	0.5	Biblical_David		"מהרהצה""ק הרב ר׳ אלימלך זצ""ל
					ואחי׳ הרב ר׳ זוסי׳ זצ״ל.
					מהרבי ר׳ שמעלקי
					 ר׳ שלמה סופר.
					ר׳ צבי זצ״ל מזידיטשוב.
					ר' מענדיל זצ״ל מקאסיב
					ר' חיים
					הרהצ״ק מבארדיטשוב ז""ל
					ר"				
ישראל מריזין	1	Maasiot-veSihot-Zadikim2026-01-10	name_exact	0.95	Tsadik_002.008		"מהרהצה""ק הרב ר׳ אלימלך זצ""ל
					ואחי׳ הרב ר׳ זוסי׳ זצ״ל.
					מהרבי ר׳ שמעלקי
					 ר׳ שלמה סופר.
					ר׳ צבי זצ״ל מזידיטשוב.
					ר' מענדיל זצ״ל מקאסיב
					ר' חיים
					הרהצ״ק מבארדיטשוב ז""ל
					ר"				
"בער זלה""ה"	1	Maasiot-veSihot-Zadikim2026-01-10	no_match	0.0			"מהרהצה""ק הרב ר׳ אלימלך זצ""ל
					ואחי׳ הרב ר׳ זוסי׳ זצ״ל.
					מהרבי ר׳ שמעלקי
					 ר׳ שלמה סופר.
					ר׳ צבי זצ״ל מזידיטשוב.
					ר' מענדיל זצ״ל מקאסיב
					ר' חיים
					הרהצ״ק מבארדיטשוב ז""ל
					ר"				
מענדילי מרימיניב	1	Maasiot-veSihot-Zadikim2026-01-10	no_match	0.0			"ה""ר מענדילי מרימיניב.
					ה״ר משה מסיוואראן זצ״ל.
					אבי׳ של הרבי מלובלין.
					הרבי מלובלין .
					הרבי ר׳ משה ליב זצ״ל.
					רבי יהודא החסיד זצ""ל .
					 יודא צבי מראזדיל.
					מהבעש״ט ז""ל
					ה"	H-LOC_59			
משה מסיוואראן	1	Maasiot-veSihot-Zadikim2026-01-10	phonetic	0.5	Biblical_Moses		"ה""ר מענדילי מרימיניב.
					ה״ר משה מסיוואראן זצ״ל.
					אבי׳ של הרבי מלובלין.
					הרבי מלובלין .
					הרבי ר׳ משה ליב זצ״ל.
					רבי יהודא החסיד זצ""ל .
					 יודא צבי מראזדיל.
					מהבעש״ט ז""ל
					ה"				
צבי מראזדיל	1	Maasiot-veSihot-Zadikim2026-01-10	no_match	0.0			"ה""ר מענדילי מרימיניב.
					ה״ר משה מסיוואראן זצ״ל.
					אבי׳ של הרבי מלובלין.
					הרבי מלובלין .
					הרבי ר׳ משה ליב זצ״ל.
					רבי יהודא החסיד זצ""ל .
					 יודא צבי מראזדיל.
					מהבעש״ט ז""ל
					ה"				
אורי מיסטרעליסק	1	Maasiot-veSihot-Zadikim2026-01-10	phonetic	0.667	Tsadik_057.001		"ה""ר מענדילי מרימיניב.
					ה״ר משה מסיוואראן זצ״ל.
					אבי׳ של הרבי מלובלין.
					הרבי מלובלין .
					הרבי ר׳ משה ליב זצ״ל.
					רבי יהודא החסיד זצ""ל .
					 יודא צבי מראזדיל.
					מהבעש״ט ז""ל
					ה"				
"זלה""ה"	1	Maasiot-veSihot-Zadikim2026-01-10	no_match	0.0			"ה""ר מענדילי מרימיניב.
					ה״ר משה מסיוואראן זצ״ל.
					אבי׳ של הרבי מלובלין.
					הרבי מלובלין .
					הרבי ר׳ משה ליב זצ״ל.
					רבי יהודא החסיד זצ""ל .
					 יודא צבי מראזדיל.
					מהבעש״ט ז""ל
					ה"				
דוד מפומארין	1	Maasiot-veSihot-Zadikim2026-01-10	phonetic	0.5	Biblical_David		"ה""ר מענדילי מרימיניב.
					ה״ר משה מסיוואראן זצ״ל.
					אבי׳ של הרבי מלובלין.
					הרבי מלובלין .
					הרבי ר׳ משה ליב זצ״ל.
					רבי יהודא החסיד זצ""ל .
					 יודא צבי מראזדיל.
					מהבעש״ט ז""ל
					ה"	H-LOC_594			
"יצחק אייזיק זצ""ל"	1	Maasiot-veSihot-Zadikim2026-01-10	no_match	0.0			"ה""ר מענדילי מרימיניב.
					ה״ר משה מסיוואראן זצ״ל.
					אבי׳ של הרבי מלובלין.
					הרבי מלובלין .
					הרבי ר׳ משה ליב זצ״ל.
					רבי יהודא החסיד זצ""ל .
					 יודא צבי מראזדיל.
					מהבעש״ט ז""ל
					ה"				
אברהם דפוסא	1	Maasiot-veSihot-Zadikim2026-01-10	no_match	0.0			"ה""ר מענדילי מרימיניב.
					ה״ר משה מסיוואראן זצ״ל.
					אבי׳ של הרבי מלובלין.
					הרבי מלובלין .
					הרבי ר׳ משה ליב זצ״ל.
					רבי יהודא החסיד זצ""ל .
					 יודא צבי מראזדיל.
					מהבעש״ט ז""ל
					ה"				
איציקיל דראביטשער	1	Maasiot-veSihot-Zadikim2026-01-10	no_match	0.0			"ה""ר מענדילי מרימיניב.
					ה״ר משה מסיוואראן זצ״ל.
					אבי׳ של הרבי מלובלין.
					הרבי מלובלין .
					הרבי ר׳ משה ליב זצ״ל.
					רבי יהודא החסיד זצ""ל .
					 יודא צבי מראזדיל.
					מהבעש״ט ז""ל
					ה"				
"שלמה
					קלוגער"	1	Maasiot-veSihot-Zadikim2026-01-10	no_match	0.0			"ה""ר מענדילי מרימיניב.
					ה״ר משה מסיוואראן זצ״ל.
					אבי׳ של הרבי מלובלין.
					הרבי מלובלין .
					הרבי ר׳ משה ליב זצ״ל.
					רבי יהודא החסיד זצ""ל .
					 יודא צבי מראזדיל.
					מהבעש״ט ז""ל
					ה"				
סימון	1	Maasiot-veSihot-Zadikim2026-01-10	no_match	0.0			"בס׳ חובת הלבבות והוספתי משלי איזה דברים אשר חנני ד׳ וכל
					מקום שלא כתבתי מבטן מי יצאו הדברים ידע הקורא החביב כי
					ממני הצעיר הם וסמכתי בזה על המדרש רבה פ׳ תזריע פ׳ טו
					אמר ר׳ סימון ב׳ דברים "				
"מענדלי זצללה""ה"	1	Maasiot-veSihot-Zadikim2026-01-10	no_match	0.0			"שמעתי מהצדיק ר׳ שלמה סופר ז""ל מדאליינע שהיה פעם
					אחת בקאסיב אצל הצדיק ר' מענדלי זצללה""ה ביו""ט שני של חג
					הסוכות וסיפר בזה הלשון שביום הושענא רבה אחר התפלה בלא
					הרב להסוכה והעולם שלו כבר הי"				
"אייזיק זצללה""ה"	1	Maasiot-veSihot-Zadikim2026-01-10	name_exact	0.85	Biblical_Isaac		"היוצר יחד לבם המבין אל כל מעשיהם הקב״ה שמח בלבבם
					של ישראל כי הוא מבין אל כל מעשיהם כי אם אדם עושה איזה
					רמי׳ הוא בעבור השי""ת היינו לכבד את השבת ויו""ט ולשלם שבר
					לימוד לבניו. עוד בשם הצדיק"				
"פנחס ז""ל מקאריץ"	1	Maasiot-veSihot-Zadikim2026-01-10	phonetic	0.7	Tsadik_003.002		"היוצר יחד לבם המבין אל כל מעשיהם הקב״ה שמח בלבבם
					של ישראל כי הוא מבין אל כל מעשיהם כי אם אדם עושה איזה
					רמי׳ הוא בעבור השי""ת היינו לכבד את השבת ויו""ט ולשלם שבר
					לימוד לבניו. עוד בשם הצדיק"	H-LOC_149			
ענדיל	1	Maasiot-veSihot-Zadikim2026-01-10	no_match	0.0			"בשם הרב הצדיק הגאון מענדיל ז""ל."				
ג'	1	Maasiot-veSihot-Zadikim2026-01-10	no_match	0.0			"בשם הגאון מווילנא במשנה ג' פ״א דעדיות הלל אומר מלא
					הין מים שאובין פוסלין את המקוה אלא שאדם חייב לומר בלשון
					רבי. וכתב הברטנורה ז""ל כלומר הין אינו לשון משנה אלא לשון
					תורה אלא כך ששמע מרבו"				
איתן אדונינו	1	Maasiot-veSihot-Zadikim2026-01-10	no_match	0.0			"במ""ד פ׳ תשא דבר אחר זכור לאברהם וכו' הה״ד יד ליד
					לא ינקה רע אמר ר׳ פנחס הכהן בר חמא אם עשית מצוה אל
					תבקש מתן שברה מיד ליד למה שלא תנקה שאין אתה מתנקה
					מעונותיך ורשע אתה נקרא שלא בקשת להנ"				
פרעהלאמור	1	Maasiot-veSihot-Zadikim2026-01-10	no_match	0.0			"ויאמר פרעה אל יוסף חלום חלמתי ופותר אין אותו ואני
					שמעתי עליך לאמור תשמע חלום לפתור אותו ויען יוסף את פרעה
					לאמור בלעדי אלקים יענה את שלום פרעה והקשה למה נכתב שני
					פעמים לאמר ואמר הרבי ר׳ "				
מרים הנביאה	1	Maasiot-veSihot-Zadikim2026-01-10	no_match	0.0			"בפסוק ותקח מרים הנבואה אחות אהרן את התוף בידה ואמר
					ר' מאיריל למה לקחה תוף וכי בלא תוף לא היתה יכולה לומר שירה.
					אמנם כשמרים הנביאה ראתה את הנם הגדול של קי״ס התחיל להתלהב
					לבה בקרבה לומר ש"				
"מרדכי
					זאב"	1	Maasiot-veSihot-Zadikim2026-01-10	phonetic	0.429	Tsadik_012.301		"הרב הצדיק הקדוש ר' משה ז""ל מפשעווארסק היה פעם אחת
					על שבת בק""ק לבוב כי הציעו לפני בתו שידוך מלבוב והיו נוסעים)
					ללבוב הרבה אנשים על שבת עד שכמעט עיר לבוב היה קטן מהכיל
					העולם שבא לשם. ואז "				
דק	1	Maasiot-veSihot-Zadikim2026-01-10	phonetic	0.5	Tsadik_008.001		"בת קול מן השמים מי שיעזור את הרבי ר' שמעלקא ז""ל מהאנשי בליעל
					דק׳ ניקיל שפורג הוא בן עולם הבא כי היה לו יסורים גדולים מאנשי ניקיל
					שפורג על אשר לא רצו לציית אותו. ואמר הרבי ר' אלימלך ז""ל להשני"				
ניקיל שפורג	1	Maasiot-veSihot-Zadikim2026-01-10	no_match	0.0			"בת קול מן השמים מי שיעזור את הרבי ר' שמעלקא ז""ל מהאנשי בליעל
					דק׳ ניקיל שפורג הוא בן עולם הבא כי היה לו יסורים גדולים מאנשי ניקיל
					שפורג על אשר לא רצו לציית אותו. ואמר הרבי ר' אלימלך ז""ל להשני"				
"ישראל
					מקאליש"	1	Maasiot-veSihot-Zadikim2026-01-10	phonetic	0.467	Tsadik_042.001		"לך לטיוויל איני רוצה בך ולנסיעתך והרבי ז""ל לקח אותו ושלח
					אותו עם איש אחד תיכף למרחץ ולטבול ולספר כללא של
					דבר הרב ז""ל נייר אותו כי היה נשכח מלבו אם הוא יהודי ואכל
					אצל האדון טריפות והצדיק"				
"איציקיל ז""ל מקאליש"	1	Maasiot-veSihot-Zadikim2026-01-10	no_match	0.0			"לך לטיוויל איני רוצה בך ולנסיעתך והרבי ז""ל לקח אותו ושלח
					אותו עם איש אחד תיכף למרחץ ולטבול ולספר כללא של
					דבר הרב ז""ל נייר אותו כי היה נשכח מלבו אם הוא יהודי ואכל
					אצל האדון טריפות והצדיק"	H-LOC_128			
א׳ ריינש	1	Maasiot-veSihot-Zadikim2026-01-10	no_match	0.0			"שמעתי מהחסיד ר׳ עוזר שהיה חתן הצדיק ר׳ פאביש
					מבאלשיוועץ ה""ר עוזר הנ""ל היה נוסע בכל פעם להצדיק מסטרעליסק
					פעם אחת בא לשם בעש״ק והיה בדעתו ליתן להצדיק ב׳ ריינש
					ונכנס להרב לקבל שלום אמר לו "				
"סענדיר
					פשעטיל"	1	Maasiot-veSihot-Zadikim2026-01-10	no_match	0.0			"מעשה שהחסידים הגאונים הותירו למניקת להנשא והחסידים
					ההם היו בראשם הרב הצדיק הגאון הקדוש ר׳ ארון קליוואנער והשני
					הרב הצדיק הגאון הגדול ר׳ יעקב שמשון משפיטיווקע ז""ל והשלישי
					הרב הצדיק הגאון"				
פרימשלאן	1	Maasiot-veSihot-Zadikim2026-01-10	no_match	0.0			"מעשה שסיפר הרב הצדיק הקדוש ר׳ מאיריל מפרימשלאן ז""ל
					מענין הבטחון בהשי״ת וסיפר בזה הלשון הן אדוני אבי זקני היה שמו
					ג״כ ר' מאיר והיה סרסור והערלים היו קורין אותו מייארקע ספראווידלעווע
					וכל "				
"אברהם
					בן הרח"	1	Maasiot-veSihot-Zadikim2026-01-10	phonetic	0.35	tempH-18		"שיחות צדיקים
					וצעקו שעדי שמים פתח תעמוד עבורך בשוק עגלה עם ג׳ סוסים
					ותוכל לבוא לכאן. ואיש אחד משאטץ ושמו נתן שמעון היה ג""כ על
					ר""ה בפרימשלאן ונסעו שניהם יחדיו למאנדיגערי על יום הקדוש ובעת"				
"ישראל
					מרוזין"	1	Maasiot-veSihot-Zadikim2026-01-10	phonetic	0.538	Tsadik_002.008		"שיחות צדיקים
					שהעשרת את מאיר רק אשר אכלו הנערים וחלק האנשים אשר הלכו
					אתי המה הגבאים הם יקחו את חלקם ובבואו לבוטשאטש וספר להצדיק
					הדיבורים ההם וכשהגיע לויאמר מלך סדום אל אברם תן לי הנפש
		"				
וויען	1	Maasiot-veSihot-Zadikim2026-01-10	no_match	0.0			"וגם באותו היום נגמר בהם נד בוויען אשר הריזינער הוא מילודי
					סאדיגערי וזה היה יום זה מכובד. אשה עש רה נסעה להרבי ר׳ מאיריל
					ז""ל ובאתה לפניו בבכיה גדולה ואמרה שהיא מצורעת ד״ל וכבר היתה
					אצל כ"				
איסקאנט פאן	1	Maasiot-veSihot-Zadikim2026-01-10	no_match	0.0			"עוד מענין אליהו ז""ל סיפר הצדיק ר׳ שלמה סופר ז""ל מדאלינע
					אשר חסיד אחד ממקורביו להצדיק מלובלין ביקש ממנו להראות לו אליהו
					ז""ל אמר לו הרב ז""ל לך להספינה שקורין פיראן ותעמוד שם ובעגלה
					הראשונ"				
דארנים יא	1	Maasiot-veSihot-Zadikim2026-01-10	no_match	0.0			"עוד מענין אליהו ז""ל סיפר הצדיק ר׳ שלמה סופר ז""ל מדאלינע
					אשר חסיד אחד ממקורביו להצדיק מלובלין ביקש ממנו להראות לו אליהו
					ז""ל אמר לו הרב ז""ל לך להספינה שקורין פיראן ותעמוד שם ובעגלה
					הראשונ"				
"ר׳ חיים זללה""ה"	1	Maasiot-veSihot-Zadikim2026-01-10	no_match	0.0			"מעשה מהרב הצדיק הקדוש רבי ר׳ חיים זללה""ה בקאסיב"				
דיינש	1	Maasiot-veSihot-Zadikim2026-01-10	no_match	0.0			"המעות השיב לו באותו מקום בעיר קאסיב בללא של דבר הערל
					הנ""ל החזיר לו המעות רק שהי' חסר לו מן סך הנ""ל לערך י""ב
					דיינש שהיה שותה על הדרך עכ״ש העתקה אות באות מאגרת
					ששלח הרב הקדוש מו""ה זאב ווא"				
זאב וואלף מטשערנאסטרי	1	Maasiot-veSihot-Zadikim2026-01-10	no_match	0.0			"באתי עה״ח היום יום א׳ שמאתמול ביום ש״ק ברכנו את
					החודש סיון שנתחדש המלוכה שלו הן ע""ע והן על נפשות ביתו
					שלא יזוז ממנו ומבניו ומבני בניו מעתה ועד עולם בכל הצטרכותם
					שיהיו לו בח״י מלוכה הן מ"	H-LOC_462			
"חיים
					הלברשטאם"	1	Maasiot-veSihot-Zadikim2026-01-10	no_match	0.0			"אתמול הגיעני מכתב על ט״ג אשר עלה צער על נפשי כי
					הגיע מכאוב גדול לנשוא ישראל אשר בתוכינו ואהא לנפשי הלא
					זה כל נחמתינו בעת הזאת אשר נשארנו בכי מעטים זער שם זער
					שם ומי יחיש וידרוש לד' תו""מ"				
קים	1	Maasiot-veSihot-Zadikim2026-01-10	no_match	0.0							
הבעש״ט י	1	Maasiot-veSihot-Zadikim2026-01-10	phonetic	0.8	Tsadik_001.001		מעשה נורא מהרב הבעש״ט י				
"ישראל בע""ש זצ""ל"	1	Maasiot-veSihot-Zadikim2026-01-10	phonetic	0.4	Tsadik_001.001		"הרב הצדיק הקדוש ר׳ ישראל בע""ש זצ""ל שמע כי בארצות
					המערב משתוקקים מאוד לקיים מצות הכנסת אורחים, ע""כ אמר כי
					יסע לשם למען לראות אם אמת הדבר, הבע״ש נסע עם אנשי
					שלומו לשם, על חג הסוכות, ויהי "				
בעה״ב	1	Maasiot-veSihot-Zadikim2026-01-10	no_match	0.0			"הרב הצדיק הקדוש ר׳ ישראל בע""ש זצ""ל שמע כי בארצות
					המערב משתוקקים מאוד לקיים מצות הכנסת אורחים, ע""כ אמר כי
					יסע לשם למען לראות אם אמת הדבר, הבע״ש נסע עם אנשי
					שלומו לשם, על חג הסוכות, ויהי "				
יה	1	Maasiot-veSihot-Zadikim2026-01-10	no_match	0.0			"ילקוט תהלים סימן תרמ״ב פעם אחת גזרה מלכות גזר
					שיהרג ר' יהודא הנחתום מה עשה בן קופיא עשה עצמו דיין
					ודן אותו היאך. וכשבא ליתן לו ספיקולא (פירוש פסק דין) גזר
					שישחטו אחר תחתיו ויעלו אותו וי"				
מוקד	1	Maasiot-veSihot-Zadikim2026-01-10	no_match	0.0			"המדרש תלפיות מביא בשם קרבן שבת. אלכסנדרום מוקד
					כשכיבש העולם הלך במקום שהיו שם חיות ועופות שממיתים
					בראייתם ונתירא שלא יאבד הוא וחייליו ולבש עצמו בלבוש
					מכוסה במראות (שפיגעל) איספינו בלע״ז"				
דבלעם	1	Maasiot-veSihot-Zadikim2026-01-10	no_match	0.0			"המדרש תלפיות מביא בשם קרבן שבת. אלכסנדרום מוקד
					כשכיבש העולם הלך במקום שהיו שם חיות ועופות שממיתים
					בראייתם ונתירא שלא יאבד הוא וחייליו ולבש עצמו בלבוש
					מכוסה במראות (שפיגעל) איספינו בלע״ז"				
יצחק מהראהביטש	1	Maasiot-veSihot-Zadikim2026-01-10	no_match	0.0			"מעשה נורא מהרב הצדיק ר׳ יצחק מהראהביטש הנקרא
					בפי כל עם ועדה ר׳ איציקיל דראהאביטשער, והרב
					הגאון ר׳ יצחק מהאמבורג."				
איציקיל דראהאביטשער	1	Maasiot-veSihot-Zadikim2026-01-10	no_match	0.0			"מעשה נורא מהרב הצדיק ר׳ יצחק מהראהביטש הנקרא
					בפי כל עם ועדה ר׳ איציקיל דראהאביטשער, והרב
					הגאון ר׳ יצחק מהאמבורג."				
"יצחק
					מדרא אביטש הי׳"	1	Maasiot-veSihot-Zadikim2026-01-10	no_match	0.0			"הרב הגאון ר׳ יצחק מהאמבורג היה לאב""ד והרב ר׳ יצחק
					מדרא אביטש הי׳ המגיד ושניהם היו בעיר דראהאביטש ואירע המעשה
					כאשר אבאר לקמן הנה בעיר הנ""ל היה איש אחד סוחר גדול ומת
					האיש הנ""ל ולא הניח צו"				
אבאר	1	Maasiot-veSihot-Zadikim2026-01-10	no_match	0.0			"הרב הגאון ר׳ יצחק מהאמבורג היה לאב""ד והרב ר׳ יצחק
					מדרא אביטש הי׳ המגיד ושניהם היו בעיר דראהאביטש ואירע המעשה
					כאשר אבאר לקמן הנה בעיר הנ""ל היה איש אחד סוחר גדול ומת
					האיש הנ""ל ולא הניח צו"				
"מו""ה יצחק מהאמבורג"	1	Maasiot-veSihot-Zadikim2026-01-10	no_match	0.0			"הרב הגאון ר׳ יצחק מהאמבורג היה לאב""ד והרב ר׳ יצחק
					מדרא אביטש הי׳ המגיד ושניהם היו בעיר דראהאביטש ואירע המעשה
					כאשר אבאר לקמן הנה בעיר הנ""ל היה איש אחד סוחר גדול ומת
					האיש הנ""ל ולא הניח צו"	H-LOC_186			
הר״י הראוויטץ	1	Maasiot-veSihot-Zadikim2026-01-10	no_match	0.0			"הרב הגאון ר׳ יצחק מהאמבורג היה לאב""ד והרב ר׳ יצחק
					מדרא אביטש הי׳ המגיד ושניהם היו בעיר דראהאביטש ואירע המעשה
					כאשר אבאר לקמן הנה בעיר הנ""ל היה איש אחד סוחר גדול ומת
					האיש הנ""ל ולא הניח צו"				
"מוהרר יוסף
					מטראני"	1	Maasiot-veSihot-Zadikim2026-01-10	no_match	0.0			"ז""ל המדרש תלפיות אמר ר׳ יוחנן אלמלי לא ניתנה תורה
					למדנו צנועות מחתול, גזל מגמלה. עריות מיונה, דרך ארץ מתרנגול
					ויש להם ציור ומחשבה לזה, עיין בפרק שירה להרב מוהרר יוסף
					מטראני ז""ל דף ג׳ ע"""				
רשבבה״ג	1	Maasiot-veSihot-Zadikim2026-01-10	no_match	0.0			"בשם אבי המדפיס הרב וכו׳ ה״ר אברהם ניסן הלזו
					זלה""ה תלמוד מובהק של הרב אדומו״ר רשבבה״ג מהר""ז
					יוסף שאול הלוי ז""ל אבדק""ק לבוב"				
דאברהם אבינו	1	Maasiot-veSihot-Zadikim2026-01-10	phonetic	0.9	Biblical_Abraham		"פ׳ וירא וישא עיניו וירא והנה שלשה אנשים נצבים עליו וירא וירץ
					לקראתם מפתח האוהל וישתחו ארצה ויאמר וגו׳ ופירש״י מהו וירא
					וירא שני פעמים וכו׳ ואח״ז כתב רש״י ואעפ""י שכתב אחר וירץ
					לקראתם האמ"				
אליעזר ג'	1	Maasiot-veSihot-Zadikim2026-01-10	no_match	0.0			"פ׳ יתרו ואת שני בני' אשר שם הא׳ גרשם כי אמר גר הייתי באר'
					גברי׳ ושם האחד אליעזר כי וגו׳ ויצילני מהרב פרעה יש לדקדק
					בהפסוקים א׳ מדוע בשם נרשם כתבה התורה הקדושה כי אמר ולא
					כן בשם אליעזר ו"				
חרב	1	Maasiot-veSihot-Zadikim2026-01-10	no_match	0.0			"פ׳ יתרו ואת שני בני' אשר שם הא׳ גרשם כי אמר גר הייתי באר'
					גברי׳ ושם האחד אליעזר כי וגו׳ ויצילני מהרב פרעה יש לדקדק
					בהפסוקים א׳ מדוע בשם נרשם כתבה התורה הקדושה כי אמר ולא
					כן בשם אליעזר ו"				
שלמה קליגער המגיד מבראד	1	Maasiot-veSihot-Zadikim2026-01-10	no_match	0.0			"מעשה מהרב הגאון מו""ה שלמה קליגער המגיד מבראד
					זצלה ה."	H-LOC_152			
"שלמה
					קליגער המגיד מבראדי"	1	Maasiot-veSihot-Zadikim2026-01-10	no_match	0.0			"פ""א קרה מעשה נורא בעיר בראדי לפני הרב ר׳ שלמה
					קליגער המגיד מבראדי הנה אשה אחת באת לפני הרב ולשאול
					לו שאלת טריפה על אווז אחת אשר היתה בידה. ויפסוק הרב כי
					האווז טריפה, ותלך האשה במר נפשה "	H-LOC_152			
"א""פ היינא ווארציל"	1	Maasiot-veSihot-Zadikim2026-01-10	no_match	0.0			"זה הצעטיל של ר' איתמר וזה רפואה כוללת לכל מיני אבניצערט
					ושלאפקייט
					אפינט פֿארילע דיליקאסטי. א""פ היינא ווארציל א""פ סאסי פראסע
					א""פ קאסע פיסטיל א""פ ראברום.
					זאת לחלק על י""ב חלקים ולבשל ב"				
"א""פ"	1	Maasiot-veSihot-Zadikim2026-01-10	no_match	0.0			"זה הצעטיל של ר' איתמר וזה רפואה כוללת לכל מיני אבניצערט
					ושלאפקייט
					אפינט פֿארילע דיליקאסטי. א""פ היינא ווארציל א""פ סאסי פראסע
					א""פ קאסע פיסטיל א""פ ראברום.
					זאת לחלק על י""ב חלקים ולבשל ב"				
סאסי	1	Maasiot-veSihot-Zadikim2026-01-10	no_match	0.0			"זה הצעטיל של ר' איתמר וזה רפואה כוללת לכל מיני אבניצערט
					ושלאפקייט
					אפינט פֿארילע דיליקאסטי. א""פ היינא ווארציל א""פ סאסי פראסע
					א""פ קאסע פיסטיל א""פ ראברום.
					זאת לחלק על י""ב חלקים ולבשל ב"				
"פראסע
					א""פ"	1	Maasiot-veSihot-Zadikim2026-01-10	no_match	0.0			"זה הצעטיל של ר' איתמר וזה רפואה כוללת לכל מיני אבניצערט
					ושלאפקייט
					אפינט פֿארילע דיליקאסטי. א""פ היינא ווארציל א""פ סאסי פראסע
					א""פ קאסע פיסטיל א""פ ראברום.
					זאת לחלק על י""ב חלקים ולבשל ב"				
"קאסע פיסטיל א""פ ראברום"	1	Maasiot-veSihot-Zadikim2026-01-10	no_match	0.0			"זה הצעטיל של ר' איתמר וזה רפואה כוללת לכל מיני אבניצערט
					ושלאפקייט
					אפינט פֿארילע דיליקאסטי. א""פ היינא ווארציל א""פ סאסי פראסע
					א""פ קאסע פיסטיל א""פ ראברום.
					זאת לחלק על י""ב חלקים ולבשל ב"				
רוטי היינא	1	Maasiot-veSihot-Zadikim2026-01-10	no_match	0.0			"רפואה לשניים
					א לבשל טערמיטעלליא ולהחזיק בפיו על השניים.
					ב רפואה אחרת רוטי היינא בעד ג׳ צ״ל קאלמיקם ווארציל בעד ג׳
					צ״ל אין צו קאכין ולהחזיק על השניים.
					ג רפואה אחרת ליקח בעד אצ""ל נעג"				
פישון	1	Maasiot-veSihot-Zadikim2026-01-10	no_match	0.0			"קומייע לקדחת ר""ל והוא בדוק ומנוסה ישרטט חמשה שיטין
					על נייר שמינית בוגין ויכתוב בכתב אשורית ובתגין האותיות
					שצריכין תגין
					ויכתוב כמו שנרשם כאן
					גיחון
					פישון
					גיחו
					פישו
			"				
פישו	1	Maasiot-veSihot-Zadikim2026-01-10	no_match	0.0			"קומייע לקדחת ר""ל והוא בדוק ומנוסה ישרטט חמשה שיטין
					על נייר שמינית בוגין ויכתוב בכתב אשורית ובתגין האותיות
					שצריכין תגין
					ויכתוב כמו שנרשם כאן
					גיחון
					פישון
					גיחו
					פישו
			"				
פיש	1	Maasiot-veSihot-Zadikim2026-01-10	no_match	0.0			"קומייע לקדחת ר""ל והוא בדוק ומנוסה ישרטט חמשה שיטין
					על נייר שמינית בוגין ויכתוב בכתב אשורית ובתגין האותיות
					שצריכין תגין
					ויכתוב כמו שנרשם כאן
					גיחון
					פישון
					גיחו
					פישו
			"				
אנקילע	1	Maasiot-veSihot-Zadikim2026-01-10_corrected	no_match	0.0			"סיפר לי הרב מו""ה וואלצי שהיה מו""צ בק׳ דאלינע שהיה
					רגיל לנסוע בכל פעם לקאסיב להרבי ר' מענדלי ז""ל פעם אחת
					דיבר עם גיסו ר׳ יעקב שהיו קורין אותו אנקילע והפליא בעיניו
					את הצדיק הנ""ל עד שעשה ל"				
פוטיפר	1	Maasiot-veSihot-Zadikim2026-01-10_corrected	no_match	0.0			"וקשה על לשון וחטאתי שהוא לשון עבר ומהראוי לכתוב ואחטא
					לאלקים גם מאמר הגמרא האומר אחטא ואשיב אחטא ואשוב אין
					מספיקין בידו לעשות תשובה וקשה כפל הלשון. אמנם מחמת
					שמצוה לעשות תשובה. ומי שהוא"				
המגיד מבראד	1	Maasiot-veSihot-Zadikim2026-01-10_corrected	no_match	0.0			"פעם אחת נתוועדו למקום אחד הרבי ר' מאיריל ז""ל עם הגאין
					הצדיק ר׳ שלמה קלונער המגיד מבראד ז""ל אמר הרבי ר׳ מאיריל"	H-LOC_152			
אברהםאלהי יעקב	1	Maasiot-veSihot-Zadikim2026-01-10_corrected	no_match	0.0			"אזי מהראוי לכתוב ישראלאלהי ישראל והיה מסיים הצדיק הקדוש
					הנ""ל ואמר וזה נאמר בהפטרה למה תאמר יעקב ותדבר ישראל היינו
					למה כתיב אלהי יעקב ולא אלהי ישראל ותירץ נסתרה דרכי מה׳
					היינו באם שנאמר "				
מענדיליקאסוב	1	Maasiot-veSihot-Zadikim2026-01-10_corrected	no_match	0.0			"הרב ר׳ דוד ז""ל מזאבליטאוו שהי' בנו של הרב הקדוש ר'
					 ז""ל ממענדיליקאסוב הי׳ דרכו בקודש ליסע בכל פעם לם אדיגעדי
					להצדיק הקדוש ר׳ ישראל ז""ל מריזין והריזינער הי' מחזיק את ר'
					 ז""ל לחכם גדול פע"	H-LOC_14			
לוי יצחקבארדיטשיב	1	Maasiot-veSihot-Zadikim2026-01-10_corrected	phonetic	0.524	Tsadik_023.001		"מעשה מהרבי ר' ברוך ז""ל בעת שהי׳ הרב הגאון הצדיק ר'
					 ז""ל בלוי יצחקבארדיטשיב הי' מנהגו לילך בכל פעם לבהכ״נ לדרוש
					ובזמן ההוא בא איש אחד מדיליטא גאון העולם והי׳ מתגורר בבארדיטשוב
					והיה יושב "	H-LOC_134			
"איציקיל ז""ל"	1	Maasiot-veSihot-Zadikim2026-01-10_corrected	no_match	0.0			"לך לטיוויל איני רוצה בך ולנסיעתך והרבי ז""ל לקח אותו ושלח
					אותו עם איש אחד תיכף למרחץ ולטבול ולספר כללא של
					דבר הרב ז""ל נייר אותו כי היה נשכח מלבו אם הוא יהודי ואכל
					אצל האדון טריפות והצדיק"				
עוזרסטרעליסק	1	Maasiot-veSihot-Zadikim2026-01-10_corrected	no_match	0.0			"שמעתי מהחסיד ר׳ עוזר שהיה חתן הצדיק ר׳ פאביש
					מבאלשיוועץ ה""ר עוזר הנ""ל היה נוסע בכל פעם להצדיק מסטרעליסק
					פעם אחת בא לשם בעש״ק והיה בדעתו ליתן להצדיק ב׳ ריינש
					ונכנס להרב לקבל שלום אמר לו "	H-LOC_209			
מאירילמבוטשאטש	1	Maasiot-veSihot-Zadikim2026-01-10_corrected	no_match	0.0			"שיחות צדיקים
					וצעקו שעדי שמים פתח תעמוד עבורך בשוק עגלה עם ג׳ סוסים
					ותוכל לבוא לכאן. ואיש אחד משאטץ ושמו נתן שמעון היה ג""כ על
					ר""ה בפרימשלאן ונסעו שניהם יחדיו למאנדיגערי על יום הקדוש ובעת"	H-LOC_119			
איסקאנט פאן דארנים יא	1	Maasiot-veSihot-Zadikim2026-01-10_corrected	no_match	0.0			"עוד מענין אליהו ז""ל סיפר הצדיק ר׳ שלמה סופר ז""ל מדאלינע
					אשר חסיד אחד ממקורביו להצדיק מלובלין ביקש ממנו להראות לו אליהו
					ז""ל אמר לו הרב ז""ל לך להספינה שקורין פיראן ותעמוד שם ובעגלה
					הראשונ"				
זאב וואלף מטשערנאסטרי'	1	Maasiot-veSihot-Zadikim2026-01-10_corrected	no_match	0.0			"באתי עה״ח היום יום א׳ שמאתמול ביום ש״ק ברכנו את
					החודש סיון שנתחדש המלוכה שלו הן ע""ע והן על נפשות ביתו
					שלא יזוז ממנו ומבניו ומבני בניו מעתה ועד עולם בכל הצטרכותם
					שיהיו לו בח״י מלוכה הן מ"	H-LOC_462			
"ישראל בע""ש"	1	Maasiot-veSihot-Zadikim2026-01-10_corrected	phonetic	0.4	Tsadik_001.001		"הרב הצדיק הקדוש ר׳ ישראל בע""ש זצ""ל שמע כי בארצות
					המערב משתוקקים מאוד לקיים מצות הכנסת אורחים, ע""כ אמר כי
					יסע לשם למען לראות אם אמת הדבר, הבע״ש נסע עם אנשי
					שלומו לשם, על חג הסוכות, ויהי "				
הבע״	1	Maasiot-veSihot-Zadikim2026-01-10_corrected	no_match	0.0			"מאוד עם הבע״ש ויהי בבוקר כאשר הבע״ש רצה לנסוע משם ויאי
					והבע״ש אל הבעה״ב המוכר עטרן אמור בקשתך אשר תבקש
					ויאמר הבעה""ב אל הבע״ש הנה בקשתי אשר הרב יתפלל עב
					להשי""ת שאהי' מוכן ומזומן לחיי׳ עו"				
אלכסנדרום מוקד	1	Maasiot-veSihot-Zadikim2026-01-10_corrected	no_match	0.0			"המדרש תלפיות מביא בשם קרבן שבת. אלכסנדרום מוקד
					כשכיבש העולם הלך במקום שהיו שם חיות ועופות שממיתים
					בראייתם ונתירא שלא יאבד הוא וחייליו ולבש עצמו בלבוש
					מכוסה במראות (שפיגעל) איספינו בלע״ז"				
ארתיך	1	Maasiot-veSihot-Zadikim2026-01-10_corrected	no_match	0.0			"המדרש תלפיות מביא בשם קרבן שבת. אלכסנדרום מוקד
					כשכיבש העולם הלך במקום שהיו שם חיות ועופות שממיתים
					בראייתם ונתירא שלא יאבד הוא וחייליו ולבש עצמו בלבוש
					מכוסה במראות (שפיגעל) איספינו בלע״ז"				
יצחק האראוויטץ דהאמבורג	1	Maasiot-veSihot-Zadikim2026-01-10_corrected	no_match	0.0			"הרב הגאון ר׳ יצחק מהאמבורג היה לאב""ד והרב ר׳ יצחק
					 המדרא אביטש הי׳מגיד ושניהם היו בעיר דראהאביטש ואירע המעשה
					כאשר אבאר לקמן הנה בעיר הנ""ל היה איש אחד סוחר גדול ומת
					האיש הנ""ל ולא הניח צו"	H-LOC_186			
יצחק דהאמבורג	1	Maasiot-veSihot-Zadikim2026-01-10_corrected	no_match	0.0			"הרב הגאון ר׳ יצחק מהאמבורג היה לאב""ד והרב ר׳ יצחק
					 המדרא אביטש הי׳מגיד ושניהם היו בעיר דראהאביטש ואירע המעשה
					כאשר אבאר לקמן הנה בעיר הנ""ל היה איש אחד סוחר גדול ומת
					האיש הנ""ל ולא הניח צו"	H-LOC_186			
אונקלם	1	Maasiot-veSihot-Zadikim2026-01-10_corrected	no_match	0.0			"פ׳ בא וכסה את עין הארץ ולא יוכל לראות את הארץ ופי׳ רש״י
					ולא יוכל הרואה לראות את הארץ בלשון קצרה דבר. ודקדקתי בתרגום
					אונקלם ומתרגום ויחפי ית עין שמשא דארעא שהארבה יכסה את"				
שלמה קליגער	1	Maasiot-veSihot-Zadikim2026-01-10_corrected	no_match	0.0			"מעשה מהרב הגאון מו""ה שלמה קליגער המגיד מבראד
					זצלה ה."				
"משה חיים
					אפרים מסדילקוב"	1	MaasiyotUmaamarimYekarim_with_annotations (1)	no_match	0.0			"מעשיות
					ומאמרים יקרים
					אשר לא נדפסו מעולם
					מהבעש""ט ומנכדיו האחים
					הקדושים הרה״ק ר׳ משה חיים
					אפרים מסדילקוב ואחיו הרה״ק
					ר׳ ברוך ממעזבוז זצוק""ל זיע״א.
					מאת המלקט והמאסף
			"				
"משה חיים
					אפרים"	1	MaasiyotUmaamarimYekarim_with_annotations (1)	no_match	0.0			"מעשיות
					ומאמרים יקרים
					אשר לא נדפסו מעולם
					מהבעש""ט ומנכדיו האחים
					הקדושים הרה״ק ר׳ משה חיים
					אפרים מסדילקוב ואחיו הרה״ק
					ר׳ ברוך ממעזבוז זצוק""ל זיע״א.
					מאת המלקט והמאסף
			"				
"אייזיק זצוק""ל מקאמרנא"	1	MaasiyotUmaamarimYekarim_with_annotations (1)	name_exact	0.85	Biblical_Isaac		"ובס׳ נוצר חסד על פרקי אבות מהרב הגאון הצדיק ר׳
					אייזיק זצוק""ל מקאמרנא פרק ה׳ משנה כ״ב כתב וז""ל
					כשהיו שואלין גמרן הבעש״ט איזה דבר היה פותח איזה ספר
					גמרא או זוהר וכיוצא והיה לומד ואח״כ היה"	H-LOC_37			
"אייזיק זצוק""ל"	1	MaasiyotUmaamarimYekarim_with_annotations (1)	name_exact	0.85	Biblical_Isaac		"ובס׳ נוצר חסד על פרקי אבות מהרב הגאון הצדיק ר׳
					אייזיק זצוק""ל מקאמרנא פרק ה׳ משנה כ״ב כתב וז""ל
					כשהיו שואלין גמרן הבעש״ט איזה דבר היה פותח איזה ספר
					גמרא או זוהר וכיוצא והיה לומד ואח״כ היה"				
"משה חיים אפרים
					מסדילקוב"	1	MaasiyotUmaamarimYekarim_with_annotations (1)	no_match	0.0			"כתב בס׳ בוצינא דנהורא וז""ל סיפר ה״ר ליב מלעטיטשוב.
					שהוא היה מלמד אצל הרה״ק ר' משה חיים אפרים
					מסדילקוב נכד הבעש״ט כי בילדותו של הרה״ק הנ""ל היה יושב
					פ""א עם זקנו הבעש״ט אצל השלחן פתאום אמר"				
אהרן מקארלין	1	MaasiyotUmaamarimYekarim_with_annotations (1)	name_exact	0.95	Tsadik_016.001		"ויביאו אותו להרה״ק הנ""ל וישאל אותו אם יודע איזה ענין
					מהבעש״ט ויספר לו הנכרי הנ""ל כי בנערותו היה רועה צאן
					במקום שהיה מתבודד שם הבעש״ט ופ״א בערב שבת לפנות
					ערב היה רץ הבעש״ט אנה ואנה והיה "	H-LOC_4			
משה מקאראסטשוב	1	MaasiyotUmaamarimYekarim_with_annotations (1)	phonetic	0.5	Biblical_Moses		"סיפר הרב החסיד המפורסם ר׳ ברוך מאיוועניץ ז""ל שהיה
					נכד הרה״ק ר׳ ברוך ממעזבוז זצוק""ל והיה חתנו
					של הרה״ק ר' משה מקאראסטשוב זצוק""ל ששמע מפי זקנתו
					הצדקת מרת אדיל שהיא שמעה מפי אביה הרה״ק ר׳ "				
יצחק סופר ממעזיריטש	1	MaasiyotUmaamarimYekarim_with_annotations (1)	no_match	0.0			"סיפר הרב החסיד המפורסם ר׳ ברוך מאיוועניץ ז""ל שהיה
					נכד הרה״ק ר׳ ברוך ממעזבוז זצוק""ל והיה חתנו
					של הרה״ק ר' משה מקאראסטשוב זצוק""ל ששמע מפי זקנתו
					הצדקת מרת אדיל שהיא שמעה מפי אביה הרה״ק ר׳ "				
יצחק סופר	1	MaasiyotUmaamarimYekarim_with_annotations (1)	no_match	0.0			"סיפר הרב החסיד המפורסם ר׳ ברוך מאיוועניץ ז""ל שהיה
					נכד הרה״ק ר׳ ברוך ממעזבוז זצוק""ל והיה חתנו
					של הרה״ק ר' משה מקאראסטשוב זצוק""ל ששמע מפי זקנתו
					הצדקת מרת אדיל שהיא שמעה מפי אביה הרה״ק ר׳ "				
שניאור ולמן	1	MaasiyotUmaamarimYekarim_with_annotations (1)_corrected	phonetic	0.5	Tsadik_027.001		"חתנו של הרה״ק הגאון ר׳  זצוק""ל היה
					מענדעלי מליבאוויטשעומד פ״א בחדר של חמותו הרבנית ושם היה מונח
					על השלחן סדור קרבן מנחה וספר  בשבחי ובעמדו בחדר
					עש״טהנ""ל בא חותנו לשם והוא היה מקפיד מאד "				
מענדעלי מוויטעבסק	1	MaasiyotUmaamarimYekarim_with_annotations (1)_corrected	no_match	0.0			"וכעין זה מובא במכתבים שבסוף  ספר מהרהק
					״פרי הארץר׳ מענדעלי מוויטעבסק  שכתב אליו איש אחד
					זצוק""למכתב בקשה שיבטיח לו להיות לו בנים והשיב לו בזה""ל בושת
					פני כסתני כי התחת  אני היה היה דבר אל"				
שמחה גדולה	1	MaasiyotUmaamarimYekarim_with_annotations (1)_corrected	no_match	0.0			"לגמרי וע״י שעשה זאת להטריח את קונו שמע כרוז שאין לו
					חלק לעוה״ב ושלח הצדיק שמחה גדולה ואמר עתה בא לי
					עת ועונה לעבוד את בוראי באמת בכל לבי אחר שאין לי
					בטחון על עוה״ב ובקבלה זאת ועבודה כזא"				
הבעש״ק	1	MaasiyotUmaamarimYekarim_with_annotations (1)_corrected	phonetic	0.667	Tsadik_001.001		"אותו הרה״ק התולדות הקפיד עליו מאד וישאל אותו מה זה
					ומדוע לא באו עוד האנשים הרגילים בכל יום לבוא לביהכ״נ
					להתפלל ויספר לו השמש כי איש אחד אורח עומד ברחוב
					העיר ומספר מעשיות וכל בני העיר עו"				
ירד	1	MaasiyotUmaamarimYekarim_with_annotations (1)_corrected	no_match	0.0			"שמע הרב  כי הגאון הנ""ל הרב הכולל יסע דרך עירם
					דמתאעלה בדעתו להציע ענין זה לפני הגאון הנ""ל אולי יברר
					הדבר כי הוא יש לו תקיפות רק באשר ידע כי הגאון הנ""ל
					לא יעמוד ולא יתעכב שם ע״כ עשה תחבו"				
"הבעש""שהבעש""ט"	1	MaasiyotUmaamarimYekarim_with_annotations (1)_corrected	phonetic	0.5	Tsadik_001.001		"ויקדשו הלבנה בשמחה רבה ואחר קדוש לבנה שמח הבעש""שהבעש""ט
					ותלמידו הרה״ק ר׳  הנ""ל שמחה גדולה וירקדו וכל
					וואלףהתלמידים רקדו עמהם ולא ידעו דבר אך הבינו כי דבר
					פלא הוא ויספר להם הבעש״ט כדרכו ב"				
ווייסיל	1	MaasiyotUmaamarimYekarim_with_annotations (1)_corrected	no_match	0.0			"וכעין מעשה זאת שמעתי מאדמו״ר הרה״ק מ ר׳ בן
					יצחקמ זצוק""ל שסיפר כי ידוע כי בעיר סקווירא
					קראקאהולך שם הנהר הגדול הנקרא  ובימי המקובל הגדול
					ווייסילהקדוש ר׳  זצוק""ל הנודע בספרו הקדוש הצורף
	"				
קן האלקי	1	MaasiyotUmaamarimYekarim_with_annotations (1)_corrected	no_match	0.0			"כתב ב ס׳ פ""א הנ""ל פרק ר׳ נוצר חסד על וז""ל
					משנה ה׳סיפר מ קן האלקי זצוק""ל (הוא הריב""ש שבבעש״ט
					ערי היה צדיק אחד ואמר קודם פטירתו שימות במיתה
					אשכנזמשונה ע״י רוצחים ר״ל וכבר הוא מאה פעמים בע"				
זכרייהו	1	MaasiyotUmaamarimYekarim_with_annotations (1)_corrected	no_match	0.0			"כתב ב ס׳ פ""א הנ""ל פרק ר׳ נוצר חסד על וז""ל
					משנה ה׳סיפר מ קן האלקי זצוק""ל (הוא הריב""ש שבבעש״ט
					ערי היה צדיק אחד ואמר קודם פטירתו שימות במיתה
					אשכנזמשונה ע״י רוצחים ר״ל וכבר הוא מאה פעמים בע"				
חיים אפרים	1	MaasiyotUmaamarimYekarim_with_annotations (1)_corrected	phonetic	0.375	Tsadik_001.010		"ב""ה מעשיות מאמרים יקרים מהרה""ק ר׳  על נכד המשה
					חיים אפרים״ט הנקרא
					בעשבפי כל דער סדילקעווער רב או דער דגל בעהמ""ח
					ספר דגל :
				מחנה אפרים"				
תולדות	1	MaasiyotUmaamarimYekarim_with_annotations (1)_corrected	no_match	0.0			"לתבוע ממנו דאטע ויסע המוכסן הנ״ל להרה״ק ר׳  מפולנאה תלמיד היעקב
					יוסף הכהן בעהמ״ח ספר בעש״ט ושאר ספרים הנקרא בפי כל (דער תולדות)
					תולדות
					יעקב יוסףויספר לו ענינו ומבוקשו ויאמר לו התולדות ה"				
הבעשברוך	1	MaasiyotUmaamarimYekarim_with_annotations (1)_corrected	no_match	0.0			"עוד סיפר אדמו״ר  הנ""ל כי בעת שהיה המחלוקת
					מסקוויראהגדולה על הרה״ק ר׳  הנ""ל הלך הרה״ק ר'
					ברוך על ציון הקדוש של זקנו הבעשברוך ואמר לו מעולם לא
					״טהטרחתי אותך בשביל נצמי ועתה מוכרח אני להטר"				
חקותי	1	MaasiyotUmaamarimYekarim_with_annotations (1)_corrected	no_match	0.0			"וכעין זה כתב בס׳ מים רבים פ ב׳ בשם הרב החסיד
					חקותיהמפורסם ר׳  ז""ל ששמע מאביו
					מרדכי מזוויהילהרה״ק ר׳  זצ""ל כי זקנו הרה״ק ר׳ יחיאל מיכל מזוויהיל זצוק""ל צוה לבניו הקדושים שיתפללו בעד
					יחיאל"				
אליקום בריעה	1	MaasiyotUmaamarimYekarim_with_annotations (1)_corrected	no_match	0.0			"כתב ב׳   מהרהמשהק ר' ״ משה הרה״ק המגיד מאליקום בריעה
					בארסזצוק""ל בן וקאזניץ צוק""ל פ׳
					שמותוז״ל שמעתי בשם הרה״ק מו״ה ברוך זצוק""ל ש באו אליו
					פ""אאנשי עיר אחת על  א׳ משבתות השנה שיעשה להם טוב"				
אליעזר שענקעל	1	MaasyiotMzadikeiYesodeiOlam_20251128	no_match	0.0			"ספר
					מעשיות מצדיקי יסודי עולם
					כולל ספורים יפים ונחמדים, דברים נוראים ונפלאים,
					מדבש ונופת צופים מתוקים, וספורי אמתיים אשר
					מטרת כוונתם להביא לידי יראת שמים וחסידות ומדות
					טובות מג"				
העשיל מקראקא	1	MaasyiotMzadikeiYesodeiOlam_20251128	no_match	0.0			"א) מעשה נורא מהנשר הגדול זקן הקדושים הגאון רבינו יצחק אבוהב
					בעל מנורת המאור ע""ד הספק חסירות ויתירות שבתורה.
					ב) מגאון הגאונים הצדיק המפורסים רבינו עקיבא איגר בעלותו על כס
					הרבנות בעיר פרי"	H-LOC_130			
בער ציס״ע	1	MaasyiotMzadikeiYesodeiOlam_20251128	no_match	0.0			"א) מעשה נורא מהנשר הגדול זקן הקדושים הגאון רבינו יצחק אבוהב
					בעל מנורת המאור ע""ד הספק חסירות ויתירות שבתורה.
					ב) מגאון הגאונים הצדיק המפורסים רבינו עקיבא איגר בעלותו על כס
					הרבנות בעיר פרי"				
מרדכי בנעט מניקלשבורג	1	MaasyiotMzadikeiYesodeiOlam_20251128	no_match	0.0			"א) מעשה נורא מהנשר הגדול זקן הקדושים הגאון רבינו יצחק אבוהב
					בעל מנורת המאור ע""ד הספק חסירות ויתירות שבתורה.
					ב) מגאון הגאונים הצדיק המפורסים רבינו עקיבא איגר בעלותו על כס
					הרבנות בעיר פרי"	H-LOC_66			
"מופה""ד בעל
					מגלה"	1	MaasyiotMzadikeiYesodeiOlam_20251128	no_match	0.0			"א) מעשה נורא מהנשר הגדול זקן הקדושים הגאון רבינו יצחק אבוהב
					בעל מנורת המאור ע""ד הספק חסירות ויתירות שבתורה.
					ב) מגאון הגאונים הצדיק המפורסים רבינו עקיבא איגר בעלותו על כס
					הרבנות בעיר פרי"				
זי״ע	1	MaasyiotMzadikeiYesodeiOlam_20251128	no_match	0.0			"א) מעשה נורא מהנשר הגדול זקן הקדושים הגאון רבינו יצחק אבוהב
					בעל מנורת המאור ע""ד הספק חסירות ויתירות שבתורה.
					ב) מגאון הגאונים הצדיק המפורסים רבינו עקיבא איגר בעלותו על כס
					הרבנות בעיר פרי"				
"אברהם יהושיע העשיל
					מאפטא"	1	MaasyiotMzadikeiYesodeiOlam_20251128	phonetic	0.792	Tsadik_043.003		"א) מעשה נורא מהנשר הגדול זקן הקדושים הגאון רבינו יצחק אבוהב
					בעל מנורת המאור ע""ד הספק חסירות ויתירות שבתורה.
					ב) מגאון הגאונים הצדיק המפורסים רבינו עקיבא איגר בעלותו על כס
					הרבנות בעיר פרי"				
שמן רוקח	1	MaasyiotMzadikeiYesodeiOlam_20251128	no_match	0.0			"ואמר הגאון מליסא אני אספר לכם מעשה נפלאה אשר בעיני
					ראיתי כי בעת שרצו אנשי עיר פרידלאנד לקבל עליהם רב ואב״ד
					אז אשר שמו אנשי העיר עיניהם להושיב אחד לראש ורב ומנהיג,
					מן אלו השלשה רבנים אחד"				
"רב
					העשיל"	1	MaasyiotMzadikeiYesodeiOlam_20251128	phonetic	0.5	Tsadik_001.015		"ד.
					מעשה מגאון עולם מופת הדור רבן של כל ישראל רבי רב
					העשיל זצלל""ה האב״ד ור״מ דק""ק קראקא והגליל יצ״ו."				
מ׳ דינה	1	MaasyiotMzadikeiYesodeiOlam_20251128	no_match	0.0			"זה לשון בעל המחבר ז״ב ח״ו דט״ו אספרה משה אשר נעשה
					בימי הגאון מו״ה העשיל זצ״ל שהי׳ אבד״ק קראקא, שנים
					באו למשפט ממרחקים לפניו והתביעה היה על כמה וכמה אלפים
					ובא הנתבע תחלה והביא מתנה מאה א"				
דוב בער זי	1	MaasyiotMzadikeiYesodeiOlam_20251128	phonetic	0.357	Tsadik_002.001		"מרבינו אור העולם איש אלקים הבעל שם טוב זי""ע ועל כל
					ישראל עם תלמידו המגיד הגדול רבינו דוב בער זי״ע ממעזריטש."				
נעט זי״ע	1	MaasyiotMzadikeiYesodeiOlam_20251128	no_match	0.0			"ו.
					פתקא מן שמיא לרבינו הנשר הגדול, אשר דבריו נשמעים בשמים
					הרב הדומה למלאך ד׳ צבאות הגאון הקדוש וטהור רבינו
					מרדכי בנעט זי״ע האב״ד ור״מ אבד״ק ניקולשבורג והמדינה.
					(העתקה משו״ת פרשת מר"				
אבד״ק ניקולשבורג והמדינה	1	MaasyiotMzadikeiYesodeiOlam_20251128	no_match	0.0			"ו.
					פתקא מן שמיא לרבינו הנשר הגדול, אשר דבריו נשמעים בשמים
					הרב הדומה למלאך ד׳ צבאות הגאון הקדוש וטהור רבינו
					מרדכי בנעט זי״ע האב״ד ור״מ אבד״ק ניקולשבורג והמדינה.
					(העתקה משו״ת פרשת מר"				
״ה ליב	1	MaasyiotMzadikeiYesodeiOlam_20251128	phonetic	0.6	Tsadik_037.001		"העתק מאגרת ישן נושן שנמצא אצל הרב הצדיק מו״ה ליב ז״ל
					אב״ד ק״ק קארלעסבורג ואמר שנכתב בשנת תק״ף ואמר
					שנמצא בלייפניק בזמן ההוא, למעלה נכתב בזה״ל מכתב מפלוני
					אלמוני להרב הגאון מו״ה מרדכי בנ"				
פולחנן	1	MaasyiotMzadikeiYesodeiOlam_20251128	no_match	0.0			"הבלים והאי גרם דאיתפשט מסאבתא טובא בעלמא ואיתפגים סגי
					ואיתתקף ס״א ס״מ וחילא ושכינתא קדישא כביכול בגלותא רבא
					ואורייתא חוגרת שק ומתפלשת באפרא וצוחת וי וי ורגזה הארץ
					תחת עבד כי ימלוך ושפחה"				
״ה	1	MaasyiotMzadikeiYesodeiOlam_20251128	no_match	0.0			"הבלים והאי גרם דאיתפשט מסאבתא טובא בעלמא ואיתפגים סגי
					ואיתתקף ס״א ס״מ וחילא ושכינתא קדישא כביכול בגלותא רבא
					ואורייתא חוגרת שק ומתפלשת באפרא וצוחת וי וי ורגזה הארץ
					תחת עבד כי ימלוך ושפחה"				
מארי דרזין	1	MaasyiotMzadikeiYesodeiOlam_20251128	no_match	0.0			"ז.
					מעשה נפלא ונורא מאת הרב הגאון מופת הדור המקובל
					אלקי מארי דרזין שר בית הזהר, ברבבות ישראל הי׳ למופת
					ואות, רבינו נתן שפירא זצוק""ל בעל מגלה עמוקות מה שגלה
					אחד מל""ו צדיקים הנסתרים."				
הבעה״ב	1	MaasyiotMzadikeiYesodeiOlam_20251128	no_match	0.0			"בימי הרב הגאון עולם והנורא בעל מגלה עמוקות זלל""ה בק'
					קראקא בא לשם בחור אחד לא נודע מאין הנהו וחפש לו
					מעמד לשרת שמה ונשתכר אל בעל הבית אחד בעל חנות גדולה
					להיות משרת בחנותו ועשה עבודתו בא"				
ליבנס	1	MaasyiotMzadikeiYesodeiOlam_20251128	no_match	0.0			"יגעתי בחיבורי מגלה עמוקות ואמרתי רנ״ב אופנים על פסוק זה
					ואתחנן וידבר ה׳ אלי אל תוסף לדבר אלי בדבר הזה כמנין ר״ב
					ל""ך על הפצרת משרע״ה ליבנס לא""י אמור לי גם כבודו מה בזה
					אשר לא הבאתי בספרי"				
"יהושיע העשיל
					מאפטא"	1	MaasyiotMzadikeiYesodeiOlam_20251128	phonetic	0.722	Tsadik_043.003		"ח.
					מהגאון הצדיק הקדוש ונורא מרן אברהם יהושיע העשיל
					מאפטא שהי׳ אבד״ק קאלביסלו."				
אבד״ק קאלביסלו	1	MaasyiotMzadikeiYesodeiOlam_20251128	no_match	0.0			"ח.
					מהגאון הצדיק הקדוש ונורא מרן אברהם יהושיע העשיל
					מאפטא שהי׳ אבד״ק קאלביסלו."				
אפטא זי״ע	1	MaasyiotMzadikeiYesodeiOlam_20251128	fuzzy	0.667	Tsadik_043.003		"סיפר הרב הקדוש מורינו ורבינו רבי יצחק מנעסחיז מעשה נוראה
					מהרב הקדוש מאפטא זי״ע ואמר אשר מימות עולם לא
					היתה מעשה בזו בעת שהיה הרה״ק מאפטא בימיו עלומיו
					בהיותו עוד רב בקאלביסוב במדינת פולי"				
הקאמיסאר	1	MaasyiotMzadikeiYesodeiOlam_20251128	no_match	0.0			"פעם אחת אחר מות הדוכס בא היהודי הנ""ל לקאמיסאר על אודות
					מסחרו כנהוג וראתה הדוכסה מרחוק את היהודי יפה תואר
					מאוד הולך לחצר הקאמיסאר ושלחה תיכף לקרוא את הקאמיסאר
					ושאלה אותו מי זה האיש, וסיפ"				
סי בר אוריא	1	MaasyiotMzadikeiYesodeiOlam_20251128	no_match	0.0			"הפסח, כך סיפר הדוכס. וענו כל הדוכסים שישבו שם מה זה
					חידוש אצלינו במקומותינו בכל שנה קודם חג הפסח גונבים
					היהודים כמה נפשות מהערלים כי נצרך לחם דם על חג הפסח,
					ויהי כאשר שמע המלך פאניטאווס"				
שלום זי״ע	1	MaasyiotMzadikeiYesodeiOlam_20251128	phonetic	0.5	Tsadik_078.001		"על ש""ק בעד שלשה אנשים הנשלחים משם אלי עם כתב הרבנות
					והם יבאו לכאן על זה השבת, כי כך שמעתי מהצפרים הנ״ל אמרה
					לו הרבנית הצדיקית אין לי מעות להכין על שבת יותר והשיב לה
					קח על משכון, וכן עשת"				
"בן
					דוד"	1	MaasyiotMzadikeiYesodeiOlam_20251128	phonetic	0.5	Biblical_David		"וידקור את נחמיה בירושלים וספרו אותו כל ישראל ויתמרמרו
					עליו במרירות ובכיות ואח״כ תבא אשת נתן הנביא בן
					דוד חפצי בה אם מנחם בן עמיאל בן דוד והאותות האלה מגיעות
					בחודש אב בששה לחודש ידקור שי"				
משיח בן אבי	1	MaasyiotMzadikeiYesodeiOlam_20251128	no_match	0.0			"ואחרי מותו תחשך השמש מקצה השמים ועד קצה השמים ותפול
					חרדה גדולה על בני אדם וימלוך תחתיו משיח בן אבי
					ספון וה׳ יעיר את לבבו ויבנה את חומות הבית ויאריך שנים וימים
					וידו באיי הים וימלוך תחתיו"				
עור	1	MaasyiotMzadikeiYesodeiOlam_20251128	no_match	0.0			"ואחרי מותו תחשך השמש מקצה השמים ועד קצה השמים ותפול
					חרדה גדולה על בני אדם וימלוך תחתיו משיח בן אבי
					ספון וה׳ יעיר את לבבו ויבנה את חומות הבית ויאריך שנים וימים
					וידו באיי הים וימלוך תחתיו"				
עבד אלמלך בן מרוזין	1	MaasyiotMzadikeiYesodeiOlam_20251128	no_match	0.0			"יושבים לו על כסא מלכותו ויאסוף בנו הכן השמד ת""ח כסף
					וזהב עד אין מספר ובשמים ואבן יקרה וספיר ויחלום אשר לא
					נמצא באוצרות אבותיו ובעצמו תשבר מלכותו וגם בנו אשר ימלוך
					תחתיו יעשיר עושר גדול "	H-LOC_208			
יואל בעל שם	1	MaasyiotMzadikeiYesodeiOlam_20251128	phonetic	0.438	Tsadik_001.001		"מעשה נורא והפלא מהקדוש הנודע בשם רבינו יואל בעל שם
					זי""ע מק״ק זאמושט."				
״ק זאמושט	1	MaasyiotMzadikeiYesodeiOlam_20251128	no_match	0.0			"מעשה שהיה בית אחד של אבנים עומד ברחוב הגדול בק״ק
					פוזנא אשר המרתף בתוך הבית היה סגור ומסוגר ולא
					היה יכול שום אדם לבנום לתוך המרתף. ויהי היום הלך לשם
					בחור אחד לתוך המרתף ואחר רביעית שעה מ"				
עפטיל	1	MaasyiotMzadikeiYesodeiOlam_20251128	no_match	0.0			"שם והיו יושבים בבית דין, והיו שומעים קול שאחד טען אבל לא
					ראו הבית דין שום תמונה וצורה מהחיצונים והתחיל אחד מן
					החיצונים לטעון כי היה איש אחד דר בבית שהבית היה שייך לו
					בימים הקדמונים ושמו"				
פפד	1	MaasyiotMzadikeiYesodeiOlam_20251128	no_match	0.0			"בהיות עלה על כסא הרבנות דק""ק פפד״מ הגה״ק רבי אביש
					ז""ל בא אורח אחד להתאכסן בביתו על שבת קדש תוארו
					של האורח הי' מגונה משחת בידו מעיניו ומפיו נוטפות וסרוחות
					וקבלו בסבר פנים יפות כדרכו להכנ"				
יצחק אבוהבמנורת המאור	1	MaasyiotMzadikeiYesodeiOlam_20251128_corrected	no_match	0.0			"א'.
					מעשה נורא מהנשר הגדול זקן הקדושים הגאון הנורא רבינו
					 זי""ע ועכ״י בעל מחבר ספר יצחק אבוהבמנורת המאור."				
"חז""ל"	1	MaasyiotMzadikeiYesodeiOlam_20251128_corrected	no_match	0.0			"ואמר הגאון מליסא אני אספר לכם מעשה נפלאה אשר בעיני
					ראיתי כי בעת שרצו אנשי עיר פרידלאנד לקבל עליהם רב ואב״ד
					אז אשר שמו אנשי העיר עיניהם להושיב אחד לראש ורב ומנהיג,
					מן אלו השלשה רבנים אחד"				
רבב״ח	1	MaasyiotMzadikeiYesodeiOlam_20251128_corrected	no_match	0.0			"העתקה מספרו הקדוש והטהור צפנת פענה מאמר טו״ת על רבה
					בר בר הנה וזה לשונו הקדוש אות באות ואמר רבב״ח"				
חכז״ל	1	MaasyiotMzadikeiYesodeiOlam_20251128_corrected	no_match	0.0			"וימנא חדא אזלינן בספינתא וחזינן ההיא ציפרא דקאים עד קרסוליה
					במיא וכו'. אחר שהראה גדולת החכמת הקבלה בלימוד בא שוב
					לומר להיות נמנע מקבלה מעשיות כמו שאמרו חכז״ל בקידושין
					דף ע״א תנו רבנן בר"				
רבנן	1	MaasyiotMzadikeiYesodeiOlam_20251128_corrected	no_match	0.0			"וימנא חדא אזלינן בספינתא וחזינן ההיא ציפרא דקאים עד קרסוליה
					במיא וכו'. אחר שהראה גדולת החכמת הקבלה בלימוד בא שוב
					לומר להיות נמנע מקבלה מעשיות כמו שאמרו חכז״ל בקידושין
					דף ע״א תנו רבנן בר"				
העשילקראקא	1	MaasyiotMzadikeiYesodeiOlam_20251128_corrected	no_match	0.0			"ד.
					מעשה מגאון עולם מופת הדור רבן של כל ישראל רבי רב
					 זצלל""ה האב״ד ור״מ דק""ק העשילקראקא והגליל יצ״ו."	H-LOC_130			
עוז	1	MaasyiotMzadikeiYesodeiOlam_20251128_corrected	no_match	0.0			"הדור שאתה תחשוב שלא תפוני לדברך כמו משה עברי מפ״ב
					ומשה מהיר מבורון אדרבה אינון יהון לך לסייע רבה ואתה תתגדל
					ותתרומם בלבחון ועברו לך יקרא סגי וכלהון מקטן וער גדול
					יתלבשון עוז וגבורה ויקב"				
אלקימארי דרזין	1	MaasyiotMzadikeiYesodeiOlam_20251128_corrected	no_match	0.0			"ז.
					מעשה נפלא ונורא מאת הרב הגאון מופת הדור המקובל
					 אלקימארי דרזין שר בית הזהר, ברבבות ישראל הי׳ למופת
					ואות, רבינו נתן שפירא זצוק""ל בעל מגלה עמוקות מה שגלה
					אחד מל""ו צדיקים הנסתרים."				
תרח	1	MaasyiotMzadikeiYesodeiOlam_20251128_corrected	no_match	0.0			"ויהי הימים ונולד להרב בן זכר והנה בני העיר חשבו מכבר
					לכבד את הרב באיזה מתנה והנה היום מצאו שעת הכושר
					לתת לו המתנה ליום שמחתו ושמחת לבו אולם הרב לא קבל
					המתנה בסבר פנים יפות כ״א בפנים זוע"				
הב״ח	1	MaasyiotMzadikeiYesodeiOlam_20251128_corrected	no_match	0.0			"טרם שנתקבל הב״ח לאבד״ק קראקא הי׳ אב״ד ורב בעיר בעלז
					והיו אצלם לרב ומנהיג וקמו שם כת רשעים וגרו במחלוקת
					וגברה ידם והעבירו אותם מהרבנות ונטלו עטרה מראשו והוא ז""ל
					היה עני גדול והיה לו ולב"""				
מעור	1	MaasyiotMzadikeiYesodeiOlam_20251128_corrected	no_match	0.0			"ואחרי מותו תחשך השמש מקצה השמים ועד קצה השמים ותפול
					חרדה גדולה על בני אדם וימלוך תחתיו משיח בן אבי
					ספון וה׳ יעיר את לבבו ויבנה את חומות הבית ויאריך שנים וימים
					וידו באיי הים וימלוך תחתיו"				
קדר	1	MaasyiotMzadikeiYesodeiOlam_20251128_corrected	no_match	0.0			"ואחרי מותו תחשך השמש מקצה השמים ועד קצה השמים ותפול
					חרדה גדולה על בני אדם וימלוך תחתיו משיח בן אבי
					ספון וה׳ יעיר את לבבו ויבנה את חומות הבית ויאריך שנים וימים
					וידו באיי הים וימלוך תחתיו"				
רד״ך	1	MaasyiotMzadikeiYesodeiOlam_20251128_corrected	no_match	0.0			"יושבים לו על כסא מלכותו ויאסוף בנו הכן השמד ת""ח כסף
					וזהב עד אין מספר ובשמים ואבן יקרה וספיר ויחלום אשר לא
					נמצא באוצרות אבותיו ובעצמו תשבר מלכותו וגם בנו אשר ימלוך
					תחתיו יעשיר עושר גדול "				
עבד אלמלך	1	MaasyiotMzadikeiYesodeiOlam_20251128_corrected	no_match	0.0			"יושבים לו על כסא מלכותו ויאסוף בנו הכן השמד ת""ח כסף
					וזהב עד אין מספר ובשמים ואבן יקרה וספיר ויחלום אשר לא
					נמצא באוצרות אבותיו ובעצמו תשבר מלכותו וגם בנו אשר ימלוך
					תחתיו יעשיר עושר גדול "				
מיכילע המגיד מזלאטשוב	1	Mifalot-HaZadikim2025-06-22	phonetic	0.5	Tsadik_013.002		"""אמר ״הכותב. ״ידוע ״הוא. לכל שהרב הצדיק הקדוש מוה""
                        מיכילע המגיד מזלאטשוב. צוה לכל אנשיו הנלוים אליו
                        לדבר ביניהם ולספר זה לזה מעשי הצדיקים תמיד כי באותיו"	H-LOC_402			
"יעקב
               שמשון משפיטעווקע"	1	Mifalot-HaZadikim2025-06-22	phonetic	0.773	Tsadik_035.001		"מהרב הצדיק הגאון אמיתי הקדוש ר׳ יעקב
               שמשון משפיטעווקע ."	H-LOC_76			
"הרב הצדיק
               משפיטיעווקע"	1	Mifalot-HaZadikim2025-06-22	phonetic	0.45	Tsadik_035.001		"בעת מלחמת התוגר עם הקיסר מרוסיא אירע מעשה בעיר אחת
    במדינת פולין שהיה לאיש אחד זקן ונשוא פנים ועושר
               מופלג בת יחידה ונתקשרה בשידוכין לפני בחור אחד יפה תואר ומופלג
               בחכמה"	H-LOC_76			
יהושעלע	1	Mifalot-HaZadikim2025-06-22	no_match	0.0			"מעשה מהרב הצדיק הגאון אמיתי הקדוש ר׳ מרדכי
               הנקרא ר׳ מאטילע מטשארנאביל
               מעשה בעיר אבאחאוו הסמוך לעיר וואסילקיוב היה שם איש א׳
               אב בחכמה ורך בשנים למדן וי״ש וח"				
מרדכי מ״מ מטשארנאביל	1	Mifalot-HaZadikim2025-06-22	phonetic	0.824	Tsadik_014.002		"עוד מהרב הנ״ל הצדיק מוה׳ מרדכי זי״ע :
               להרב הנ״ל היה מקורב א׳ רך בשנים ת״ח וי״ש וחסיד ונחלה חולי
               גדול וכבד מאד ונמשכה חלייתו זמן רב עד שנתייאשו אנשי
               ביתו ממ"	H-LOC_31			
האב״ד מסאווראן	1	Mifalot-HaZadikim2025-06-22	phonetic	0.5	Tsadik_021.002		"בעת המחלוקת שהיה לש״ש בין הרב הצדיק הקדוש מוה׳ ישראל
               מרוזין ובין הרב הצדיק האב״ד מסאווראן הזמין פ״א שהרב
               מסאווראן נסע לדרכו דרך עיר רוזין. ונתיב הדרך היה לפני החלונות
   "	H-LOC_90			
"הרב
               מסאווראן"	1	Mifalot-HaZadikim2025-06-22	phonetic	0.6	Tsadik_021.002		"בעת המחלוקת שהיה לש״ש בין הרב הצדיק הקדוש מוה׳ ישראל
               מרוזין ובין הרב הצדיק האב״ד מסאווראן הזמין פ״א שהרב
               מסאווראן נסע לדרכו דרך עיר רוזין. ונתיב הדרך היה לפני החלונות
   "	H-LOC_90			
הרב מסאווראן	1	Mifalot-HaZadikim2025-06-22	phonetic	0.6	Tsadik_021.002		"בעת המחלוקת שהיה לש״ש בין הרב הצדיק הקדוש מוה׳ ישראל
               מרוזין ובין הרב הצדיק האב״ד מסאווראן הזמין פ״א שהרב
               מסאווראן נסע לדרכו דרך עיר רוזין. ונתיב הדרך היה לפני החלונות
   "	H-LOC_90			
אב״ד מבארדיטשוב	1	Mifalot-HaZadikim2025-06-22	phonetic	0.667	Tsadik_023.001		"מפעלות הצדיקים מהרב הצדיק ר׳ שמעלקי מניקולשפורג בשבת אצלו איש
               אלקי׳ נורא הרב מוה' לוי יצחק אב""ד
               מבארדיטשוב :
               תחילת ביאתו דהרב הצדיק אב״ד מבארדיטשוב להרב הק"	H-LOC_134			
הרבנית	1	Mifalot-HaZadikim2025-06-22	no_match	0.0			"מפעלות הצדיקים מהרב הצדיק ר׳ שמעלקי מניקולשפורג בשבת אצלו איש
               אלקי׳ נורא הרב מוה' לוי יצחק אב""ד
               מבארדיטשוב :
               תחילת ביאתו דהרב הצדיק אב״ד מבארדיטשוב להרב הק"				
מנחם מענדיל מליבאוויטש	1	Mifalot-HaZadikim2025-06-22	phonetic	0.5	Tsadik_012.172		"כשבא הרב הצדיק מוה׳ מנחם מענדיל מליבאוויטש מנסיעתו
               מעיר המלוכה הידוע נודע לו הדבר שאומרים עליו שמסר
               נפשו בעד עמו ישראל בכה בכיה רבה ואמר אוי למי שהעולם מטעים
            "	H-LOC_323			
אברהם מחמעלניק	1	Mifalot-HaZadikim2025-06-22	no_match	0.0			"כשבא הרב הצדיק מוה׳ מנחם מענדיל מליבאוויטש מנסיעתו
               מעיר המלוכה הידוע נודע לו הדבר שאומרים עליו שמסר
               נפשו בעד עמו ישראל בכה בכיה רבה ואמר אוי למי שהעולם מטעים
            "				
הרב משפיטיעווקע	1	Mifalot-HaZadikim2025-06-22	phonetic	0.45	Tsadik_035.001		"הרב הצדיק הגאון האמיתי ר׳ יעקב שמשון משיפיטעווקע 
               דרכו היה לנסוע למרחקים לקבץ ממון
               על פדיון שבוים ולפרנס להצדיקים אשר היה במסתרים ויהי בדרך רחוק
               ממדינתו הר"	H-LOC_76			
באבע	1	Mifalot-HaZadikim2025-06-22	no_match	0.0			"מהרב הצדיק ר׳ ליב הנקרא ספאליר זיידע הרב הצדיק ה״ה
               מוה׳ ליב הנ״ל נתארח אצל הרב הצדיק ר' יצחק מ״מ
               מברום לאוו (הנקרא בפי כל ר׳ איצעלע משיחת) ושאל הרב ר׳ ליב
               "				
"המגיד
               מלובלין"	1	Mifalot-HaZadikim2025-06-22	name_exact	0.95	Tsadik_041.001		"הרב הצדיק ר׳ אהרן משה תלמיד דהרב הצדיק המגיד
               מלובלין נסע פ״א לדרכו ויהי כי בא סמוך לפונדק א׳ ויעמוד על מפתן הפתח
               והחזיר פניו מהבית ולא רצה ליכנס ויבא בעה״ב לשאול לו מדוע "	H-LOC_56			
"הרב
               מאפטע"	1	Mifalot-HaZadikim2025-06-22	name_exact	0.95	Tsadik_043.003		"הרב הצדיק ר׳ אהרן משה תלמיד דהרב הצדיק המגיד
               מלובלין נסע פ״א לדרכו ויהי כי בא סמוך לפונדק א׳ ויעמוד על מפתן הפתח
               והחזיר פניו מהבית ולא רצה ליכנס ויבא בעה״ב לשאול לו מדוע "	H-LOC_133			
אברהם מוזג	1	Mifalot-HaZadikim2025-06-22	phonetic	0.375	Biblical_Abraham		"מהרב הצדיק המוסתר ר׳ אברהם מוזג בכפר רעפצייקי
               הרב הצדיק הנ״ל פ״א בערב חג הסוכות בעת הליכתו להסוכה דרך
               הבית המזיגה אחר חצות היום ואחר שטבל א״ע לכבוד הרגל
               עמ"				
יהונתן מפראג	1	Mifalot-HaZadikim2025-06-22	no_match	0.0			"מהרב הצדיק המוסתר ר׳ אברהם מוזג בכפר רעפצייקי
               הרב הצדיק הנ״ל פ״א בערב חג הסוכות בעת הליכתו להסוכה דרך
               הבית המזיגה אחר חצות היום ואחר שטבל א״ע לכבוד הרגל
               עמ"	H-LOC_142			
"המגיד
               מקאזיניץ"	1	Mifalot-HaZadikim2025-06-22	phonetic	0.5	Tsadik_042.001		"בשבת הרב הצדיק מריזין הניקרא ר׳ ישראל זי״ע על כסאו
               וכל העם עומדים עליו מן הבוקר עד הערב בא איש מסכן
               אחד עם בגדים קרועים ומטולאים ודחק א״ע בין העם עד שנגש לפני
           "	H-LOC_151			
דיוד מטאלנע	1	Mifalot-HaZadikim2025-06-22	no_match	0.0			"זאת שמעשה סיפרה הרב הצדיק ר׳ דיוד מטאלנע בעהמ״ח ס׳ מגןמען
               דוד וברכת דוד :
               הבעש""ט הקדוש נסע פ״א במוצש״ק לדרכו. ונסעו עמו ג׳ תלמידים
               הנכבדים הלא המה הרב הצדי"	H-LOC_291			
דוד מיקילייאווער	1	Mifalot-HaZadikim2025-06-22	phonetic	0.5	Biblical_David		"זאת שמעשה סיפרה הרב הצדיק ר׳ דיוד מטאלנע בעהמ״ח ס׳ מגןמען
               דוד וברכת דוד :
               הבעש""ט הקדוש נסע פ״א במוצש״ק לדרכו. ונסעו עמו ג׳ תלמידים
               הנכבדים הלא המה הרב הצדי"				
הרבנית הבעש״ט	1	Mifalot-HaZadikim2025-06-22	phonetic	0.533	Tsadik_001.001		"זאת שמעשה סיפרה הרב הצדיק ר׳ דיוד מטאלנע בעהמ״ח ס׳ מגןמען
               דוד וברכת דוד :
               הבעש""ט הקדוש נסע פ״א במוצש״ק לדרכו. ונסעו עמו ג׳ תלמידים
               הנכבדים הלא המה הרב הצדי"				
מנחם נחום ממוקארוב	1	Mifalot-HaZadikim2025-06-22	phonetic	0.375	Tsadik_014.001		"מהרב הצדיק וכו׳ ר׳ מנחם נחום ממוקארוב
               פעם אחת נחלה הרב הנ״ל ע״י נפיחות ראשו ופניו ונפל למשכב ולא
               הניחו לבוא לפניו שום אדם כדי שלא יבלבלו שינתו. והנה אח״כ
               ב"	H-LOC_263			
אהרן מזיטאמיר	1	Mifalot-HaZadikim2025-06-22	phonetic	0.5	Tsadik_048.001		"מהרב הצדיק וכו׳ מוה׳ ר׳אהרן מזיטאמיר בעהמ״ח תולדת אהרן :
               באתדבקותא רוחא דהרב הנ״ל בקוב״ה קודם הסתלקותו בכו אז
               תלמידיו בכיה רבה מאוד קרא הרב אותם ואמר להם
               מ"	H-LOC_179			
צבי יהודא מָאליק	1	Mifalot-HaZadikim2025-06-22	no_match	0.0			"הרב הצדיק הקדוש ר׳ זאב מזיטאמר בעל המ״ח אור המאיר היה
               מחותן עם הרב הצדיק מו״ר צבי יהודא מָאליק הנקרא ר׳ הירש
               ליב אָליקער פ״א התוועדו יחד בעיר אחת ואח״כ כאשר נתפרדו והלך
 "	H-LOC_35			
"הירש
               ליב אָליקער"	1	Mifalot-HaZadikim2025-06-22	name_exact	0.95	Tsadik_040.001		"הרב הצדיק הקדוש ר׳ זאב מזיטאמר בעל המ״ח אור המאיר היה
               מחותן עם הרב הצדיק מו״ר צבי יהודא מָאליק הנקרא ר׳ הירש
               ליב אָליקער פ״א התוועדו יחד בעיר אחת ואח״כ כאשר נתפרדו והלך
 "				
בעלזאורי	1	Mifalot-HaZadikim2025-06-22_corrected	no_match	0.0			"ב׳ מעשיות ששמעתי מפי איש נאמן ששמע מפיו הקדוש ממש דהרב
               הצדיק וכו׳ ר׳ שלום מ זצ״ל :
               הא׳ ז״ל הנה בהיותי בילדותי נסעתי להרב הקדוש ר׳ בעלזאורי מ
               וכאשר באתי לשם"				
יָאסִילֶע	1	Mifalot-HaZadikim2025-06-22_corrected	no_match	0.0			"מעשה נפלאה ששמעתי איש מפי איש מפי איש נאמן שראה בעיניו
               בספר היקר נקרא בשמו ספר הכנסת אורחים. הנמצא
               בביבליטעק דעיר מלוכה וויען יע״א :
            
               ז״ל הספר "				
יוס״ף	1	Mifalot-HaZadikim2025-06-22_corrected	name_exact	0.95	Biblical_Joseph		"מפעלות הצדיקים מהרב הצדיק ר׳ שמעלקי מ בשבת אצלו איש
               אלקי׳ נורא הרב מוה' ניקולשפורגלוי יצחק אב""ד
               מבארדיטשוב :
               תחילת ביאתו דהרב הצדיק אב״ד מ להרב הקדוש
     "				
חמעלניקברוך	1	Mifalot-HaZadikim2025-06-22_corrected	no_match	0.0			"כשבא הרב הצדיק מוה׳ מנחם מענדיל מ מנסיעתו
               מליבאוויטשעיר המלוכה הידוע נודע לו הדבר שאומרים עליו שמסר
               נפשו בעד עמו ישראל בכה בכיה רבה ואמר אוי למי שהעולם מטעים
            "				
מעזיבוזאברהם	1	Mifalot-HaZadikim2025-06-22_corrected	no_match	0.0			"כשבא הרב הצדיק מוה׳ מנחם מענדיל מ מנסיעתו
               מליבאוויטשעיר המלוכה הידוע נודע לו הדבר שאומרים עליו שמסר
               נפשו בעד עמו ישראל בכה בכיה רבה ואמר אוי למי שהעולם מטעים
            "				
שפיטיעווקער״ב	1	Mifalot-HaZadikim2025-06-22_corrected	no_match	0.0			"הרב הצדיק הגאון האמיתי ר׳ יעקב שמשון מ 
               דרכו היה לנסוע למרחקים לקבץ ממון
               על פדיון שבוים ולפרנס להצדיקים אשר היה במסתרים ויהי בדרך רחוק
               ממדינתו הרבה מאוד לא"				
דיוד	1	Mifalot-HaZadikim2025-06-22_corrected	no_match	0.0			"זאת שמעשה סיפרה הרב הצדיק ר׳ דיוד מ בעהמ״ח ס׳ טאלנעמגןמען
               דוד וברכת דוד :
               הבעש""ט הקדוש נסע פ״א במוצש״ק לדרכו. ונסעו עמו ג׳ תלמידים
               הנכבדים הלא המה הרב הצדי"				
הירש ליב	1	Mifalot-HaZadikim2025-06-22_corrected	phonetic	0.5	Tsadik_040.001		"מהרב הצדיק הקדוש מוה׳ הירש ליב מ
               הרב הצדיק הנ״ל כיתת את רגליו והלך לרבו והנה באמצע הדרך
               פגעה בו מטרוניתא יפיפיה בתוארה שאין דוגמתה ונסעה בעגלה
               כבודה וכשראת"				
"ברוך מ
               מעזיבוזמה טובו אוהלך יעקב"	1	Mifalot-HaZadikim2025-06-22_corrected	no_match	0.0			"מהרב הצדיק המופלא וכו׳ ר׳ ברוך מ
               מעזיבוזמה טובו אוהלך יעקב (במדבר כ״ג) פירש״י ז״ל שראה שאין פתחיהן
               מכוונין זה מול זה ע״כ פי׳ לפירושו ע״פ דאיתא פתחו לי כפתחו
             "	H-LOC_55			
"אורי מ
               סטרעלסקברוך שאמר והיה העולם ברוך הוא"	1	Mifalot-HaZadikim2025-06-22_corrected	no_match	0.0			"מהרב הצדיק וכו' מוה' אורי מ
               סטרעלסקברוך שאמר והיה העולם ברוך הוא. פי׳ כי הנה כאשר אדם מתפלל
               בדחילו ורחימו נבראים מדיבוריו עולמות חדשות וזהו. ברוך
               שאמר אם א"	H-LOC_209			
הגאון פינטו	1	PeerMikdoshim2024-10-13	no_match	0.0			"וכאשר דברנו פה במעשה התרפים מהגאון פינטו זצוק""ל נספר בזה
               מעשה נורא מהגאון הקדוש בעלגור ארי' על התורה איך הוציא
               יקר מזולל טהור מטמא :
               בימי הגור ארי' בשבתו ע"				
בעלגור ארי' על התורה	1	PeerMikdoshim2024-10-13	no_match	0.0			"וכאשר דברנו פה במעשה התרפים מהגאון פינטו זצוק""ל נספר בזה
               מעשה נורא מהגאון הקדוש בעלגור ארי' על התורה איך הוציא
               יקר מזולל טהור מטמא :
               בימי הגור ארי' בשבתו ע"				
בעל גור ארי'	1	PeerMikdoshim2024-10-13	no_match	0.0			"וכאשר דברנו פה במעשה התרפים מהגאון פינטו זצוק""ל נספר בזה
               מעשה נורא מהגאון הקדוש בעלגור ארי' על התורה איך הוציא
               יקר מזולל טהור מטמא :
               בימי הגור ארי' בשבתו ע"				
בעל גור ארי׳	1	PeerMikdoshim2024-10-13	no_match	0.0			"וכאשר דברנו פה במעשה התרפים מהגאון פינטו זצוק""ל נספר בזה
               מעשה נורא מהגאון הקדוש בעלגור ארי' על התורה איך הוציא
               יקר מזולל טהור מטמא :
               בימי הגור ארי' בשבתו ע"				
"יצחק אשר בעיר
               לובלין"	1	PeerMikdoshim2024-10-13	no_match	0.0			"""יבחין ""הכסיל ""וישכיל ""המשכיל כי רוחב לב צדיקים אין חקר
               והט אזניך אחי הקורא על המעשה הנפלאה אשר מצאתי נכון לשלב
               אותה אחרי מעשה הבעש״ט. והוא עיון שכלי מאדונינו הקדוש רשכב"""	H-LOC_56			
"שמשון ווינער בעהמ״ח תוספות חדשים על ששה
               סדרי משנה"	1	PeerMikdoshim2024-10-13	no_match	0.0			"ועתה אחרי כתבתי לך שלשים במועצות ודעת להודיעך סיפורים
               היקרים האלה בעיון שכלי מהני צנתרי דדהבא עמודי דנורא
               עוד לאלוקי מלין עירין קדישין בדברים נפלאים מאת הצדיק הקדוש גאון
"				
מוהר״ש וויענער	1	PeerMikdoshim2024-10-13	no_match	0.0			"ועתה אחרי כתבתי לך שלשים במועצות ודעת להודיעך סיפורים
               היקרים האלה בעיון שכלי מהני צנתרי דדהבא עמודי דנורא
               עוד לאלוקי מלין עירין קדישין בדברים נפלאים מאת הצדיק הקדוש גאון
"				
מוהר״ש מוויען	1	PeerMikdoshim2024-10-13	no_match	0.0			"ועתה אחרי כתבתי לך שלשים במועצות ודעת להודיעך סיפורים
               היקרים האלה בעיון שכלי מהני צנתרי דדהבא עמודי דנורא
               עוד לאלוקי מלין עירין קדישין בדברים נפלאים מאת הצדיק הקדוש גאון
"	H-LOC_176			
"מוהר""ש וויענער"	1	PeerMikdoshim2024-10-13	no_match	0.0			"ועתה אספר מעשה קדומה מהצדיק הקדוש מוהר""ש וויענער והיא
               הנוגעת לכמה שרשים וענפים מיסודי הנפש ומגדילה את הבטחון.
               ומרחיבו כי הוא המביא שפלים למרום וקודרים שגבו ישע :
        "				
"רבקה
               בתבית משה ישראל"	1	PeerMikdoshim2024-10-13	no_match	0.0			"ועתה אספר מעשה קדומה מהצדיק הקדוש מוהר""ש וויענער והיא
               הנוגעת לכמה שרשים וענפים מיסודי הנפש ומגדילה את הבטחון.
               ומרחיבו כי הוא המביא שפלים למרום וקודרים שגבו ישע :
        "				
רבינו גרשון	1	PeerMikdoshim2024-10-13	name_exact	0.95	Tsadik_012.007		"ועתה אספר מעשה קדומה מהצדיק הקדוש מוהר""ש וויענער והיא
               הנוגעת לכמה שרשים וענפים מיסודי הנפש ומגדילה את הבטחון.
               ומרחיבו כי הוא המביא שפלים למרום וקודרים שגבו ישע :
        "				
יהודהיהיד׳	1	PeerMikdoshim2024-10-13	no_match	0.0			"והנה השמועה הטובה הלזו פרשה לה כנפים בכל רחבי הקריה וויען :
               עד כי באה לאזני כל יועצי המלוכה והמה ספרוה באזני המלך
               וישלח המלך אחרי הגאון הנזכר כי יבא לפניו כי חשקה נפשו לה"				
"משה
               ליב מסאסיב"	1	PeerMikdoshim2024-10-13	name_exact	0.95	Tsadik_037.001		"מעשה מהרב הצדיק הקדוש מוהר""ר משה
               ליב מסאסיב זי""ע"	H-LOC_60			
"שלם רוקח
               הגאון האב""דק בעלץ"	1	PeerMikdoshim2024-10-13	no_match	0.0			"מעשה מאדון עוזינו הצדיק הקדוש אדמו״ר מוה׳ שלם רוקח
               הגאון האב""דק בעלץ : אשר הקשבתי מאיש א׳ נאמן.
               מאנשי עירני אשר ישב בדביקות בבעלץ והצדיק ספרה בשעת שלש סעודות
            "	H-LOC_567			
"אלימלך זי""ע בעהמ״ח ספר
               נועם אלימלך על התורה"	1	PeerMikdoshim2024-10-13	no_match	0.0			"ובעוד טרם נצא משער הבטחון וחיזוק אמונת הצדיקים אציג׳ לפניך
               מעשה נפלאה הנודעת בפי כל החסידים יראי ד׳ וחושבי שמו
               והיה מהצדיק יסוד עולם הגאון הקדוש אספקלריא מאירה עמודעמיד ה"				
"אברהם יהושע
               העשיל מאפטא"	1	PeerMikdoshim2024-10-13	name_exact	0.95	Tsadik_043.003		"מעשה מאדמו""ר הצדיק הקדוש מוה' אברהם יהושע
               העשיל מאפטא זי""ע:"	H-LOC_133			
ישעי׳ סלוצקר	1	PeerMikdoshim2024-10-13	no_match	0.0			"אשר חכמים יגידו לדור אחרון מאמינים לבני מאמינים אשר באזניהם
               שמעו ואבותינו ספרו לנו כי הצדיק הקדוש הנזכר זי""ע ספר
               המעשה הלזו מדי שנה בשנה בקול צהלה ושמחה בלילי פסחים למען "				
"ישעי׳
               סלוצקר"	1	PeerMikdoshim2024-10-13	no_match	0.0			"אשר חכמים יגידו לדור אחרון מאמינים לבני מאמינים אשר באזניהם
               שמעו ואבותינו ספרו לנו כי הצדיק הקדוש הנזכר זי""ע ספר
               המעשה הלזו מדי שנה בשנה בקול צהלה ושמחה בלילי פסחים למען "				
ישעיה סלוצקר	1	PeerMikdoshim2024-10-13	no_match	0.0			"אשר חכמים יגידו לדור אחרון מאמינים לבני מאמינים אשר באזניהם
               שמעו ואבותינו ספרו לנו כי הצדיק הקדוש הנזכר זי""ע ספר
               המעשה הלזו מדי שנה בשנה בקול צהלה ושמחה בלילי פסחים למען "				
"משה
               ליב חסיד"	1	PeerMikdoshim2024-10-13	name_exact	0.95	Tsadik_037.001		"הידועההידיעה ומפורסמת לאנשי סגולה בעוד טרם נתגלה צדקתו וקדושתו
               הצדיק ר׳ משה ליב זי""ע היה תלמיד מובהק להגאון הקדוש המקובל:               האלקי מוה׳ שמעלקא מניקלשפורג. וכבואו תיכף מניקלשפ"				
משה ליב החסיד	1	PeerMikdoshim2024-10-13	name_exact	0.95	Tsadik_037.001		"הידועההידיעה ומפורסמת לאנשי סגולה בעוד טרם נתגלה צדקתו וקדושתו
               הצדיק ר׳ משה ליב זי""ע היה תלמיד מובהק להגאון הקדוש המקובל:               האלקי מוה׳ שמעלקא מניקלשפורג. וכבואו תיכף מניקלשפ"				
עיר וקדוש מפראמישלאן	1	PeerMikdoshim2024-10-13	phonetic	0.476	Tsadik_005.005		"ועתה אשיבה לשלב דברי אלה עם המעשה מהצדיק הקדוש מרנא
               ורבנא מאיר מפראמישלאן בפרט ועל כל מעשה הצדיקים בכלל.
               כאשר יעדתיך הקורא במוצא שפתי שמה ואם כי ענינים גבוהים המה נשגבים
"	H-LOC_39			
עכן בן כרמי בן זבדי	1	PeerMikdoshim2024-10-13	no_match	0.0			"ועתה אשיבה לשלב דברי אלה עם המעשה מהצדיק הקדוש מרנא
               ורבנא מאיר מפראמישלאן בפרט ועל כל מעשה הצדיקים בכלל.
               כאשר יעדתיך הקורא במוצא שפתי שמה ואם כי ענינים גבוהים המה נשגבים
"				
"יהודה
                  גרשון דרוקר"	1	PeerMikdoshim2024-10-13	name_exact	0.85	Tsadik_012.048		"ועתה אשיבה לשלב דברי אלה עם המעשה מהצדיק הקדוש מרנא
               ורבנא מאיר מפראמישלאן בפרט ועל כל מעשה הצדיקים בכלל.
               כאשר יעדתיך הקורא במוצא שפתי שמה ואם כי ענינים גבוהים המה נשגבים
"				
שלם	1	PeerMikdoshim2024-10-13_corrected	phonetic	0.5	Tsadik_093.001		"מעשה מהבעש״ט הקדוש זי""ע אשר סיפר
               הגאון ר׳ שלם מ זצ״לקאמינקא"				
ירמי'	1	PeerMikdoshim2024-10-13_corrected	no_match	0.0			"ויען כי דברנו עתה בעניני גלגול אספר עוד מעשה אחת מעניני גלגול
               אשר הקשבתיהקשבת על חד מקמאי שהיה אז אב""ד בקראקא :
               בקראקא היא העיר שחברו בה כל הדרי תפארת ואהבת התורה
       "				
פינטו	1	PeerMikdoshim2024-10-13_corrected	no_match	0.0			"וכאשר דברנו פה במעשה התרפים מהגאון פינטו זצוק""ל נספר בזה
               מעשה נורא מהגאון הקדוש בעל איך הוציא
               יקר מזולל טהור מטמא :
               בימי  גור ארי' על התורההגור ארי' בשבתו "				
גור ארי׳	1	PeerMikdoshim2024-10-13_corrected	no_match	0.0			"וכאשר דברנו פה במעשה התרפים מהגאון פינטו זצוק""ל נספר בזה
               מעשה נורא מהגאון הקדוש בעל איך הוציא
               יקר מזולל טהור מטמא :
               בימי  גור ארי' על התורההגור ארי' בשבתו "				
שמשון ווינער	1	PeerMikdoshim2024-10-13_corrected	no_match	0.0			"ועתה אחרי כתבתי לך שלשים במועצות ודעת להודיעך סיפורים
               היקרים האלה בעיון שכלי מהני צנתרי דדהבא עמודי דנורא
               עוד לאלוקי מלין עירין קדישין בדברים נפלאים מאת הצדיק הקדוש גאון
"				
פראנץ הראשון	1	PeerMikdoshim2024-10-13_corrected	no_match	0.0			"ועתה אחרי כתבתי לך שלשים במועצות ודעת להודיעך סיפורים
               היקרים האלה בעיון שכלי מהני צנתרי דדהבא עמודי דנורא
               עוד לאלוקי מלין עירין קדישין בדברים נפלאים מאת הצדיק הקדוש גאון
"				
וויענער	1	PeerMikdoshim2024-10-13_corrected	no_match	0.0			"ועתה אספר מעשה קדומה מהצדיק הקדוש מוהר""ש וויענער והיא
               הנוגעת לכמה שרשים וענפים מיסודי הנפש ומגדילה את הבטחון.
               ומרחיבו כי הוא המביא שפלים למרום וקודרים שגבו ישע :
        "				
שלם רוקח	1	PeerMikdoshim2024-10-13_corrected	no_match	0.0			"מעשה מאדון עוזינו הצדיק הקדוש אדמו״ר מוה׳ שלם רוקח
               הגאון האב""דק  : אשר הקשבתי מאיש א׳ נאמן.
               מאנשי עירני אשר ישב בדביקות בבעלץבעלץ והצדיק ספרה בשעת שלש סעודות
            "				
פאן	1	Sefer-Moraim-Gdolim2025-11-28	no_match	0.0			"אייגנטהאם פאן נ""י ריזניק כ קעשענאוו
					נדפס בפרעמשלא
					אצל הרבני הנגיד מו""ה חיים אהרן זאפניק נ""י"				
חיים אהרן זאפניק	1	Sefer-Moraim-Gdolim2025-11-28	no_match	0.0			"אייגנטהאם פאן נ""י ריזניק כ קעשענאוו
					נדפס בפרעמשלא
					אצל הרבני הנגיד מו""ה חיים אהרן זאפניק נ""י"				
"מנחם
					מענדלי"	1	Sefer-Moraim-Gdolim2025-11-28	phonetic	0.636	Tsadik_012.172		"מעשה באיש אחד שהיה מקורב להרב הקדוש הר״ר מנחם
					מענדלי זצ""ל פריסטיקער והוא היה איש עשיר
					ואהב את הרב אהבה עזה מאוד והיה מהנה את הרב ואת
					ביתו במאכל ומשתה ויתר הוצאות הנצרכות ובעת נסיעתו ליר"				
מענדילי פריסטיקער	1	Sefer-Moraim-Gdolim2025-11-28	phonetic	0.474	Tsadik_084.001		"מלובשים שחורים וחרפו וגדפו אותו והוא שתק וכן בשבת
					בבוקר ה״ר הקדוש חכה וקוה עת בוא המת אליו להקדים
					א""ע בתפלת המנחה ובסעודה שלישת ואמר תורה על השולחן
					ענינים רמים מאוד וככלותו לומר תורה סי"				
"אר״י לוריא זצ""ל"	1	Sefer-Moraim-Gdolim2025-11-28	phonetic	0.364	Rabbinic_AriZal		"מעשה באחד מתלמידי האר״י לוריא זצ""ל שהיה אצל רבו הקדוש
					ז""ל ורצה ללכת לבבל כי היה לו שם קרוביו ושאו
					את האר""י זל ולא הסכים על ידו, ואחרי עבור כמה וכמה
					מלים אמר לו האר""י ז""ל אם תרצה לילך לב"				
זיסיא שקפו	1	Sefer-Moraim-Gdolim2025-11-28	no_match	0.0			"לראות מי הוא הצועק וילך הלוך אחר הקול עד שמצא עץ
					מונח על הארץ ועופות הרבה עומדים עליו ומכים בו בפיהם
					ומהעץ יוצא קול אדם המחריד הלב של שומעו וירץ המשמש להרב
					ר״ר זיסיא ויאמר לו רבי איך תו"				
הר׳ ברוך ממעזבוז	1	Sefer-Moraim-Gdolim2025-11-28	phonetic	0.533	Tsadik_001.015		"מעשה שהיה שנסע הרב הר׳ ברוך ממעזבוז זצ""ל ובא אליו איש
					אחד וקבל שלום מהרב ודברו יחד ובתוך כך בא ערל אחד
					ורצה לדבר עם היהודי אך היהודי דחפו מעליו כיון שהיה
					מדבר עם הרב ויאמר אליו הרב לך נ"				
הר׳ ברוך	1	Sefer-Moraim-Gdolim2025-11-28	no_match	0.0			"מעשה שהיה שנסע הרב הר׳ ברוך ממעזבוז זצ""ל ובא אליו איש
					אחד וקבל שלום מהרב ודברו יחד ובתוך כך בא ערל אחד
					ורצה לדבר עם היהודי אך היהודי דחפו מעליו כיון שהיה
					מדבר עם הרב ויאמר אליו הרב לך נ"				
רושזען	1	Sefer-Moraim-Gdolim2025-11-28	no_match	0.0			"מעשה אשר סיפר הרב הקדוש מרושזען זצ""ל להיקר ה״ר
					פנחס ז""ל נכד הרב הקדוש אשר היה ש""ץ בעיר זאסלאוו
					ואמר לו אני אספר לכס מאביכם הזקן מעשה ותבינו רום
					מעלתו בעת אשר נפטר אביכם הזקן החזן מזאסלא"				
היקר ה״ר	1	Sefer-Moraim-Gdolim2025-11-28	no_match	0.0			"מעשה אשר סיפר הרב הקדוש מרושזען זצ""ל להיקר ה״ר
					פנחס ז""ל נכד הרב הקדוש אשר היה ש""ץ בעיר זאסלאוו
					ואמר לו אני אספר לכס מאביכם הזקן מעשה ותבינו רום
					מעלתו בעת אשר נפטר אביכם הזקן החזן מזאסלא"				
מזאסלאוו	1	Sefer-Moraim-Gdolim2025-11-28	no_match	0.0			"מעשה אשר סיפר הרב הקדוש מרושזען זצ""ל להיקר ה״ר
					פנחס ז""ל נכד הרב הקדוש אשר היה ש""ץ בעיר זאסלאוו
					ואמר לו אני אספר לכס מאביכם הזקן מעשה ותבינו רום
					מעלתו בעת אשר נפטר אביכם הזקן החזן מזאסלא"				
מיכלי זלל	1	Sefer-Moraim-Gdolim2025-11-28	no_match	0.0			"מעשה פעם אחת נסע הרב הקדוש מאפטא והרב הקדוש
					הר׳ משה ליב מסאסיוו להרב קודש קדשים הר׳ ר'
					מיכל המכונה בפי כל רבי ר׳ מיכלי זלל לק""ק זלאטשוב ולא
					מצאו את הרב בביתו כי נסע לעיר בראדי ויסעו משם"				
פפא	1	Sefer-Moraim-Gdolim2025-11-28	no_match	0.0			"מעשה פעם אחת נסע הרב הקדוש מאפטא והרב הקדוש
					הר׳ משה ליב מסאסיוו להרב קודש קדשים הר׳ ר'
					מיכל המכונה בפי כל רבי ר׳ מיכלי זלל לק""ק זלאטשוב ולא
					מצאו את הרב בביתו כי נסע לעיר בראדי ויסעו משם"				
הודא	1	Sefer-Moraim-Gdolim2025-11-28	no_match	0.0			"ויוסף להכותו בלי חמלה. והעני עומד ורואה כל הנעשה :
					יהי כראותו כי הכוהו די והותר ויצו עליהם לבל יכוהו עוד
					והעשיר לא ידע ולא הבין מה היתה זאת אשר תמיד כל שנה
					שמה יחדיו המתיקו סודם לנאץ קד"				
הר״י בעש״ט	1	Sefer-Moraim-Gdolim2025-11-28	phonetic	0.667	Tsadik_001.001		"הר״ר יואל בעל שם טוב זכר צדיק לברכה וישב שם כמה זמנים ולמד
					את תורת ה׳ ויהי כאשר הגיע הנער לזמן קיום מצות הנחת תפלי
					הוא שנת השלש עשרה אשר הדאיבה נפשם והר״י בעש״ט זצ""ל
					נתוודע לו הקורות אש"				
עש״ט	1	Sefer-Moraim-Gdolim2025-11-28	no_match	0.0			"שמה ויהי כאשר ראה אותו התחיל לנשקו ולחבקו בכל מיני חיבה
					ואהבה ויספר לו כל הקורות אשר עברו על אביו ואשר עברו
					עליו מהחל ועד כלה אך זאת כחד מאתו שאחר היסורין נתן
					השד החתימה ובאמת לא נתן כ"""				
מייארשיו	1	Sefer-Moraim-Gdolim2025-11-28_corrected	no_match	0.0			"הרב הקדוש ה""ר משה מסאווראן זצ""ל הי׳ מספר מעשה זו
					כמה פעמים ואמר יש שוטים שאומרים לית דין ולית
					דיין אספר לכם מעשה ותבינו איך שיש דין וחשבון על כל
					פרע ופרט מעשה שהביאו אשה שנתדבק בה רוח א"				
מיארשיוו	1	Sefer-Moraim-Gdolim2025-11-28_corrected	no_match	0.0			"קמיך והיית רע בעיני ד׳ אתה גם כעת וגם תשאר רע בעיני
					וצא מביתי ויצאתי מביתו והלכתי בשדה בעמק תחת הר גדול :
					ונתקדרו השמים בעבים וירד גשם גדול ונורא אשר הציר לי מאוד
					ובתי גוים היה לי לחסות"				
לוריא	1	Sefer-Moraim-Gdolim2025-11-28_corrected	phonetic	0.375	Rabbinic_AriZal		"מעשה באחד מתלמידי האר״י לוריא זצ""ל שהיה אצל רבו הקדוש
					ז""ל ורצה ללכת לבבל כי היה לו שם קרוביו ושאו
					את האר""י זל ולא הסכים על ידו, ואחרי עבור כמה וכמה
					מלים אמר לו האר""י ז""ל אם תרצה לילך לב"				
מיכלמיכלי	1	Sefer-Moraim-Gdolim2025-11-28_corrected	no_match	0.0			"מעשה פעם אחת נסע הרב הקדוש מאפטא והרב הקדוש
					הר׳ משה ליב מסאסיוו להרב קודש קדשים הר׳ ר'
					 המכונה בפי כל רבי ר׳ מיכלמיכלי זלל לק""ק זלאטשוב ולא
					מצאו את הרב בביתו כי נסע לעיר בראדי ויסעו משם"				
רב פפא	1	Sefer-Moraim-Gdolim2025-11-28_corrected	phonetic	0.5	Tsadik_001.015		"מעשה פעם אחת נסע הרב הקדוש מאפטא והרב הקדוש
					הר׳ משה ליב מסאסיוו להרב קודש קדשים הר׳ ר'
					 המכונה בפי כל רבי ר׳ מיכלמיכלי זלל לק""ק זלאטשוב ולא
					מצאו את הרב בביתו כי נסע לעיר בראדי ויסעו משם"				
קנאאיז	1	Sefer-Moraim-Gdolim2025-11-28_corrected	no_match	0.0			"בעיר קאלימייא היה רב אחד ושמו הר' פנחס זצ""ל ויהי כאשר
					הגיע לימי הזקנה לקח לו דרך חדש לעבודת ה׳ והתחיל
					לחזור אחר משומדים להשיבם לדת יהודית וד׳ היה בעזרו כי
					הצלוח בכל אשר עשה ויהי היום וי"				
יואל בעל שם טוב	1	Sefer-Moraim-Gdolim2025-11-28_corrected	phonetic	0.688	Tsadik_001.001		"הר״ר יואל בעל שם טוב זכר צדיק לברכה וישב שם כמה זמנים ולמד
					את תורת ה׳ ויהי כאשר הגיע הנער לזמן קיום מצות הנחת תפלי
					הוא שנת השלש עשרה אשר הדאיבה נפשם והר״י בעש״ט זצ""ל
					נתוודע לו הקורות אש"				
יואל בעש״ט	1	Sefer-Moraim-Gdolim2025-11-28_corrected	phonetic	0.688	Tsadik_001.001		"שמה ויהי כאשר ראה אותו התחיל לנשקו ולחבקו בכל מיני חיבה
					ואהבה ויספר לו כל הקורות אשר עברו על אביו ואשר עברו
					עליו מהחל ועד כלה אך זאת כחד מאתו שאחר היסורין נתן
					השד החתימה ובאמת לא נתן כ"""				
"הרר״ש
					מנ״ש"	1	Shemen-Hatov2025-12-01_gemini	no_match	0.0			"קנט) פעם א׳ בר""ה בא מרן זקיני הרר״ש
					מנ״ש לבהכנ״ס קודם תקיעות
					שופר בבכי׳ גדולה ואמר בזה הלשון רבונו
					ש״ע הוי כל עמה נאנחים שהם בוכים
					ומתחננים וצועקים לפניו אבל מה לנו
					בתחנונים כ"				
ישי	1	Shemen-Hatov2025-12-01_gemini	no_match	0.0			"וביום שני של ר""ה בא ג״כ קודם תקיעות
					שופר וצעק ג״כ בבכי׳ גדולה הפסוק
					(בשמואל א׳ כ׳) מדוע לא בא בן ישי גם
					תמול גם היום אל הלחם ואמר ע״ז
					מדוע לא בא בן ישי דהיינו מלך המשיח
					שהוא מ"				
"צבי הירש
					מטשארטקוב"	1	Shemen-Hatov2025-12-01_gemini	no_match	0.0			"וביום שני של ר""ה בא ג״כ קודם תקיעות
					שופר וצעק ג״כ בבכי׳ גדולה הפסוק
					(בשמואל א׳ כ׳) מדוע לא בא בן ישי גם
					תמול גם היום אל הלחם ואמר ע״ז
					מדוע לא בא בן ישי דהיינו מלך המשיח
					שהוא מ"	H-LOC_65			
פאר הגולה	1	Shemen-Hatov2025-12-01_gemini	no_match	0.0			"קסא) כ׳ בס׳ זכרון זאת פקודי וז״ל איתא
					בשם האר""י ז״ל בא׳ שדנוהו
					אחר כמה שנים על שלא זכר בתפילין בשעת
					אמירת ולא ניגע לריק. אמת ששמעתי
					בשם הרב הגאון פאר הגולה ז״ל אב״ד
					ממדינת ניק"				
משה יהודא ליב מסאסוב	1	Shemen-Hatov2025-12-01_gemini	phonetic	0.579	Tsadik_037.001		"קסב) כ׳ בס׳ עטרת צבי על הזוהר פ׳
					תזריע וז״ל ראיתי למורי הקדוש
					מלובלין אשר לא הניח תפילין בעת המילה
					הגם שלא ראיתיו חולץ התפילין לשעת
					המילה אבל לא נזדמן לי זה אמנם ראיתיו
					שלא הנ"	H-LOC_60			
שמעלקיא	1	Shemen-Hatov2025-12-01_gemini	fuzzy	0.8	Tsadik_017.003		"קסב) כ׳ בס׳ עטרת צבי על הזוהר פ׳
					תזריע וז״ל ראיתי למורי הקדוש
					מלובלין אשר לא הניח תפילין בעת המילה
					הגם שלא ראיתיו חולץ התפילין לשעת
					המילה אבל לא נזדמן לי זה אמנם ראיתיו
					שלא הנ"				
אהרן לבוב	1	Shemen-Hatov2025-12-01_gemini	no_match	0.0			"ושאר הנהגות של אדמו״ר נר""ו מן
					ר""ה העבר ותוכחת מוסריו
					שקודם התקיעות וביוה״כ קודם מיתת בני
					אהרן שהתעורר שנית על עון שכבת זרע
					לבטלה ר""ל ושהדמעות בעת הזאת תיקון
					גדול לזה והחמש תפי"				
"מהרש""ש"	1	Shemen-Hatov2025-12-01_gemini	no_match	0.0			"ב) כתב בספר ייטב פנים (מ׳ אבני
					זכרון אות ע״ב) וז״ל והנה
					שפתי לא אכלא מלספר אשר שמעתי מפ""ק
					של מוזלה״ה בהיותו אבד״ק שינאווע והתפלל
					בהחדר שהתפלל בו הגאון הקדוש מהר״ש
					שמעלקא זלה""ה"				
"חי' הרי""ם
					מגור"	1	Shemen-Hatov2025-12-01_gemini	no_match	0.0			"ד) ראיתי בכתי״ק מהגה""ק חי' הרי""ם
					מגור זצ""ל וז״ל בתפלת
					רנב""ה (ברכות דכ״ח) שלא אכשל בדבר
					הלכה ולא אומר על טמא טהור ועל טהור
					טמא ומקשים העולם על כפל הלשון
					וסיפר שפ״א היתה עגונה א"	H-LOC_660			
ענזיל מסטריא	1	Shemen-Hatov2025-12-01_gemini	no_match	0.0			"ה) איתא בשו״ת מהריא״ז סי׳ נ""ד
					מהג״ר ענזיל מסטריא"				
שלום מרדכי	1	Shemen-Hatov2025-12-01_gemini	phonetic	0.375	Tsadik_012.301		"ו) כתב הגאון מ׳ שלום מרדכי נ״י
					אבד״ק ברעזאן בעמ״ס דעת
					תורה וז״ל. ובדבר סיפורים מהגה""ק רר״ש
					מנ״ש זי״ע : הן דבר א׳ נדפס בשו״ת
					מהרש""ם ח""ב בסופו כי פ״א אמר לפני
					תלמידיו כי מי שלא "				
איצקיל	1	Shemen-Hatov2025-12-01_gemini	no_match	0.0			"ז) פ״א שבת בעיר סאמביר והי׳ שם
					אברך עילוי (הוא הג׳ ר׳ איצקיל
					אבד״ק סאמביר הנקרא ר""א חריף אביו
					של הג׳ בעל שו״ת זרע יצחק) ודרכו של
					הג׳ ר״ש הי' בכל סעודה ג׳ שהי׳ שואל
					מי שיש לו פ"				
"ר""א חריף"	1	Shemen-Hatov2025-12-01_gemini	no_match	0.0			"ז) פ״א שבת בעיר סאמביר והי׳ שם
					אברך עילוי (הוא הג׳ ר׳ איצקיל
					אבד״ק סאמביר הנקרא ר""א חריף אביו
					של הג׳ בעל שו״ת זרע יצחק) ודרכו של
					הג׳ ר״ש הי' בכל סעודה ג׳ שהי׳ שואל
					מי שיש לו פ"				
הג׳ ר״ש	1	Shemen-Hatov2025-12-01_gemini	no_match	0.0			"ז) פ״א שבת בעיר סאמביר והי׳ שם
					אברך עילוי (הוא הג׳ ר׳ איצקיל
					אבד״ק סאמביר הנקרא ר""א חריף אביו
					של הג׳ בעל שו״ת זרע יצחק) ודרכו של
					הג׳ ר״ש הי' בכל סעודה ג׳ שהי׳ שואל
					מי שיש לו פ"				
הגר״ש	1	Shemen-Hatov2025-12-01_gemini	no_match	0.0			"ואמר הג׳ שמעתי כי אתה בקי בש""ס האם
					זה אמת. וענה הן. אז שאל אותו על
					אמורא א׳ כמ״פ נזכר בש״ס. וחשיב לו
					כל המימרות שלו והתחיל לחשבם ובאמצע
					עבר על מימרא אחת. ואמר הגר״ש
					תפסתי אותך"				
"רמ""ל
					מסאסוב"	1	Shemen-Hatov2025-12-01_gemini	phonetic	0.5	Tsadik_037.001		"ט) עוד אכתוב דבר מפורסם שהיתה
					גזירה נוראה על אנשי עירו
					ונסע הגה״ק ר״ש עם תלמידו הק׳ רמ""ל
					מסאסוב לוויען לחצר המלך ואז הי׳ זמן
					הפשרת הקרח בנהר דונאי. וגלי הכפור
					הלכו בשטף ולא הי"	H-LOC_60			
בערגר	1	Shemen-Hatov2025-12-01_gemini	no_match	0.0			בערגר				
"מהר""ש מנ""ש"	1	Shemen-Hatov2025-12-01_gemini	no_match	0.0			"יב) כתב בס׳ מדרש פנחס את י""א
					מהרה״ק ר׳ פנחס מקארץ
					ז״ל וז״ל כשמדברין מענין אדם א׳ אזי
					ממשיכין עליו מקיפין ואפי׳ לאחר מותו
					וכמעט שהוא כאן והתחיל תיכף לקלס את
					הרב הגדול מהר""ש מנ"""				
"שמעלקא מנ""ש"	1	Shemen-Hatov2025-12-01_gemini	name_exact	0.95	Tsadik_017.003		"יד) כתב הג״מ שלום יוסף נ״י אבד״ק
					יוזעפאף שמעתי מפי אדמו״ר
					הק׳ מסאדיגורא זי״ע שאמר בזה״ל ר״ר
					שמעלקא מנ""ש לא חיכך גופי בשום פעם.
					ואמר מה טובה יש לי מהגוף אשר בעת
					עוקצתו אחכך אות"				
הרמ״ע מפאנו	1	Shemen-Hatov2025-12-01_gemini	no_match	0.0			"אמרו ישראל אחר קבה״ת דבר אתה וגו׳
					ואל ידבר וגו׳ וכאה״כ נפשי יצאה בדברו.
					אבטיחכם ולא תגעל נפשי אתכם כי לא
					תגעל הנפש את הבשר. וזשה״כ תורת ה׳
					תמימה אז היא משיבת נפש הנפש לגופה
					וכ"				
תם	1	Shemen-Hatov2025-12-01_gemini	no_match	0.0			"טו) כתב ש""ב הג״מ שמואל הכהן שי'
					אבד״ק שיטאווא בעהמח״ס
					מנחת שבת וז״ל בימי עלומי ששמעתי מאיש
					זקן א׳ שסיפר בשם הרה״ק ר׳ אברהם
					יהושע העשיל ז""ל מאפטא שאמר על
					הרה״ק הרר״ש מנ״ש שהי׳ "				
ר״פ מקאריץ	1	Shemen-Hatov2025-12-01_gemini	no_match	0.0			"טו) כתב ש""ב הג״מ שמואל הכהן שי'
					אבד״ק שיטאווא בעהמח״ס
					מנחת שבת וז״ל בימי עלומי ששמעתי מאיש
					זקן א׳ שסיפר בשם הרה״ק ר׳ אברהם
					יהושע העשיל ז""ל מאפטא שאמר על
					הרה״ק הרר״ש מנ״ש שהי׳ "	H-LOC_149			
"ר״ש מנ""ש"	1	Shemen-Hatov2025-12-01_gemini	phonetic	0.5	Tsadik_017.003		"טו) כתב ש""ב הג״מ שמואל הכהן שי'
					אבד״ק שיטאווא בעהמח״ס
					מנחת שבת וז״ל בימי עלומי ששמעתי מאיש
					זקן א׳ שסיפר בשם הרה״ק ר׳ אברהם
					יהושע העשיל ז""ל מאפטא שאמר על
					הרה״ק הרר״ש מנ״ש שהי׳ "				
ר״י מראדוויל	1	Shemen-Hatov2025-12-01_gemini	no_match	0.0			"טז) עוד כ׳ הרב הנ""ל וז""ל שמעתי מאיש
					אמת ששמע מהרה״ק ר׳ ישראל
					זי״ע מרוזין שסיפר מה ששמע מפי הרה״ק
					ר׳ יצחק מראדוויל בן הרה״ק ר׳ מיכל
					זצ""ל מזלאטשוב איך שפ""א בהיות הרה״צ
					ר״י מראדו"	H-LOC_53			
"ר""י
					מראדוויל"	1	Shemen-Hatov2025-12-01_gemini	no_match	0.0			"א׳ והשני בחדר השני שבצדו. והדלת שבין
					חדר לחדר הי' פתוח קצת. והרר״ש הי'
					דרכו להיות מוכתר כל היום בטלית
					ותפילין. וגם לא שח שיחת חולין אפילו
					בימות החול רק בלשון הקודש כידוע.
					ובתו"	H-LOC_53			
יעקב מטשעכיוו	1	Shemen-Hatov2025-12-01_gemini	no_match	0.0			"היה לוי ואני ג״כ לוי שמואל היה נ""ב שנים
					ואני ג״כ נ""ב שנים. אלא שמואל היה שמו
					שמואל בק״ש שמואל ושמי ר""ר שמואל
					בק״ש שמעלקא ונשארתי שמעלקא. אילו
					היה קורין אותי בשם הקודש שמואל הייתי
	"				
ארי׳ ליבש פרץ מלוברטוב	1	Shemen-Hatov2025-12-01_gemini	no_match	0.0			"יח) כתב אבי מורי הגאון שי׳ בהקדמתו
					לס׳ שירת ישראל אשר דו״ז
					הגה״ק מ׳ ארי׳ ליבש פרץ מלוברטוב הי'
					העוזר להגה״ק בעל קדושת לוי להתחבר
					עצמו לזקיני הגה""ק הרר״ש שהי' אז
					אבד״ק רוטשעווא"				
קאפיל מיוזעפאן	1	Shemen-Hatov2025-12-01_gemini	name_exact	0.85	Biblical_Jacob		"יח) כתב אבי מורי הגאון שי׳ בהקדמתו
					לס׳ שירת ישראל אשר דו״ז
					הגה״ק מ׳ ארי׳ ליבש פרץ מלוברטוב הי'
					העוזר להגה״ק בעל קדושת לוי להתחבר
					עצמו לזקיני הגה""ק הרר״ש שהי' אז
					אבד״ק רוטשעווא"				
יוסילי יארטשובר מטאמשוב	1	Shemen-Hatov2025-12-01_gemini	no_match	0.0			"יח) כתב אבי מורי הגאון שי׳ בהקדמתו
					לס׳ שירת ישראל אשר דו״ז
					הגה״ק מ׳ ארי׳ ליבש פרץ מלוברטוב הי'
					העוזר להגה״ק בעל קדושת לוי להתחבר
					עצמו לזקיני הגה""ק הרר״ש שהי' אז
					אבד״ק רוטשעווא"				
משה ליב מבראדי	1	Shemen-Hatov2025-12-01_gemini	phonetic	0.417	Tsadik_037.001		"יט) עוד כ׳ הרב מסעראצק וז""ל הרה״ק
					מ׳ משה ליב מבראדי הלך לק'"	H-LOC_152			
"בנימין
					מלובלין"	1	Shemen-Hatov2025-12-01_gemini	phonetic	0.417	Tsadik_041.001		"כא) שמעתי מהרה״ק ר׳ בנימין
					מלובלין זי״ע תלמיד
					מובהק להרבי מלובלין. וזכיתי להכירו
					ולשמוע מפיו ממש. כי בעת הי' הה״ק
					רבי ר׳ אלימלך בנ״ש. א׳ לו כמתרעם
					מלך נעמסט מיר אוועק מיינע חס"	H-LOC_56			
ר״מ מראזווידוב	1	Shemen-Hatov2025-12-01_gemini	no_match	0.0			"כב) הרה""ק ר״מ מראזווידוב ש""ב
					סיפר לי בשם זקינו
					מראפשיץ. כי אחר הסתלקות הרר״ש. בא
					הה״ק ר' משה ליב מסאסוב אל הר״ר
					אלימלך והקשה הרר״א קושי׳ בתוה״ק
					אז א׳ הררמ״ל תירוץ. אז לא א' מא"				
הררמ״ל	1	Shemen-Hatov2025-12-01_gemini	fuzzy	0.667	Tsadik_084.001		"כב) הרה""ק ר״מ מראזווידוב ש""ב
					סיפר לי בשם זקינו
					מראפשיץ. כי אחר הסתלקות הרר״ש. בא
					הה״ק ר' משה ליב מסאסוב אל הר״ר
					אלימלך והקשה הרר״א קושי׳ בתוה״ק
					אז א׳ הררמ״ל תירוץ. אז לא א' מא"				
אייזקל	1	Shemen-Hatov2025-12-01_gemini	no_match	0.0			"כג) סיפר הה״ק מראזווידוב מקדושת
					הגה״ק ר׳ אייזקל האבד״ק
					קאליב. תלמיד הרר״ש. והוא הי' לו
					יסורים. כנים תחת העור. והי׳ לבוש
					הכתונת והט״ק. וסודר שעליו ומצנפת הי'
					מנייר. ותפילותיו ה"				
ברוך דייטש	1	Shemen-Hatov2025-12-01_gemini	no_match	0.0			"שמעתי בילדותי מהה״ק ר׳ ברוך דייטש
					וסיפר עוד אבל ילד הייתי אז :"				
דניאל	1	Shemen-Hatov2025-12-01_gemini	no_match	0.0			"כה) שמעתי אבי מורי הגאון החסיד כו'
					צבי יחזקאל שי׳ אבד״ק
					פלונסק בשם זקנים נאמנים כי הרבי
					מלובלין היה בן הרב ר׳ אליעזר אבד״ק
					יוזעפאף שהי׳ צדיק גדול ובכל לילה אחר
					טבילת מקוה הלך "				
ברוך ממעזיבוש	1	Shemen-Hatov2025-12-01_gemini	phonetic	0.833	Tsadik_001.015		"ברוך ממעזיבוש והתרעומת שנצמח שם
					בין הצה״ק זי״ע עיי״ש הסיבות באריכות
					אשר הה״ק ממעזיבוש אמר דברים קשים
					להרבי מלובלין. ושמעתי מרב ישיש אשר
					הרבי מלובלין אמר להרבי ר׳ ברוכיל אמת
					שי"				
ברוכיל	1	Shemen-Hatov2025-12-01_gemini	no_match	0.0			"ברוך ממעזיבוש והתרעומת שנצמח שם
					בין הצה״ק זי״ע עיי״ש הסיבות באריכות
					אשר הה״ק ממעזיבוש אמר דברים קשים
					להרבי מלובלין. ושמעתי מרב ישיש אשר
					הרבי מלובלין אמר להרבי ר׳ ברוכיל אמת
					שי"				
דובערש	1	Shemen-Hatov2025-12-01_gemini	no_match	0.0			"כז) בס׳ שבע רצון (דף ג׳) מובא מה
					שסיפר הה״ק מ׳ דובערש אבד״ק
					אושפצין מה ששמע מרבו הה״ק ר׳ שלמה
					הרב מקשאנוב. כי אחר חתונתו בהיות
					דירתו ביענדריחוב. בעת ההוא נשמע כי
					הגה״ק רר״ש נת"				
"מוזל""ה"	1	Shemen-Hatov2025-12-01_gemini	no_match	0.0			"כח) כתב בס׳ ייטב פנים מ׳ יפה לעינים
					אות י״ח להגה״ק מ׳ יקותיאל
					יהודה טייטעלבוים אבד״ק סיגוט וז״ל למען
					דעת כל עמי הארץ מעלת צדיקים הק'
					וכו׳ וכי הופיע רוה״ק עליהם וכו' אמרתי
					טוב "				
משה טייטעלבוים	1	Shemen-Hatov2025-12-01_gemini	phonetic	0.5	Biblical_Moses		"כח) כתב בס׳ ייטב פנים מ׳ יפה לעינים
					אות י״ח להגה״ק מ׳ יקותיאל
					יהודה טייטעלבוים אבד״ק סיגוט וז״ל למען
					דעת כל עמי הארץ מעלת צדיקים הק'
					וכו׳ וכי הופיע רוה״ק עליהם וכו' אמרתי
					טוב "				
מוזל״ה	1	Shemen-Hatov2025-12-01_gemini	no_match	0.0			"כח) כתב בס׳ ייטב פנים מ׳ יפה לעינים
					אות י״ח להגה״ק מ׳ יקותיאל
					יהודה טייטעלבוים אבד״ק סיגוט וז״ל למען
					דעת כל עמי הארץ מעלת צדיקים הק'
					וכו׳ וכי הופיע רוה״ק עליהם וכו' אמרתי
					טוב "				
מעני	1	Shemen-Hatov2025-12-01_gemini	no_match	0.0			"כט) כתב אבי מורי הגאון שי׳ בס׳ כבוד
					הבית (המחובר לס׳ בית
					משולם מזקיני הגה״ק מ׳ משולם זלמן
					אשכנזי זצ״ל אבד״ק לובלין) וז״ל הנגיד
					המפורסם ר׳ מענדיל. שהיה נקרא ר'
					מעני. גר בק״ק אפ"				
משולם פרשבורגער	1	Shemen-Hatov2025-12-01_gemini	no_match	0.0			"הרדיפות. שהי׳ לזקיני הרר״ש בעירו נאלץ
					לעזוב את רוטשעוואהל אם גם היתה שם
					רבנות גדולה. כי ר״פ ישובים עד עיר ווארשא
					הי' שייכים לעיר ראטשעוואהל בימים ההם.
					בעזבו את העיר שמררה את חייו כ"				
יוזפ קאזמירר	1	Shemen-Hatov2025-12-01_gemini	no_match	0.0			"הרדיפות. שהי׳ לזקיני הרר״ש בעירו נאלץ
					לעזוב את רוטשעוואהל אם גם היתה שם
					רבנות גדולה. כי ר״פ ישובים עד עיר ווארשא
					הי' שייכים לעיר ראטשעוואהל בימים ההם.
					בעזבו את העיר שמררה את חייו כ"				
סטאניסלב אווגאסט	1	Shemen-Hatov2025-12-01_gemini	no_match	0.0			"הרדיפות. שהי׳ לזקיני הרר״ש בעירו נאלץ
					לעזוב את רוטשעוואהל אם גם היתה שם
					רבנות גדולה. כי ר״פ ישובים עד עיר ווארשא
					הי' שייכים לעיר ראטשעוואהל בימים ההם.
					בעזבו את העיר שמררה את חייו כ"				
יוזפ	1	Shemen-Hatov2025-12-01_gemini	no_match	0.0			"הרדיפות. שהי׳ לזקיני הרר״ש בעירו נאלץ
					לעזוב את רוטשעוואהל אם גם היתה שם
					רבנות גדולה. כי ר״פ ישובים עד עיר ווארשא
					הי' שייכים לעיר ראטשעוואהל בימים ההם.
					בעזבו את העיר שמררה את חייו כ"				
הרי״ם	1	Shemen-Hatov2025-12-01_gemini	no_match	0.0			"הרדיפות. שהי׳ לזקיני הרר״ש בעירו נאלץ
					לעזוב את רוטשעוואהל אם גם היתה שם
					רבנות גדולה. כי ר״פ ישובים עד עיר ווארשא
					הי' שייכים לעיר ראטשעוואהל בימים ההם.
					בעזבו את העיר שמררה את חייו כ"				
משה ליב מסאסיב	1	Shemen-Hatov2025-12-01_gemini	name_exact	0.95	Tsadik_037.001		"לא) כתב הג״מ יקותיאל ארי׳ ק""ה
					מרישא בע״ס אוהל מועד.
					כאשר נסע הגה״ק רר״ש זצ״ל משינאווי
					לק׳ נ״ש. לקח עמו את תלמידו
					הה״ק ר׳ משה ליב מסאסיב זצ""ל. ויהי
					בהיותם בדרך נאלצו לשבות בק׳ "	H-LOC_60			
יעקב אליעזר ווייס	1	Shemen-Hatov2025-12-01_gemini	no_match	0.0			"היה עלי הדברים לעול ולחרפה ולא לכבוד
					עד כי באתם אלי. והיו דבריכם אלי
					כדברים אשר דברתי אל לבי עכתד״ק (מס׳
					מעשה צדיקים וס׳ דברי אבות שם
					וממכתביי הגאונים מ׳ שלמה סופר אבד״ק
					בערעג"				
הירשלי מטאמשוב	1	Shemen-Hatov2025-12-01_gemini	no_match	0.0			"לד) עוד סיפר הנ""ל ששמע מהה״צ ר'
					הירשלי מטאמשוב ששמע
					מהרה״ק בעל אוהב ישראל ז״ל אשר הרר״ש
					ואחיו בעל הפלאה היו תלמידי הגר""א
					החסיד מווילנא זי״ע. ופ״א רצה הגר""א"				
אוהב ישראל	1	Shemen-Hatov2025-12-01_gemini	no_match	0.0			"לד) עוד סיפר הנ""ל ששמע מהה״צ ר'
					הירשלי מטאמשוב ששמע
					מהרה״ק בעל אוהב ישראל ז״ל אשר הרר״ש
					ואחיו בעל הפלאה היו תלמידי הגר""א
					החסיד מווילנא זי״ע. ופ״א רצה הגר""א"				
אברהם קאליסקר	1	Shemen-Hatov2025-12-01_gemini	no_match	0.0			"להושיב ב״ד של עשרה לאסור חיתון עם
					תלמידי הר״ר בער. והרר״ש וההפלאה
					הי' מנבחרי הב״ד. וכשמוע הר״ר בער
					את הדבר הזה. שלח שני תלמידיו הק׳ הר'
					אברהם קאליסקר והר״ר זושא זצ""ל לווילנא
					ו"				
ניסן הלוי שור	1	Shemen-Hatov2025-12-01_gemini	no_match	0.0			"על דברי טו״ת שבאו לפנינו ב״ד המ״מ
					ה״ה יעקב בן עטיל ואשתו בינה בת
					חנה ושאלו ממנו למה נגרע הרי כמה
					שנים אנו דרים כדרך כל הארץ ואין לנו
					בנים חיים וקיימים לקיים המצוה פרו ורבו
					וכו"				
מרדכי הכהן	1	Shemen-Hatov2025-12-01_gemini	phonetic	0.375	Tsadik_012.301		"על דברי טו״ת שבאו לפנינו ב״ד המ״מ
					ה״ה יעקב בן עטיל ואשתו בינה בת
					חנה ושאלו ממנו למה נגרע הרי כמה
					שנים אנו דרים כדרך כל הארץ ואין לנו
					בנים חיים וקיימים לקיים המצוה פרו ורבו
					וכו"				
"שמואל שמעלקא הלוי איש הורוויץ
					מרוטשיוואל"	1	Shemen-Hatov2025-12-01_gemini	phonetic	0.73	Tsadik_017.003		"על דברי טו״ת שבאו לפנינו ב״ד המ״מ
					ה״ה יעקב בן עטיל ואשתו בינה בת
					חנה ושאלו ממנו למה נגרע הרי כמה
					שנים אנו דרים כדרך כל הארץ ואין לנו
					בנים חיים וקיימים לקיים המצוה פרו ורבו
					וכו"				
שמואל שמעלקא איש הורוויץ	1	Shemen-Hatov2025-12-01_gemini	phonetic	0.75	Tsadik_017.003		"לז) איך שהילד הנולד נחלה ונתנו פס""ד
					שצריך לשוב לבריאתו וזה נוסח
					הפס״ד. בא לפנינו ב״ד התורני מוה״ר
					יעקב בן עטיל אודות הילד שמואל יוסף
					חיים הנולד מאשה בינה מחמת חולשתו
					ומחמת עין"				
שלמה זלמן	1	Shemen-Hatov2025-12-01_gemini	phonetic	0.438	tempH-132		"נאום יצחק במהו״ר חיים כ״ץ זצ""ל.
					ונאום שלמה זלמן בהמנוח יעקב כ״ץ זצ״ל.
					ונאום מרדכי במ״ה חיים זצ״ל :"				
יעקב כ״ץ	1	Shemen-Hatov2025-12-01_gemini	phonetic	0.4	Biblical_Jacob		"נאום יצחק במהו״ר חיים כ״ץ זצ""ל.
					ונאום שלמה זלמן בהמנוח יעקב כ״ץ זצ״ל.
					ונאום מרדכי במ״ה חיים זצ״ל :"				
"המע""ה"	1	Shemen-Hatov2025-12-01_gemini	no_match	0.0			"כסילים. היינו מת״ח כזה שהוא מבין ג״כ
					בז׳ חכמות אשר לנגד חכמת התורה המה
					נקראים שיר כסילים. שאם הת״ח אין לו
					ידיעה בשבע חכמות. יכולים להגיד לו אם
					אין לך ידיעה בז׳ חכמות ואין אתה מבין
"				
יוסף לעווינשטיין	1	Shemen-Hatov2025-12-01_gemini	phonetic	0.471	tempH-67		"לט) כתב ש״ב הג״מ יוסף לעווינשטיין
					שי׳ אבד״ק סעראצק וז״ל
					בפראג נשמע שבא חסיד לרב בניקלשפורג.
					הביאוהו על ברירות ד״ת לפראג. וכיבדוהו
					לדרוש. למען יוכלו לקפחו בהלכה. ובעלותו
					סמך רא"				
זרח אידלין	1	Shemen-Hatov2025-12-01_gemini	no_match	0.0			"לט) כתב ש״ב הג״מ יוסף לעווינשטיין
					שי׳ אבד״ק סעראצק וז״ל
					בפראג נשמע שבא חסיד לרב בניקלשפורג.
					הביאוהו על ברירות ד״ת לפראג. וכיבדוהו
					לדרוש. למען יוכלו לקפחו בהלכה. ובעלותו
					סמך רא"				
רמ״ב	1	Shemen-Hatov2025-12-01_gemini	no_match	0.0			"כשמוע הגאון דבריו נחלש דעתו ולא השיב
					לו מאומה. כי ידע כי רבו הק׳ רר״ש
					אוהב אותו מאוד. רק כאשר בא אל בית
					רבו מצאהו שמה. אז הלך אל הרב הק'
					מ׳ שמעלקא ויספר לו דבריו כי לא ראהו
					אז"				
נחום מטשארנאבל	1	Shemen-Hatov2025-12-01_gemini	phonetic	0.786	Tsadik_014.001		"מה) וזאת אשר סיפר הגה""ק ר׳ שניאור
					זלמן מלאדי זצ״ל בעל ש""ע
					הרב וז״ל הנה בעת היותי במעזריטש
					אצל מורי הקדוש היה על שבת אחד תשעה
					תלמידים מתלמידי מורי הקדושים הלא המה
					הרה״ק ר׳ שמוא"				
"זאב וואלף
					מזיטאמיר"	1	Shemen-Hatov2025-12-01_gemini	name_exact	0.95	Tsadik_048.001		"מה) וזאת אשר סיפר הגה""ק ר׳ שניאור
					זלמן מלאדי זצ״ל בעל ש""ע
					הרב וז״ל הנה בעת היותי במעזריטש
					אצל מורי הקדוש היה על שבת אחד תשעה
					תלמידים מתלמידי מורי הקדושים הלא המה
					הרה״ק ר׳ שמוא"	H-LOC_179			
"שלמה
					מקארלין"	1	Shemen-Hatov2025-12-01_gemini	name_exact	0.95	Tsadik_034.001		"מה) וזאת אשר סיפר הגה""ק ר׳ שניאור
					זלמן מלאדי זצ״ל בעל ש""ע
					הרב וז״ל הנה בעת היותי במעזריטש
					אצל מורי הקדוש היה על שבת אחד תשעה
					תלמידים מתלמידי מורי הקדושים הלא המה
					הרה״ק ר׳ שמוא"	H-LOC_4			
זוסא	1	Shemen-Hatov2025-12-01_gemini	no_match	0.0			"המה כבר היו רבנים בעירם ובתוך כך
					הגיע מכתב מפינסק לרה״ק ר׳ לוי יצחק
					כי כת המנגדים מצירים ומציקים מאד
					לבני בית של הרב הנ""ל ולכל החסידים
					אשר שמה עד כי כשל כח הסבל ובמכתב
					היה מפו"				
המגיד ממעזיריטש	1	Shemen-Hatov2025-12-01_gemini	phonetic	0.444	Tsadik_002.001		"ועיין
					בהק׳ ש״ע הרב חאו״ח שכ׳ וז״ל והיתה
					התחלתו בהיותו וכו׳ במקום תחנות של הה״ק
					הנ""ל (המגיד ממעזיריטש) שם הואיל באר
					את התורה בהל׳ ציצית והל' פסח ושניהם
					נגמרו שם עד בואם שמה הני"				
יחיאל איכל איילבערג	1	Shemen-Hatov2025-12-01_gemini	no_match	0.0			"ושבחוהו עד למאד מאד ואמרו לו חזק
					והתחזק וכו׳ ע״ש. (זאת העתיק לי מחו׳
					הרה״ג המאוה״ג מ׳ יחיאל איכל איילבערג
					ראבד״ק זגיערז נ״י) :"				
לוי.extra period יצחק	1	Shemen-Hatov2025-12-01_gemini	no_match	0.0			"מו) כתב בס׳ מפעלות הצדיקים ד״ל
					תחילת ביאתו דהרה״צ ר׳ לוי
					יצחק אבד״ק בארדיטשוב להרר״ש. ויהי
					בבואו לחצר הרב הי' מעוטף בטלית ומוכתר
					בתפילין בשני זוגות ביתך כמנהגו. ותיכף
					נכנס לבי"				
חיים יעקב מקאזמיר	1	Shemen-Hatov2025-12-01_gemini	no_match	0.0			"להם זקיני הרר״ש בדרך צחות כי הא בהא
					תלי'. מה שאצליכם ההן הוא צדק. לכן
					אתם מלובשים בנקיות. כי רפב״י בש""ס
					סוטה (דף מ״ט ע״ב) חושב המעלות מדריגה
					אחר מדריגה נקיות מביאה לידי טהרה
					ו"	H-LOC_647			
צבי משה	1	Shemen-Hatov2025-12-01_gemini	phonetic	0.5	Biblical_Moses		"נ) שמעתי מהרב ר׳ צבי משה נ""י
					דומ״ץ דפה אשר מת א׳ בא
					כמה פעמים בחלום לאנשי העיר שיוציאו
					אותו מקברו וזאת הי' בעיר אשר דר שמה"				
"הרר״ש מנ""ש"	1	Shemen-Hatov2025-12-01_gemini	no_match	0.0			"נב) והנני להביא כאן לחש על ע""ה
					מזקיני הרר״ש מנ""ש שנדפס
					בסו״ס נזיר השם וז""ל שלשה נשים
					עומדת על שן סלע אחת אומרה חולה
					ואחת אומרה אינו חולה. ואחת אומרה
					אינו חולה ולא יהי' שום חול"				
חזקי׳	1	Shemen-Hatov2025-12-01_gemini	no_match	0.0			"נב) והנני להביא כאן לחש על ע""ה
					מזקיני הרר״ש מנ""ש שנדפס
					בסו״ס נזיר השם וז""ל שלשה נשים
					עומדת על שן סלע אחת אומרה חולה
					ואחת אומרה אינו חולה. ואחת אומרה
					אינו חולה ולא יהי' שום חול"				
"נ""ש"	1	Shemen-Hatov2025-12-01_gemini	no_match	0.0			"נג) פ״א נסע הר״ר אלימלך מליזענסק
					לנ""ש והרר״ש נסע לקראתו
					לא׳ העיירות. עמד הרר״ש לפני ארון
					הקודש ודרש דרוש בקבלה וחכמת אלקות.
					דרוש ופלפול והקהל עמדו ושמעו.
					אשר סיים הרר״ש. ביקש "				
נ״ש	1	Shemen-Hatov2025-12-01_gemini	no_match	0.0			"מהרר״ש שיתן לו רשות להגיד איזה
					דברים במוסר ועמד הרר״א לפני אה״ק
					ואמר אספר לכם מעשה שהיה. האדון
					פאטאצקי נסע מפולין למרחקים ע״פ תבל
					לראות מדינות רחוקות. ועמו השליש
					והעגלון. ובבו"				
מיכל זאהן	1	Shemen-Hatov2025-12-01_gemini	no_match	0.0			"מהרר״ש שיתן לו רשות להגיד איזה
					דברים במוסר ועמד הרר״א לפני אה״ק
					ואמר אספר לכם מעשה שהיה. האדון
					פאטאצקי נסע מפולין למרחקים ע״פ תבל
					לראות מדינות רחוקות. ועמו השליש
					והעגלון. ובבו"				
שמואל שמעלקי הלוי הורוויץ	1	Shemen-Hatov2025-12-01_gemini	phonetic	0.8	Tsadik_017.003		"שם משמואל הוא הרב הגאון האמתי מופה""ד
					והדרו מוהר״ר שמואל שמעלקי הלוי הורוויץ
					זלה״ה אב״ד ור״מ דק""ק נ""ש נודע ומפורסם
					בתבל כי מלבד שהיה גאון גדול כאחד מן
					הגדולים בדורו היה גם חסיד ועלי"				
אליעזר מאוליינאב	1	Shemen-Hatov2025-12-01_gemini	no_match	0.0			"שם משמואל הוא הרב הגאון האמתי מופה""ד
					והדרו מוהר״ר שמואל שמעלקי הלוי הורוויץ
					זלה״ה אב״ד ור״מ דק""ק נ""ש נודע ומפורסם
					בתבל כי מלבד שהיה גאון גדול כאחד מן
					הגדולים בדורו היה גם חסיד ועלי"				
"שמעלקי מנ""ש"	1	Shemen-Hatov2025-12-01_gemini	phonetic	0.5	Tsadik_017.003		"שם משמואל הוא הרב הגאון האמתי מופה""ד
					והדרו מוהר״ר שמואל שמעלקי הלוי הורוויץ
					זלה״ה אב״ד ור״מ דק""ק נ""ש נודע ומפורסם
					בתבל כי מלבד שהיה גאון גדול כאחד מן
					הגדולים בדורו היה גם חסיד ועלי"	H-LOC_66			
יצחק חריף	1	Shemen-Hatov2025-12-01_gemini	no_match	0.0			"שם משמואל הוא הרב הגאון האמתי מופה""ד
					והדרו מוהר״ר שמואל שמעלקי הלוי הורוויץ
					זלה״ה אב״ד ור״מ דק""ק נ""ש נודע ומפורסם
					בתבל כי מלבד שהיה גאון גדול כאחד מן
					הגדולים בדורו היה גם חסיד ועלי"				
יוסף משה	1	Shemen-Hatov2025-12-01_gemini	phonetic	0.5	Biblical_Moses		"שם משמואל הוא הרב הגאון האמתי מופה""ד
					והדרו מוהר״ר שמואל שמעלקי הלוי הורוויץ
					זלה״ה אב״ד ור״מ דק""ק נ""ש נודע ומפורסם
					בתבל כי מלבד שהיה גאון גדול כאחד מן
					הגדולים בדורו היה גם חסיד ועלי"				
"הגר""א מווילנא"	1	Shemen-Hatov2025-12-01_gemini	no_match	0.0			"שם משמואל הוא הרב הגאון האמתי מופה""ד
					והדרו מוהר״ר שמואל שמעלקי הלוי הורוויץ
					זלה״ה אב״ד ור״מ דק""ק נ""ש נודע ומפורסם
					בתבל כי מלבד שהיה גאון גדול כאחד מן
					הגדולים בדורו היה גם חסיד ועלי"	H-LOC_175			
אליה״ו	1	Shemen-Hatov2025-12-01_gemini	name_exact	0.95	Biblical_Elijah		"סי׳ ב׳ בזה) היינו דעל רבינו שמואל שמעלקי
					אין לו פירכא. ובעל הפלאה רבינו פנחס
					דומה לו. היינו פנח״ס זה אליה״ו והבין
					אז יצא הגאון והחסיד מהררש״ש מנ״ש לקנא
					קנאת החסידים וכתב מכתב המלא "				
מהררש״ש מנ״ש	1	Shemen-Hatov2025-12-01_gemini	no_match	0.0			"סי׳ ב׳ בזה) היינו דעל רבינו שמואל שמעלקי
					אין לו פירכא. ובעל הפלאה רבינו פנחס
					דומה לו. היינו פנח״ס זה אליה״ו והבין
					אז יצא הגאון והחסיד מהררש״ש מנ״ש לקנא
					קנאת החסידים וכתב מכתב המלא "				
מאיר אליהו	1	Shemen-Hatov2025-12-01_gemini	phonetic	0.375	Biblical_Elijah		"סי׳ ב׳ בזה) היינו דעל רבינו שמואל שמעלקי
					אין לו פירכא. ובעל הפלאה רבינו פנחס
					דומה לו. היינו פנח״ס זה אליה״ו והבין
					אז יצא הגאון והחסיד מהררש״ש מנ״ש לקנא
					קנאת החסידים וכתב מכתב המלא "				
"מנחם מענדיל ביבער
					מאוסטרהא"	1	Shemen-Hatov2025-12-01_gemini	phonetic	0.375	Tsadik_012.172		"סי׳ ב׳ בזה) היינו דעל רבינו שמואל שמעלקי
					אין לו פירכא. ובעל הפלאה רבינו פנחס
					דומה לו. היינו פנח״ס זה אליה״ו והבין
					אז יצא הגאון והחסיד מהררש״ש מנ״ש לקנא
					קנאת החסידים וכתב מכתב המלא "	H-LOC_139			
צבי יהושע הלוי הורוויץ	1	Shemen-Hatov2025-12-01_gemini	no_match	0.0			"נו) הרב הגה״ק הרר״ש מנ״ש כל גדולי
					ישראל הלכו לאורו. ותלמידיו
					הקדושים האירו כל פני תבל ממזרח שמש
					עד מבואו. ובאורם נראה לנו אור.
					ומגדולי תלמידיו ה״ה. א) בנו הוא זקיני
					הגה״ק מ׳ צ"				
הררמ״ל מסאסוב	1	Shemen-Hatov2025-12-01_gemini	phonetic	0.4	Tsadik_037.001		"נו) הרב הגה״ק הרר״ש מנ״ש כל גדולי
					ישראל הלכו לאורו. ותלמידיו
					הקדושים האירו כל פני תבל ממזרח שמש
					עד מבואו. ובאורם נראה לנו אור.
					ומגדולי תלמידיו ה״ה. א) בנו הוא זקיני
					הגה״ק מ׳ צ"	H-LOC_60			
יעקב יצחק הורוויץ	1	Shemen-Hatov2025-12-01_gemini	phonetic	0.381	tempH-116		"נו) הרב הגה״ק הרר״ש מנ״ש כל גדולי
					ישראל הלכו לאורו. ותלמידיו
					הקדושים האירו כל פני תבל ממזרח שמש
					עד מבואו. ובאורם נראה לנו אור.
					ומגדולי תלמידיו ה״ה. א) בנו הוא זקיני
					הגה״ק מ׳ צ"				
"פנחס
					מפולין"	1	Shemen-Hatov2025-12-01_gemini	phonetic	0.357	Tsadik_041.001		"שלמה אבד״ק קשאנוב (כמבואר בס׳ שבע
					רצון ובשה״ג הח׳ מ״ש מ״ח). יא) הגה״ק
					ר׳ מרדכי בנעט אבד״ק ניקלשפורג (עיין
					בשו״ת ח״ס ח״ו סי׳ ל״ז מצוואתו להיות
					נקבר אצל רבו הרר״ש. ועיין ברמתיים
				"	H-LOC_225			
זכריה מענדיל מיערסלוב	1	Shemen-Hatov2025-12-01_gemini	no_match	0.0			"שלמה אבד״ק קשאנוב (כמבואר בס׳ שבע
					רצון ובשה״ג הח׳ מ״ש מ״ח). יא) הגה״ק
					ר׳ מרדכי בנעט אבד״ק ניקלשפורג (עיין
					בשו״ת ח״ס ח״ו סי׳ ל״ז מצוואתו להיות
					נקבר אצל רבו הרר״ש. ועיין ברמתיים
				"				
רז״מ	1	Shemen-Hatov2025-12-01_gemini	no_match	0.0			"שלמה אבד״ק קשאנוב (כמבואר בס׳ שבע
					רצון ובשה״ג הח׳ מ״ש מ״ח). יא) הגה״ק
					ר׳ מרדכי בנעט אבד״ק ניקלשפורג (עיין
					בשו״ת ח״ס ח״ו סי׳ ל״ז מצוואתו להיות
					נקבר אצל רבו הרר״ש. ועיין ברמתיים
				"				
יוזפ מקאזמיר	1	Shemen-Hatov2025-12-01_gemini	no_match	0.0			"שלמה אבד״ק קשאנוב (כמבואר בס׳ שבע
					רצון ובשה״ג הח׳ מ״ש מ״ח). יא) הגה״ק
					ר׳ מרדכי בנעט אבד״ק ניקלשפורג (עיין
					בשו״ת ח״ס ח״ו סי׳ ל״ז מצוואתו להיות
					נקבר אצל רבו הרר״ש. ועיין ברמתיים
				"	H-LOC_647			
יצחק מקראקא	1	Shemen-Hatov2025-12-01_gemini	no_match	0.0			"שלמה אבד״ק קשאנוב (כמבואר בס׳ שבע
					רצון ובשה״ג הח׳ מ״ש מ״ח). יא) הגה״ק
					ר׳ מרדכי בנעט אבד״ק ניקלשפורג (עיין
					בשו״ת ח״ס ח״ו סי׳ ל״ז מצוואתו להיות
					נקבר אצל רבו הרר״ש. ועיין ברמתיים
				"	H-LOC_130			
יהושעלי חריף	1	Shemen-Hatov2025-12-01_gemini	no_match	0.0			"נז) ואלה המה צאצאיו של זקיני הגה""ק
					הרר״ש מנ״ש זי״ע. (א) בנו
					הוא זקיני הגה״ק מ׳ צבי יהושע הלוי איש
					הורוויץ אבד״ק טרייביטש. פרוסטיץ.
					יעמניץ במדינת מעהרין. ובסוף ימיו
					נתקבל לאבד״"				
"בעריש מייזלש
					מרישא"	1	Shemen-Hatov2025-12-01_gemini	no_match	0.0			"הגה""ק ז""ל. ובשו״ת נוב""י מה״ת חאו״ח
					סי׳ ט״ו. ובצל״ח ביצה (דף ו') ובשו״ת
					עטרת חכמים חאע״ז סי׳ ט״ז מחתנו.
					ועוד נמצא ממנו בכתי״ק ארבעה חיבורים
					גדולים איזה אלפים בוגין וכ׳ בראש
					ס׳ "	H-LOC_129			
טעבליס ברלינר	1	Shemen-Hatov2025-12-01_gemini	no_match	0.0			"הגה""ק ז""ל. ובשו״ת נוב""י מה״ת חאו״ח
					סי׳ ט״ו. ובצל״ח ביצה (דף ו') ובשו״ת
					עטרת חכמים חאע״ז סי׳ ט״ז מחתנו.
					ועוד נמצא ממנו בכתי״ק ארבעה חיבורים
					גדולים איזה אלפים בוגין וכ׳ בראש
					ס׳ "				
מיכל קאלשינר מפיעטרקוב	1	Shemen-Hatov2025-12-01_gemini	no_match	0.0			"הגה""ק ז""ל. ובשו״ת נוב""י מה״ת חאו״ח
					סי׳ ט״ו. ובצל״ח ביצה (דף ו') ובשו״ת
					עטרת חכמים חאע״ז סי׳ ט״ז מחתנו.
					ועוד נמצא ממנו בכתי״ק ארבעה חיבורים
					גדולים איזה אלפים בוגין וכ׳ בראש
					ס׳ "				
זלמן מרגליות	1	Shemen-Hatov2025-12-01_gemini	phonetic	0.5	tempH-48		"המפורסם מ׳ זלמן מרגליות וכו׳ לא הניחו
					לה מתכשיטין כ״א וכו' אבל מרגליות
					גדולות ואבנים טובות הוצרכה להחזיק אף
					שלגודל יקר יחוסה וכו' הי׳ מקום לנטות
					כדעת האלפסי וכו׳ וכתבה לאביה חותני
"				
אברהם יואל הלוי	1	Shemen-Hatov2025-12-01_gemini	no_match	0.0			"המפורסם מ׳ זלמן מרגליות וכו׳ לא הניחו
					לה מתכשיטין כ״א וכו' אבל מרגליות
					גדולות ואבנים טובות הוצרכה להחזיק אף
					שלגודל יקר יחוסה וכו' הי׳ מקום לנטות
					כדעת האלפסי וכו׳ וכתבה לאביה חותני
"				
חיים האלברשטאם מצאנז	1	Shemen-Hatov2025-12-01_gemini	no_match	0.0			"המפורסם מ׳ זלמן מרגליות וכו׳ לא הניחו
					לה מתכשיטין כ״א וכו' אבל מרגליות
					גדולות ואבנים טובות הוצרכה להחזיק אף
					שלגודל יקר יחוסה וכו' הי׳ מקום לנטות
					כדעת האלפסי וכו׳ וכתבה לאביה חותני
"	H-LOC_127			
"שמואל שמעלקא
					מרישא"	1	Shemen-Hatov2025-12-01_gemini	phonetic	0.625	Tsadik_017.003		"המפורסם מ׳ זלמן מרגליות וכו׳ לא הניחו
					לה מתכשיטין כ״א וכו' אבל מרגליות
					גדולות ואבנים טובות הוצרכה להחזיק אף
					שלגודל יקר יחוסה וכו' הי׳ מקום לנטות
					כדעת האלפסי וכו׳ וכתבה לאביה חותני
"	H-LOC_129			
אברהם זאב וואלף	1	Shemen-Hatov2025-12-01_gemini	no_match	0.0			"המפורסם מ׳ זלמן מרגליות וכו׳ לא הניחו
					לה מתכשיטין כ״א וכו' אבל מרגליות
					גדולות ואבנים טובות הוצרכה להחזיק אף
					שלגודל יקר יחוסה וכו' הי׳ מקום לנטות
					כדעת האלפסי וכו׳ וכתבה לאביה חותני
"				
מרדכי מבראד	1	Shemen-Hatov2025-12-01_gemini	phonetic	0.357	Tsadik_012.301		"המפורסם מ׳ זלמן מרגליות וכו׳ לא הניחו
					לה מתכשיטין כ״א וכו' אבל מרגליות
					גדולות ואבנים טובות הוצרכה להחזיק אף
					שלגודל יקר יחוסה וכו' הי׳ מקום לנטות
					כדעת האלפסי וכו׳ וכתבה לאביה חותני
"	H-LOC_152			
סענדר חיים	1	Shemen-Hatov2025-12-01_gemini	no_match	0.0			"המפורסם מ׳ זלמן מרגליות וכו׳ לא הניחו
					לה מתכשיטין כ״א וכו' אבל מרגליות
					גדולות ואבנים טובות הוצרכה להחזיק אף
					שלגודל יקר יחוסה וכו' הי׳ מקום לנטות
					כדעת האלפסי וכו׳ וכתבה לאביה חותני
"				
"זלמן פערילס
					מבראד"	1	Shemen-Hatov2025-12-01_gemini	name_exact	0.85	Biblical_Solomon		"המפורסם מ׳ זלמן מרגליות וכו׳ לא הניחו
					לה מתכשיטין כ״א וכו' אבל מרגליות
					גדולות ואבנים טובות הוצרכה להחזיק אף
					שלגודל יקר יחוסה וכו' הי׳ מקום לנטות
					כדעת האלפסי וכו׳ וכתבה לאביה חותני
"	H-LOC_152			
מלכה דבורה	1	Shemen-Hatov2025-12-01_gemini	no_match	0.0			"המפורסם מ׳ זלמן מרגליות וכו׳ לא הניחו
					לה מתכשיטין כ״א וכו' אבל מרגליות
					גדולות ואבנים טובות הוצרכה להחזיק אף
					שלגודל יקר יחוסה וכו' הי׳ מקום לנטות
					כדעת האלפסי וכו׳ וכתבה לאביה חותני
"				
פנחס הורוויץ מפיעטרקוב	1	Shemen-Hatov2025-12-01_gemini	no_match	0.0			"המפורסם מ׳ זלמן מרגליות וכו׳ לא הניחו
					לה מתכשיטין כ״א וכו' אבל מרגליות
					גדולות ואבנים טובות הוצרכה להחזיק אף
					שלגודל יקר יחוסה וכו' הי׳ מקום לנטות
					כדעת האלפסי וכו׳ וכתבה לאביה חותני
"				
פנחס הלוי הורוויץ	1	Shemen-Hatov2025-12-01_gemini	phonetic	0.7	Tsadik_017.002		"נח) כתב בשה״ג מ׳ פ׳ אות כ״ב וז״ל
					הרב מ׳ פנחס הלוי הורוויץ
					וכו׳ אבד״ק וויטקוב וק׳ לעכוויטץ ואח״כ
					נתקבל לאב""ד ור״מ בק' פ״פ-דמיין וכו'
					ונכדו הרה״ג מ׳ צבי הירש הלוי בעל ס׳
					לקוטי צ"				
מעלקיש	1	Shemen-Hatov2025-12-01_gemini	fuzzy	0.6	Tsadik_017.003		"היה גאון ומקובל גדול. ולמד עם אחיו
					הגדול הרב מנ״ש זצ״ל. והיה ביניהם
					אהבת דוד ויהונתן כאשר הביא בשבת
					אחים. ואדוני אבי סיפר לי הרבה מרוב
					קדושתו ופרישותו שאין לשער. ובנעוריו
					היה "				
ד טעבלי מליסא	1	Shemen-Hatov2025-12-01_gemini	no_match	0.0			"היה גאון ומקובל גדול. ולמד עם אחיו
					הגדול הרב מנ״ש זצ״ל. והיה ביניהם
					אהבת דוד ויהונתן כאשר הביא בשבת
					אחים. ואדוני אבי סיפר לי הרבה מרוב
					קדושתו ופרישותו שאין לשער. ובנעוריו
					היה "	H-LOC_25			
"רמ""ד"	1	Shemen-Hatov2025-12-01_gemini	no_match	0.0			"היה גאון ומקובל גדול. ולמד עם אחיו
					הגדול הרב מנ״ש זצ״ל. והיה ביניהם
					אהבת דוד ויהונתן כאשר הביא בשבת
					אחים. ואדוני אבי סיפר לי הרבה מרוב
					קדושתו ופרישותו שאין לשער. ובנעוריו
					היה "				
משה מישל שמואל שפירא	1	Shemen-Hatov2025-12-01_gemini	no_match	0.0			"היה גאון ומקובל גדול. ולמד עם אחיו
					הגדול הרב מנ״ש זצ״ל. והיה ביניהם
					אהבת דוד ויהונתן כאשר הביא בשבת
					אחים. ואדוני אבי סיפר לי הרבה מרוב
					קדושתו ופרישותו שאין לשער. ובנעוריו
					היה "				
מתיא בן חרש	1	Shemen-Hatov2025-12-01_gemini	no_match	0.0			"היה גאון ומקובל גדול. ולמד עם אחיו
					הגדול הרב מנ״ש זצ״ל. והיה ביניהם
					אהבת דוד ויהונתן כאשר הביא בשבת
					אחים. ואדוני אבי סיפר לי הרבה מרוב
					קדושתו ופרישותו שאין לשער. ובנעוריו
					היה "				
ארשב״י	1	Shemen-Hatov2025-12-01_gemini	fuzzy	0.667	Biblical_ShimonBarYochai		"היה גאון ומקובל גדול. ולמד עם אחיו
					הגדול הרב מנ״ש זצ״ל. והיה ביניהם
					אהבת דוד ויהונתן כאשר הביא בשבת
					אחים. ואדוני אבי סיפר לי הרבה מרוב
					קדושתו ופרישותו שאין לשער. ובנעוריו
					היה "				
זיסא ליפטר	1	Shemen-Hatov2025-12-01_gemini	no_match	0.0			"פנחס. ומה נעשה לביטול תורה בזה״ז
					ומי יודע אם הוא לומד בתורה. ויאמר
					הרר״ש שמעתי כי הוא גאון גדול ומופלג
					ג״כ בתורה. וישמע לו הרר״פ ויסעו
					עדי בואם בע״ש קודש למעזעריטש. ובאו
					שמה. "				
אברהם חיים מזלאטשוב	1	Shemen-Hatov2025-12-01_gemini	no_match	0.0			"שיטאווא בע״ס מנחת שבת וז״ל שמעתי
					מפי דודי אחי אמי הר״ר הירש מעיר
					סאסוב ששמע איש מפי איש מפי הגה״ק מ׳
					אברהם חיים מזלאטשוב בע״ס אורח לחיים
					שהי׳ חתנו של הגה״ק בעל הפלאה ז״ל
					וסיפר"	H-LOC_398			
ררז״פ	1	Shemen-Hatov2025-12-01_gemini	no_match	0.0			"סד) כאשר נתקבל לרב לפפד״מ ונסע
					דרך בראד ובא לבראד על
					שבת ויצאו כל אנשי העיר לקראתו
					והכניסוהו בכבוד עצום כי ידעו מעט
					מגדולתו. בשבת בקשוהו שילך לביהכנ״ס
					לומר דרוש והלכו כל גדולי"				
חיים הירש	1	Shemen-Hatov2025-12-01_gemini	no_match	0.0			"סח) כתב בס׳ הזכרון (צד כ״ב) מהגאון
					בעל חתם סופר ז״ל בחולין
					(דף מ״ו) הנהו פולמסא דאתא לפומבדיתא
					ערקו רבה ור׳ יוסף פגע בהו ר״ז א״ל
					ערוקאי כזית שאמרו במקום מרה. והוא
					תמוה מה ענין"				
זיסקינד גונדרש	1	Shemen-Hatov2025-12-01_gemini	no_match	0.0			"סח) כתב בס׳ הזכרון (צד כ״ב) מהגאון
					בעל חתם סופר ז״ל בחולין
					(דף מ״ו) הנהו פולמסא דאתא לפומבדיתא
					ערקו רבה ור׳ יוסף פגע בהו ר״ז א״ל
					ערוקאי כזית שאמרו במקום מרה. והוא
					תמוה מה ענין"				
רשב״א	1	Shemen-Hatov2025-12-01_gemini	no_match	0.0			"כי בטלטול גדול העיר ינוצח השונא. ע״ד
					הרמז ויהי בנסוע הארון שהוא הת״ח קומה
					ה׳ ויפוצו אויביך. וא״כ העולה מזה שיש
					כאן מחלוקת בין מנהיגי קהלות גדולות וכו'
					וכו׳ כי דעת רשב״א וסייעתו כי "				
פנחס בן אלעזר	1	Shemen-Hatov2025-12-01_gemini	no_match	0.0			"ואמר רבש״ע גלוי וידוע לפניך שיגעתי
					בעשר אצבעות בתורה ולא נהנתי בעוה״ז
					אפילו באצבע קטנה. וגם זה הצדיק ממש
					לא נהנה בעוה״ז שרוב שנותיו הי' ביסורין
					וקיבל היסורין באהבה ובשמחה עד שעה
		"				
נעמי	1	Shemen-Hatov2025-12-01_gemini	no_match	0.0			"ואמר רבש״ע גלוי וידוע לפניך שיגעתי
					בעשר אצבעות בתורה ולא נהנתי בעוה״ז
					אפילו באצבע קטנה. וגם זה הצדיק ממש
					לא נהנה בעוה״ז שרוב שנותיו הי' ביסורין
					וקיבל היסורין באהבה ובשמחה עד שעה
		"				
צבי הירש הלוי הורוויטץ	1	Shemen-Hatov2025-12-01_gemini	phonetic	0.357	Tsadik_017.002		"עב) ובס׳ הזכרון כתוב עליו לאמור.
					יזכור אלקים את נשמת אמ״ו
					עטרת ראשינו וצניף תפארתנו שר התורה
					מחמד עינינו נשיא אלקים נשיא הלוי׳ מבחר
					דורינו הגאון הגדול המפורסם מופת הדור
					חסידא "				
שמואל חיים ישעי'	1	Shemen-Hatov2025-12-01_gemini	no_match	0.0			"עג) ובחוט המשולש דמ""א חושב את
					הקברים בבה״ח דפפד״מ.
					בשורה א׳ הגה""ק מ׳ שמואל חיים ישעי'
					אב״ד. ומ׳ אברהם ברודא. והמהרשש״ך."				
המהרשש״ך	1	Shemen-Hatov2025-12-01_gemini	no_match	0.0			"עג) ובחוט המשולש דמ""א חושב את
					הקברים בבה״ח דפפד״מ.
					בשורה א׳ הגה""ק מ׳ שמואל חיים ישעי'
					אב״ד. ומ׳ אברהם ברודא. והמהרשש״ך."				
ישעי׳ הורוויץ	1	Shemen-Hatov2025-12-01_gemini	phonetic	0.375	Tsadik_017.003		"ומ׳ ישעי׳ הורוויץ אב״ד ומ׳ מענדיל באס
					אב״ד. ובשורה שלפניהם ההפלאה ובנו
					המחנה לוי וסמוך להם השב יעקב.
					והפני יהושע. ועוד גאונים וקדושים זכ""ל
					וזי״ע :"				
מענדיל באס	1	Shemen-Hatov2025-12-01_gemini	no_match	0.0			"ומ׳ ישעי׳ הורוויץ אב״ד ומ׳ מענדיל באס
					אב״ד. ובשורה שלפניהם ההפלאה ובנו
					המחנה לוי וסמוך להם השב יעקב.
					והפני יהושע. ועוד גאונים וקדושים זכ""ל
					וזי״ע :"				
פנחס הורוויטץ	1	Shemen-Hatov2025-12-01_gemini	phonetic	0.429	Tsadik_017.002		"עד) עוד יסופר שם בחוט המשולש (דף
					ד׳) וז״ל ויהי בעת ההיא הזדמן
					מעשה נורא הגה״ק ר׳ נתן אדליר זצ""ל
					למד עם תלמידו (הג׳ חתם סופר ז""ל)
					בחדרו אשר על העלי׳ ולמטה בשער הבית
					עמדו שם חתן"				
"מהר""נ"	1	Shemen-Hatov2025-12-01_gemini	no_match	0.0			"נתן הנ״ל ושמעתיהו מתפלל במבטא ספרדית
					וכו׳ ומלבד זה הי' הרה״ח מו״ה נתן ז״ל
					יחידאה בעת הזאת בהנהגותיו נגד כל הני
					רבוואתה שהי׳ בעת הזאת בק״ק פפד״מ
					ה״ה הגאון החסיד בעל הפלאה שהי'
					"				
"ח""ס"	1	Shemen-Hatov2025-12-01_gemini	no_match	0.0			"ובחוט המשולש (דף ל״ו)
					איתא מנהגי הג' ח""ס וז״ל בערב החג
					אחר חצות אפה מצות של מצוה. רבו"				
דוד דייטש	1	Shemen-Hatov2025-12-01_gemini	phonetic	0.5	Biblical_David		"פב) שמעתי וכו׳ שפ""א הי' הגאון ר'
					דוד דייטש בע״ס אוהל
					דוד אצל מרן הח״ס ובאותו זמן היתה שמה"				
ישועת יעקב	1	Shemen-Hatov2025-12-01_gemini	no_match	0.0			"ישיבה גדולה עם בחורים יראי אלקי'
					חסידים וחריציםוחרוצים וכל הישיבה הלכו אצל
					התפלה מעוטף עם טלית על פניהם והתפללו
					בהתלהבות גדול ומרן בעל ח״ס ז""ל
					התפאר עצמו בישיבתו. ואמר שזכה לעדה
		"				
הת״ס	1	Shemen-Hatov2025-12-01_gemini	no_match	0.0			"ישיבה גדולה עם בחורים יראי אלקי'
					חסידים וחריציםוחרוצים וכל הישיבה הלכו אצל
					התפלה מעוטף עם טלית על פניהם והתפללו
					בהתלהבות גדול ומרן בעל ח״ס ז""ל
					התפאר עצמו בישיבתו. ואמר שזכה לעדה
		"				
טעביל	1	Shemen-Hatov2025-12-01_gemini	no_match	0.0			"אבן פינה חכמתו בחוץ תרונה תהי כפתו
					רעננה. ובצל ה׳ יתלונן ה״ה כבוד ש""ב
					ואוה״נ הרב הגאון המ״פ בתורה ובחסידות
					לו עשר ידות במראה ובחידות איש חמודות
					חריף ובקי ומושלם במעלות
					ע״ה פ״ה"				
פנחס הלוי איש הודוויץ	1	Shemen-Hatov2025-12-01_gemini	phonetic	0.727	Tsadik_017.002		"דשמיא אלא כפי קוצר והיה בזה שלום
					רב כנפש א״נ ש""ב ד״ש וטובתו. כ""ד הק'
					פנחס הלוי איש הודוויץ :"				
הנוב״י	1	Shemen-Hatov2025-12-01_gemini	no_match	0.0			"פה) כתב בהק' ס׳ נפש דוד כי כאשר
					חלק הג׳ בעל נודע ביהודה
					על ספר תולדות יעקב יוסף ורצה לגזור
					החרים שישרפו הס׳. כתבו הה״ק רבי ר'
					שמעלקא ואחיו בעל ההפלאה אל הגאון ר׳
					טעבלי מליסא ו"				
צבי הירש הלוי מבראד	1	Shemen-Hatov2025-12-01_gemini	no_match	0.0			"פו) כתב בשה״ג הח' מע׳ יוד אות קע״ב
					הרב מ׳ יעקב יהושע הלוי
					הורוויץ אבד״ק זלאזיץ בן הגאון מ׳ צבי הירש
					אבד״ק פפדמיי״ן בהגאון בעל הפלאה
					ובנו הג״מ צבי הירש הלוי מבראד בע״ס
					לקוטי צב"	H-LOC_152			
מוהרא״ז מרגליות	1	Shemen-Hatov2025-12-01_gemini	no_match	0.0			"פו) כתב בשה״ג הח' מע׳ יוד אות קע״ב
					הרב מ׳ יעקב יהושע הלוי
					הורוויץ אבד״ק זלאזיץ בן הגאון מ׳ צבי הירש
					אבד״ק פפדמיי״ן בהגאון בעל הפלאה
					ובנו הג״מ צבי הירש הלוי מבראד בע״ס
					לקוטי צב"				
"נוב""י"	1	Shemen-Hatov2025-12-01_gemini	no_match	0.0			"פח) אא״ז הגה״ק מ' פנחס הלוי איש
					הורוויץ חיבר הרבה ספרים
					ה״ה ספר הפלאה. ושבת אחים. המקנה.
					פנים יפות עה״ת. שו״ת גבעת פנחס.
					נתיבות לשבת. והפלאה החדש על ברכות
					ויו״ד. והפלאה על נזי"				
מוהר״פ הלוי הורוויץ	1	Shemen-Hatov2025-12-01_gemini	phonetic	0.4	Tsadik_017.002		"פח) אא״ז הגה״ק מ' פנחס הלוי איש
					הורוויץ חיבר הרבה ספרים
					ה״ה ספר הפלאה. ושבת אחים. המקנה.
					פנים יפות עה״ת. שו״ת גבעת פנחס.
					נתיבות לשבת. והפלאה החדש על ברכות
					ויו״ד. והפלאה על נזי"				
"המגיד
					מקאזניץ"	1	Shemen-Hatov2025-12-01_gemini	name_exact	0.95	Tsadik_042.001		"פח) אא״ז הגה״ק מ' פנחס הלוי איש
					הורוויץ חיבר הרבה ספרים
					ה״ה ספר הפלאה. ושבת אחים. המקנה.
					פנים יפות עה״ת. שו״ת גבעת פנחס.
					נתיבות לשבת. והפלאה החדש על ברכות
					ויו״ד. והפלאה על נזי"	H-LOC_151			
"א""ז מרגליות"	1	Shemen-Hatov2025-12-01_gemini	phonetic	0.462	tempH-48		"פט) זקיני הגאון בעל הפלאה ז""ל נהג
					ישיבתו בכמה ומגדולי תלמידיו
					היו. א) בנו הגה""ק מ׳ צבי הירש
					אבד״ק פפדמיי״ן בעל מחנה לוי. ב) חתנו
					בן אחיו הגה״ק מ׳ צבי יהושע הלוי אבד״ק
					טרייבוטש"				
אפרתי	1	Shemen-Hatov2025-12-01_gemini	no_match	0.0			"פט) זקיני הגאון בעל הפלאה ז""ל נהג
					ישיבתו בכמה ומגדולי תלמידיו
					היו. א) בנו הגה""ק מ׳ צבי הירש
					אבד״ק פפדמיי״ן בעל מחנה לוי. ב) חתנו
					בן אחיו הגה״ק מ׳ צבי יהושע הלוי אבד״ק
					טרייבוטש"				
דוד העשיל הלוי	1	Shemen-Hatov2025-12-01_gemini	no_match	0.0			"צ) ואלה המה צאצאיו של זקיני ההפלאה
					זצ""ל. א) הגה""ק מ׳ צבי
					הירש הלוי אבד״ק פפד״מ בע״ס מחנה
					לוי בניו היו. א׳ הג״מ יעקב יהושע הלוי
					אבד״ק זלאזיץ [הוא חתן הגה״ק ר׳ אפרים
					זלמן מרגליו"				
אלעזר הלוי הורוויץ	1	Shemen-Hatov2025-12-01_gemini	phonetic	0.4	Tsadik_017.002		"צ) ואלה המה צאצאיו של זקיני ההפלאה
					זצ""ל. א) הגה""ק מ׳ צבי
					הירש הלוי אבד״ק פפד״מ בע״ס מחנה
					לוי בניו היו. א׳ הג״מ יעקב יהושע הלוי
					אבד״ק זלאזיץ [הוא חתן הגה״ק ר׳ אפרים
					זלמן מרגליו"				
רי״צ מבראד	1	Shemen-Hatov2025-12-01_gemini	no_match	0.0			"צ) ואלה המה צאצאיו של זקיני ההפלאה
					זצ""ל. א) הגה""ק מ׳ צבי
					הירש הלוי אבד״ק פפד״מ בע״ס מחנה
					לוי בניו היו. א׳ הג״מ יעקב יהושע הלוי
					אבד״ק זלאזיץ [הוא חתן הגה״ק ר׳ אפרים
					זלמן מרגליו"	H-LOC_152			
שמואל שמעלקא הלוי מלבוב	1	Shemen-Hatov2025-12-01_gemini	phonetic	0.667	Tsadik_017.003		"צ) ואלה המה צאצאיו של זקיני ההפלאה
					זצ""ל. א) הגה""ק מ׳ צבי
					הירש הלוי אבד״ק פפד״מ בע״ס מחנה
					לוי בניו היו. א׳ הג״מ יעקב יהושע הלוי
					אבד״ק זלאזיץ [הוא חתן הגה״ק ר׳ אפרים
					זלמן מרגליו"	H-LOC_40			
ישעי׳ ליב	1	Shemen-Hatov2025-12-01_gemini	no_match	0.0			"צ) ואלה המה צאצאיו של זקיני ההפלאה
					זצ""ל. א) הגה""ק מ׳ צבי
					הירש הלוי אבד״ק פפד״מ בע״ס מחנה
					לוי בניו היו. א׳ הג״מ יעקב יהושע הלוי
					אבד״ק זלאזיץ [הוא חתן הגה״ק ר׳ אפרים
					זלמן מרגליו"				
"ירחמיאל הורוויץ
					מלבוב"	1	Shemen-Hatov2025-12-01_gemini	no_match	0.0			"צ) ואלה המה צאצאיו של זקיני ההפלאה
					זצ""ל. א) הגה""ק מ׳ צבי
					הירש הלוי אבד״ק פפד״מ בע״ס מחנה
					לוי בניו היו. א׳ הג״מ יעקב יהושע הלוי
					אבד״ק זלאזיץ [הוא חתן הגה״ק ר׳ אפרים
					זלמן מרגליו"	H-LOC_40			
שמחה הלוי הורוויץ מפלונסק	1	Shemen-Hatov2025-12-01_gemini	no_match	0.0			"צ) ואלה המה צאצאיו של זקיני ההפלאה
					זצ""ל. א) הגה""ק מ׳ צבי
					הירש הלוי אבד״ק פפד״מ בע״ס מחנה
					לוי בניו היו. א׳ הג״מ יעקב יהושע הלוי
					אבד״ק זלאזיץ [הוא חתן הגה״ק ר׳ אפרים
					זלמן מרגליו"	H-LOC_145			
"יוסף פרענקיל
					מפלונסק"	1	Shemen-Hatov2025-12-01_gemini	no_match	0.0			"צ) ואלה המה צאצאיו של זקיני ההפלאה
					זצ""ל. א) הגה""ק מ׳ צבי
					הירש הלוי אבד״ק פפד״מ בע״ס מחנה
					לוי בניו היו. א׳ הג״מ יעקב יהושע הלוי
					אבד״ק זלאזיץ [הוא חתן הגה״ק ר׳ אפרים
					זלמן מרגליו"	H-LOC_145			
רחל דבורה	1	Shemen-Hatov2025-12-01_gemini	no_match	0.0			"צא) זקיני הגה""ק בעל הפלאה זי״ע
					אשתו הצ' מ׳ רחל דבורה
					[נפטרה בפפד״מ בשמיני עצרת שנת
					תקנ""ב עיין דעת קדושים ס״ח] היתה בת
					הרה״ג מ׳ יואל היילפרין מק' לעשנוב [כ״כ
					בהק׳ שבת אחים] בן "				
יואל היילפרין מק' לעשנוב	1	Shemen-Hatov2025-12-01_gemini	no_match	0.0			"צא) זקיני הגה""ק בעל הפלאה זי״ע
					אשתו הצ' מ׳ רחל דבורה
					[נפטרה בפפד״מ בשמיני עצרת שנת
					תקנ""ב עיין דעת קדושים ס״ח] היתה בת
					הרה״ג מ׳ יואל היילפרין מק' לעשנוב [כ״כ
					בהק׳ שבת אחים] בן "				
יצחק אייזק היילפרין	1	Shemen-Hatov2025-12-01_gemini	no_match	0.0			"צא) זקיני הגה""ק בעל הפלאה זי״ע
					אשתו הצ' מ׳ רחל דבורה
					[נפטרה בפפד״מ בשמיני עצרת שנת
					תקנ""ב עיין דעת קדושים ס״ח] היתה בת
					הרה״ג מ׳ יואל היילפרין מק' לעשנוב [כ״כ
					בהק׳ שבת אחים] בן "				
אליעזר ליפמאן	1	Shemen-Hatov2025-12-01_gemini	phonetic	0.429	tempH-3		"צא) זקיני הגה""ק בעל הפלאה זי״ע
					אשתו הצ' מ׳ רחל דבורה
					[נפטרה בפפד״מ בשמיני עצרת שנת
					תקנ""ב עיין דעת קדושים ס״ח] היתה בת
					הרה״ג מ׳ יואל היילפרין מק' לעשנוב [כ״כ
					בהק׳ שבת אחים] בן "				
משה אשכנזי היילפרין מבריסק	1	Shemen-Hatov2025-12-01_gemini	no_match	0.0			"צא) זקיני הגה""ק בעל הפלאה זי״ע
					אשתו הצ' מ׳ רחל דבורה
					[נפטרה בפפד״מ בשמיני עצרת שנת
					תקנ""ב עיין דעת קדושים ס״ח] היתה בת
					הרה״ג מ׳ יואל היילפרין מק' לעשנוב [כ״כ
					בהק׳ שבת אחים] בן "	H-LOC_136			
ישראל היילפרין	1	Shemen-Hatov2025-12-01_gemini	no_match	0.0			"אזנו לדבריו ויצא ללכת אל הדוכס וכשבא
					אל הגשר של הדוכס לילך דרך שם אל
					המבצר. והיה רוח גדולה וחזק בא וישא
					אותו אל תוך המים ששם הגשר ונטבע
					במים והנה בתחילה לא נודע שנטבע
					במים אך "				
משה פערילמוטטר	1	Shemen-Hatov2025-12-01_gemini	phonetic	0.5	Biblical_Moses		"גם סיפר דודי ר׳ לייזריל לאבי
					אשר אביו המגיד סיפר לו שלמד בבית
					המדרש של ר׳ דניאל יפה בברלין יחד עם
					הפרי מגדים ונתן לו לבעל פרמ""ג נייר
					להדפסת ספרו ע״כ. ויסופר עוד אודותיו
					בהק׳ ס"				
מהר״ץ מטשארטקוב	1	Shemen-Hatov2025-12-01_gemini	no_match	0.0			"הרב מו״ה צבי הירש הלוי איש
					הורוויץ וכו׳ אבד״ק זבאריב. טשארטקוב.
					וכו׳ ונכדו הרב וכו׳ מ׳ צבי הירש הלוי
					הורוויץ מבראד בע״ס לקוטי צבי כ׳ אלי וז״ל.
					אא״ז מהר״ץ מטשארטקוב הי׳ גאון ומקובל
"	H-LOC_65			
יעקב היילפרין	1	Shemen-Hatov2025-12-01_gemini	no_match	0.0			"הרב מו״ה צבי הירש הלוי איש
					הורוויץ וכו׳ אבד״ק זבאריב. טשארטקוב.
					וכו׳ ונכדו הרב וכו׳ מ׳ צבי הירש הלוי
					הורוויץ מבראד בע״ס לקוטי צבי כ׳ אלי וז״ל.
					אא״ז מהר״ץ מטשארטקוב הי׳ גאון ומקובל
"				
קאלינגער	1	Shemen-Hatov2025-12-01_gemini	no_match	0.0			"הרב מו״ה צבי הירש הלוי איש
					הורוויץ וכו׳ אבד״ק זבאריב. טשארטקוב.
					וכו׳ ונכדו הרב וכו׳ מ׳ צבי הירש הלוי
					הורוויץ מבראד בע״ס לקוטי צבי כ׳ אלי וז״ל.
					אא״ז מהר״ץ מטשארטקוב הי׳ גאון ומקובל
"				
מהרצ״ה	1	Shemen-Hatov2025-12-01_gemini	phonetic	0.667	Tsadik_058.002		"מברכתו של זקיננו הק׳ מהרצ״ה אבד״ק
					טשארטקוב הנ""ל. ומעשה שהי׳ כך הי'
					שאביהם זקינם של הגבירים בני ראהטשילד
					הי' משמש בבית זקיננו הגה״ק מהרצ""ה.
					ובתוך משך הזמן היותו משמש בקודש. נאבד
			"				
"מהרצ""ה"	1	Shemen-Hatov2025-12-01_gemini	phonetic	0.667	Tsadik_058.002		"מברכתו של זקיננו הק׳ מהרצ״ה אבד״ק
					טשארטקוב הנ""ל. ומעשה שהי׳ כך הי'
					שאביהם זקינם של הגבירים בני ראהטשילד
					הי' משמש בבית זקיננו הגה״ק מהרצ""ה.
					ובתוך משך הזמן היותו משמש בקודש. נאבד
			"				
הרצ״ה מטשארטקוב	1	Shemen-Hatov2025-12-01_gemini	no_match	0.0			"צד) עוד שמעתי מפי אדמו״ר וכו׳ מ׳
					ישראל שי׳ הנ״ל שסיפר בש״ק
					בעת סעודה שלישית ביום ט״ו לחודש
					מרחשוון שאז הוא היא״צ של זקינינו הק׳
					הרצ״ה מטשארטקוב. אשר פ״א שבת
					בטשארטקוב הרב הגה״"	H-LOC_65			
"הררצ""ה"	1	Shemen-Hatov2025-12-01_gemini	no_match	0.0			"צד) עוד שמעתי מפי אדמו״ר וכו׳ מ׳
					ישראל שי׳ הנ״ל שסיפר בש״ק
					בעת סעודה שלישית ביום ט״ו לחודש
					מרחשוון שאז הוא היא״צ של זקינינו הק׳
					הרצ״ה מטשארטקוב. אשר פ״א שבת
					בטשארטקוב הרב הגה״"				
הררצ״ה	1	Shemen-Hatov2025-12-01_gemini	no_match	0.0			"התיבה בנוסח ספרד ונפלה עליו תרדמה
					באמצע התפלה ונרדם שם בעת עמדו
					לפני התיבה. ובא אליו בחלום זקינינו
					הק׳ הררצ״ה ואמר לו האיך יש לך כח
					לשנות את נוסחי נוסח אשכנז במקום
					הלזה אשר הי"				
ק״ל	1	Shemen-Hatov2025-12-01_gemini	no_match	0.0			"התיבה בנוסח ספרד ונפלה עליו תרדמה
					באמצע התפלה ונרדם שם בעת עמדו
					לפני התיבה. ובא אליו בחלום זקינינו
					הק׳ הררצ״ה ואמר לו האיך יש לך כח
					לשנות את נוסחי נוסח אשכנז במקום
					הלזה אשר הי"				
פנחס ממגרוב	1	Shemen-Hatov2025-12-01_gemini	name_exact	0.95	Tsadik_017.002		"צה) כתב ש״ב הרב ר׳ שמעלקא הלוי
					הורוויץ מפרעמישלא. בהקדמתו
					לס׳ סמיכת משה וז״ל. ז׳ הגה״ק
					אבד״ק טשארטקוב אמר קודם הסתלקותו.
					כשיהי׳ ח״ו עת צרה לבניו אזי יבואו על
					קברו ויענה להם כמ"				
צבי הירש מטשארקוב	1	Shemen-Hatov2025-12-01_gemini	no_match	0.0			"צה) כתב ש״ב הרב ר׳ שמעלקא הלוי
					הורוויץ מפרעמישלא. בהקדמתו
					לס׳ סמיכת משה וז״ל. ז׳ הגה״ק
					אבד״ק טשארטקוב אמר קודם הסתלקותו.
					כשיהי׳ ח״ו עת צרה לבניו אזי יבואו על
					קברו ויענה להם כמ"				
"הררצ""ה מטשארטקוב"	1	Shemen-Hatov2025-12-01_gemini	no_match	0.0			"צו) כתב ש""ב בעל מנחת שבת הנ""ל
					וז״ל שמעתי מאנשי אמת
					מספרים אשר הה״ק בעל קדושת לוי הי'
					פ״א בעיר פראסקרוב ואמר לאנשי העיר
					שהוא רואה אור גדול על הבית עלמין
					שבעיר הנ״ל. ושאל אותם א"	H-LOC_65			
"מאטילי
					מטשארנאביל"	1	Shemen-Hatov2025-12-01_gemini	phonetic	0.526	Tsadik_014.002		"צו) כתב ש""ב בעל מנחת שבת הנ""ל
					וז״ל שמעתי מאנשי אמת
					מספרים אשר הה״ק בעל קדושת לוי הי'
					פ״א בעיר פראסקרוב ואמר לאנשי העיר
					שהוא רואה אור גדול על הבית עלמין
					שבעיר הנ״ל. ושאל אותם א"	H-LOC_31			
רצ״ה מטשארטקוב	1	Shemen-Hatov2025-12-01_gemini	no_match	0.0			"צז) ובהקדמת ספרי מנחת שבת
					הזכרתי עוד בן א׳
					לזקיננו הק׳ רצ״ה מטשארטקוב הוא הבחור
					הקדוש כמר יהושע ז״ל אשר נפטר בבחרותו
					קודם הנשואין ומנ״כ בטשארטקוב וחקוק
					על מצבתו אשר מת בנשיקה."	H-LOC_65			
יצחק דער דאריר	1	Shemen-Hatov2025-12-01_gemini	no_match	0.0			"צח) ושמעתי מאנשי טשארטקוב אשר
					הבעש״ט הק׳ זי״ע הי'
					פ״א בעיר טשארטקוב בעת היות שם
					זקיננו רב אב״ד. ושלח זקיננו הק׳ רצ""ה
					את אחד מתלמידיו. שמו הי׳ נקרא בפי
					כל הר' יצחק דער דאריר. ש"				
הרצ״ה	1	Shemen-Hatov2025-12-01_gemini	no_match	0.0			"צט) עוד שמעתי מפי אדמו״ר הק' מ׳
					ישראל שליט״א שסיפר ג״כ אז
					בעת סעודה שלישית הנ״ל אשר בעת שהקדוש
					הר׳ ישראל בעש״ט זצ״ל התחיל להתנוצץ
					ולהתפרסם בעולם ברוב אותותיו ומופתיו
					שעשה. אז "				
צבי הירשלי	1	Shemen-Hatov2025-12-01_gemini	no_match	0.0			"טשארטקוב והי׳ אז ביום ה' מימי השבוע
					ושלח הק׳ ר׳ צבי הירשלי ז״ל את תלמידו
					הרב ר׳ איציקיל דער דארער להקביל את
					פני הבעש״ט. ובא אליו בחזרה ושיבח
					וקילס את הבעש״ט מאוד מאוד. ואז
					ציו"				
איציקל	1	Shemen-Hatov2025-12-01_gemini	no_match	0.0			"טשארטקוב והי׳ אז ביום ה' מימי השבוע
					ושלח הק׳ ר׳ צבי הירשלי ז״ל את תלמידו
					הרב ר׳ איציקיל דער דארער להקביל את
					פני הבעש״ט. ובא אליו בחזרה ושיבח
					וקילס את הבעש״ט מאוד מאוד. ואז
					ציו"				
הרר״ה	1	Shemen-Hatov2025-12-01_gemini	no_match	0.0			"וכשבא חזרה נטל את ידיו ונתן שלום לרר״ה.
					ואח״כ אמר לאותן שתי נשים אי׳ בעליהן.
					וחזר הרר״ה את פניו להבע״ש. ואמר לו
					הבעש״ט ידע כי שלא הי׳ לו שום טעות
					בהשאלה כי כדין הורה. וגם בדברי
			"				
"ק""ל"	1	Shemen-Hatov2025-12-01_gemini	no_match	0.0			"קא) עוד כ׳ הרה״ג הנ""ל וז""ל תחת
					אשר אנחנו נוהגים לומר בליל
					ש""ק קודם מנחה קפיטל ק״ז מתהלים
					הנהיג הר״ר הירשלי בביה״כ שלו לומר
					מזמור קמ״ד. פ״א זמן רב אחר פטירתו
					שבת כאן הרה״צ מבאר"				
נפתלי צבי הורוויץ	1	Shemen-Hatov2025-12-01_gemini	phonetic	0.5	tempH-106		"קו) כתב ש""ב הגאבד״ק סעראצק שי'
					וז״ל שמעתי מש״ב הג״מ
					ישראל אבד״ק וואייסלוויץ נכד הה״ק מ׳
					נפתלי צבי הורוויץ אבד״ק ראפשיץ. שהיסב
					שמו הורוויץ אחר משפחת אבי אמו אא״ז
					הג״מ יצחק הלוי"				
יצחק הלוי הורוויץ	1	Shemen-Hatov2025-12-01_gemini	phonetic	0.417	Tsadik_017.002		"קו) כתב ש""ב הגאבד״ק סעראצק שי'
					וז״ל שמעתי מש״ב הג״מ
					ישראל אבד״ק וואייסלוויץ נכד הה״ק מ׳
					נפתלי צבי הורוויץ אבד״ק ראפשיץ. שהיסב
					שמו הורוויץ אחר משפחת אבי אמו אא״ז
					הג״מ יצחק הלוי"				
"פנחס שפירא
					מאוסטרהא"	1	Shemen-Hatov2025-12-01_gemini	no_match	0.0			"דור אחר דור אשר כרח את אברהם
					ושבועתו ליצחק ויעמידיה ליעקב א׳ משפחת
					מרגליות ב׳ שפירא ג׳ הורוויץ. ולזאת חיבב
					הבעש״ט את הרב מאיר נתיבים הג״מ
					מאיר מרגליות. והק׳ ר׳ פנחס שפירא
					מאוס"	H-LOC_139			
אברהם ישעי׳ שעפטיל	1	Shemen-Hatov2025-12-01_gemini	no_match	0.0			"דור אחר דור אשר כרח את אברהם
					ושבועתו ליצחק ויעמידיה ליעקב א׳ משפחת
					מרגליות ב׳ שפירא ג׳ הורוויץ. ולזאת חיבב
					הבעש״ט את הרב מאיר נתיבים הג״מ
					מאיר מרגליות. והק׳ ר׳ פנחס שפירא
					מאוס"				
"מנחם מק'
					צאנז"	1	Shemen-Hatov2025-12-01_gemini	no_match	0.0			"קז) עוד כ׳ ש״ב הה״ג הנ""ל בעת החל
					להתפרסם הבעש״ט ז״ל התנגדו
					עלי' חכמי הקלויז בראד. ובראשם הק' ר'
					חיים צאנזיר [ההוא הי׳ בן הג״מ מנחם מק'
					צאנז חתן זקיני הגה""ק ר׳ שמואל
					שמעלקי הלו"				
משה אוסטריר	1	Shemen-Hatov2025-12-01_gemini	phonetic	0.5	Biblical_Moses		"קז) עוד כ׳ ש״ב הה״ג הנ""ל בעת החל
					להתפרסם הבעש״ט ז״ל התנגדו
					עלי' חכמי הקלויז בראד. ובראשם הק' ר'
					חיים צאנזיר [ההוא הי׳ בן הג״מ מנחם מק'
					צאנז חתן זקיני הגה""ק ר׳ שמואל
					שמעלקי הלו"				
הירשלי מטשארטקוב	1	Shemen-Hatov2025-12-01_gemini	no_match	0.0			"קז) עוד כ׳ ש״ב הה״ג הנ""ל בעת החל
					להתפרסם הבעש״ט ז״ל התנגדו
					עלי' חכמי הקלויז בראד. ובראשם הק' ר'
					חיים צאנזיר [ההוא הי׳ בן הג״מ מנחם מק'
					צאנז חתן זקיני הגה""ק ר׳ שמואל
					שמעלקי הלו"	H-LOC_65			
צאנזיר	1	Shemen-Hatov2025-12-01_gemini	no_match	0.0			צאנזיר				
שלום גאטמאן	1	Shemen-Hatov2025-12-01_gemini	no_match	0.0			"קח) כתב הגאון מ׳ שלום גאטמאן ג׳
					אבד״ק יאס. וכעין זה כ׳
					ש״ב הרה״ג מטשארטקוב הנ״ל. אשר אשתו
					השניה של זקיני הר״ר היהשלי מטשארטקוב
					היתה אחותו של הכהן הגדול ר׳ חיים
					ראפפורט אבד״ק ל"				
היהשלי מטשארטקוב	1	Shemen-Hatov2025-12-01_gemini	no_match	0.0			"קח) כתב הגאון מ׳ שלום גאטמאן ג׳
					אבד״ק יאס. וכעין זה כ׳
					ש״ב הרה״ג מטשארטקוב הנ״ל. אשר אשתו
					השניה של זקיני הר״ר היהשלי מטשארטקוב
					היתה אחותו של הכהן הגדול ר׳ חיים
					ראפפורט אבד״ק ל"	H-LOC_65			
ר״ח ר״פ	1	Shemen-Hatov2025-12-01_gemini	no_match	0.0			"קח) כתב הגאון מ׳ שלום גאטמאן ג׳
					אבד״ק יאס. וכעין זה כ׳
					ש״ב הרה״ג מטשארטקוב הנ״ל. אשר אשתו
					השניה של זקיני הר״ר היהשלי מטשארטקוב
					היתה אחותו של הכהן הגדול ר׳ חיים
					ראפפורט אבד״ק ל"				
"הגר""ח"	1	Shemen-Hatov2025-12-01_gemini	no_match	0.0			"קח) כתב הגאון מ׳ שלום גאטמאן ג׳
					אבד״ק יאס. וכעין זה כ׳
					ש״ב הרה״ג מטשארטקוב הנ״ל. אשר אשתו
					השניה של זקיני הר״ר היהשלי מטשארטקוב
					היתה אחותו של הכהן הגדול ר׳ חיים
					ראפפורט אבד״ק ל"				
"הרר""ה"	1	Shemen-Hatov2025-12-01_gemini	no_match	0.0			"קח) כתב הגאון מ׳ שלום גאטמאן ג׳
					אבד״ק יאס. וכעין זה כ׳
					ש״ב הרה״ג מטשארטקוב הנ״ל. אשר אשתו
					השניה של זקיני הר״ר היהשלי מטשארטקוב
					היתה אחותו של הכהן הגדול ר׳ חיים
					ראפפורט אבד״ק ל"				
רח״כ	1	Shemen-Hatov2025-12-01_gemini	no_match	0.0			"שלו מעוטף בטלית. וראה הגה""ק רח״כ
					מאור פניו. עמד לפניו והלך לאחותו ואמר
					דע שאני מתחרט על כל מה שאמרתי לך
					כי ראיתי בעיני שבא מבית התפלה עם
					שני מלה""ש המלוים אותו עכ״ל :"				
יעקב לאנדא	1	Shemen-Hatov2025-12-01_gemini	no_match	0.0			"קט) עוד כ׳ ש""ב הג״מ יעקב לאנדא
					אבד״ק טשארטקוב הנ״ל וז״ל
					מלפנים כזאת בישראל כל דבר הצטרכות
					מהנהגות ועשיות העיר לא הי׳ נחתך אך
					עפ""י שר העיר. כי היה אז כמלך ושליט.
					והתערב בכל עני"				
איציק דער דארער	1	Shemen-Hatov2025-12-01_gemini	no_match	0.0			"קט) עוד כ׳ ש""ב הג״מ יעקב לאנדא
					אבד״ק טשארטקוב הנ״ל וז״ל
					מלפנים כזאת בישראל כל דבר הצטרכות
					מהנהגות ועשיות העיר לא הי׳ נחתך אך
					עפ""י שר העיר. כי היה אז כמלך ושליט.
					והתערב בכל עני"				
איציק היבש	1	Shemen-Hatov2025-12-01_gemini	no_match	0.0			"קט) עוד כ׳ ש""ב הג״מ יעקב לאנדא
					אבד״ק טשארטקוב הנ״ל וז״ל
					מלפנים כזאת בישראל כל דבר הצטרכות
					מהנהגות ועשיות העיר לא הי׳ נחתך אך
					עפ""י שר העיר. כי היה אז כמלך ושליט.
					והתערב בכל עני"				
מרדכיס	1	Shemen-Hatov2025-12-01_gemini	fuzzy	0.75	Tsadik_012.301		"קט) עוד כ׳ ש""ב הג״מ יעקב לאנדא
					אבד״ק טשארטקוב הנ״ל וז״ל
					מלפנים כזאת בישראל כל דבר הצטרכות
					מהנהגות ועשיות העיר לא הי׳ נחתך אך
					עפ""י שר העיר. כי היה אז כמלך ושליט.
					והתערב בכל עני"				
חיים מקאסוב	1	Shemen-Hatov2025-12-01_gemini	phonetic	0.385	Tsadik_012.104		"קיג) עוד כ׳ כבבואו להשתקע ולדור
					בעירנו טשארטקוב בנה ביתו
					סמוך לבית הכנסת והי׳ דר שם כל ימי
					חייו. וקודם פטירתו פקד על העומדים
					שם והסרים למשמעתו כי תיכף כשיוציאו
					אותו מן הבית ינ"	H-LOC_14			
ברוך פריש	1	Shemen-Hatov2025-12-01_gemini	no_match	0.0			"ביד שותפו העוסק במסחרם ולא רצה
					להחזיר ליורשי המת. ובא הנפטר פעם
					אחר פעם בחלום הלילה ותבע את שותפו
					החי שיעמוד עמו לד״ת לפני ב״ד של
					מעלה. ויחרד האיש השותף החי ויקץ
					משינתו ותפעם "				
מאיר רוקח	1	Shemen-Hatov2025-12-01_gemini	no_match	0.0			"קטו) עוד כתב קודם שנתבקש בישיבה
					ש״מ בירך את בני עירנו
					שבאם ח״ו תצא אש ללהב. יודיעו לו על
					נפש וציון קבורתו ועל יותר משלשה בתים
					לא תשלוט האש המתלקחת. ומסורה
					בידינו אשר כמה פעמים"				
יהודא ליב תאומים מק׳ יארטשוב	1	Shemen-Hatov2025-12-01_gemini	no_match	0.0			"קיז) הרב הגאון החסיד המפורסם
					מו״ה צבי הירש הלוי איש
					הורוויץ בהרב מו״ה מאיר ז״ל נתקבל לכאן
					שנת תפ״ו לפ״ק עד שנסתלק ועלה בישיבה
					של מעלה בחמשה עשר לחדש מרחשון
					תקי״ד. ובשנת תקי״ד "				
אליעזר ליפמאן מזאלקווא	1	Shemen-Hatov2025-12-01_gemini	no_match	0.0			"קיז) הרב הגאון החסיד המפורסם
					מו״ה צבי הירש הלוי איש
					הורוויץ בהרב מו״ה מאיר ז״ל נתקבל לכאן
					שנת תפ״ו לפ״ק עד שנסתלק ועלה בישיבה
					של מעלה בחמשה עשר לחדש מרחשון
					תקי״ד. ובשנת תקי״ד "	H-LOC_46			
שואל	1	Shemen-Hatov2025-12-01_gemini	no_match	0.0			"קיח) ואלה הטורים חרותים על
					מצבתו. „מה נורא
					המקום הזה שנגנז בו מזה בן מזה מורינו
					ורבינו בוצינא קדישא שמו הקדוש עט״ר
					צבי בהגאון מוהר״ר מאיר הלוי איש הורוויץ
					נפטר יום ב׳ ט״ו חשון"				
צבי הלוי	1	Shemen-Hatov2025-12-01_gemini	no_match	0.0			"קיח) ואלה הטורים חרותים על
					מצבתו. „מה נורא
					המקום הזה שנגנז בו מזה בן מזה מורינו
					ורבינו בוצינא קדישא שמו הקדוש עט״ר
					צבי בהגאון מוהר״ר מאיר הלוי איש הורוויץ
					נפטר יום ב׳ ט״ו חשון"				
שמואל שמעלקא הלוי	1	Shemen-Hatov2025-12-01_gemini	phonetic	0.789	Tsadik_017.003		"קיט) ואלה הם בני זקיני הגה״ק מהר""צ
					הירש מטשארטקוב ז״ל.
					א) הג״מ נחום הלוי אבד״ק פראסקרוב
					הנ״ל אות צ״ו. ב) זקיני הגה""ק הר״ר
					שמואל שמעלקא הלוי אבד״ק רוצוואל
					(נמצאו חתימותיו בפנקס"				
אבושיל	1	Shemen-Hatov2025-12-01_gemini	no_match	0.0			"תקנות. ונתקבל לשם אחר הגאון ר׳ אבושיל
					שהי׳ אח״כ אבד״ק פפדמיי״ן). שינאווי.
					(משם יש לו הסכמה ע״ס אוהל מועד).
					ניקלשפורג. ג) זקיני הגה״ק מ׳ פנחס
					הלוי אבד״ק פפדמיי״ן בע״ס הפלאה.
					ד)"				
יהושע העשיל הלוי	1	Shemen-Hatov2025-12-01_gemini	phonetic	0.526	Tsadik_043.003		"תקנות. ונתקבל לשם אחר הגאון ר׳ אבושיל
					שהי׳ אח״כ אבד״ק פפדמיי״ן). שינאווי.
					(משם יש לו הסכמה ע״ס אוהל מועד).
					ניקלשפורג. ג) זקיני הגה״ק מ׳ פנחס
					הלוי אבד״ק פפדמיי״ן בע״ס הפלאה.
					ד)"				
אברהם הלוי	1	Shemen-Hatov2025-12-01_gemini	phonetic	0.417	Tsadik_002.002		"תקנות. ונתקבל לשם אחר הגאון ר׳ אבושיל
					שהי׳ אח״כ אבד״ק פפדמיי״ן). שינאווי.
					(משם יש לו הסכמה ע״ס אוהל מועד).
					ניקלשפורג. ג) זקיני הגה״ק מ׳ פנחס
					הלוי אבד״ק פפדמיי״ן בע״ס הפלאה.
					ד)"				
אידל	1	Shemen-Hatov2025-12-01_gemini	no_match	0.0			"תקנות. ונתקבל לשם אחר הגאון ר׳ אבושיל
					שהי׳ אח״כ אבד״ק פפדמיי״ן). שינאווי.
					(משם יש לו הסכמה ע״ס אוהל מועד).
					ניקלשפורג. ג) זקיני הגה״ק מ׳ פנחס
					הלוי אבד״ק פפדמיי״ן בע״ס הפלאה.
					ד)"				
לאה	1	Shemen-Hatov2025-12-01_gemini	no_match	0.0			"תקנות. ונתקבל לשם אחר הגאון ר׳ אבושיל
					שהי׳ אח״כ אבד״ק פפדמיי״ן). שינאווי.
					(משם יש לו הסכמה ע״ס אוהל מועד).
					ניקלשפורג. ג) זקיני הגה״ק מ׳ פנחס
					הלוי אבד״ק פפדמיי״ן בע״ס הפלאה.
					ד)"				
מרדיש	1	Shemen-Hatov2025-12-01_gemini	no_match	0.0			"תקנות. ונתקבל לשם אחר הגאון ר׳ אבושיל
					שהי׳ אח״כ אבד״ק פפדמיי״ן). שינאווי.
					(משם יש לו הסכמה ע״ס אוהל מועד).
					ניקלשפורג. ג) זקיני הגה״ק מ׳ פנחס
					הלוי אבד״ק פפדמיי״ן בע״ס הפלאה.
					ד)"				
יחיאל מיכל היילפרין	1	Shemen-Hatov2025-12-01_gemini	phonetic	0.409	Tsadik_013.002		"תקנות. ונתקבל לשם אחר הגאון ר׳ אבושיל
					שהי׳ אח״כ אבד״ק פפדמיי״ן). שינאווי.
					(משם יש לו הסכמה ע״ס אוהל מועד).
					ניקלשפורג. ג) זקיני הגה״ק מ׳ פנחס
					הלוי אבד״ק פפדמיי״ן בע״ס הפלאה.
					ד)"				
נחום מק' טשאהן	1	Shemen-Hatov2025-12-01_gemini	no_match	0.0			"תקנות. ונתקבל לשם אחר הגאון ר׳ אבושיל
					שהי׳ אח״כ אבד״ק פפדמיי״ן). שינאווי.
					(משם יש לו הסכמה ע״ס אוהל מועד).
					ניקלשפורג. ג) זקיני הגה״ק מ׳ פנחס
					הלוי אבד״ק פפדמיי״ן בע״ס הפלאה.
					ד)"				
יצחק מאוסטרלענקי	1	Shemen-Hatov2025-12-01_gemini	no_match	0.0			"קכד) שמעתי מר' יצחק מאוסטרלענקי
					אשר דרכו הי' מעולם
					שלא לחת מכתב תעודה לרב. ושו""ב.
					וסופר. וכדומה. והי׳ שו״ב א׳ בעל עסקן
					גדול באומנותו בחריפות ובקיאות וחרד
					לדבר ה׳. וחשב כי בטח "				
יעקל מחארזיל	1	Shemen-Hatov2025-12-01_gemini	no_match	0.0			"קכו) שמעתי מר׳ יעקל מחארזיל כי
					פ""א באו אליו י״ב מנכדיו
					גדולי הדור ובתוכם היו האחים הרר״ש
					ואחיו בעל הפלאה וזקיני הג״ר יצחקיל
					האמבורגר. וכל אנשי העיר יצאו לקראתם.
					אז נתן להם זקי"				
משה אברהם	1	Shemen-Hatov2025-12-01_gemini	phonetic	0.5	Biblical_Moses		"קכז) כן שמעתי אשר הה״ק מ׳ לוי יצחק
					מברדיטשוב זי״ע נסע במכוון
					לטיקטין לשמוע הנהגותיו. וסיפר לו השמש
					הזקן כ״ח הנהגותיו. ופ""א בא השו״ב דשם
					לפני הרב להראות סכיניו אמרה הרבנית
					שישח"				
ישראל איסר	1	Shemen-Hatov2025-12-01_gemini	no_match	0.0			"קל) עוד שמעתי מהג״ר ישראל איסר
					הנ״ל כי זקיני הי' מטבעו
					מפחד מאוד מפני הכלב. ויהי בהליכתו
					פ״א לחוץ פגע בו כלב וינבח עליו מאין
					הפיגותהפוגות. אז אמר מצערו הי׳ נכון שימות.
					ובדברו "				
"יצחק ליב
					מטרעסטינא"	1	Shemen-Hatov2025-12-01_gemini	no_match	0.0			"קלא) שמעתי מש""ב הג״מ יצחק ליב
					מטרעסטינא בע״ס שי
					למורא נכד זקיני הגה״ק מהר""ם ז""ל כי
					מפורסם שם כי פ״א הלך לביהכנ״ס וראתה"				
אשר קמץ	1	Shemen-Hatov2025-12-01_gemini	no_match	0.0			"נערה אחת להבת אש עוטרת על ראשו.
					וצעקה. רבי השטריימיל דולק מאש. ענה
					לה שתוק בתי ובשכר זה יתן לך השי""ת
					בן שיאיר לעולם בצדקתו ותורתו. וכן היה.
					כי אף שנשאת לפחות הערך כפי ערכה
					ילד"				
"שמואל חיים
					מטיקטין"	1	Shemen-Hatov2025-12-01_gemini	no_match	0.0			"קלב) שמעתי מהר׳ שמואל חיים
					מטיקטין כי פ״א
					התקבצו אליו עשרה גדולי עיר ודנו להתיר
					דמו של מסור וכן קיימו. אח״ז בזמן
					מועט החלו כמה מהם למות. ותמה ע״ז
					מדוע יקטפו בלא עתם ודרש בבהכנ"	H-LOC_71			
חיים צבי	1	Shemen-Hatov2025-12-01_gemini	no_match	0.0			"קלה) שמעתי מהג״מ חיים צבי אבד״ק
					טיקטין שפ""א באת לפניו
					עגונה מטיקטין. והתאנח מאוד וציוה עלי'
					שתלך לכפר אפאקי הסמוכה שם פרשת
					דרכים. ותביא גחלי אש ותנפח בהם בתפלה
					להשי""ת שבאותו ה"				
חיים צאנזר	1	Shemen-Hatov2025-12-01_gemini	no_match	0.0			"ר׳ חיים צאנזר. וכאשר בא אבי בנערותו
					לבראד מצא אותו עדיין חי והיה איש זקן
					מאד עכ״ל. והובא בס׳ מעלות היוחסין
					(דף מ״א ודף ס״ח) :"				
זונדיל	1	Shemen-Hatov2025-12-01_gemini	no_match	0.0			"קלט) שמעתי מהרב ר׳ זונדיל אבד״ק
					איחאן בן הה״ק מ׳
					שלום רוקח אבד״ק בעלזא כי זקיני הגה״ק
					מהר״ם קודם פטירתו שאלוהו מי ימלא
					מקומו אחריו. וכ׳ קושיא בש״ס ותירוץ
					לקושי׳ זו ומי אשר יזכ"				
מהר״ם	1	Shemen-Hatov2025-12-01_gemini	no_match	0.0			"קלט) שמעתי מהרב ר׳ זונדיל אבד״ק
					איחאן בן הה״ק מ׳
					שלום רוקח אבד״ק בעלזא כי זקיני הגה״ק
					מהר״ם קודם פטירתו שאלוהו מי ימלא
					מקומו אחריו. וכ׳ קושיא בש״ס ותירוץ
					לקושי׳ זו ומי אשר יזכ"				
חיים כהן ראפפורט	1	Shemen-Hatov2025-12-01_gemini	no_match	0.0			"קמא) ובספר זכר החיים להגה""ק ר'
					חיים כהן ראפפורט
					אבד״ק לבוב דרוש כ״ו מובא הספד על
					זקיני הגה""ק מהר""ם מטיקטין. וכ׳ שם
					בהמשך דבריו הלא תדעו כי שר וגדול נפל
					בישראל ה״ה כבוד הגאון ה"				
"מהר""ם מטיקטין"	1	Shemen-Hatov2025-12-01_gemini	no_match	0.0			"קמא) ובספר זכר החיים להגה""ק ר'
					חיים כהן ראפפורט
					אבד״ק לבוב דרוש כ״ו מובא הספד על
					זקיני הגה""ק מהר""ם מטיקטין. וכ׳ שם
					בהמשך דבריו הלא תדעו כי שר וגדול נפל
					בישראל ה״ה כבוד הגאון ה"	H-LOC_71			
יהודה מטיקטין	1	Shemen-Hatov2025-12-01_gemini	name_exact	0.85	Tsadik_012.048		"קמא) ובספר זכר החיים להגה""ק ר'
					חיים כהן ראפפורט
					אבד״ק לבוב דרוש כ״ו מובא הספד על
					זקיני הגה""ק מהר""ם מטיקטין. וכ׳ שם
					בהמשך דבריו הלא תדעו כי שר וגדול נפל
					בישראל ה״ה כבוד הגאון ה"	H-LOC_71			
בנימין אהרן חריף	1	Shemen-Hatov2025-12-01_gemini	no_match	0.0			"קמב) וזאת אשר העתיק ש״ב הגאבד״ק
					סעראצק שי׳ מפנקס דק""ק
					טיקטין. ואלה הרבנים החתומים בפנקס
					[והרבנים הקודמים כמו אא״ז המגיני שלמה
					הר׳ בנימין אהרן חריף. הר׳ יהושע אייזיק
					וכדומה נזכ"				
יהושע אייזיק	1	Shemen-Hatov2025-12-01_gemini	no_match	0.0			"קמב) וזאת אשר העתיק ש״ב הגאבד״ק
					סעראצק שי׳ מפנקס דק""ק
					טיקטין. ואלה הרבנים החתומים בפנקס
					[והרבנים הקודמים כמו אא״ז המגיני שלמה
					הר׳ בנימין אהרן חריף. הר׳ יהושע אייזיק
					וכדומה נזכ"				
אליעזר ליפמאי היילפרין	1	Shemen-Hatov2025-12-01_gemini	no_match	0.0			"קמב) וזאת אשר העתיק ש״ב הגאבד״ק
					סעראצק שי׳ מפנקס דק""ק
					טיקטין. ואלה הרבנים החתומים בפנקס
					[והרבנים הקודמים כמו אא״ז המגיני שלמה
					הר׳ בנימין אהרן חריף. הר׳ יהושע אייזיק
					וכדומה נזכ"				
אריה יהודא ליב	1	Shemen-Hatov2025-12-01_gemini	no_match	0.0			"בתרא׳ סי׳ כ״ה ובשו״ת בית יעקב סי'
					קמ״ג קנ״ט. ובהקדמת ק״א לס׳ הפלאה].
					ב׳ הג״מ אריה יהודא ליב בהג״מ שמואל
					הירץ בע״ס שאגת אריה [והובא בשו״ת
					אמונת שמואל סי׳ כ״ה]. ג׳ הג״מ נפתלי
					הי"				
ישראל אשכנזי	1	Shemen-Hatov2025-12-01_gemini	phonetic	0.583	Tsadik_012.049		"בתרא׳ סי׳ כ״ה ובשו״ת בית יעקב סי'
					קמ״ג קנ״ט. ובהקדמת ק״א לס׳ הפלאה].
					ב׳ הג״מ אריה יהודא ליב בהג״מ שמואל
					הירץ בע״ס שאגת אריה [והובא בשו״ת
					אמונת שמואל סי׳ כ״ה]. ג׳ הג״מ נפתלי
					הי"				
שמואל בכרך	1	Shemen-Hatov2025-12-01_gemini	phonetic	0.375	Tsadik_017.003		"עפ״י דין ודת תורתינו הקדושה. היום יום
					ח׳ שבט תפחי״ת לפ""ק. נאום הק' יצחק
					פוזנר ונאום נתן נטע במו״ה רצ""ה זצ""ל.
					ונאום הקטן שמואל בכרך. ונאום יעקב
					במוהר״ד ז״ל :"				
רד״ק	1	Shemen-Hatov2025-12-01_gemini	no_match	0.0			"קמח) מצוה אני ללמוד אחר פטירתי.
					יוקח עשרה אנשים אשר
					הם יראים ושלימים. וילמדו תהלים אצלי
					עד לאחר קבורתי ממש בלי הפסק ואפילו
					אחר לוי׳ שלי ואח״כ ילמדו שנה תמימה
					י״ב חודש להביא חו"				
"רשב""ג"	1	Shemen-Hatov2025-12-01_gemini	no_match	0.0			"קנא) מצוה אני אתכם בנים מאוד
					תזהירו כשתדרשו ברבים
					תהי׳ כוונתכם לש״ש ולא להתכבד עצמיכם
					כי ע״ז נענש רשב""ג וכן הודה בעצמו
					שלא מצא בעצמו שום חטא אחר רק שהי'
					מהנה עצמו כשהי׳ דורש ב"				
יצחק יעקב	1	Shemen-Hatov2025-12-01_gemini	no_match	0.0			"קנג) זקיני הגה""ק ר' מאיר ז""ל נפטר
					בטיקטין בר""ח סיון שנת
					תק״ו לפ""ק וזאת נוסח מצבתו על קברו
					כפי שהעתיק לי הר׳ יצחק יעקב שו״ב
					דשם. וכותב אלי בזה""ל. לא חסרתי אפי'
					אות א׳ ועל כ׳ לד"				
מנחם מאניס הכהן	1	Shemen-Hatov2025-12-01_gemini	no_match	0.0			"קנד) זקיני הגה""ק מוהר""ר מאיר הלוי
					מטיקטין היה חתן הקצין
					המפורסם מו״ה מנחם מאניס הכהן
					[הובא בהקדמת ס׳ פנים יפות] בן הרה״ג
					מ׳ ישעיה כ״ץ הדיין המצויין ב״ד רבה
					דק""ק בראד [כ״כ במגי"				
ישעיה כ״ץ	1	Shemen-Hatov2025-12-01_gemini	no_match	0.0			"קנד) זקיני הגה""ק מוהר""ר מאיר הלוי
					מטיקטין היה חתן הקצין
					המפורסם מו״ה מנחם מאניס הכהן
					[הובא בהקדמת ס׳ פנים יפות] בן הרה״ג
					מ׳ ישעיה כ״ץ הדיין המצויין ב״ד רבה
					דק""ק בראד [כ״כ במגי"				
"נפתלי כ""ץ"	1	Shemen-Hatov2025-12-01_gemini	no_match	0.0			"קנד) זקיני הגה""ק מוהר""ר מאיר הלוי
					מטיקטין היה חתן הקצין
					המפורסם מו״ה מנחם מאניס הכהן
					[הובא בהקדמת ס׳ פנים יפות] בן הרה״ג
					מ׳ ישעיה כ״ץ הדיין המצויין ב״ד רבה
					דק""ק בראד [כ״כ במגי"				
יהודא ליווא	1	Shemen-Hatov2025-12-01_gemini	no_match	0.0			"קנד) זקיני הגה""ק מוהר""ר מאיר הלוי
					מטיקטין היה חתן הקצין
					המפורסם מו״ה מנחם מאניס הכהן
					[הובא בהקדמת ס׳ פנים יפות] בן הרה״ג
					מ׳ ישעיה כ״ץ הדיין המצויין ב״ד רבה
					דק""ק בראד [כ״כ במגי"				
רודולפוס	1	Shemen-Hatov2025-12-01_gemini	no_match	0.0			"כתוב בכתב יד חתן הגאון בעל גור ארי'
					בזה״ל. היום יום א׳ עשרה ימים לחודש אדר
					שנת חמשת אלפים ושלש מאות וחמשים
					ושתים לבריאת עולם היתה גזירת הקיסר
					רודולפוס יר״ה ע״י השר בערטיער אל כמר
	"				
בערטיער	1	Shemen-Hatov2025-12-01_gemini	no_match	0.0			"כתוב בכתב יד חתן הגאון בעל גור ארי'
					בזה״ל. היום יום א׳ עשרה ימים לחודש אדר
					שנת חמשת אלפים ושלש מאות וחמשים
					ושתים לבריאת עולם היתה גזירת הקיסר
					רודולפוס יר״ה ע״י השר בערטיער אל כמר
	"				
מרדכי מייזל	1	Shemen-Hatov2025-12-01_gemini	phonetic	0.357	Tsadik_012.301		"כתוב בכתב יד חתן הגאון בעל גור ארי'
					בזה״ל. היום יום א׳ עשרה ימים לחודש אדר
					שנת חמשת אלפים ושלש מאות וחמשים
					ושתים לבריאת עולם היתה גזירת הקיסר
					רודולפוס יר״ה ע״י השר בערטיער אל כמר
	"				
יצחק בן חנוך ווייזל	1	Shemen-Hatov2025-12-01_gemini	no_match	0.0			"כתוב בכתב יד חתן הגאון בעל גור ארי'
					בזה״ל. היום יום א׳ עשרה ימים לחודש אדר
					שנת חמשת אלפים ושלש מאות וחמשים
					ושתים לבריאת עולם היתה גזירת הקיסר
					רודולפוס יר״ה ע״י השר בערטיער אל כמר
	"				
יודא ליב	1	Shemen-Hatov2025-12-01_gemini	no_match	0.0			"כתוב בכתב יד חתן הגאון בעל גור ארי'
					בזה״ל. היום יום א׳ עשרה ימים לחודש אדר
					שנת חמשת אלפים ושלש מאות וחמשים
					ושתים לבריאת עולם היתה גזירת הקיסר
					רודולפוס יר״ה ע״י השר בערטיער אל כמר
	"				
סיני	1	Shemen-Hatov2025-12-01_gemini	no_match	0.0			"כתוב בכתב יד חתן הגאון בעל גור ארי'
					בזה״ל. היום יום א׳ עשרה ימים לחודש אדר
					שנת חמשת אלפים ושלש מאות וחמשים
					ושתים לבריאת עולם היתה גזירת הקיסר
					רודולפוס יר״ה ע״י השר בערטיער אל כמר
	"				
מהר״ס	1	Shemen-Hatov2025-12-01_gemini	no_match	0.0			"כתוב בכתב יד חתן הגאון בעל גור ארי'
					בזה״ל. היום יום א׳ עשרה ימים לחודש אדר
					שנת חמשת אלפים ושלש מאות וחמשים
					ושתים לבריאת עולם היתה גזירת הקיסר
					רודולפוס יר״ה ע״י השר בערטיער אל כמר
	"				
יצחק בר׳ שמשון כ״ץ	1	Shemen-Hatov2025-12-01_gemini	no_match	0.0			"דברי הקטן יצחק בר׳ שמשון כ״ץ ז״ל
					חתן הגאון הגדול בישראל שמו מו״ה
					ליב י""ץ (עכ״ל הכ״י) :"				
יעקב שור	1	Shemen-Hatov2025-12-01_gemini	phonetic	0.4	Tsadik_035.001		"והנה ש""ב הגאון מ׳ יעקב שור שי׳ אבד""ק
					קוטב כ׳ וז""ל אזכיר את אשר
					כ׳ הסה״ד כי מהות הדברים אשר דיבר
					הקיסר עם המהר""ל סתומים ונעלמים
					ואני הולך רכיל ומגלה סוד אשר נדברו
					בין שניהם כאש"				
מהר״ל	1	Shemen-Hatov2025-12-01_gemini	no_match	0.0			"והוא חשב כי מניעת הלידה הוא מאשתו
					המלכה והי׳ קטגורי׳ ביניהם ושם בבית
					אביו המלך הי' ישראל אחד מנכנסים ויוצאים
					בבית המלך ותבעה המלכה אותו לדבר
					עבירה ולהיות איש ההוא הי׳ ישראל כשר
			"				
מייטל	1	Shemen-Hatov2025-12-01_gemini	no_match	0.0			"קנו) והנה לעיל אות קל״ז כתבתי
					אשר לעת זקנתו נשא
					זקיני הגה״ק ר׳ מאיר הלוי מטיקטין אשה
					שניה. וכ׳ ש״ב הרב המאוה״ג מ׳ אברהם
					איטנגא מדוקלא אשר שמה של אשתו השניה
					היתה הרבנית מייטל ["				
מאיר וואהל	1	Shemen-Hatov2025-12-01_gemini	no_match	0.0			"קנו) והנה לעיל אות קל״ז כתבתי
					אשר לעת זקנתו נשא
					זקיני הגה״ק ר׳ מאיר הלוי מטיקטין אשה
					שניה. וכ׳ ש״ב הרב המאוה״ג מ׳ אברהם
					איטנגא מדוקלא אשר שמה של אשתו השניה
					היתה הרבנית מייטל ["				
וואהל	1	Shemen-Hatov2025-12-01_gemini	no_match	0.0			"קנו) והנה לעיל אות קל״ז כתבתי
					אשר לעת זקנתו נשא
					זקיני הגה״ק ר׳ מאיר הלוי מטיקטין אשה
					שניה. וכ׳ ש״ב הרב המאוה״ג מ׳ אברהם
					איטנגא מדוקלא אשר שמה של אשתו השניה
					היתה הרבנית מייטל ["				
ישעי׳ הלוי הורוויץ	1	Shemen-Hatov2025-12-01_gemini	phonetic	0.435	Tsadik_017.002		"קנו) והנה לעיל אות קל״ז כתבתי
					אשר לעת זקנתו נשא
					זקיני הגה״ק ר׳ מאיר הלוי מטיקטין אשה
					שניה. וכ׳ ש״ב הרב המאוה״ג מ׳ אברהם
					איטנגא מדוקלא אשר שמה של אשתו השניה
					היתה הרבנית מייטל ["				
פייבוש אליקים מסלאנימא	1	Shemen-Hatov2025-12-01_gemini	no_match	0.0			"קנו) והנה לעיל אות קל״ז כתבתי
					אשר לעת זקנתו נשא
					זקיני הגה״ק ר׳ מאיר הלוי מטיקטין אשה
					שניה. וכ׳ ש״ב הרב המאוה״ג מ׳ אברהם
					איטנגא מדוקלא אשר שמה של אשתו השניה
					היתה הרבנית מייטל ["				
א׳ זלמן	1	Shemen-Hatov2025-12-01_gemini	no_match	0.0			"קנו) והנה לעיל אות קל״ז כתבתי
					אשר לעת זקנתו נשא
					זקיני הגה״ק ר׳ מאיר הלוי מטיקטין אשה
					שניה. וכ׳ ש״ב הרב המאוה״ג מ׳ אברהם
					איטנגא מדוקלא אשר שמה של אשתו השניה
					היתה הרבנית מייטל ["				
יהודה ליב הלוי מטיקטין	1	Shemen-Hatov2025-12-01_gemini	name_exact	0.85	Tsadik_012.048		"קנז) ואלה המה בני זקיני הגה""ק
					ר׳ מאיר הלוי מטיקטין
					ז״ל. (א) הג״מ יהודה ליב הלוי מטיקטין
					אבד״ק הארקי. ראבד״ק ווילנא [הובא בס׳
					מצודת דוד דמ״מ ס״ו ע״ב. ובקריה נאמנה"	H-LOC_71			
שאול מטיקטין	1	Shemen-Hatov2025-12-01_gemini	no_match	0.0			"צד ק״כ]. בניו היו. א׳ הג״מ נתן נטע
					אבד״ק הארקי. ב׳ הג״מ מנחם מאניס
					אבד״ק ראסי. ג׳ הרה״ג מ׳ שאול מטיקטין.
					ועוד הובאו בניו בס׳ שבחי ירושלים.
					ומנכדיו הר׳ ישעי׳ מטיקטין ור׳ יצחק
					ל"	H-LOC_71			
ישעי׳ מטיקטין	1	Shemen-Hatov2025-12-01_gemini	no_match	0.0			"צד ק״כ]. בניו היו. א׳ הג״מ נתן נטע
					אבד״ק הארקי. ב׳ הג״מ מנחם מאניס
					אבד״ק ראסי. ג׳ הרה״ג מ׳ שאול מטיקטין.
					ועוד הובאו בניו בס׳ שבחי ירושלים.
					ומנכדיו הר׳ ישעי׳ מטיקטין ור׳ יצחק
					ל"	H-LOC_71			
שאול הורוויץ	1	Shemen-Hatov2025-12-01_gemini	phonetic	0.375	Tsadik_017.003		"צד ק״כ]. בניו היו. א׳ הג״מ נתן נטע
					אבד״ק הארקי. ב׳ הג״מ מנחם מאניס
					אבד״ק ראסי. ג׳ הרה״ג מ׳ שאול מטיקטין.
					ועוד הובאו בניו בס׳ שבחי ירושלים.
					ומנכדיו הר׳ ישעי׳ מטיקטין ור׳ יצחק
					ל"				
מנחם מאניס הלוי	1	Shemen-Hatov2025-12-01_gemini	no_match	0.0			"(ה) הג״מ מנחם מאניס הלוי אבד״ק
					טשאוושי הסכמתו בס׳ תפארת
					ישראל זוטא :"				
"חיים הלוי מק""ק שאריגראד"	1	Shemen-Hatov2025-12-01_gemini	no_match	0.0			"(ו) הג״מ חיים הלוי מק""ק שאריגראד :"	H-LOC_283			
יעקב יוקל הלוי	1	Shemen-Hatov2025-12-01_gemini	phonetic	0.357	Tsadik_012.020		"(ח) הג״מ יעקב יוקל הלוי אבד״ק
					גלוגא. בראד. בניו היו.
					א׳ הג״מ מנחם מאניס אבד״ק זמיגראד.
					וראב״ד בלבוב נזכר בלוחות העדות ובשו״ת
					נוב״י מה״ת אע״ז סי׳ נ״ד לגיסו אבי
					הג״מ יהושע העשיל"				
זאב וואלף לנדא	1	Shemen-Hatov2025-12-01_gemini	phonetic	0.4	Tsadik_048.001		"(ח) הג״מ יעקב יוקל הלוי אבד״ק
					גלוגא. בראד. בניו היו.
					א׳ הג״מ מנחם מאניס אבד״ק זמיגראד.
					וראב״ד בלבוב נזכר בלוחות העדות ובשו״ת
					נוב״י מה״ת אע״ז סי׳ נ״ד לגיסו אבי
					הג״מ יהושע העשיל"				
נפתלי הלוי	1	Shemen-Hatov2025-12-01_gemini	no_match	0.0			"(ט) הג״מ נפתלי הלוי ראבד״ק טיקטין
					נזכר לעיל אות קמ״ו :"				
יהושע הלוי	1	Shemen-Hatov2025-12-01_gemini	no_match	0.0			"(י) הג״מ יהושע הלוי אבד״ק יערוסלוב
					יש לו הסכמה בס׳ בית אברהם
					ונפטר בזאלקווי ה׳ טבת תקכ״ז. ונוסח
					מצבתו בס׳ קריה נשגבה אות ק״ו. בניו
					היו. א׳ הג״מ אברהם מקראקא. ב׳ הג״מ
					פנחס הלוי"				
אברהם מקראקא	1	Shemen-Hatov2025-12-01_gemini	no_match	0.0			"(י) הג״מ יהושע הלוי אבד״ק יערוסלוב
					יש לו הסכמה בס׳ בית אברהם
					ונפטר בזאלקווי ה׳ טבת תקכ״ז. ונוסח
					מצבתו בס׳ קריה נשגבה אות ק״ו. בניו
					היו. א׳ הג״מ אברהם מקראקא. ב׳ הג״מ
					פנחס הלוי"	H-LOC_130			
פנחס הלוי מקראקא	1	Shemen-Hatov2025-12-01_gemini	no_match	0.0			"(י) הג״מ יהושע הלוי אבד״ק יערוסלוב
					יש לו הסכמה בס׳ בית אברהם
					ונפטר בזאלקווי ה׳ טבת תקכ״ז. ונוסח
					מצבתו בס׳ קריה נשגבה אות ק״ו. בניו
					היו. א׳ הג״מ אברהם מקראקא. ב׳ הג״מ
					פנחס הלוי"	H-LOC_130			
מדרכי הלוי הורוויץ	1	Shemen-Hatov2025-12-01_gemini	phonetic	0.417	Tsadik_017.002		"(י) הג״מ יהושע הלוי אבד״ק יערוסלוב
					יש לו הסכמה בס׳ בית אברהם
					ונפטר בזאלקווי ה׳ טבת תקכ״ז. ונוסח
					מצבתו בס׳ קריה נשגבה אות ק״ו. בניו
					היו. א׳ הג״מ אברהם מקראקא. ב׳ הג״מ
					פנחס הלוי"				
אליקים געציל הלוי הורוויץ מפיעטרקוב	1	Shemen-Hatov2025-12-01_gemini	no_match	0.0			"(י) הג״מ יהושע הלוי אבד״ק יערוסלוב
					יש לו הסכמה בס׳ בית אברהם
					ונפטר בזאלקווי ה׳ טבת תקכ״ז. ונוסח
					מצבתו בס׳ קריה נשגבה אות ק״ו. בניו
					היו. א׳ הג״מ אברהם מקראקא. ב׳ הג״מ
					פנחס הלוי"				
טעבלי ברלינר מפיעטרקוב	1	Shemen-Hatov2025-12-01_gemini	no_match	0.0			"(י) הג״מ יהושע הלוי אבד״ק יערוסלוב
					יש לו הסכמה בס׳ בית אברהם
					ונפטר בזאלקווי ה׳ טבת תקכ״ז. ונוסח
					מצבתו בס׳ קריה נשגבה אות ק״ו. בניו
					היו. א׳ הג״מ אברהם מקראקא. ב׳ הג״מ
					פנחס הלוי"				
"אהרן הורוויץ
					מקראקא"	1	Shemen-Hatov2025-12-01_gemini	no_match	0.0			"(י) הג״מ יהושע הלוי אבד״ק יערוסלוב
					יש לו הסכמה בס׳ בית אברהם
					ונפטר בזאלקווי ה׳ טבת תקכ״ז. ונוסח
					מצבתו בס׳ קריה נשגבה אות ק״ו. בניו
					היו. א׳ הג״מ אברהם מקראקא. ב׳ הג״מ
					פנחס הלוי"	H-LOC_130			
יעקב חיים הלוי	1	Shemen-Hatov2025-12-01_gemini	no_match	0.0			"(י) הג״מ יהושע הלוי אבד״ק יערוסלוב
					יש לו הסכמה בס׳ בית אברהם
					ונפטר בזאלקווי ה׳ טבת תקכ״ז. ונוסח
					מצבתו בס׳ קריה נשגבה אות ק״ו. בניו
					היו. א׳ הג״מ אברהם מקראקא. ב׳ הג״מ
					פנחס הלוי"				
ראובן הלוי	1	Shemen-Hatov2025-12-01_gemini	no_match	0.0			"(י) הג״מ יהושע הלוי אבד״ק יערוסלוב
					יש לו הסכמה בס׳ בית אברהם
					ונפטר בזאלקווי ה׳ טבת תקכ״ז. ונוסח
					מצבתו בס׳ קריה נשגבה אות ק״ו. בניו
					היו. א׳ הג״מ אברהם מקראקא. ב׳ הג״מ
					פנחס הלוי"				
אריה ליבוש	1	Shemen-Hatov2025-12-01_gemini	no_match	0.0			"(י) הג״מ יהושע הלוי אבד״ק יערוסלוב
					יש לו הסכמה בס׳ בית אברהם
					ונפטר בזאלקווי ה׳ טבת תקכ״ז. ונוסח
					מצבתו בס׳ קריה נשגבה אות ק״ו. בניו
					היו. א׳ הג״מ אברהם מקראקא. ב׳ הג״מ
					פנחס הלוי"				
מאיר דבש הלוי	1	Shemen-Hatov2025-12-01_gemini	no_match	0.0			"(י) הג״מ יהושע הלוי אבד״ק יערוסלוב
					יש לו הסכמה בס׳ בית אברהם
					ונפטר בזאלקווי ה׳ טבת תקכ״ז. ונוסח
					מצבתו בס׳ קריה נשגבה אות ק״ו. בניו
					היו. א׳ הג״מ אברהם מקראקא. ב׳ הג״מ
					פנחס הלוי"				
ישעי׳ הלוי	1	Shemen-Hatov2025-12-01_gemini	no_match	0.0			"יא) הג״מ ישעי׳ הלוי אבד״ק פודקאמין
					הנ״ל אות קל״ז והוא זקינו
					של הגה""ק ר׳ חיים האלברשטאם הרב
					מצאנז. ויתר צאצאיו במטה לוי הע׳
					ט׳ י״א :"				
מאירל הלוי	1	Shemen-Hatov2025-12-01_gemini	no_match	0.0			"קנח) הרב הגאון הקדוש עמודא נהורא
					מוהר״ר שמואל שמעלקא הלוי
					איש הורוויץ אבד״ק שענדישוב. טארני.
					הנקרא בפי כל הוכער רבי ר׳ שמעלקא.
					אביו של הגה״ק ר״ר מאירל הלוי אבד״ק
					טיקטין הנ״ל. "				
משה ב״ר שמעיה	1	Shemen-Hatov2025-12-01_gemini	no_match	0.0			"קנח) הרב הגאון הקדוש עמודא נהורא
					מוהר״ר שמואל שמעלקא הלוי
					איש הורוויץ אבד״ק שענדישוב. טארני.
					הנקרא בפי כל הוכער רבי ר׳ שמעלקא.
					אביו של הגה״ק ר״ר מאירל הלוי אבד״ק
					טיקטין הנ״ל. "				
שמעלקי מטארני	1	Shemen-Hatov2025-12-01_gemini	phonetic	0.364	Tsadik_017.003		"קס) הגר״ר שמעלקי מטארני הנ״ל היה
					בן הגה״ק עמוד האש ונורא
					מוהר״ר יהושע הלוי איש הורוויץ אבד״ק
					פרעמיסלא שהיה נקרא בפי כל בשם רבי
					יהושע הארוך. כמבואר בהק׳ ס׳ נזיר
					השם. מפני שבהגי"				
יהושע הלוי איש הורוויץ	1	Shemen-Hatov2025-12-01_gemini	phonetic	0.625	Tsadik_017.002		"קס) הגר״ר שמעלקי מטארני הנ״ל היה
					בן הגה״ק עמוד האש ונורא
					מוהר״ר יהושע הלוי איש הורוויץ אבד״ק
					פרעמיסלא שהיה נקרא בפי כל בשם רבי
					יהושע הארוך. כמבואר בהק׳ ס׳ נזיר
					השם. מפני שבהגי"				
יהושע הארוך	1	Shemen-Hatov2025-12-01_gemini	no_match	0.0			"קס) הגר״ר שמעלקי מטארני הנ״ל היה
					בן הגה״ק עמוד האש ונורא
					מוהר״ר יהושע הלוי איש הורוויץ אבד״ק
					פרעמיסלא שהיה נקרא בפי כל בשם רבי
					יהושע הארוך. כמבואר בהק׳ ס׳ נזיר
					השם. מפני שבהגי"				
מנחם מק׳ צאנז	1	Shemen-Hatov2025-12-01_gemini	no_match	0.0			"קסא) ואלה המה בני זקיני הגה״ק מוה״ר
					שמעלקא ז״ל אבד״ק טארני.
					א׳ אשת הג״מ מנחם מק׳ צאנז אבי הגה״ק
					ר׳ חיים צאנזיר מבראד הנ״ל ב' אשת
					הג״מ אלעזר אבד״ק אמשטרדם בע״ס"	H-LOC_127			
חיים הלוי	1	Shemen-Hatov2025-12-01_gemini	no_match	0.0			"מעשה רוקח ג׳ זקיני הגה""ק מ׳ מאיר
					הלוי אבד״ק טיקטין. ד׳ הג״מ חיים הלוי
					אבד״ק בארניטץ בע״ס מים חיים. הסכמתו
					בס׳ דמשק״א על תורת חטאת. ה׳ הג״מ
					יהודה ליב הלוי אבד״ק יעריסלב חותנו של
			"				
יהודה ליב הלוי	1	Shemen-Hatov2025-12-01_gemini	phonetic	0.444	Tsadik_037.001		"מעשה רוקח ג׳ זקיני הגה""ק מ׳ מאיר
					הלוי אבד״ק טיקטין. ד׳ הג״מ חיים הלוי
					אבד״ק בארניטץ בע״ס מים חיים. הסכמתו
					בס׳ דמשק״א על תורת חטאת. ה׳ הג״מ
					יהודה ליב הלוי אבד״ק יעריסלב חותנו של
			"				
משה יהושע הלוי	1	Shemen-Hatov2025-12-01_gemini	no_match	0.0			"מעשה רוקח ג׳ זקיני הגה""ק מ׳ מאיר
					הלוי אבד״ק טיקטין. ד׳ הג״מ חיים הלוי
					אבד״ק בארניטץ בע״ס מים חיים. הסכמתו
					בס׳ דמשק״א על תורת חטאת. ה׳ הג״מ
					יהודה ליב הלוי אבד״ק יעריסלב חותנו של
			"				
יהונתן איבשיץ	1	Shemen-Hatov2025-12-01_gemini	phonetic	0.385	tempH-88		"קסב) הגה״ק מ׳ יצחק הלוי איש הורוויץ
					עודנו בימי עלומיו היה
					מורה הוראה בישראל. ובתחלה הי׳ רב
					בק״ק הארחוב (נוב״י יו""ד סי׳ מ״ד)
					ואח״כ נתקבל לאבד״ק גלאגוי למלא מקום
					אביו. ובשנת תקי"				
יהונתו	1	Shemen-Hatov2025-12-01_gemini	no_match	0.0			"תומיך ואוריך לאיש חסידך וגו׳. ובהיותו
					שם נתן עוז ותוקף לכל התקנות שתיקן
					ואיזן הר״ר יהונתן כאשר נמצא שם בפנקסי
					התקנות. ובשבעה לאשרי שנת תקכ״ו
					עשה הג״מ יעב״ץ כרוז בביהמ״ד שלו
					לג"				
פרידריך החמישי	1	Shemen-Hatov2025-12-01_gemini	no_match	0.0			"תומיך ואוריך לאיש חסידך וגו׳. ובהיותו
					שם נתן עוז ותוקף לכל התקנות שתיקן
					ואיזן הר״ר יהונתן כאשר נמצא שם בפנקסי
					התקנות. ובשבעה לאשרי שנת תקכ״ו
					עשה הג״מ יעב״ץ כרוז בביהמ״ד שלו
					לג"				
יצחק איצק הלוי	1	Shemen-Hatov2025-12-01_gemini	no_match	0.0			"„ויגוע יצחק ויאסף אל עמיו בשיבה טובה
					ויצא יצחק לשוח ולפני ד׳ ישפוך
					שיחו. פ״נ ארז הלבנון אדיר התורה. יצתה
					נשמתו בקדושה ובטהרה קולו ברמה נשמע
					בו ביום שהספיד ג' רבנים בבכי גדול
					ו"				
יחזקאל דוקעס	1	Shemen-Hatov2025-12-01_gemini	no_match	0.0			"קסד) כל זה העתקתי מס׳ ענף עץ אבות
					הערה ל״ט בשם ס׳ אוה למושב
					לו מהר""ר יחזקאל דוקעס יושב בבית
					המדרש הגדול שיסד זקיני החכם צבי בק״ק
					אלטונא ועוד מובא מקורות ימי חייו בק'
					תולדות יצ"				
אסאד	1	Shemen-Hatov2025-12-01_gemini	no_match	0.0			"סי׳ ע״ז. ובשו״ת אור ישראל ובשו״ת
					שאילת יעב״ץ סי׳ ס׳ בח״ב. ובס׳ הפלאה
					ומקנה. ובס׳ פנים יפות עה״ת פ׳ בהר
					ובמדבר. ובשו״ת רח״כ חאע״ז סי׳ י״ב.
					כ״ד. ובס׳ עטרת צבי סנהדרין. ובס׳
					קהלת"				
שאול מאמשטרדם	1	Shemen-Hatov2025-12-01_gemini	no_match	0.0			"קסה) כתב אאמו״ר הגאון שי׳ בס׳ בית
					צדיק (דף ע״ב) וז״ל בעת
					שנתקבל רבינו יצחק הלוי להאמבורג. בא
					לכבודו גם זקיני הגה""ק מהר""צ הירשלי
					אבד״ק ברלין כי היה מחו׳ של אחיו הגה״ק
					מ׳ שאול א"	H-LOC_132			
יעקבקא	1	Shemen-Hatov2025-12-01_gemini	no_match	0.0			"קסה) כתב אאמו״ר הגאון שי׳ בס׳ בית
					צדיק (דף ע״ב) וז״ל בעת
					שנתקבל רבינו יצחק הלוי להאמבורג. בא
					לכבודו גם זקיני הגה""ק מהר""צ הירשלי
					אבד״ק ברלין כי היה מחו׳ של אחיו הגה״ק
					מ׳ שאול א"				
יעקב יוקל הלוי איש הורוויץ	1	Shemen-Hatov2025-12-01_gemini	phonetic	0.536	Tsadik_017.002		"קסט) עוד כ׳ שם בשם הג״מ אליעזר
					אבד״ק אוליינוב שסיפר
					מתמימתן של הראשונים שבשנים קדמוניות
					היתה שכירות הרב בבראד לערך ב׳
					זהובים ריינש לשבוע. וכמובן נשאו הרבנים
					דשם בגדים קרועים ו"				
ר״א אבוש	1	Shemen-Hatov2025-12-01_gemini	no_match	0.0			"„האשה נקנית בשלש דרכים״ רב העיר
					דומה לאשה שנוטלת מזונות. והיא מצילתו
					מידי עבירה. והוא נקנה להעיר או בכסף
					שנותן לקופת הקהל. או שמעצמם כותבים
					לו שטר רבנות. ובפה גלוגא שאינכם
					רוצ"				
"יצחק הלוי
					מהורחוב"	1	Shemen-Hatov2025-12-01_gemini	no_match	0.0			"קע) עוד ממכתב הרב מסעראצק וז""ל
					אכתוב דברי היתול המפורסים.
					בוועד ד״א התראה זקיני הג״מ יצחק הלוי
					מהורחוב עם הג״מ יעקב אבד״ק ליסקא
					(מובא בס׳ שארית נתן סי׳ ט׳ י') וראהו
					לגאון. ותד"				
נפתלי צבי	1	Shemen-Hatov2025-12-01_gemini	phonetic	0.389	Tsadik_055.006		"קע) עוד ממכתב הרב מסעראצק וז""ל
					אכתוב דברי היתול המפורסים.
					בוועד ד״א התראה זקיני הג״מ יצחק הלוי
					מהורחוב עם הג״מ יעקב אבד״ק ליסקא
					(מובא בס׳ שארית נתן סי׳ ט׳ י') וראהו
					לגאון. ותד"				
יעקב מליסקא	1	Shemen-Hatov2025-12-01_gemini	no_match	0.0			"קע) עוד ממכתב הרב מסעראצק וז""ל
					אכתוב דברי היתול המפורסים.
					בוועד ד״א התראה זקיני הג״מ יצחק הלוי
					מהורחוב עם הג״מ יעקב אבד״ק ליסקא
					(מובא בס׳ שארית נתן סי׳ ט׳ י') וראהו
					לגאון. ותד"				
מ״מ	1	Shemen-Hatov2025-12-01_gemini	no_match	0.0			"קעא) כתב בשה״ג הח׳ מ״מ אות רל״ד
					הגאון ר׳ משולם איגרא
					אבד״ק פ״ב כאשר היה בן תשע הי׳ דורש
					במקהלות ביום ש״ק בבהכ״נ הגדול בק״ק
					בראד. ובזמן ההוא ישב שם על כסא רבנות
					הג״מ יצחק הלוי "				
משולם איגרא	1	Shemen-Hatov2025-12-01_gemini	no_match	0.0			"קעא) כתב בשה״ג הח׳ מ״מ אות רל״ד
					הגאון ר׳ משולם איגרא
					אבד״ק פ״ב כאשר היה בן תשע הי׳ דורש
					במקהלות ביום ש״ק בבהכ״נ הגדול בק״ק
					בראד. ובזמן ההוא ישב שם על כסא רבנות
					הג״מ יצחק הלוי "				
איציקל האמבורגר	1	Shemen-Hatov2025-12-01_gemini	no_match	0.0			"קעא) כתב בשה״ג הח׳ מ״מ אות רל״ד
					הגאון ר׳ משולם איגרא
					אבד״ק פ״ב כאשר היה בן תשע הי׳ דורש
					במקהלות ביום ש״ק בבהכ״נ הגדול בק״ק
					בראד. ובזמן ההוא ישב שם על כסא רבנות
					הג״מ יצחק הלוי "				
יצחקיל	1	Shemen-Hatov2025-12-01_gemini	no_match	0.0			"קעב) והובא עוד סיפורים מהגה""ק ר'
					יצחקיל האמבורגר. ומה
					שהי' בינו ובין הגה״ק ר' יצחקיל מדראהביטש.
					בס׳ רמתים צופים א״ז אות קט״ז מה
					שסיפר אודותיו הגה״ק הרבי ר׳ בונם זצ״ל
					מפרשיסחא."				
יצחקיל מדראהביטש	1	Shemen-Hatov2025-12-01_gemini	no_match	0.0			"קעב) והובא עוד סיפורים מהגה""ק ר'
					יצחקיל האמבורגר. ומה
					שהי' בינו ובין הגה״ק ר' יצחקיל מדראהביטש.
					בס׳ רמתים צופים א״ז אות קט״ז מה
					שסיפר אודותיו הגה״ק הרבי ר׳ בונם זצ״ל
					מפרשיסחא."				
"מהר""י הלוי"	1	Shemen-Hatov2025-12-01_gemini	no_match	0.0			"קעג) ובספר ענף עץ אבות (דף ס״ט)
					מובא העתק מפס״ד של
					הג׳ מהר""י הלוי מאה״ו בענין מריבה שהי'
					בין שלש קהלות ורצו לפרוד חבילה וכתב
					הוא להם וז״ל : באנפאי האלופים הקצינים"				
חכם צבי	1	Shemen-Hatov2025-12-01_gemini	no_match	0.0			"פו״מ דק״ק אלטונא יצ״ו התרו את האלופים
					דק״ק האמבורג וואנדסבעק שידין עמהם
					בזבל״א ובזבל״א ופרנסי דוואנדסבעק רצו
					לציית ד״ת רק האלופים דק""ק האמבורג
					סרבו לדין ע״פ ד״ת. וראיתי בפנקס העתק
"				
ירמי׳	1	Shemen-Hatov2025-12-01_gemini	no_match	0.0			"קעד) כתב בס׳ רמתים צופים ח״ב (דף
					פ״ד) פ״א סיפר הגה״ק
					הרבי ר׳ בונם זצ""ל מפרשיסחא איך שהלך
					ממדינת אונגרין שלמד אצל הגאון האמיתי
					מו״ה ירמי׳ ז""ל מק״ק מאטרסדארף שהוליכו
					אביו הרב המ"				
יצחק הורוויץ	1	Shemen-Hatov2025-12-01_gemini	phonetic	0.375	Tsadik_017.003		"קעד) כתב בס׳ רמתים צופים ח״ב (דף
					פ״ד) פ״א סיפר הגה״ק
					הרבי ר׳ בונם זצ""ל מפרשיסחא איך שהלך
					ממדינת אונגרין שלמד אצל הגאון האמיתי
					מו״ה ירמי׳ ז""ל מק״ק מאטרסדארף שהוליכו
					אביו הרב המ"				
"מיכל
					מזלאטשוב"	1	Shemen-Hatov2025-12-01_gemini	name_exact	0.95	Tsadik_013.002		"וכאשר בא לק״ק ליסקא הלך להרב שבעיר
					כדרך כל הבחורים של ישיבה. ויהי כאשר
					הסתכל בפניו נשא חן בעיניו וביקש אותו
					על שבת על שולחנו ואכל אצלו בצוותא
					חדא. ואח״כ פטרו לשלום באהבה ובחיבה.
		"	H-LOC_398			
הפמ״ג	1	Shemen-Hatov2025-12-01_gemini	no_match	0.0			"וכאשר בא לק״ק ליסקא הלך להרב שבעיר
					כדרך כל הבחורים של ישיבה. ויהי כאשר
					הסתכל בפניו נשא חן בעיניו וביקש אותו
					על שבת על שולחנו ואכל אצלו בצוותא
					חדא. ואח״כ פטרו לשלום באהבה ובחיבה.
		"				
מענדיל מליסקא	1	Shemen-Hatov2025-12-01_gemini	no_match	0.0			"וכאשר בא לק״ק ליסקא הלך להרב שבעיר
					כדרך כל הבחורים של ישיבה. ויהי כאשר
					הסתכל בפניו נשא חן בעיניו וביקש אותו
					על שבת על שולחנו ואכל אצלו בצוותא
					חדא. ואח״כ פטרו לשלום באהבה ובחיבה.
		"				
מרדכי מנעסכאיז	1	Shemen-Hatov2025-12-01_gemini	no_match	0.0			"ולדוגמא אראה לך
					סיפור מעשה מצדיקי יסודי עולם טמיר
					ונעלם. ולדעתי ירדתי לסודם. וזה הוא
					מובא בס׳ זכרון טוב (דף ט׳ ע״א) אשר
					הרבי מלובלין זצ״ל בא פ״א אל הגה״ק ר'
					מרדכי מנעסכאיז זצ״"				
יצחק מנעסכאיז	1	Shemen-Hatov2025-12-01_gemini	no_match	0.0			"ולדוגמא אראה לך
					סיפור מעשה מצדיקי יסודי עולם טמיר
					ונעלם. ולדעתי ירדתי לסודם. וזה הוא
					מובא בס׳ זכרון טוב (דף ט׳ ע״א) אשר
					הרבי מלובלין זצ״ל בא פ״א אל הגה״ק ר'
					מרדכי מנעסכאיז זצ״"				
משה אהרן	1	Shemen-Hatov2025-12-01_gemini	phonetic	0.5	Biblical_Moses		"ושמעתי מספרים בשם הגאון
					ר׳ משה אהרן אבד״ק קוטנא ז״ל אשר פ״א
					בא אליו הנאמן מבית המטבחיים שבעירו.
					והגיד לפניו צערו שאין לו פרנסה. ושאל
					אותו הרב. א״כ למה אינך מלמד. והשיב
					לו שאינ"				
חיים אורבאך	1	Shemen-Hatov2025-12-01_gemini	no_match	0.0			"ויסופר מהגאון ר׳ חיים אורבאך
					אבד״ק לונטשיץ פ״א באחד מלילי טבת.
					בנפול תרדמה על כל אנשי הבית שמע
					פתאום קול דופק בחלון. והרב הקיץ
					משנתו וישאל את האיש הדופק מי הוא ומה
					חפצו בביתו."				
יוסף דובער	1	Shemen-Hatov2025-12-01_gemini	no_match	0.0			"והעולם
					מספרים מהגאון ר׳ יוסף דובער זצ""ל
					אבד״ק בריסק שראה לגביר א׳ מעירו
					שנשאר בביהכנ״ס בליל יוה״כ אחר כל נדרי
					להשלים תהלים עם הש""ץ שעבר לפני התיבה
					להגיד תהלים כנהוג ואמר אליו "				
צבי הירש מוויטקוב	1	Shemen-Hatov2025-12-01_gemini	no_match	0.0			"וידידי הרב הגאון וכו׳ מ׳ חיים דובער
					גראס שי׳ אבד״ק פעטריווא
					באונגארין כתב אלי בא׳ ממכתביו וז״ל
					זקינו הגה״ק בעל הפלאה ז״ל הי׳ מקודם
					אבד״ק וויטקוב בגאליציען. ובהקדמת תשו'
					גאוני "				
פנחס הלוי	1	Shemen-Hatov2025-12-01_gemini	phonetic	0.389	Tsadik_017.002		"מנהגי החסידות ושרשי הפרישות שנחל
					מאבותיו ורבותיו הק׳ הצניע לכתו. ועמד
					וגנזם בחדרי לבבו הטהור. ועל פיו לא
					ישמעו. כמו שהעיד בגדלו תלמידו הגאון
					חתם סופר ז""ל א״ח סי׳ קצ״ז שלא שמע
					"				
יחזקאל שרגא הלברשטאם	1	Shemen-Hatov2025-12-01_gemini	no_match	0.0			"וזקינו הגה""ק הר״ר שמעלקא ז""ל הי'
					גם אבד״ק שינאווא. טרם הלך
					לנ״ש. ואז הי׳ שם הה״ק מ׳ נתן נטע ז״ל
					בעל סידור עולת תמיד וס׳ קישוטי כלה.
					ואמר עליו הרר״ש כי הוא אחד מל״ו צדיקים
					שבדו"				
משה ט״ב	1	Shemen-Hatov2025-12-01_gemini	phonetic	0.5	Biblical_Moses		"וזקינו הגה""ק הר״ר שמעלקא ז""ל הי'
					גם אבד״ק שינאווא. טרם הלך
					לנ״ש. ואז הי׳ שם הה״ק מ׳ נתן נטע ז״ל
					בעל סידור עולת תמיד וס׳ קישוטי כלה.
					ואמר עליו הרר״ש כי הוא אחד מל״ו צדיקים
					שבדו"				
חיים ה״ש	1	Shemen-Hatov2025-12-01_gemini	no_match	0.0			"וזקינו הגה""ק הר״ר שמעלקא ז""ל הי'
					גם אבד״ק שינאווא. טרם הלך
					לנ״ש. ואז הי׳ שם הה״ק מ׳ נתן נטע ז״ל
					בעל סידור עולת תמיד וס׳ קישוטי כלה.
					ואמר עליו הרר״ש כי הוא אחד מל״ו צדיקים
					שבדו"				
רי״ל לעוונשטיין ממאסבאך	1	Shemen-Hatov2025-12-01_gemini	no_match	0.0			"ובספר קורות היהודים באשכנז מהרה״ג
					רי״ל לעוונשטיין ממאסבאך ח״ב
					דף ע׳ כ׳ וז״ל הרר״ש נתקבל לרב
					בניקלשבורג ועל כל מדינת מעררין בשנת
					תקל״ד והי׳ מפורסם לגאון ומקובל וקדוש
					ונפטר בשנת"				
הר״ם מקאסניטין	1	Shemen-Hatov2025-12-01_gemini	no_match	0.0			"ש״ב יד״נ הגאבד״ק סעראצק שי׳ כתב
					אלי בא׳ ממכתביו בזה״ל מש״פ
					הדר״ג שי׳ בבית משולם דף ל״ב שלום
					ואהבה בין הגה״ק הר״ם מקאסניטין והבעש״ט
					ז״ל. הה״ג מ׳ עוזר מקאמניץ בע״ס
					לוחת העדות על"	H-LOC_640			
עוזר מקאמניץ	1	Shemen-Hatov2025-12-01_gemini	no_match	0.0			"ש״ב יד״נ הגאבד״ק סעראצק שי׳ כתב
					אלי בא׳ ממכתביו בזה״ל מש״פ
					הדר״ג שי׳ בבית משולם דף ל״ב שלום
					ואהבה בין הגה״ק הר״ם מקאסניטין והבעש״ט
					ז״ל. הה״ג מ׳ עוזר מקאמניץ בע״ס
					לוחת העדות על"	H-LOC_173			
מאיר מקאסניטין	1	Shemen-Hatov2025-12-01_gemini	no_match	0.0			"ש״ב יד״נ הגאבד״ק סעראצק שי׳ כתב
					אלי בא׳ ממכתביו בזה״ל מש״פ
					הדר״ג שי׳ בבית משולם דף ל״ב שלום
					ואהבה בין הגה״ק הר״ם מקאסניטין והבעש״ט
					ז״ל. הה״ג מ׳ עוזר מקאמניץ בע״ס
					לוחת העדות על"	H-LOC_640			
יוזפא מאוסטרהא	1	Shemen-Hatov2025-12-01_gemini	no_match	0.0			"ש״ב יד״נ הגאבד״ק סעראצק שי׳ כתב
					אלי בא׳ ממכתביו בזה״ל מש״פ
					הדר״ג שי׳ בבית משולם דף ל״ב שלום
					ואהבה בין הגה״ק הר״ם מקאסניטין והבעש״ט
					ז״ל. הה״ג מ׳ עוזר מקאמניץ בע״ס
					לוחת העדות על"	H-LOC_139			
אביש מפפד״מ	1	Shemen-Hatov2025-12-01_gemini	no_match	0.0			"ואשר כ׳ שם (דף ל״ד) ח״ו שהר״ר
					שמעלקא הטוב יקלל העיר. שהיו
					אוהבים אותו. אך הענין שהרר״ש נתקבל
					לרוצוועל עפ״י זקיני הר״ר אביש מפפד״מ
					שהי' קודם אב״ד ברוצוועל. אלא שאז נתפרדו
					מהגלי"	H-LOC_125			
יוסקי מאוליינוב	1	Shemen-Hatov2025-12-01_gemini	no_match	0.0			"ואשר כ׳ שם (דף ל״ד) ח״ו שהר״ר
					שמעלקא הטוב יקלל העיר. שהיו
					אוהבים אותו. אך הענין שהרר״ש נתקבל
					לרוצוועל עפ״י זקיני הר״ר אביש מפפד״מ
					שהי' קודם אב״ד ברוצוועל. אלא שאז נתפרדו
					מהגלי"				
"אהרן
					מאפטא"	1	Shemen-Hatov2025-12-01_gemini	phonetic	0.4	Tsadik_012.366		"אלימלך והושיבוהו בק׳ שינאווי ומחמת
					המחלוקת והרדיפות עקר משם לק׳ ליזענסק.
					בריצוועל ישבו הרר״ש ואחיו הרר״פ יחד
					וחיברו על כתובות ושבת אחים. ובעקירתו
					לשינאווי יצא גם הרר״פ לק׳ לעוויץ.
"	H-LOC_133			
"מרדכי ווייטץ
					מקאליש"	1	Shemen-Hatov2025-12-01_gemini	no_match	0.0			"וכתב אלי ש""ב החו״ב מ׳ מרדכי ווייטץ
					מקאליש נכד הגאון מ׳ אהרן
					הורוויץ מקראקא הנזכר לעיל בשמן הטוב
					ח״ב אות קנ״ז דף ס״א [אגב אזכיר
					אשר ש״ב הרב המאוה״ג מ׳ אפרים פישל
					הלוי הורוויץ נ"	H-LOC_128			
יונה הורוויץ מפלאצק	1	Shemen-Hatov2025-12-01_gemini	no_match	0.0			"וכתב אלי ש""ב החו״ב מ׳ מרדכי ווייטץ
					מקאליש נכד הגאון מ׳ אהרן
					הורוויץ מקראקא הנזכר לעיל בשמן הטוב
					ח״ב אות קנ״ז דף ס״א [אגב אזכיר
					אשר ש״ב הרב המאוה״ג מ׳ אפרים פישל
					הלוי הורוויץ נ"	H-LOC_123			
פייביל	1	Shemen-Hatov2025-12-01_gemini	no_match	0.0			"וכתב אלי ש""ב החו״ב מ׳ מרדכי ווייטץ
					מקאליש נכד הגאון מ׳ אהרן
					הורוויץ מקראקא הנזכר לעיל בשמן הטוב
					ח״ב אות קנ״ז דף ס״א [אגב אזכיר
					אשר ש״ב הרב המאוה״ג מ׳ אפרים פישל
					הלוי הורוויץ נ"				
אהרן הורוויץ מקראקא	1	Shemen-Hatov2025-12-01_gemini	no_match	0.0			"וכתב אלי ש""ב החו״ב מ׳ מרדכי ווייטץ
					מקאליש נכד הגאון מ׳ אהרן
					הורוויץ מקראקא הנזכר לעיל בשמן הטוב
					ח״ב אות קנ״ז דף ס״א [אגב אזכיר
					אשר ש״ב הרב המאוה״ג מ׳ אפרים פישל
					הלוי הורוויץ נ"	H-LOC_130			
רר״ש מנ״ש	1	Shemen-Hatov2025-12-01_gemini	no_match	0.0			"וכתב אלי ש""ב החו״ב מ׳ מרדכי ווייטץ
					מקאליש נכד הגאון מ׳ אהרן
					הורוויץ מקראקא הנזכר לעיל בשמן הטוב
					ח״ב אות קנ״ז דף ס״א [אגב אזכיר
					אשר ש״ב הרב המאוה״ג מ׳ אפרים פישל
					הלוי הורוויץ נ"				
אברהם בינש מלאדז	1	Shemen-Hatov2025-12-01_gemini	no_match	0.0			"ושמעתי מהר״ר אברהם בינש מלאדז
					ששמע מפ״ק הרה״ק מהר""י
					ז״ל מווארקי פ״א בתוך הסעודה הי׳ מוזגין
					לו כוס יין ביומא דפגר׳ וסיפר הרה״ק
					מווארקי שפ״א היה מעשה אצל הרה״ק
					מו״ה מאיר אבד״ק ט"				
הרר״י מווארקי	1	Shemen-Hatov2025-12-01_gemini	no_match	0.0			"אוהבים כמקדם. ואמר להם הרב ר״מ
					אתם לא קיימתם ואת והב בסופה רק
					מתוך שתיית היין. ומעתה מובן מה שאסרו
					חז״ל יינם של עכו""ם מטעם חתנות. ולא
					אמרי הטעם דאסור ללמוד לעכו״ם תורה
					ג״כ משו"	H-LOC_377			
הר״ם מטיקטין	1	Shemen-Hatov2025-12-01_gemini	no_match	0.0			"אוהבים כמקדם. ואמר להם הרב ר״מ
					אתם לא קיימתם ואת והב בסופה רק
					מתוך שתיית היין. ומעתה מובן מה שאסרו
					חז״ל יינם של עכו""ם מטעם חתנות. ולא
					אמרי הטעם דאסור ללמוד לעכו״ם תורה
					ג״כ משו"	H-LOC_71			
"הרש״ז
					מלאדי"	1	Shemen-Hatov2025-12-01_gemini	phonetic	0.375	Tsadik_027.001		"וכתב בס׳ בית רבי (דף ב׳) אשר
					הגה״ק מ׳ שניאור זלמן מלאדי
					בעל השו״ע הרב הי' תלמיד זקיני הגה״ק
					בעל הפלאה ושימש אותו באותו פרק עצמו
					שהי׳ תלמיד הר״ר דובער ז״ל. ושם (דף
					ל״ו) מובא מכ"				
פנחס סג״ל	1	Shemen-Hatov2025-12-01_gemini	no_match	0.0			"ה׳ החפץ שלום עבדו ידידו בחירו רצתה
					נפשו אור ישראל וקדושו בוצינא קדישא
					חסידא ופרישא ה״ה הרה״ג המפורסם מופת
					הדור זיוו והדרו איש אלקי׳ קדוש יאמר לו
					כק״ש מוהר״ר פנחס סג״ל אב״ד ור״מ
			"				
"מהרי״א
					מזידיטשוב"	1	Shemen-Hatov2025-12-01_gemini	phonetic	0.538	Tsadik_058.002		"כתב בס׳ תורת הרמ""ל השלם (דף
					ל״ד) פ״א בא אל הרה״ק מהרי״א
					מזידיטשוב ז״ל א׳ מחסידיו בבקשה להורות
					לו עצה לעבדות השי״ת והשיבו עפ״י המבואר
					בסה״ק אורח לחיים בשם רבו הקוה""ט
					רבי ר׳ שמע"	H-LOC_92			
"ארשב""ל"	1	Shemen-Hatov2025-12-01_gemini	no_match	0.0			"כתב בס׳ תורת הרמ""ל השלם (דף
					ל״ד) פ״א בא אל הרה״ק מהרי״א
					מזידיטשוב ז״ל א׳ מחסידיו בבקשה להורות
					לו עצה לעבדות השי״ת והשיבו עפ״י המבואר
					בסה״ק אורח לחיים בשם רבו הקוה""ט
					רבי ר׳ שמע"				
"ישראל 
                    במהור״ר
                        בן מורנו וכו׳ יצחק
                    יפה"	1	Shivei-Habesht2024-12-15_corrected	no_match	0.0			"והוא ספורי נפלאות ונוראות מכבוד אור ישראל וקדושו המאיר לארץ ולדרים עליה באור תורה ועבודה
                הרב האלקי מ׳ ישראל בעש״ט זיע״א ומתלמידיו הקדושים אשר נתאבקו בעפר רגליו לשתות בצמא
             "				
"משה במוהרר
                בן מורנו הרב רבי ישראל"	1	Shivei-Habesht2024-12-15_corrected	no_match	0.0			"המדפיס דפה רוצה להעלות על משבח הדפוס שלו ספר שבחי הבעש״ט זצוק׳ל : מה שהוא דבר
                הנצרך מאוד בכדי שידעו ויבינו הכל אשר לא עזבנו ה׳ בכל דור ודור הקים לנו רועים נאמנים
                ומלבד "				
מ' מנחם מענדל	1	Shivei-Habesht2024-12-15_corrected	phonetic	0.583	Tsadik_012.172		"אמר המדפיס הנה אחרי שהגיעו כתבי קדש אלו לידי מנפלאות ה' אשר גילה ע״י עבדיו הקדושים ובעז׳ה אין
                דור שאין בו צדיקים מפורסמים כי לא יטוש ה' את עמו בעבור שמו הגדול ואחרי רואי גודל ורב התועל"				
מ׳ שמעריל	1	Shivei-Habesht2024-12-15_corrected	no_match	0.0			"אמרתי  במגילת ספר כתוב עלי לבל יפלא בעיני
                הקורא מה ראיתי על ככה ומה הגיע עלי
                כי באתי עד הלום לכתוב ספירות דברים בעלמ׳ ובפרט שיש
                כמה אנשים אשר בלעגי שפה "				
שבתי׳ צבי	1	Shivei-Habesht2024-12-15_corrected	no_match	0.0			"אמרתי  במגילת ספר כתוב עלי לבל יפלא בעיני
                הקורא מה ראיתי על ככה ומה הגיע עלי
                כי באתי עד הלום לכתוב ספירות דברים בעלמ׳ ובפרט שיש
                כמה אנשים אשר בלעגי שפה "				
מהור״א	1	Shivei-Habesht2024-12-15_corrected	no_match	0.0			"הרב מ' אליעזר אביו של הבעש״ט הי' דר במדינת ואלחאיי סמוך לספר. והי׳ הוא ואשתו זקנים פ""א באו שוללים לעיר
                    ושבו אותו בשבי' ואשתו נמלטה אל עיר אחרת ומרוב עניותה נעשית מילדת ומזה הי' פרנ"				
אביו	1	Shivei-Habesht2024-12-15_corrected	no_match	0.0			"הרב מ' אליעזר אביו של הבעש״ט הי' דר במדינת ואלחאיי סמוך לספר. והי׳ הוא ואשתו זקנים פ""א באו שוללים לעיר
                    ושבו אותו בשבי' ואשתו נמלטה אל עיר אחרת ומרוב עניותה נעשית מילדת ומזה הי' פרנ"				
הילד	1	Shivei-Habesht2024-12-15_corrected	no_match	0.0			"הרב מ' אליעזר אביו של הבעש״ט הי' דר במדינת ואלחאיי סמוך לספר. והי׳ הוא ואשתו זקנים פ""א באו שוללים לעיר
                    ושבו אותו בשבי' ואשתו נמלטה אל עיר אחרת ומרוב עניותה נעשית מילדת ומזה הי' פרנ"				
"ישראל ב""א"	1	Shivei-Habesht2024-12-15_corrected	phonetic	0.364	tempH-120		"(שמעתימהרב ר׳ שמשון הרב דק""ק ראשקוב בן הרב דק""ק פולנאי מעשה
                    שהיה איש אחד ונקר' שמו ר' אדם וממנו באו הכתבים להבעש״ט כי בא פ""א למערה אחת ומצא שם כתבים שהם רזין
                    וס"				
גרשון קוטעבר	1	Shivei-Habesht2024-12-15_corrected	name_exact	0.95	Tsadik_012.007		"(שמעתימהרב ר׳ שמשון הרב דק""ק ראשקוב בן הרב דק""ק פולנאי מעשה
                    שהיה איש אחד ונקר' שמו ר' אדם וממנו באו הכתבים להבעש״ט כי בא פ""א למערה אחת ומצא שם כתבים שהם רזין
                    וס"				
"אל
                        תכ"	1	Shivei-Habesht2024-12-15_corrected	no_match	0.0			"ויהי אחרי כןשכר הרב מהור""ג בשבילו איז' כפר שיתפרנס שם ושם קנה שלימות
                    רב: כי בנה לעצמו בית התבודדות ביער ושם היה מתפלל ולומד
                    כל הימים לרבות הלילות כל השבוע רק מש"				
"יהושע בן
                        נון"	1	Shivei-Habesht2024-12-15_corrected	no_match	0.0			"ויהי אחרי כןשכר הרב מהור""ג בשבילו איז' כפר שיתפרנס שם ושם קנה שלימות
                    רב: כי בנה לעצמו בית התבודדות ביער ושם היה מתפלל ולומד
                    כל הימים לרבות הלילות כל השבוע רק מש"				
גרשון מקוטב	1	Shivei-Habesht2024-12-15_corrected	name_exact	0.95	Tsadik_012.007		"ועתה אספר הגדולות אשר שמעתי מחמי ז""ל איך הי' התגלותוכי הוא ישב בכפר קטן על השיינק
                    והיה דרכו כשהבי' לאשתו הי""ש הלך להתבודדו' במעבר
                    הנהר הנקר' פרוטשם הי' לו בהר ס"				
גרשין	1	Shivei-Habesht2024-12-15_corrected	no_match	0.0			"ועתה אספר הגדולות אשר שמעתי מחמי ז""ל איך הי' התגלותוכי הוא ישב בכפר קטן על השיינק
                    והיה דרכו כשהבי' לאשתו הי""ש הלך להתבודדו' במעבר
                    הנהר הנקר' פרוטשם הי' לו בהר ס"				
"יצחק אייזיק בן הרב דק""ק
                            ברעהין"	1	Shivei-Habesht2024-12-15_corrected	no_match	0.0			"ואכתוב בשבילו המעשה גם כן מעש מהבעש״ט אשר
                    שמעתי מאיש אחד מאנשי קהלתינו ושמו החסיד ר' יצחק אייזיק בן הרב דק""ק
                            ברעהין אשר שמע מפי אביו ולא רציתי לכתוב גוף"	H-LOC_88			
"את הרב דק""ק קוטיב"	1	Shivei-Habesht2024-12-15_corrected	no_match	0.0			"שמעתי מפי הרב המאה״ג החסיד דקהלתינו מ׳ גדליה פ""א
                    ביקש הבעש״ט
                    את הרב דק""ק קוטיב ושאל
                    מאתו ספר הזהר ובהליכתו לביתו פגע בו גיסו ר׳ גרשון ושאל א"	H-LOC_84			
גדליהו	1	Shivei-Habesht2024-12-15_corrected	no_match	0.0			"שמעתי
                    מפיר׳
                        מפי ר'check if sic
                    גדליהו הנ""ל פ""א לא הי' לו מצות ולא בשר על
                    פסח וחבש את חמורו בעגלה ונסע לדרכו לכפרים ו"				
"ר׳
                        גרשון"	1	Shivei-Habesht2024-12-15_corrected	name_exact	0.95	Tsadik_012.007		"שמעתי מחמי ז""ל שהי׳ לבעש״טסוסאחד ונגנב ממנו והי׳ ר׳
                        גרשון מוכיח אותו ונזרקה דיבר מפיו פתאום הסוס יחזירו לו ושחק עליו
                    ר׳ גרשון הנ""ל ובכל פעם שבא לעיר הי' מתג"				
חנה חנה	1	Shivei-Habesht2024-12-15_corrected	no_match	0.0			"שמעתי מהרב ר׳ גדלי׳ גם מחמי מעשה שהי׳ ר׳ דוד מ״מ דק""ק קאלי מיי'
                        קאלימיי' נסע אחר מעות חנוכה ותעה בדרך ובא לבית הבעש״ט
                    לעה""נ
                        רובינשטי"				
פאלק החסיד המפורסם	1	Shivei-Habesht2024-12-15_corrected	no_match	0.0			"שמעתי ממהורר פאלק החסיד המפורסם דק""ק טיטשילנק ששמע מר' אברהם אב""ד
                    דק""ק דובאסאר שהי' מקודם ש""ץ בבית המדרש דק""ק
                        מעזיבוז פ""א היו צריכין לאמר הלל שהיה ר""ח או
  "				
"המגיד הגדול דק""ק
                            מעזיריטיש"	1	Shivei-Habesht2024-12-15_corrected	no_match	0.0			"שמעתי ממהורר פאלק החסיד המפורסם דק""ק טיטשילנק ששמע מר' אברהם אב""ד
                    דק""ק דובאסאר שהי' מקודם ש""ץ בבית המדרש דק""ק
                        מעזיבוז פ""א היו צריכין לאמר הלל שהיה ר""ח או
  "				
יעקיל ממעזיבוז	1	Shivei-Habesht2024-12-15_corrected	phonetic	0.5	Tsadik_001.015		"עוד שמעתי מפיו הנ' פ""א עיה״כ ראה בעש״ט קיטרוג גדול על ישראל שיסתלק מהם תורה שבע״פ והיה מתעצב מאוד
                    כל יום עיה״כ ולע״ע כשבאו כל העיר לברכם ברך אחד או שנים ואמר לא יכולתי מחמת צער
   "	H-LOC_55			
"שבתי
                        צבי"	1	Shivei-Habesht2024-12-15_corrected	no_match	0.0			"עוד שמעתי מפיו הנ' פ""א עיה״כ ראה בעש״ט קיטרוג גדול על ישראל שיסתלק מהם תורה שבע״פ והיה מתעצב מאוד
                    כל יום עיה״כ ולע״ע כשבאו כל העיר לברכם ברך אחד או שנים ואמר לא יכולתי מחמת צער
   "				
יעקב מהנעפאלי	1	Shivei-Habesht2024-12-15_corrected	no_match	0.0			"שמעתימהרב דק""ק דראזניץ שהיה אב""ד בק""ק
                        פאוולויץ המעשה איך נתקרב הרב המגיד הגדול
                        להבעש״ט המגיד צום ז' או ח' פעמים משבת לשבת רצופים, וחלה מאוד פ""א בא ר' מע"	H-LOC_242			
"גרשון דק׳
                        פאווליץ"	1	Shivei-Habesht2024-12-15_corrected	no_match	0.0			"שמעתימהרב דק""ק דראזניץ שהיה אב""ד בק""ק
                        פאוולויץ המעשה איך נתקרב הרב המגיד הגדול
                        להבעש״ט המגיד צום ז' או ח' פעמים משבת לשבת רצופים, וחלה מאוד פ""א בא ר' מע"	H-LOC_274			
"אליעזר
                            מטאמאשפאלי"	1	Shivei-Habesht2024-12-15_corrected	no_match	0.0			"שמעתי מר' יואל מ״מ דק""ק נעמרוב ותמיד הי' אצל הרב דק""ק פולונאי בק' ראשקוב ובק'
                        שאריגראד ובק""ק נעמרוב שמעתי ממנו שפ""א שבת הבעש״ט בשאריגראד ובמוצאי שבת
                    אחר הבד"	H-LOC_83			
יונה קאמינקער	1	Shivei-Habesht2024-12-15_corrected	no_match	0.0			"שמעתי מהרב דקהלתינו שר׳ יונה קאמינקער אחיו של ר'
                    ברוך שלח שוורים למכור בעת שהי' מלחמה עם היוון בכפרים ושמעו שגזלו היוונים את
                    השוורים של ר׳ יונה ור׳ ברוך שלח ג״כ"				
יא	1	Shivei-Habesht2024-12-15_corrected	no_match	0.0			"שמעתי מהרב מ' מנחם ששמע מפי כלת הרב המ״מ הגדול אשת
                    הרב מ׳ אברהם הנ""ל : כשנתאלמן בנו הק' מ׳ אברהם זצ""ל קרא לשני
                    חשובי העיר ואמר בקשתי שתסעו לק""ק קרעמניץ ותשדכו
 "				
בן ר׳ יוסף יוזפא	1	Shivei-Habesht2024-12-15_corrected	no_match	0.0			"עוד שמעתי מהרב דקהלתינו פ""א נתקבל בן ר׳ יוסף יוזפא
                    מק""ק אוסטרא לאב""ד בק""ק פולונאי והביא עמו דיין אחד בכדי שיוכל להעיז את המוכיח ז""ל ובשבת
                    התפלל המוכיח לפני התיב"				
ריבעלע	1	Shivei-Habesht2024-12-15_corrected	no_match	0.0			"שמעתי מהרב דקהלתנו מעשה באם של האחים ר׳ יוסף ור׳ יצחק הנ""ל שהי׳ דירתם
                    בק""ק שאטאנאב ושמה דיא פרומע
                        ריבעלע פ""א נסע הבעש״ט לק""ק הנ""ל וסמוך לעיר ראה אור אחד על "				
טעקטינר	1	Shivei-Habesht2024-12-15_corrected	no_match	0.0			"שמעתי מהרב דקהלתינו שהיה בקוטעב איש אחד ונקרא
                    שמו טעקטינר והיה מדבר תמיד נגד החברה של חסידים פ""א שמע ר׳
                    אהרן גיסו של הבעש״ט והיה מריב עמו וקפץ האיש
            "				
"פנחס
                            מקאריץ"	1	Shivei-Habesht2024-12-15_corrected	phonetic	0.7	Tsadik_003.002		"שמעתי מהרב דקהלתינו שפ""א הלך ר׳ פנחס
                            מקאריץ עם הרב דק""ק ראוונע על פ""ש שהיה אחד קרוב לשניהם נתפס בתפיסה אמר ר'
                        פנחס להרב הנ""ל שמעתי שהבעש״ט שובת בק""ק"	H-LOC_149			
"מענדלי
                        פרעמיסלער"	1	Shivei-Habesht2024-12-15_corrected	no_match	0.0			"שמעתי מהרב דקהלתינו כשרצה ר׳ נחמן לנסוע פ""ש לאה״ק הלך על קבר של
                        הבעש""ט עם ר׳ יוסף
                            מקאמינקע וכשחזר מב""ע שמח שמחה גדולה
                    ואמר הבעש״"				
"אהרן
                            ממעזיבוז"	1	Shivei-Habesht2024-12-15_corrected	phonetic	0.545	Tsadik_001.015		"והרב דקהלתינו אמר ששמע מזקינו ששבת אצל הבעש״ט שבת אחד קודם שבועות שנסתלק בו ואמר דבר והי׳ לו סופר א׳
                    ואמר הרב שיש לו שני ספיקות ואינו יודע אם אמר בחמשה עשר שנה או בחמשים שנה ועוד א"	H-LOC_55			
דוד מלכא	1	Shivei-Habesht2024-12-15_corrected	phonetic	0.5	Biblical_David		"שמעתי מהרב דקהלתינו שהי׳ בק""ק מיקאלאייב שני חסידים ושמם של שניהם ר׳ דוד אחד היה זקן שהכרנו
                    אותו ואחד מת בבחרותו פ""א נסעו בדרך עם הבעש״ט
                    שאלו אותו ואמרו רבינו אמ"				
הדרניאל	1	Shivei-Habesht2024-12-15_corrected	no_match	0.0			"גם שמעתי מהרב הנ""ל שראה הבעש״ט את
                    המלאך הדרניאל שהוא מלאך שני שפגע מרע""ה בעליתו
                        בהר סיני כאמור בזוהר הקדוש :"				
כם השיב	1	Shivei-Habesht2024-12-15_corrected	no_match	0.0			"שמעתי מבן הצדיק ר׳ חיים קראסנער ז""ל שפ""א ביקש ר׳ חיים הנ""ל מהבעש״ט ז""ל שיזכור את שמו ושם אשתו להתפלל עבורם אמר
                    לו הבעש״ט ובמה אזכור את שמיכם השיבלו ר׳ חיים ז""ל אנח סימנא חיים בן רח"				
טובלי'	1	Shivei-Habesht2024-12-15_corrected	no_match	0.0			"הסוף של הדירזאווצעס שמעתי מר' יצחק אייזיק ז""ל כך הדוכס של סלוצק הי' ראדזוויל
                    ולווה מהם סך מעות ולא יכלו לגבות ממנו ויראו פן יבקש מהם עוד סך מעות בהלוואה ועלה
                    בד"				
טובלע	1	Shivei-Habesht2024-12-15_corrected	no_match	0.0			"הסוף של הדירזאווצעס שמעתי מר' יצחק אייזיק ז""ל כך הדוכס של סלוצק הי' ראדזוויל
                    ולווה מהם סך מעות ולא יכלו לגבות ממנו ויראו פן יבקש מהם עוד סך מעות בהלוואה ועלה
                    בד"				
"מוהר""ן ישראל"	1	Shivei-Habesht2024-12-15_corrected	no_match	0.0			"הרב מ׳ נחמן קאסווער היה מתנגד להבעש״ט (ושמעתי שהבש״ט הי' מנשמת דהע""ה והרב מוהרן מנשמת
                        שאול המלך ע""ה גלל כן הי׳ עיון את דוד כל הימים) פעם א׳
                    אמר הבעש""ט הרב מ"				
"שניאור זלמן
                  מלאדי"	1	Shivhei-Harav2024-10-29	phonetic	0.6	Tsadik_027.001		"והמה קצות דרכי ושבחי רבינו הקדוש הגאון
               הישיש האלקי ר׳ שניאור זלמן
                  מלאדי זצוק""ל בעהמ״ח
               ספר התניא והשו״ע : אפס קצהו תראה מהקורות
               אתו במאסר "				
יהודה גרשון	1	Shivhei-Harav2024-10-29	name_exact	0.85	Tsadik_012.048		"והמה קצות דרכי ושבחי רבינו הקדוש הגאון
               הישיש האלקי ר׳ שניאור זלמן
                  מלאדי זצוק""ל בעהמ״ח
               ספר התניא והשו״ע : אפס קצהו תראה מהקורות
               אתו במאסר "				
זלמן מלאדי	1	Shivhei-Harav2024-10-29	phonetic	0.545	Tsadik_027.001		"אמר הכותב מנעורי נתגדלתי בין החכמים והחסידים אשר
                        הסתופפו בצל קדושת רבינו הקדוש הגאון הישיש
                        ר""ש זלמן מלאדי זצוק""ל ותלמידיו ומדי שנה בשנה ביום י״ט כסליו א"				
"שלום בן
                           המלאך"	1	Shivhei-Harav2024-10-29	name_exact	1.0	Tsadik_002.003		"תורה : ולזה כוונו באמרם ז״ל אורייתא וישראל כולא חד רצונם כי הת״ח
                        האמיתים ההוגים בתורת ה׳ יומם ולילה וכל מחשבותיהם וכל עניניהם
                        היא רק בהתורה ומתקשרים בה "				
"הק' בעהמ""ח ספר התניא והשו""ע ז""ל"	1	Shivhei-Harav2024-10-29	no_match	0.0			"בעזה""י נחל לספר אפס קצהו מגדולת רבינו הגאון הק' בעהמ""ח ספר התניא והשו""ע ז""ל נבג״מ זי""ע
               ועכ״י אמן :"				
"אליהו
                     מוילנא"	1	Shivhei-Harav2024-10-29	no_match	0.0			"איש הי' בארץ רוסי׳ הלבינה בעיר לאזנע
               ושמו ר' ברוך ויוליד האיש לעת זקנתו שני בנים ויקרא שם האחד
                  שניאור זלמן ושם השני קרא
                  יהודא ליב וכאשר גדלו הנערים ר"	H-LOC_175			
"האבדק""ק בארדיטשוב"	1	Shivhei-Harav2024-10-29	no_match	0.0			"איש הי' בארץ רוסי׳ הלבינה בעיר לאזנע
               ושמו ר' ברוך ויוליד האיש לעת זקנתו שני בנים ויקרא שם האחד
                  שניאור זלמן ושם השני קרא
                  יהודא ליב וכאשר גדלו הנערים ר"	H-LOC_134			
בת הבעש״ט מרת אדל	1	Shivhei-Harav2024-10-29	phonetic	0.421	Tsadik_001.001		"איש הי' בארץ רוסי׳ הלבינה בעיר לאזנע
               ושמו ר' ברוך ויוליד האיש לעת זקנתו שני בנים ויקרא שם האחד
                  שניאור זלמן ושם השני קרא
                  יהודא ליב וכאשר גדלו הנערים ר"				
זעליחאב	1	Shivhei-Harav2024-10-29	no_match	0.0			"איש הי' בארץ רוסי׳ הלבינה בעיר לאזנע
               ושמו ר' ברוך ויוליד האיש לעת זקנתו שני בנים ויקרא שם האחד
                  שניאור זלמן ושם השני קרא
                  יהודא ליב וכאשר גדלו הנערים ר"				
"הגאון האב""ד מבא"	1	Shivhei-Harav2024-10-29	no_match	0.0			"איש הי' בארץ רוסי׳ הלבינה בעיר לאזנע
               ושמו ר' ברוך ויוליד האיש לעת זקנתו שני בנים ויקרא שם האחד
                  שניאור זלמן ושם השני קרא
                  יהודא ליב וכאשר גדלו הנערים ר"				
ק׳ ר׳ שלמה מקארלין	1	Shivhei-Harav2024-10-29	phonetic	0.833	Tsadik_034.001		"איש הי' בארץ רוסי׳ הלבינה בעיר לאזנע
               ושמו ר' ברוך ויוליד האיש לעת זקנתו שני בנים ויקרא שם האחד
                  שניאור זלמן ושם השני קרא
                  יהודא ליב וכאשר גדלו הנערים ר"	H-LOC_4			
נע	1	Shivhei-Harav2024-10-29	no_match	0.0			"איש הי' בארץ רוסי׳ הלבינה בעיר לאזנע
               ושמו ר' ברוך ויוליד האיש לעת זקנתו שני בנים ויקרא שם האחד
                  שניאור זלמן ושם השני קרא
                  יהודא ליב וכאשר גדלו הנערים ר"				
הקייזער פאויל	1	Shivhei-Harav2024-10-29	no_match	0.0			"אביגדור הנ""ל נסע לווילנא
               להחם לבב העם בהראותו המכתב אשר כתב הרב הק׳ על הגאון (אשר לא רצה לקבל דבריהם ולא
               להסתכל בהם מחמת המלשינות שהי' עוד בימי הה״מ הגדול וע״כ האמין
    "				
ליב מיאנעוויטש	1	Shivhei-Harav2024-10-29	name_exact	0.85	Tsadik_012.048		"ויהי כאשר בא הסרדיוט עם האנ״ח (זאנדארין)
                  ללאזנע והבינו כל אנשי העיר כי עבור הרב נוסע הוא והודיעו
               להרב כי אנשי חייל נוסעים אחריו והרב היה לבוש תפילין אז ופתח החלון והסת"	H-LOC_554			
"ליב בעהמ""ח ספר שארית
                     יהודא"	1	Shivhei-Harav2024-10-29	name_exact	0.85	Tsadik_012.048		"ויהי כאשר בא הסרדיוט עם האנ״ח (זאנדארין)
                  ללאזנע והבינו כל אנשי העיר כי עבור הרב נוסע הוא והודיעו
               להרב כי אנשי חייל נוסעים אחריו והרב היה לבוש תפילין אז ופתח החלון והסת"				
שאול מסיראטשינע	1	Shivhei-Harav2024-10-29	no_match	0.0			"עתה נניח מעט מלספר מעשי האיש בווילנא ונדבר
               מעט מסיפור הטיינע סאוויעט ואת אשר קרה שם עם הרב תיכף כאשר לקחו את הרב למאסר נסע
               תלמידו הקדוש ר׳ אהרן הלוי זצ״ל לאסוף מעות עבורו"				
"הקייזער
                  פאויל"	1	Shivhei-Harav2024-10-29	no_match	0.0			"עתה נניח מעט מלספר מעשי האיש בווילנא ונדבר
               מעט מסיפור הטיינע סאוויעט ואת אשר קרה שם עם הרב תיכף כאשר לקחו את הרב למאסר נסע
               תלמידו הקדוש ר׳ אהרן הלוי זצ״ל לאסוף מעות עבורו"				
הרב המגי	1	Shivhei-Harav2024-10-29	no_match	0.0			"פעם אחד בא אליו הר""ש הנ""ל בחג השבועות וירא והנה קאחיל אחת
               מהתנור רועדת וגם הכסא אשר ישב עליה הרב רועדת וישאל הר״ש את הרב
               מה זאת ויאמר לו הרב כי היום היה אצלי הבעש""ט הקדוש"				
הר״המ	1	Shivhei-Harav2024-10-29	name_exact	0.95	Tsadik_002.001		"עתה נחזור לספר את אשר קרה עם רבי ליב יאנוויטשער אשר נסע בפקודת
               הרב לווילנא : האיש הזה בנסעו
                  מפ""ב נפל בדעתו לשנות הקשר של תפילין שלו שהיה עפ""י דעת הרב
               וה"				
"הגאון
                  החסיד"	1	Shivhei-Harav2024-10-29	no_match	0.0			"עתה נחזור לספר את אשר קרה עם רבי ליב יאנוויטשער אשר נסע בפקודת
               הרב לווילנא : האיש הזה בנסעו
                  מפ""ב נפל בדעתו לשנות הקשר של תפילין שלו שהיה עפ""י דעת הרב
               וה"				
"הקיסר
                  פאוויל"	1	Shivhei-Harav2024-10-29	no_match	0.0			"וביום שמונה עשרה לחודש
                  להודש כסליו לפנות ערב בעת אשר הרב אמר תהלי׳ והגיע לפסוק פדה בשלום
                  נפשי הגיע לו הפקודה כי נעשה חפשי ויצא מהמאסר וכה כתב הרב באגרתו לאנשי
     "				
"הרב
                     מסטאלין"	1	Shivhei-Harav2024-10-29	phonetic	0.556	Tsadik_016.003		"וביום שמונה עשרה לחודש
                  להודש כסליו לפנות ערב בעת אשר הרב אמר תהלי׳ והגיע לפסוק פדה בשלום
                  נפשי הגיע לו הפקודה כי נעשה חפשי ויצא מהמאסר וכה כתב הרב באגרתו לאנשי
     "	H-LOC_654			
הקייסער פאוויל	1	Shivhei-Harav2024-10-29	no_match	0.0			"וביום שמונה עשרה לחודש
                  להודש כסליו לפנות ערב בעת אשר הרב אמר תהלי׳ והגיע לפסוק פדה בשלום
                  נפשי הגיע לו הפקודה כי נעשה חפשי ויצא מהמאסר וכה כתב הרב באגרתו לאנשי
     "				
הקיסער פאוויל	1	Shivhei-Harav2024-10-29	no_match	0.0			"וביום שמונה עשרה לחודש
                  להודש כסליו לפנות ערב בעת אשר הרב אמר תהלי׳ והגיע לפסוק פדה בשלום
                  נפשי הגיע לו הפקודה כי נעשה חפשי ויצא מהמאסר וכה כתב הרב באגרתו לאנשי
     "				
"הקייסר
                  פאוויל"	1	Shivhei-Harav2024-10-29	no_match	0.0			"וביום שמונה עשרה לחודש
                  להודש כסליו לפנות ערב בעת אשר הרב אמר תהלי׳ והגיע לפסוק פדה בשלום
                  נפשי הגיע לו הפקודה כי נעשה חפשי ויצא מהמאסר וכה כתב הרב באגרתו לאנשי
     "				
הקייסער אלכסנדר	1	Shivhei-Harav2024-10-29	no_match	0.0			"וביום שמונה עשרה לחודש
                  להודש כסליו לפנות ערב בעת אשר הרב אמר תהלי׳ והגיע לפסוק פדה בשלום
                  נפשי הגיע לו הפקודה כי נעשה חפשי ויצא מהמאסר וכה כתב הרב באגרתו לאנשי
     "				
הקיסר אלכסנדר	1	Shivhei-Harav2024-10-29	no_match	0.0			"וביום שמונה עשרה לחודש
                  להודש כסליו לפנות ערב בעת אשר הרב אמר תהלי׳ והגיע לפסוק פדה בשלום
                  נפשי הגיע לו הפקודה כי נעשה חפשי ויצא מהמאסר וכה כתב הרב באגרתו לאנשי
     "				
"הקיסר
                  נקולי"	1	Shivhei-Harav2024-10-29	no_match	0.0			"וביום שמונה עשרה לחודש
                  להודש כסליו לפנות ערב בעת אשר הרב אמר תהלי׳ והגיע לפסוק פדה בשלום
                  נפשי הגיע לו הפקודה כי נעשה חפשי ויצא מהמאסר וכה כתב הרב באגרתו לאנשי
     "				
"מרדכי
                  מלעחוויץ"	1	Shivhei-Harav2024-10-29	name_exact	0.95	Tsadik_045.001		"וביום שמונה עשרה לחודש
                  להודש כסליו לפנות ערב בעת אשר הרב אמר תהלי׳ והגיע לפסוק פדה בשלום
                  נפשי הגיע לו הפקודה כי נעשה חפשי ויצא מהמאסר וכה כתב הרב באגרתו לאנשי
     "				
אביגדודאביגדור	1	Shivhei-Harav2024-10-29	no_match	0.0			"וביום שמונה עשרה לחודש
                  להודש כסליו לפנות ערב בעת אשר הרב אמר תהלי׳ והגיע לפסוק פדה בשלום
                  נפשי הגיע לו הפקודה כי נעשה חפשי ויצא מהמאסר וכה כתב הרב באגרתו לאנשי
     "				
פנחס רוזעש משקלאב	1	Shivhei-Harav2024-10-29	no_match	0.0			"פעם אחת בא ר' סענדר מתלמידי הגאון מווילנא על אסיפת למאהליב
                  דרוסיא וישלח לצוות להרב שישלח גם הוא אחד מאנשים כי כמה פעמים הרעיש ר'
                  סענדר הנ""ל באסיפות ובויכוחים נגד הר"	H-LOC_106			
נחום מטשארנאביל	1	Shivhei-Harav2024-10-29	name_exact	0.95	Tsadik_014.001		"פעם אחת בא ר' סענדר מתלמידי הגאון מווילנא על אסיפת למאהליב
                  דרוסיא וישלח לצוות להרב שישלח גם הוא אחד מאנשים כי כמה פעמים הרעיש ר'
                  סענדר הנ""ל באסיפות ובויכוחים נגד הר"	H-LOC_31			
אהרן משטראשעלע	1	Shivhei-Harav2024-10-29	phonetic	0.611	Tsadik_046.001		"ויהי בשנת תקע""א בעת אשר היה מלחמת
               הצרפתים עם הרוסים התפלל רבינו בשלום המלכות כי לא אבה שיכנסו הצרפתים לרוסיא כי אמר אם יהיה מדינת
                  רוסיא תחת ממשלתו הצפרתים תתרבה האפיקו"	H-LOC_628			
"ישעיה
                  בעהמ""ח ספר השל""ה הקדוש"	1	Shivhei-Harav2024-10-29	no_match	0.0			"ויהי אחרי פטירת רבינו הקדוש מלאו מקומו הני תרי צנתרי דדהבא ה""ה הרב הקדוש האלקי מוה׳
                  אהרן בר׳ משה הלוי הורוויץ נצר מגזע הרב הק׳ ר׳ ישעיה
                  בעהמ""ח ספר השל""ה הקדוש והשני"				
"הררא""ה"	1	Shivhei-Harav2024-10-29	name_exact	0.95	Tsadik_046.001		"ויהי אחרי פטירת רבינו הקדוש מלאו מקומו הני תרי צנתרי דדהבא ה""ה הרב הקדוש האלקי מוה׳
                  אהרן בר׳ משה הלוי הורוויץ נצר מגזע הרב הק׳ ר׳ ישעיה
                  בעהמ""ח ספר השל""ה הקדוש והשני"				
המגיד הגדול דמעזריטש	1	Shivhei-Harav2024-10-29	phonetic	0.6	Tsadik_002.001		"ויהי אחרי פטירת רבינו הקדוש מלאו מקומו הני תרי צנתרי דדהבא ה""ה הרב הקדוש האלקי מוה׳
                  אהרן בר׳ משה הלוי הורוויץ נצר מגזע הרב הק׳ ר׳ ישעיה
                  בעהמ""ח ספר השל""ה הקדוש והשני"				
משה מנאיימיל	1	Shivhei-Harav2024-10-29	phonetic	0.5	Biblical_Moses		"ויהי אחרי פטירת רבינו הקדוש מלאו מקומו הני תרי צנתרי דדהבא ה""ה הרב הקדוש האלקי מוה׳
                  אהרן בר׳ משה הלוי הורוויץ נצר מגזע הרב הק׳ ר׳ ישעיה
                  בעהמ""ח ספר השל""ה הקדוש והשני"				
"משה חתן ר׳
                  זאב ציפעס"	1	Shivhei-Harav2024-10-29	no_match	0.0			"ויהי אחרי פטירת רבינו הקדוש מלאו מקומו הני תרי צנתרי דדהבא ה""ה הרב הקדוש האלקי מוה׳
                  אהרן בר׳ משה הלוי הורוויץ נצר מגזע הרב הק׳ ר׳ ישעיה
                  בעהמ""ח ספר השל""ה הקדוש והשני"				
"ישראל
                  יוסף"	1	Shivhei-Harav2024-10-29	no_match	0.0			"ויהי אחרי פטירת רבינו הקדוש מלאו מקומו הני תרי צנתרי דדהבא ה""ה הרב הקדוש האלקי מוה׳
                  אהרן בר׳ משה הלוי הורוויץ נצר מגזע הרב הק׳ ר׳ ישעיה
                  בעהמ""ח ספר השל""ה הקדוש והשני"				
"אברהם שיינעס
                     משקלאב"	1	Shivhei-Harav2024-10-29	no_match	0.0			"ויהי אחרי פטירת רבינו הקדוש מלאו מקומו הני תרי צנתרי דדהבא ה""ה הרב הקדוש האלקי מוה׳
                  אהרן בר׳ משה הלוי הורוויץ נצר מגזע הרב הק׳ ר׳ ישעיה
                  בעהמ""ח ספר השל""ה הקדוש והשני"	H-LOC_106			
י ר	1	Shivhei-Harav2024-10-29	no_match	0.0			"ויהי אחרי פטירת רבינו הקדוש מלאו מקומו הני תרי צנתרי דדהבא ה""ה הרב הקדוש האלקי מוה׳
                  אהרן בר׳ משה הלוי הורוויץ נצר מגזע הרב הק׳ ר׳ ישעיה
                  בעהמ""ח ספר השל""ה הקדוש והשני"				
ם ר	1	Shivhei-Harav2024-10-29	no_match	0.0			"ויהי אחרי פטירת רבינו הקדוש מלאו מקומו הני תרי צנתרי דדהבא ה""ה הרב הקדוש האלקי מוה׳
                  אהרן בר׳ משה הלוי הורוויץ נצר מגזע הרב הק׳ ר׳ ישעיה
                  בעהמ""ח ספר השל""ה הקדוש והשני"				
קדוש מו	1	Shivhei-Harav2024-10-29	phonetic	0.444	Tsadik_043.003		"ויהי אחרי פטירת רבינו הקדוש מלאו מקומו הני תרי צנתרי דדהבא ה""ה הרב הקדוש האלקי מוה׳
                  אהרן בר׳ משה הלוי הורוויץ נצר מגזע הרב הק׳ ר׳ ישעיה
                  בעהמ""ח ספר השל""ה הקדוש והשני"				
ו ר	1	Shivhei-Harav2024-10-29	no_match	0.0			"ויהי אחרי פטירת רבינו הקדוש מלאו מקומו הני תרי צנתרי דדהבא ה""ה הרב הקדוש האלקי מוה׳
                  אהרן בר׳ משה הלוי הורוויץ נצר מגזע הרב הק׳ ר׳ ישעיה
                  בעהמ""ח ספר השל""ה הקדוש והשני"				
הסולטאן	1	Shivhei-Harav2024-10-29_corrected	no_match	0.0			"אביגדור הנ""ל נסע לווילנא
               להחם לבב העם בהראותו המכתב אשר כתב הרב הק׳ על הגאון (אשר לא רצה לקבל דבריהם ולא
               להסתכל בהם מחמת המלשינות שהי' עוד בימי הה״מ הגדול וע״כ האמין
    "				
ניקולי	1	Shivhei-Harav2024-10-29_corrected	no_match	0.0			"ויהי כאשר הוקל מעליו מעט המלשינות אשר הלשינו עליו שלח כמה פעמים
                  הקייזער אחריו להיכלו. ונסה ובחן אותו בכל החכמות פעם א׳ שלח
               וקשר עיניו במטפחת והביאו להיכלו וביקש ממנו ש"				
זלמינקע	1	Shivhei-Harav2024-10-29_corrected	name_exact	0.95	Tsadik_027.001		"אחרי כן שם הרב פעמיו למעזריטש ושם היה צנוע מאוד במעשיו ולא
               היה ניכר בפניו שום הכירות כי הוא בר אוריין והיה שוקד על לימודו בחכמת האלקית יום ולילה
               גם סיים שם הלכה פסוקה על "				
פנחס רוזעש	1	Shivhei-Harav2024-10-29_corrected	no_match	0.0			"פעם אחת בא ר' סענדר מתלמידי הגאון מ על אסיפת לווילנאמאהליב
                  דרוסיא וישלח לצוות להרב שישלח גם הוא אחד מאנשים כי כמה פעמים הרעיש ר'
                  סענדר הנ""ל באסיפות ובויכוחים נגד הר"				
זאב ציפעס	1	Shivhei-Harav2024-10-29_corrected	phonetic	0.4	Tsadik_012.039		"ויהי אחרי פטירת רבינו הקדוש מלאו מקומו הני תרי צנתרי דדהבא ה""ה הרב הקדוש האלקי מוה׳
                  אהרן בר׳ משה הלוי הורוויץ נצר מגזע הרב הק׳ ר׳ ישעיה
                  בעהמ""ח  והשני היה בנו הרב הק"				
אברהם שיינעס	1	Shivhei-Harav2024-10-29_corrected	no_match	0.0			"ויהי אחרי פטירת רבינו הקדוש מלאו מקומו הני תרי צנתרי דדהבא ה""ה הרב הקדוש האלקי מוה׳
                  אהרן בר׳ משה הלוי הורוויץ נצר מגזע הרב הק׳ ר׳ ישעיה
                  בעהמ""ח  והשני היה בנו הרב הק"				
"דוב
				בעריש"	1	Shlosha-edrei-zon2025-11-28	phonetic	0.385	Tsadik_002.001		"ספורי מעשות. נוראות ונפלאות, מפנינים יקרות .
				הי׳ תורות בו נשמעות. משלשה גדולי עולם
				ה""ה הצדיק הגאון מו""ר מו""ה שלמה אב״דק קרשאנוב
				ואדומו״ר הצדיק ועניו מו""ה דוב
				בעריש דק""ק אושפצין והג׳ עו"				
אריה ליביש	1	Shlosha-edrei-zon2025-11-28	no_match	0.0			"ספורי מעשות. נוראות ונפלאות, מפנינים יקרות .
				הי׳ תורות בו נשמעות. משלשה גדולי עולם
				ה""ה הצדיק הגאון מו""ר מו""ה שלמה אב״דק קרשאנוב
				ואדומו״ר הצדיק ועניו מו""ה דוב
				בעריש דק""ק אושפצין והג׳ עו"				
מנחם מגלי סופר מק׳ אושפצין	1	Shlosha-edrei-zon2025-11-28	no_match	0.0			"הובא לבית הדפוס ע""י זעירא דמן חבריא
				משיורי הרה״ג הרבני החסיד מו״ה
				מנחם מגלי סופר מק׳ אושפצין
				ונע״ע בעיר מאקוי."				
משה פרענקעל	1	Shlosha-edrei-zon2025-11-28	phonetic	0.5	Biblical_Moses		"מודעה שחיברו ה""ה מוח""ז הרבני המופלא צדיק תמים עובד
				ה׳ כל הימים ונתגדל בין החכמים ושימש צדיקים
				רבים למד ולימד יראת שמים כ״ש מוה׳ מנחם מגלי סופר ז""ל
				והתאמץ חתנו הרבני מוה׳ משה שו״ב להדפיסו ו"				
"מו""ה שמעלקי"	1	Shlosha-edrei-zon2025-11-28	name_exact	0.95	Tsadik_017.003		"ישתבח הבורא ויתפאר היוצר שברא לעולמו מנהיגים
			העולם דור ודור בשבילם אמונה רחבה ידיעה הרבה
			בפנימית התורה בנגלה ובנסתר והעולם כלו בשביל ישראל ובשביל
			התורה על תנאי כשיקבלו ישראל את התורה ובכל דור"				
"אריה
			ליבוש"	1	Shlosha-edrei-zon2025-11-28	no_match	0.0			"ישתבח הבורא ויתפאר היוצר שברא לעולמו מנהיגים
			העולם דור ודור בשבילם אמונה רחבה ידיעה הרבה
			בפנימית התורה בנגלה ובנסתר והעולם כלו בשביל ישראל ובשביל
			התורה על תנאי כשיקבלו ישראל את התורה ובכל דור"				
"מנחם בן
		
		יהודה
		
	
			יהודה"	1	Shlosha-edrei-zon2025-11-28	phonetic	0.545	tempH-41		"ישתבח הבורא ויתפאר היוצר שברא לעולמו מנהיגים
			העולם דור ודור בשבילם אמונה רחבה ידיעה הרבה
			בפנימית התורה בנגלה ובנסתר והעולם כלו בשביל ישראל ובשביל
			התורה על תנאי כשיקבלו ישראל את התורה ובכל דור"				
שלמה דוב אריה	1	Shlosha-edrei-zon2025-11-28	no_match	0.0			"ישתבח הבורא ויתפאר היוצר שברא לעולמו מנהיגים
			העולם דור ודור בשבילם אמונה רחבה ידיעה הרבה
			בפנימית התורה בנגלה ובנסתר והעולם כלו בשביל ישראל ובשביל
			התורה על תנאי כשיקבלו ישראל את התורה ובכל דור"				
"יעק עלי
					זאטורר"	1	Shlosha-edrei-zon2025-11-28	no_match	0.0			"מעשה נפלאה חדשה מובאת בעז""ה עתה אתחיל לספר ראשית
					התקרבותי אל הצדיקים ההם כי כאשר גמרתי הלימוד
					מלאכת סת״מ בק' בריגיל נחני ה׳ דרך עיר יענדרחויף וכתבתי
					שמה כמה ס""ת ושם נתקשרתי בעבותות התנא"				
יענדרחוף	1	Shlosha-edrei-zon2025-11-28	no_match	0.0			"ואז כשהי' הרב ביענדרחוף היו שם ב׳ אחים א' הי' ראש הקהל ושמו
					ר׳ אייזק אונגר ואחיו שמו ר' משה. ור' משה היה אז כבן ששים
					וביום א׳ בא ר' משה ג""כ אל הרב בתוך הבאים והרב היה מדבר
					ד״ת וי״ש כדרכ"				
פר פיהרער	1	Shlosha-edrei-zon2025-11-28	no_match	0.0			"הנה אספר לכם מעשה אשר ראיתי בעיני ושמעתי באזני :
					וזאת כי בערך חצי מיל מיענדרחויף בכפר ישב שם יהודי
					א' והיה עני גדול וקיבל את העניות באהבה רבה כי היה י״ש
					מאוד והיה קצר קומה והיו מלבושיו "				
דס	1	Shlosha-edrei-zon2025-11-28	no_match	0.0			"הנה אספר לכם מעשה אשר ראיתי בעיני ושמעתי באזני :
					וזאת כי בערך חצי מיל מיענדרחויף בכפר ישב שם יהודי
					א' והיה עני גדול וקיבל את העניות באהבה רבה כי היה י״ש
					מאוד והיה קצר קומה והיו מלבושיו "				
יודל	1	Shlosha-edrei-zon2025-11-28	name_exact	0.95	Tsadik_012.048		"הנה אספר לכם מעשה אשר ראיתי בעיני ושמעתי באזני :
					וזאת כי בערך חצי מיל מיענדרחויף בכפר ישב שם יהודי
					א' והיה עני גדול וקיבל את העניות באהבה רבה כי היה י״ש
					מאוד והיה קצר קומה והיו מלבושיו "				
"מ'
					אלימלך"	1	Shlosha-edrei-zon2025-11-28	phonetic	0.667	Tsadik_019.001		"ידק אז כאשר הרב מקרשאנוב שימש אצל הצדיק הגדול הקדוש מ'
					אלימלך בליזענסק שמעו כי הרב מברדיטשאוו נוסע למקום א׳ והיה
					קרוב ליסע אצלו מליזענסק אמר הרב הק׳ ר' מלך לתלמידיו תסעו
					אליו להקביל פני"				
מרי	1	Shlosha-edrei-zon2025-11-28	no_match	0.0			"עוד סיפר לנו אדומ״ו הרב הק' מ' בעריש כי פ""א בשעת לימוד
					חריפות באו ב׳ אנשים בקרון ועל העגלה הביאו בת
					משוגעת מפרייסין ועמדו עם העגלה לפני בית הרב והיא שכבה
					בקרון קשורה בחבלים ובקשו ממנו ש"				
"ר""ר"	1	Shlosha-edrei-zon2025-11-28	no_match	0.0			"באותו העת נשמע כי הרב הגאון הגדול ר""ר שמעלקי נתמנה
					לניקול שבורג לרב ור""מ אז אמרה לי זו' שאסע לכ״ש
					ללמוד תורה ושמעתי לדברי׳ ונסעתי לנ""ש וכשבאתי אליו קיבל
					אותי בספ״י ואמר לי כי באתי אליו "				
שבורג	1	Shlosha-edrei-zon2025-11-28	no_match	0.0			"באותו העת נשמע כי הרב הגאון הגדול ר""ר שמעלקי נתמנה
					לניקול שבורג לרב ור""מ אז אמרה לי זו' שאסע לכ״ש
					ללמוד תורה ושמעתי לדברי׳ ונסעתי לנ""ש וכשבאתי אליו קיבל
					אותי בספ״י ואמר לי כי באתי אליו "				
"יעקב
					יצחק"	1	Shlosha-edrei-zon2025-11-28	phonetic	0.5	tempH-116		"בעת ההוא כאשר באתי לנ""ש היה שם הרב הק' מ׳ יעקב
					יצחק אשר נעשה אחר כמה שנים ר׳ בלובלין והוא הי'
					מילידי לאנצוט והי' ג״כ ב׳ שנים אחר הנשואין והיה יושב בישיבה
					בשפל מקום לא שאל כלל כמו שאר בח"				
' מקרשאנוב	1	Shlosha-edrei-zon2025-11-28	no_match	0.0			"הנה סיפר לי מו""ר ר' בעריש כי בימי חורפו כאשר היה בן
					עשרים שנה התחיל רבו הרב הק' מקרשאנוב להפציר בו
					שיאמר תורה על השלחן בשבת ברבים אך אנכי לא שמעתי אליו
					בשום אופן כמבואר בש""ע במקום שיש ח"	H-LOC_36			
הק׳ מקרשאנוב	1	Shlosha-edrei-zon2025-11-28	phonetic	0.5	Tsadik_002.001		"ועתה אני אספר גודל השגה אשר היה להרב הק' ר' בעריש
					כי הרב הק׳ מקרשאנוב נפ' בש""ט ל""ג בעומר תקפ""ח
					וכמו שנה מקדם נפל למשכב לא היה יכול לישב על השלחן אפי'
					בשבת רק לפעמים ודרכו של הרב הק' ר' "	H-LOC_36			
לולא	1	Shlosha-edrei-zon2025-11-28	no_match	0.0			"שהיה לו הרבה מאד וקרא אותם והניחם על קברו ואח״כ הלך
					בחזרה בהשתחויה לחוץ וכאשר בא לחוץ נתנו לו מים לרחוץ את
					ידיו ואמר באם לא היה יצטרך לילך בין קברים אחרים לא הי׳ נוטל
					ידיו לרחוץ כי קברי"				
"אדומ""ר"	1	Shlosha-edrei-zon2025-11-28	no_match	0.0			"שהיה לו הרבה מאד וקרא אותם והניחם על קברו ואח״כ הלך
					בחזרה בהשתחויה לחוץ וכאשר בא לחוץ נתנו לו מים לרחוץ את
					ידיו ואמר באם לא היה יצטרך לילך בין קברים אחרים לא הי׳ נוטל
					ידיו לרחוץ כי קברי"				
מע׳	1	Shlosha-edrei-zon2025-11-28	no_match	0.0			"ומוכרח אנכי להקדים למע' כמה הקדמות. ראשית מבואר
					בגמ׳ הק' הכל תלוי במזל אפי' ס""ת שבהיכל מרמז
					הגמ׳ הצדיק הדור שאינו מפורסם הוא מזל גדול לפניו כי הצדיק
					הדור משפיע על הדור כל מיני השפעות בכ"				
פרחי	1	Shlosha-edrei-zon2025-11-28	no_match	0.0			"נגזר עליו בזה ר""ה ענין סכנת נפשות לכן ילך אליו ויאמר
					לו בשם גדול הדור אשר היה בר""ה זה באושפצין והוא שלח
					את מע' אליו לאמר לו כי בכל יום ויום אחר רחיצת שחרית
					כשיקים מן מטתו יפריש מעות לנד"				
לאושפצין	1	Shlosha-edrei-zon2025-11-28	no_match	0.0			"לו זמן מעל״ע והזהיר לו לאמר שלא ימתין יותר כי הוא בסכנה
					גדולה פן יבא בעד כל היד והבטיח לו כי ממחרתו יבא אליו
					לפלעס. וכאשר בא להרב לאושפצין וסיפר לו את כל דברי הרופא
					ציוה למשרתו להתיר לו"				
׳ בער ממעזריטש	1	Shlosha-edrei-zon2025-11-28	phonetic	0.6	Tsadik_002.001		"לו זמן מעל״ע והזהיר לו לאמר שלא ימתין יותר כי הוא בסכנה
					גדולה פן יבא בעד כל היד והבטיח לו כי ממחרתו יבא אליו
					לפלעס. וכאשר בא להרב לאושפצין וסיפר לו את כל דברי הרופא
					ציוה למשרתו להתיר לו"				
אלט ברויען	1	Shlosha-edrei-zon2025-11-28	no_match	0.0			"ועתה אספר לכם מה שנעשה מעשה נפלא ע״י מעשה זו
					מקום יש בפרייסין ושמו אלט ברויען והיה יומא דשוקא
					ובא הקצב הנ""ל ג""כ על השוק לקנות בהמות וראה הנגידים"				
א'	1	Shlosha-edrei-zon2025-11-28	no_match	0.0			"עומדים יחד ונגיד א' מגלייוויץ שמו ר' מיכל ביראווער ור' מיכל
					בכה מאוד לפניהם ונכמרו רחמיו של הקצב הנ""ל על בכייתו כי
					הכיר אותו לנגיד גדול ורצה לידע מה זאת ורמז לו בידיו שילך
					עמו לצד אחר ו"				
ליצטאציאן	1	Shlosha-edrei-zon2025-11-28	no_match	0.0			"עומדים יחד ונגיד א' מגלייוויץ שמו ר' מיכל ביראווער ור' מיכל
					בכה מאוד לפניהם ונכמרו רחמיו של הקצב הנ""ל על בכייתו כי
					הכיר אותו לנגיד גדול ורצה לידע מה זאת ורמז לו בידיו שילך
					עמו לצד אחר ו"				
הראק	1	Shlosha-edrei-zon2025-11-28	no_match	0.0			"עומדים יחד ונגיד א' מגלייוויץ שמו ר' מיכל ביראווער ור' מיכל
					בכה מאוד לפניהם ונכמרו רחמיו של הקצב הנ""ל על בכייתו כי
					הכיר אותו לנגיד גדול ורצה לידע מה זאת ורמז לו בידיו שילך
					עמו לצד אחר ו"				
עריש פרומר	1	Shlosha-edrei-zon2025-11-28	no_match	0.0			"ולא יהי' לך תמיה כי אני אכתוב דברים כמו נביאות דע כי לא
					נביא אני ולא בן נביא רק אדומו""ר היה הרב הגאון מקרשאנוב
					הבטיח לי כל אשר יצא מפי יקיים הש״י ולא משלי הוא הק'
					בעריש פרומר ע״כ האגרת "				
פאפירס	1	Shlosha-edrei-zon2025-11-28	no_match	0.0			"השליח בא עם המכתב והוא לא הי׳ יכול לקרותו הלך
					אל הרב דשם והראהו האגרת אז התחיל הרב
					להתלוצץ כדרך הלצים פולישע פאפירס ור' מיכל התבייש מאד
					ולקח המכתב והלך בפחי נפש והרב הנ""ל הלך מיד על השו"				
"דוד
					ליב"	1	Shlosha-edrei-zon2025-11-28	phonetic	0.5	Biblical_David		"השליח בא עם המכתב והוא לא הי׳ יכול לקרותו הלך
					אל הרב דשם והראהו האגרת אז התחיל הרב
					להתלוצץ כדרך הלצים פולישע פאפירס ור' מיכל התבייש מאד
					ולקח המכתב והלך בפחי נפש והרב הנ""ל הלך מיד על השו"				
"מרים
					ת'"	1	Shlosha-edrei-zon2025-11-28	no_match	0.0			"כאפרכס ותשמע פלאי פלאים איך הצדיקים האמתיים אשר הם
					משלשלת הבעש״ט יודעים הכל מן השמים כי מגלים להם כמ״ש
					בזוהר הק' פ' שמות דף ז' ובשמים אין טעות כלל ולא ספק
					לערך ב׳ או ג׳ שנים אחר נשואין "				
"מהר""ש זצ""ל"	1	Shlosha-edrei-zon2025-11-28	no_match	0.0			"אחר פטירת הרב הק' מלובלין בא חסיד א׳ לקרשאנוב אל
					רבי מהר""ש זצ""ל וישב אצלו איזה שבתים פ""א קרא אותי
					לילך לטייל ואמר לי ראה נא אחי גודל השתנות שנעשה אחר
					פטיר׳ מו״ר מלובלין כי ישבו אנשים על"				
פטיר׳	1	Shlosha-edrei-zon2025-11-28	no_match	0.0			"אחר פטירת הרב הק' מלובלין בא חסיד א׳ לקרשאנוב אל
					רבי מהר""ש זצ""ל וישב אצלו איזה שבתים פ""א קרא אותי
					לילך לטייל ואמר לי ראה נא אחי גודל השתנות שנעשה אחר
					פטיר׳ מו״ר מלובלין כי ישבו אנשים על"				
יצחק אבינו	1	Shlosha-edrei-zon2025-11-28	name_exact	0.95	Biblical_Isaac		"שמעתי דבריו אמרתי לו אני לא ארצה לשמוע חצי דבר רק יאמר
					לי מי ומי הם בפי' אשר עושים כזאת ואמר אני אומר למע""ל יש
					רב א' בשינאווא והוא יושב בכסא רבנות ומתנהג ביד רמה הנשיאות
					יותר מהרב מלובל"				
שמעון מירעסלוב	1	Shlosha-edrei-zon2025-11-28	no_match	0.0			"ועתה אספר לכם החכמה הגדולה אשר ראיתי בהרב מווישניצא
					כי בכל פעם אשר היינו אצלו נתתי לו קוויטל ממ""ו
					ר׳ בעריש וכאשר ראה הקוויטל שלו הניחו על הצד ולא דבר
					מאומה והדבר הוקשה לנו כי אנשי קרשאנ"				
ש״י	1	Shlosha-edrei-zon2025-11-28	no_match	0.0			"ורבי' הלך לפנינו ויהי כבואו אל הדלת נפל עליו פחד גדול
					ונשתנה צורתו ולא היה יכול לפתוח הדלת כי היה מרתת. אז
					שלחתי ידי ופתחתי חצי הדלת ותיכף רץ הרב לקראתו ולקח את
					רבי' בידו ואמר בזה""ל כי "				
גוט	1	Shlosha-edrei-zon2025-11-28	no_match	0.0			"ידענו כי יש להרב פלוגתא במקומו והוא הרגיש תיכף ושאל
					אותנו אם נדע את ר׳ אביש והוא היה הבעל פלוגתא בהסתר
					איך נדע דירתו ואמר כי ידענו ואמר בואו עמי אליו ובבאו
					ברכו גוט אבנד ובדיחא דעתי' ות"				
מאיר מסטאבניץ	1	Shlosha-edrei-zon2025-11-28	no_match	0.0			"ידענו כי יש להרב פלוגתא במקומו והוא הרגיש תיכף ושאל
					אותנו אם נדע את ר׳ אביש והוא היה הבעל פלוגתא בהסתר
					איך נדע דירתו ואמר כי ידענו ואמר בואו עמי אליו ובבאו
					ברכו גוט אבנד ובדיחא דעתי' ות"	H-LOC_193			
"ר'
					בעריש"	1	Shlosha-edrei-zon2025-11-28	no_match	0.0			"ידענו כי יש להרב פלוגתא במקומו והוא הרגיש תיכף ושאל
					אותנו אם נדע את ר׳ אביש והוא היה הבעל פלוגתא בהסתר
					איך נדע דירתו ואמר כי ידענו ואמר בואו עמי אליו ובבאו
					ברכו גוט אבנד ובדיחא דעתי' ות"				
עליווער	1	Shlosha-edrei-zon2025-11-28	no_match	0.0			"ידענו כי יש להרב פלוגתא במקומו והוא הרגיש תיכף ושאל
					אותנו אם נדע את ר׳ אביש והוא היה הבעל פלוגתא בהסתר
					איך נדע דירתו ואמר כי ידענו ואמר בואו עמי אליו ובבאו
					ברכו גוט אבנד ובדיחא דעתי' ות"				
אבד״ק קרשאנוב	1	Shlosha-edrei-zon2025-11-28	no_match	0.0			"ידענו כי יש להרב פלוגתא במקומו והוא הרגיש תיכף ושאל
					אותנו אם נדע את ר׳ אביש והוא היה הבעל פלוגתא בהסתר
					איך נדע דירתו ואמר כי ידענו ואמר בואו עמי אליו ובבאו
					ברכו גוט אבנד ובדיחא דעתי' ות"	H-LOC_36			
׳ אביש	1	Shlosha-edrei-zon2025-11-28	no_match	0.0			"ואמרתי אליו כדברים אלו על מה באתי ענה טוב בני רבו שלו
					אין צריך לעזוב אבל פירושים רבים צריכים הרבה. אני נסעתי
					ג״כ ממורי הק' ר׳ אלימלך עד״ז הכוונה וכאשר שמע ר' אביש
					הדברים האלה נפלו פניו."				
"מהר""י יצחק מפשיסחע"	1	Shlosha-edrei-zon2025-11-28	no_match	0.0			"אח״ז בא הצדיק ר' משה לעליווער בנו דהרב ר׳ דוד וחתן
					מהר""י יצחק מפשיסחע הנק׳ יוד הק' וסיפרתי לו המעש׳
					הזאת ואמר אני מכיר אותו היטיב כי יש לו כל המדריגות אשר
					הי' להרב הק' מ׳ יעקב יצחק מלוב"				
א' מבראד	1	Shlosha-edrei-zon2025-11-28	no_match	0.0			"בקיץ השני נסענו ג״כ עם ר' בעריש לווישניצא וכאשר באנו
					אל ביתו אמר הרב מה זה ועל מה זה מע""כ הטריח
					א""ע לנסוע אלי בשלמא פעם הא׳ התפללתי אל ד' שיתן לו כח
					שיבא אלי יען כי אין בי כח לנסוע על ה"	H-LOC_152			
"מיכלי זצ""ל"	1	Shlosha-edrei-zon2025-11-28	no_match	0.0			"כראוי גם מחויב המלמד לבקש רחמים שיפתח לבו לטהרה ויתן
					לו חכמה ואל הבן אני צועק כ""כ שיבקש רחמים מהש״י שיפתח
					לבו ויתן לו לב בשר לב טהור וכאשר הש""י רואה צער אביו
					שהוא מפזר ממון הרבה ורואה צ"				
בעריש אושפצינר	1	Shlosha-edrei-zon2025-11-28	no_match	0.0			"והחסידים וגם הרבנית מווישניצא סיפרו לי כי מאז אשר
					היה בווישניצא בכל סעודה בין בחול בין בשבת
					סיפר שבחים מר' בעריש אושפצינר בלי שיעור כי רצה לפרסם
					אותו ומאז היו נוסעים לאושפצין מכל המקומו"				
"ברוך
					פרענקיל"	1	Shlosha-edrei-zon2025-11-28	no_match	0.0			"הנה בא לאושפצין דאקטר והתפאר כי הוא תלמיד הרב ר׳ ברוך
					פרענקיל שלמד אצלו ח' שנים ואהב לאמר תורה אך
					היה אפיקורס גדול ולפעמים כאשר היה בין הקרואים על החתונה
					או ברית מילה לא רצה רבי' לשמוע "				
עריש	1	Shlosha-edrei-zon2025-11-28	no_match	0.0			"הנה בא לאושפצין דאקטר והתפאר כי הוא תלמיד הרב ר׳ ברוך
					פרענקיל שלמד אצלו ח' שנים ואהב לאמר תורה אך
					היה אפיקורס גדול ולפעמים כאשר היה בין הקרואים על החתונה
					או ברית מילה לא רצה רבי' לשמוע "				
י'	1	Shlosha-edrei-zon2025-11-28	no_match	0.0			"אחי עתה אגלה את כל לבי כמה גדלה התקשרות עבותות
					האהבה בין הני תרי גברי רבא בחייהם ובמותם לא נפרדו .
					הן הרב מווישניצא לא הלך מדלתי ביתו החוצה רק יושב אהל
					באהלו ש""ת נדבה רוחו אותו לעלות לא"				
המד׳	1	Shlosha-edrei-zon2025-11-28_corrected	no_match	0.0			"ועתה אני אספר גודל השגה אשר היה להרב הק' ר' בעריש
					כי הרב הק׳ מקרשאנוב נפ' בש""ט ל""ג בעומר תקפ""ח
					וכמו שנה מקדם נפל למשכב לא היה יכול לישב על השלחן אפי'
					בשבת רק לפעמים ודרכו של הרב הק' ר' "				
בעריש פרומר	1	Shlosha-edrei-zon2025-11-28_corrected	no_match	0.0			"ולא יהי' לך תמיה כי אני אכתוב דברים כמו נביאות דע כי לא
					נביא אני ולא בן נביא רק אדומו""ר היה הרב הגאון מקרשאנוב
					הבטיח לי כל אשר יצא מפי יקיים הש״י ולא משלי הוא הק'
					בעריש פרומר ע״כ האגרת "				
הענא מרים	1	Shlosha-edrei-zon2025-11-28_corrected	no_match	0.0			"כאפרכס ותשמע פלאי פלאים איך הצדיקים האמתיים אשר הם
					משלשלת הבעש״ יודעים הכל מן השמים כי מגלים להם כמ״ש
					בטזוהר הק' פ' שמות דף ז' ובשמים אין טעות כלל ולא ספק
					לערך ב׳ או ג׳ שנים אחר נשואין "				
"שמעלקי
					מנ""ש"	1	Shlosha-edrei-zon2025-11-28_corrected	phonetic	0.5	Tsadik_017.003		"ועתה אספר לכם החכמה הגדולה אשר ראיתי בהרב מווישניצא
					כי בכל פעם אשר היינו אצלו נתתי לו קוויטל ממ""ו
					ר׳ בעריש וכאשר ראה הקוויטל שלו הניחו על הצד ולא דבר
					מאומה והדבר הוקשה לנו כי אנשי קרשאנ"	H-LOC_66			
מלך מליזענסק	1	Shlosha-edrei-zon2025-11-28_corrected	phonetic	0.769	Tsadik_019.001		"ועתה אספר לכם החכמה הגדולה אשר ראיתי בהרב מווישניצא
					כי בכל פעם אשר היינו אצלו נתתי לו קוויטל ממ""ו
					ר׳ בעריש וכאשר ראה הקוויטל שלו הניחו על הצד ולא דבר
					מאומה והדבר הוקשה לנו כי אנשי קרשאנ"	H-LOC_350			
לעליווער	1	Shlosha-edrei-zon2025-11-28_corrected	no_match	0.0			"ידענו כי יש להרב פלוגתא במקומו והוא הרגיש תיכף ושאל
					אותנו אם נדע את ר׳ אביש והוא היה הבעל פלוגתא בהסתר
					איך נדע דירתו ואמר כי ידענו ואמר בואו עמי אליו ובבאו
					ברכו גוט אבנד ובדיחא דעתי' ות"				
"מהר""י יצחק"	1	Shlosha-edrei-zon2025-11-28_corrected	phonetic	0.444	Tsadik_023.001		"אח״ז בא הצדיק ר' משה לעליווער בנו דהרב ר׳ דוד וחתן
					מהר""י יצחק מ הנק׳ יוד הק' וסיפרתי לו המעש׳
					הזאת ואמר אני מכיר אותו היטיב כי יש לו כל המדריגות אשר
					הי' להרב הק' פשיסחע
                "				
ג׳	1	Shlosha-edrei-zon2025-11-28_corrected	no_match	0.0			"פ""א עוד בתחילת התקרבותי אליו באתי בסעודת שחרית אליו
					בשעת לעיסת המוציא ולקח החלה בידו ואמר ראה
					החלה זו היא מלאך והיהודי חותך את המלאך בחוטמו ולוקח
					היהודי את חתיכת החוטם מן המלאך ההוא בפי"				
משה י'	1	Shlosha-edrei-zon2025-11-28_corrected	phonetic	0.5	Biblical_Moses		"אחי עתה אגלה את כל לבי כמה גדלה התקשרות עבותות
					האהבה בין הני תרי גברי רבא בחייהם ובמותם לא נפרדו .
					הן הרב מווישניצא לא הלך מדלתי ביתו החוצה רק יושב אהל
					באהלו ש""ת נדבה רוחו אותו לעלות לא"				
"מהרמ""י"	1	Shlosha-edrei-zon2025-11-28_corrected	no_match	0.0			"אחי עתה אגלה את כל לבי כמה גדלה התקשרות עבותות
					האהבה בין הני תרי גברי רבא בחייהם ובמותם לא נפרדו .
					הן הרב מווישניצא לא הלך מדלתי ביתו החוצה רק יושב אהל
					באהלו ש""ת נדבה רוחו אותו לעלות לא"				
"בעריל ליב
						נעכעליס"	1	Sipurei-Kdoshim-2025-11-28	no_match	0.0			"לבוב
					בשנת  קנו דברי צדיקים לפ״ק בדפוס של הנגיד מוה׳ בעריל ליב
						נעכעליס
					Sepure Kadoschem Druck und verlag Von B. L. Necheles Lemberg 1866"				
"הר""י הקדוש"	1	Sipurei-Kdoshim-2025-11-28	no_match	0.0			"ולהר""י הקדוש נאמר בחלום באותו מקום פלוני יהי׳ ביום
					המיגבל החתונה. ושהיא ואחותו יסעו להחתונה יסע הר""י לאחותו ואמר לה מז״ט הכיל
					א""ע וניסע לחתונת בנך ומה מאד רבה השמחה אצלה ותשאליהו האם אור עינ"				
אחות הר״י	1	Sipurei-Kdoshim-2025-11-28	no_match	0.0			"הבא ר' אברהם בה״ב ר׳ יצחק בה״ב
					ר׳ יעקב בה״ב ר' משה בה״ב ר׳
						דוד
					ראש משוררים בה״ב ר׳ אליהו ועוד שאר צדיקים אמר להם
					הבה""ב בקול. דוד ראש משוררים ישר בקול נעים זמירות ואחות
					הר""י א"				
"משה
						פשעוורסקע"	1	Sipurei-Kdoshim-2025-11-28	phonetic	0.5	Biblical_Moses		"ויהי כאשר הקריב לבוא למקום פרשת דרכים וירדם הרב ר׳
					זוסיא על העגלה ויישן והרב ר' משה
						פשעוורסקע נוסע לקראתו וישאל להב""עג אנה תיסע עם הרב ר׳
						זיסיא. ויענהו לאמרו הננו נוסע עד מקום פלוני א"				
"משה
					פשעוויסקער"	1	Sipurei-Kdoshim-2025-11-28	phonetic	0.5	Biblical_Moses		"ויען ר' משה פשעוויסקער הננו מזהירך באם לא תיסע דרך עיר
						באהר אז אני מקללך והנני מבטיחך באם
					תיסע דרך העיר אז תבוא עליך ברכה ולא קללה כי הרב לא יקללך כי כוונות הרב ר׳
					משההי׳ לטיבה כדי להש"				
בעהמ״ח עוללות אפרים	1	Sipurei-Kdoshim-2025-11-28	no_match	0.0			"תולדות אפרים הוא מעשה נוראה מספר תולדות הרב הגאון בעהמ״ח עוללות אפרים
					זצל""הה נעתק מפנקס דק""ק פראג בשינוי לשון קצת"				
"מהרב
						מפראג"	1	Sipurei-Kdoshim-2025-11-28	no_match	0.0			"ויסל מהרה האדון ויבוא אל היער הזה עד מקום אשר הוא יושב הרב של העני
					חוזה בככבים. ויבקש מלפניו בשם תלמידו ויאמר לו הסימן אשר נתן יבך ויתחנן לו
					באשר כי כל חייו תלוים בהנער הזה ויאמר לו המכשף ני"	H-LOC_142			
"שלמה
						אפרים"	1	Sipurei-Kdoshim-2025-11-28	phonetic	0.375	Tsadik_001.010		"ואין בא וישתו וישכרו בלילה ההיא למאד ותיכף ומיד הרגיש הרב הגאון בהמעשה
					ויקם ממשנתו בבהלה וילך להישיבה וירא התלמידים ישנים ושלמה
						אפרים איננו ויספוק כף ויצעק צעקה גדולה על התלמידים על אשר לא
"				
הר׳ שלמה אפרים	1	Sipurei-Kdoshim-2025-11-28	no_match	0.0			"ויצוהו שילך לפרעסבורג ויתן בידו אגרת בבקשה ממנו להרב
						הר״י דק""ק פרעסבורג באשר כי הוא מבחר שבתלמידיו ויספר לו כל המוצא אותו
					ובשביל הדבר הזה היא שולח אותו ויזהר אותו שישגיח עליו לבל יפול ברשת
"				
"דוד מלך
					ישראל"	1	Sipurei-Kdoshim-2025-11-28	no_match	0.0			"ככה עמד בעמקי רעיונותיו הנשגבות יותר משלש וארבע שעות ואח""כ כאשר שבו
					אליו הרגשותיו ראה כי הנהו עומד בתוך הגן חישך ואפלה יחידי רעב צמא נפל לבו
					ויחרד למאד ולא ידע איה מקומו היכן הוא עומד וימס ל"				
"אפרים
					ייטשיניק"	1	Sipurei-Kdoshim-2025-11-28	no_match	0.0			"וישמלב לקול רבו ויקם וילך ללבוב וישב שם ואז התחיל
					לחבר חבורו היקר עוללות אפרים ויקח לו אשה בת ת""ח אשר היה גם הוא במחשך
					מעשיהו ויקרא את שמו אפרים עוללות ופרנסתו הי' שהי' מוכר
					בצים להבעלי"				
"אפרים ייטשיניק
					הנקרא אפרים עוללות"	1	Sipurei-Kdoshim-2025-11-28	no_match	0.0			"ריין בעל האכסניא מה זה תדברו אלי תמול אנכי אבי ואבותי נולדו בעיר הזה
					ומי מכובד בעירי אשר לא אכרהו ולא אדעהו בשמו. ובשם משפחתו ושם איש כזה לא
					שמעתי מעולם לאיש נכבד אשר ראוי לו לשבת על כסא הור"				
לויצקער רב	1	Sipurei-Kdoshim-2025-11-28	phonetic	0.5	Tsadik_001.015		"בעיר בראד היה איש אחד גביר מופלג בתורה ונקרא שמו
						לויצקער רב והוא דר עם אשתו השעה שנים וה׳ סגר בעד
					רחמה אין לה ולד ויסע להבעש״ט והבטיח לו בשם
						ה' כי לשנה הבאה אשתו תהא"				
הרב מלויצק	1	Sipurei-Kdoshim-2025-11-28	no_match	0.0			"חובקת בן אולם אמר לו אשר על הברית מילה ישלח לקרוא אחריו והוא ישב על
					כסא אליהו בהמול הילד ועוד טרם נסע הרב מלויצק
						להבעש״ט היה אצל הגאונים ר׳ חיים
						סאנזער ור' משה אוסטרער (והם מתנגדים
		"				
"חיים
						סאנזער"	1	Sipurei-Kdoshim-2025-11-28	no_match	0.0			"חובקת בן אולם אמר לו אשר על הברית מילה ישלח לקרוא אחריו והוא ישב על
					כסא אליהו בהמול הילד ועוד טרם נסע הרב מלויצק
						להבעש״ט היה אצל הגאונים ר׳ חיים
						סאנזער ור' משה אוסטרער (והם מתנגדים
		"				
הרב מלאצקי	1	Sipurei-Kdoshim-2025-11-28	no_match	0.0			"חובקת בן אולם אמר לו אשר על הברית מילה ישלח לקרוא אחריו והוא ישב על
					כסא אליהו בהמול הילד ועוד טרם נסע הרב מלויצק
						להבעש״ט היה אצל הגאונים ר׳ חיים
						סאנזער ור' משה אוסטרער (והם מתנגדים
		"	H-LOC_626			
"חיים
						סאנדזיר"	1	Sipurei-Kdoshim-2025-11-28	no_match	0.0			"ויען לכל האנשים ויאמר להם איש מכם אל ירהיב בנפשו לטעום מכל מאכל הלזה
					כלום כי היא בשר נבלה מן הסתם כאשר ככה נשמע מפה קדוש מדבר מסתמא לא אכל שום
					אדם והגאונים הנ""ל הביטו זה בזה בזעם ויען הרב הג"				
"דוד
						פורקיס"	1	Sipurei-Kdoshim-2025-11-28	phonetic	0.6	Tsadik_012.034		"ויהי כאשר נסע הבעש״ט מעיר
						בראד ויבוא לקראתו הרב ר׳ דוד
						פורקיס
					ויספר לו את אשר קרתו :"				
"דוד
						פורקוס"	1	Sipurei-Kdoshim-2025-11-28	name_exact	0.95	Tsadik_012.034		"ויען השוחט ויאמר דעו רבותי מיום בואי הנה עד היום לא האכלתי אתכם
					טריפות. אך זאת אודה עלי פשעי כי זה שני שנים אשר הנני שוכב בחיק כלתי זה חטאי
					וזה פשעי ועל זה בודאי אתנפל לפני ההבעש״ט כי יחרוץ "				
הרב מצדילקיוו	1	Sipurei-Kdoshim-2025-11-28	no_match	0.0			"פעם אחת בשמחת תורה עת כי ששו ושמחו כל תלמידי הרב ז""ל וירקדו נקרע סנדלו
					של אחד מהם אז הרים קולו ויקרא לבת הבעש״ט להאדיל ויאמר לה
					בלשון גויש פאדאווע מניע פאטענקע טא באדעש מאטע דאטינקע המובן מז"				
"ברוך
						ממעזבוז"	1	Sipurei-Kdoshim-2025-11-28	phonetic	0.667	Tsadik_001.015		"פעם אחת בשמחת תורה עת כי ששו ושמחו כל תלמידי הרב ז""ל וירקדו נקרע סנדלו
					של אחד מהם אז הרים קולו ויקרא לבת הבעש״ט להאדיל ויאמר לה
					בלשון גויש פאדאווע מניע פאטענקע טא באדעש מאטע דאטינקע המובן מז"				
"אדם בעש״ט נבג""מ"	1	Sipurei-Kdoshim-2025-11-28	phonetic	0.667	Tsadik_001.001		"מעשה מהרב הקדוש ר' אדם בעש״ט נבג""מ והוא היה קודם הרב
					הקדוש ר' של בעש״ט"				
בעל המחבר ספר מגלה עמוקות	1	Sipurei-Kdoshim-2025-11-28	no_match	0.0			מעשה נפלאה מבעל המחבר ספר מגלה עמוקות				
הבעל מגלה המקותעמוקות	1	Sipurei-Kdoshim-2025-11-28	no_match	0.0			"והבעל מגלה המקותעמוקות אך כאשר פתח קומו תיכף ומיד הלך לו ליער קטין אשר היה
					קרוב אל העיר להתבודד עם קונו להודות לו על חסדו אשר עשה עמו להפליא והאד
					וביקש להשיב לו גמול טוב על אשר הצילו ממות וי"				
הרב בעל מגלה עמוקות	1	Sipurei-Kdoshim-2025-11-28	no_match	0.0			"וישבו כל העיר לאכול סעודה הגונה והאדון שמח מאד ואכלו ושת וישכרו מאד
					ולא ידעו על מה ולמה ואחר אכול ושתה בא האדון לתוך המסובים וישאל אותם מה
					לעשות לאיש אשר הציל אותי מיד שאול
					זה אומר בכה "				
ר׳ שלמה אפרים	1	Sipurei-Kdoshim-2025-11-28_corrected	phonetic	0.375	Tsadik_001.010		"ויהי שם ר׳ שלמה אפרים בכבוד גדול וילך לפני אלהיו באמת
					ובתמים וימצא חן בעיני אלהים ואדם"				
אפרים ייטשיניק	1	Sipurei-Kdoshim-2025-11-28_corrected	no_match	0.0			"ריין בעל האכסניא מה זה תדברו אלי תמול אנכי אבי ואבותי נולדו בעיר הזה
					ומי מכובד בעירי אשר לא אכרהו ולא אדעהו בשמו. ובשם משפחתו ושם איש כזה לא
					שמעתי מעולם לאיש נכבד אשר ראוי לו לשבת על כסא הור"				
"מצדילקיווברוך
						ממעזבוז"	1	Sipurei-Kdoshim-2025-11-28_corrected	no_match	0.0			"פעם אחת בשמחת תורה עת כי ששו ושמחו כל תלמידי הרב ז""ל וירקדו נקרע סנדלו
					של אחד מהם אז הרים קולו ויקרא לבת הבעש״ט להאדיל ויאמר לה
					בלשון גויש פאדאווע מניע פאטענקע טא באדעש מאטע דאטינקע המובן מז"	H-LOC_55			
"עזריאל בע""ג"	1	Sipurei-Zadikim2025-06-22	no_match	0.0			"והמה ספורי נוראות ונפלאות משלשה עמודי
     עולם הצדיקים הגדולים בוציני דנהורא מופתי
     הדור והדרו המה הרב הקדוש רבי ליב שרהס
     והרב הקדוש רבי ישראל פאלעצקער והר״ר
     עזריאל בע""ג זצוק""ל לחיי עד "				
"ליב
        שרהס"	1	Sipurei-Zadikim2025-06-22	name_exact	0.95	Tsadik_012.077		"אמר הכותב חזו מפעלות אלקים אשר שם שמות בארץ כתר
        שם טוב עולה על גביהן, והאציל מרוחו על יריאיו למשול
        בהנהגת סדרי הטבע כרצונם. איש איש כפי כחו וגבורתו בחכמת
        התורה וביראת ה'. כל עי"				
"מאיר 
               מבארישוב"	1	Sipurei-Zadikim2025-06-22	no_match	0.0			"עתה נספר את אשר ספר החסיד המפורסםהמפורסים ר׳ מאיר 
               מבארישוב לפני כבוד קדושת הרב הגדול הקדוש 
               ר' משה מסאווראן אשר הוא ראה את הרה""ק ליב שרהס
               ביער אצל סוואלק "	H-LOC_636			
הרב הקדוש מסוורן	1	Sipurei-Zadikim2025-06-22	no_match	0.0			"עתה נספר את אשר ספר החסיד המפורסםהמפורסים ר׳ מאיר 
               מבארישוב לפני כבוד קדושת הרב הגדול הקדוש 
               ר' משה מסאווראן אשר הוא ראה את הרה""ק ליב שרהס
               ביער אצל סוואלק "	H-LOC_446			
"ליב
               שהרס"	1	Sipurei-Zadikim2025-06-22	name_exact	0.95	Tsadik_012.077		"ועתה אסיים הספור מהתנהגות הרב ר׳ ליב הנ""ל כי היה לו
               עירו קבוע בפולין אשר שמה היה בר""ה כל ימיו ולשם
               נתחברו כל המקושרים אליו ובעת התפלה היה דרכו לישב דומם.
               ו"				
"ספאלער 
               זיידע"	1	Sipurei-Zadikim2025-06-22	phonetic	0.538	Tsadik_012.154		"עתה נספר מעט מזעיר מהתגלות הרב הקדוש ארי' דבי
               עילאה ר׳ ליב מספאלע הנקרא בפי כל ספאלער 
               זיידע וצוק""ל זי״ע. ואנכי שמעתי את כל זאת מהרב
               מזלאטפאלע נ""י אשר קיבל"				
"הרב
               מזלאטפאלע"	1	Sipurei-Zadikim2025-06-22	no_match	0.0			"עתה נספר מעט מזעיר מהתגלות הרב הקדוש ארי' דבי
               עילאה ר׳ ליב מספאלע הנקרא בפי כל ספאלער 
               זיידע וצוק""ל זי״ע. ואנכי שמעתי את כל זאת מהרב
               מזלאטפאלע נ""י אשר קיבל"	H-LOC_533			
"הש""ץ מזאסלאב"	1	Sipurei-Zadikim2025-06-22	name_exact	0.95	Tsadik_012.091		"הנה הצדיק הנעלה הזה נולד בכפר מאיש המוני ובנערותו היה
               עילוי גדול בלימוד אבל תיכף כאשר הגדיל מעט שם תיכף
               המסוה על פניו ויסתר מבני האדם במעשיו. ופעם אחת בימי
              "	H-LOC_33			
"הש""ץ דזאסלאב"	1	Sipurei-Zadikim2025-06-22	no_match	0.0			"הנה הצדיק הנעלה הזה נולד בכפר מאיש המוני ובנערותו היה
               עילוי גדול בלימוד אבל תיכף כאשר הגדיל מעט שם תיכף
               המסוה על פניו ויסתר מבני האדם במעשיו. ופעם אחת בימי
              "	H-LOC_33			
רב מנישחיז	1	Sipurei-Zadikim2025-06-22	phonetic	0.625	Tsadik_036.001		"הנה הצדיק הנעלה הזה נולד בכפר מאיש המוני ובנערותו היה
               עילוי גדול בלימוד אבל תיכף כאשר הגדיל מעט שם תיכף
               המסוה על פניו ויסתר מבני האדם במעשיו. ופעם אחת בימי
              "	H-LOC_198			
"הסבא
               מספאלע"	1	Sipurei-Zadikim2025-06-22	phonetic	0.8	Tsadik_012.154		"הנה הצדיק הנעלה הזה נולד בכפר מאיש המוני ובנערותו היה
               עילוי גדול בלימוד אבל תיכף כאשר הגדיל מעט שם תיכף
               המסוה על פניו ויסתר מבני האדם במעשיו. ופעם אחת בימי
              "	H-LOC_61			
"הסבא
               קדישא"	1	Sipurei-Zadikim2025-06-22	name_exact	0.95	Tsadik_012.154		"והנה להציע לפני הקורא כל המופתים והנוראות אשר פעל הסבא
               קדישא בזרוע עוזו אין מן הצורך כי גלוים וידועים המה
               לכל ההמון מה גם כי לא יספיק הזמן והניר והדיו. אבל נציג 
        "				
בן ר׳ שמעון	1	Sipurei-Zadikim2025-06-22	no_match	0.0			"והנה להציע לפני הקורא כל המופתים והנוראות אשר פעל הסבא
               קדישא בזרוע עוזו אין מן הצורך כי גלוים וידועים המה
               לכל ההמון מה גם כי לא יספיק הזמן והניר והדיו. אבל נציג 
        "				
"ספלער
               זיידי"	1	Sipurei-Zadikim2025-06-22	phonetic	0.727	Tsadik_012.154		"עכ״ז מורשי לבבי הציקוני לחרות בעט ברזל ספור קטן הכמות
               ורב האיכות אשר לבב כל קורא משכיל יתלהב מזה כי פוק חזי
               מאן הוא גברא רבא דקא מסהיד עליה. הנה בעת גדולת האי
           "				
"סבא
               מספאלע"	1	Sipurei-Zadikim2025-06-22	phonetic	0.7	Tsadik_012.154		"ועתה נציע לפני הקורא מעשה אחת ממופתיו הרבים כאשר
               יעדנו בהתחלת דיבורנו זה :
               הנה בעיר אחת מעיירות מסמוכות לספאלע היתה עגונה אחת 
               אשר עזבה אותה בעל נעוריה וחמ"	H-LOC_61			
"אברהם
               קאליסקער"	1	Sipurei-Zadikim2025-06-22	no_match	0.0			"בעיר פאלעצק במדינת רייסין היה איש אחד מהמוני עם
               הפשוטים אשר התפרנס ממלאכתו מלאכת החייטים והיה
                עוסק במלאכתו באמונה לא ויתר שום דבר משום אדם ועסק
                במצות ה׳ "				
"חייקיל
               המדורער"	1	Sipurei-Zadikim2025-06-22	no_match	0.0			"בעיר פאלעצק במדינת רייסין היה איש אחד מהמוני עם
               הפשוטים אשר התפרנס ממלאכתו מלאכת החייטים והיה
                עוסק במלאכתו באמונה לא ויתר שום דבר משום אדם ועסק
                במצות ה׳ "				
"הרה״מ
               הק' ממעזריטש"	1	Sipurei-Zadikim2025-06-22	phonetic	0.5	Tsadik_002.001		"ועתה נציע סדר ההסתלקות שלו לעולם העליון ומדי דברי בזה
               נציע את אשר גרענו בחפזנו לספר מפטירת אבי הרב 
               אשר היה חייט בפאלעצק כי קודם מותו נעשה בנו רב מפורסם
               כא"				
"אברהם בן המגיד
               הגדול ממעזריטש"	1	Sipurei-Zadikim2025-06-22	name_exact	1.0	Tsadik_002.002		"ועתה נציע סדר ההסתלקות שלו לעולם העליון ומדי דברי בזה
               נציע את אשר גרענו בחפזנו לספר מפטירת אבי הרב 
               אשר היה חייט בפאלעצק כי קודם מותו נעשה בנו רב מפורסם
               כא"				
טשארנאבילמנחם	1	Sipurei-Zadikim2025-06-22_corrected	no_match	0.0			"שמעתי מזקן אחד מבוניטש אשר היה בצוותא עם רבי
   ליב שרהס בווין הבירה והנני להציעה לפני
               הקורא באריכות:
               הנה עיר קטנה סמוכה למאהליב דרוסיא ה לבינהלבנהבוניטש שמה
            "				
טשארנאבילהרר״מ	1	Sipurei-Zadikim2025-06-22_corrected	no_match	0.0			"שמעתי מזקן אחד מבוניטש אשר היה בצוותא עם רבי
   ליב שרהס בווין הבירה והנני להציעה לפני
               הקורא באריכות:
               הנה עיר קטנה סמוכה למאהליב דרוסיא ה לבינהלבנהבוניטש שמה
            "				
מרכי	1	Sipurei-Zadikim2025-06-22_corrected	no_match	0.0			"הנה הצדיק הנעלה הזה נולד בכפר מאיש המוני ובנערותו היה
               עילוי גדול בלימוד אבל תיכף כאשר הגדיל מעט שם תיכף
               המסוה על פניו ויסתר מבני האדם במעשיו. ופעם אחת בימי
              "				
זיידע	1	Sipurei-Zadikim2025-06-22_corrected	no_match	0.0			"והנה להציע לפני הקורא כל המופתים והנוראות אשר פעל הסבא
               קדישא בזרוע עוזו אין מן הצורך כי גלוים וידועים המה
               לכל ההמון מה גם כי לא יספיק הזמן והניר והדיו. אבל נציג 
        "				
גדליהו בן אחיקם	1	Sipurei-Zadikim2025-06-22_corrected	no_match	0.0			"הנה בעיר באראזניץ בשנת שלשים ושש למאה הרביעית רכב 
               הדוכס המולך על עיר ההוא על סוס ברחוב וכעברו
               זרק איש א' אבן אחת אשר יש בה כדי להמית על ראש הדוכס
               ואך מחמת"				
ישמעאל בן נתניה	1	Sipurei-Zadikim2025-06-22_corrected	no_match	0.0			"הנה בעיר באראזניץ בשנת שלשים ושש למאה הרביעית רכב 
               הדוכס המולך על עיר ההוא על סוס ברחוב וכעברו
               זרק איש א' אבן אחת אשר יש בה כדי להמית על ראש הדוכס
               ואך מחמת"				
שטעון בן יוחאי	1	SipureiAnsheiShem2025-12-01_gemini	phonetic	0.512	Biblical_ShimonBarYochai		"בבית הכנסת הגדולה שבעיר לבוב הדליק השמש הרבה נרוח
					ביום ל״ג בעומר לכבוד התנא הקדוש ר׳ שמעון בן יוחאי
					ככל אשר אנחנו עושים היום בכל תפות ישראל. פעם אחד
					כאשר בא הגבאי של בית הכנסת וראה השמש"				
יעקב יוטעס	1	SipureiAnsheiShem2025-12-01_gemini	phonetic	0.5	Tsadik_008.001		"בבית המדרש אחד דק""ק לבוב היה מנהגם לקרות בליל שמחת
					תורה כל הנדרים שבתורה ר""ל פרשת האתה זה בני עשיו
					ויתן לך וכל הברכות הנקראים בפי הפוסקים נדרים. והי׳ זה לזרא
					בעיני הגבאי וחייש לעול ולטו"				
בעריש מייזילס	1	SipureiAnsheiShem2025-12-01_gemini	no_match	0.0			"כאשר נתעלה הרב הגאון החכם מופה״ד אוהב ישראל מוה׳ ר׳
					בעריש מייזילס זצ""ל לאב״ד דשם והיה אז מנהג ביהכ״נ
					הישן שיעמוד החזן בעת אמירת ברוך שאמר על הבימה שקורין
					עליו קריאת התורה וכאשר בא הגאון"				
ישעיהו	1	SipureiAnsheiShem2025-12-01_gemini	no_match	0.0			"וזה לשונו הטהור של ספר נ""מ ר׳ ישעיהו הצדיק אמרו עליו משם
					מרן שאלו היה זכות בדור שהקדוש ר׳ ישעיה פיק ישמש את
					מרן הרב רבי ישראל בעש״ט אם היו זוכים לזה היה הגאולה לישראל :"				
בעה״ט	1	SipureiAnsheiShem2025-12-01_gemini	no_match	0.0			"לו זכה את זה בדין והשיב הנודע ביהודא אני אפסוק כדת תורת
					אמת ולקח השר קנה שריפה ואמר אני מורה בך את זה אם לא
					תשמע לי וגלו הרב את לבו ואמר ירה בי ואני לא אזוז מן אשר
					ציוני השם אלקים וע״י "				
מרדכי מראטנע	1	SipureiAnsheiShem2025-12-01_gemini	no_match	0.0			"כשהיה רבי ר' העשיל ז""ל האב""ד ורב בק""ק קראקא ונסע לאחר
					חנוכה להכפרים כמנהגו, וכשבא ר״ר העשיל לכפר אחד
					נתקבצו כל בני הכפרים ועשו סעודה גדולה, ונמשך הסעודה עד
					לאחר חצות לילה ושם באותו בית "				
מאודלייניש	1	SipureiAnsheiShem2025-12-01_gemini	no_match	0.0			"אותו תיכף לפני עם ועדה, ומנהגו של הרבי מרדכי הנ""ל שהיה
					יושב תמיד בבהמ״ד, פעם אחת נתאחר הרבי רבי העשיל ובא
					להתפלל תפלת שחרית אחר זמן התפלה וכשראה רבי מרדכי הנ""ל
					את הרבי ר' העשיל אמר לו א"				
מאורלייניש	1	SipureiAnsheiShem2025-12-01_gemini	no_match	0.0			"אותו תיכף לפני עם ועדה, ומנהגו של הרבי מרדכי הנ""ל שהיה
					יושב תמיד בבהמ״ד, פעם אחת נתאחר הרבי רבי העשיל ובא
					להתפלל תפלת שחרית אחר זמן התפלה וכשראה רבי מרדכי הנ""ל
					את הרבי ר' העשיל אמר לו א"				
מהרש״ל	1	SipureiAnsheiShem2025-12-01_gemini	no_match	0.0			"אותו תיכף לפני עם ועדה, ומנהגו של הרבי מרדכי הנ""ל שהיה
					יושב תמיד בבהמ״ד, פעם אחת נתאחר הרבי רבי העשיל ובא
					להתפלל תפלת שחרית אחר זמן התפלה וכשראה רבי מרדכי הנ""ל
					את הרבי ר' העשיל אמר לו א"				
רש״ק	1	SipureiAnsheiShem2025-12-01_gemini	no_match	0.0			"והלך אל בית הרב האב״ד דלבוב למען ידע איך יפול הדבר וירא
					על נבון כאשר שמע הקול והנה מובאים אותן הדגים אשר הי׳
					נחתכו הסנפירים שלהם לבית הרב לקנות אותם הרגים ולקחו
					כנ""ל, וז״ל בספר ב״א בשם "				
פ׳ בן פ׳	1	SipureiAnsheiShem2025-12-01_gemini	no_match	0.0			"מעשה שהיה שהרב רבי ישראל בעל שם טוב ז״ל היה מנהגו
					לילך ללמוד מחוץ לעיר, כדי שלא יטרידוהו בני אדם
					והיה יוצא לבדו והולך על אחד ההרים, מקום שאין בני אדם
					עוברים ושבים, והיה לומד לבדו בהתבוד"				
ישראל בעל שם	1	SipureiAnsheiShem2025-12-01_gemini	phonetic	0.714	Tsadik_001.001		"תיקון, שאל לו הרב ומה עבירות עשית שבאת לידי הצער הגדול
					הזה, השיב לו יען פ""א זלזולזלזל בנטילת ידים ולא נטל בתיקונו, ועלה
					המקטרג וקטרג עליו לפני ב״ד של מעלה, ואמרו ב״ד של מעלה
					אם אין בידו"				
אביר יעקב	1	SipureiAnsheiShem2025-12-01_gemini	no_match	0.0			"הגאון בעל כתב סופר לשם ויחדיו נדברו בדברי תורה ושעשועי
					דאורייתא והגאון הנורא מצאנז הגיד פלפול עצום בחריפות ובקיאו׳
					עד אשר נשתומם הגאון בעל כתב סופר עד להפליא, ואח״כ נדברו
					מהצדיקים והקדו"				
אאע״ה	1	SipureiAnsheiShem2025-12-01_gemini	no_match	0.0			"הגאון בעל כתב סופר לשם ויחדיו נדברו בדברי תורה ושעשועי
					דאורייתא והגאון הנורא מצאנז הגיד פלפול עצום בחריפות ובקיאו׳
					עד אשר נשתומם הגאון בעל כתב סופר עד להפליא, ואח״כ נדברו
					מהצדיקים והקדו"				
מנחם מענדלי מרימנוב	1	SipureiAnsheiShem2025-12-01_gemini	phonetic	0.368	Tsadik_012.172		"מעשה מהרב הקדוש מופת הדור הכהן הגדול מו״ה רבי צבי
					הירש הכהן מרומנוב זי״ע תלמידו של הגאון הקדוש והנורא
					רבי ר' מנחם מענדלי מרימנוב."	H-LOC_59			
הירש מרימנוב	1	SipureiAnsheiShem2025-12-01_gemini	no_match	0.0			"להצדיק רבי ר׳ הירש מרימנוב זצ""ל הי׳ אצלו נער קטן משרת
					בביתו איזה שנים ויהי בימי החורף בעת הי' השלג
					והקור גדול ויאמר הצדיק למשרתו הקטן צא מביתי בי אין לי חפץ
					בך ויבכה הנער אנא אלך בעת הז"	H-LOC_59			
גרשון העניך מראדזין	1	SipureiAnsheiShem2025-12-01_gemini	no_match	0.0			"אברך אחד מחסידי הרה״ג המפורסים מו״ה גרשון העניך מראדזין
					ז״ל בא לבעלז והיה לבוש בטלית בציצית עם תכלת
					שהמציא רבו ה""ר גרשון העניך הנ""ל, ויבא לפני הרה״ק מבעלז
					זצלל""ה וישאלהו אם נכון ללכת בת"				
גרשון העניך	1	SipureiAnsheiShem2025-12-01_gemini	no_match	0.0			"אברך אחד מחסידי הרה״ג המפורסים מו״ה גרשון העניך מראדזין
					ז״ל בא לבעלז והיה לבוש בטלית בציצית עם תכלת
					שהמציא רבו ה""ר גרשון העניך הנ""ל, ויבא לפני הרה״ק מבעלז
					זצלל""ה וישאלהו אם נכון ללכת בת"				
נחמן מהאראדענקי	1	SipureiAnsheiShem2025-12-01_gemini	name_exact	0.95	Tsadik_012.001		"מעשה שסיפר רבינו אור העולם מו""ה נחמן מהאראדענקי זי""ע."				
"מהר""ל
					מפראָג"	1	Sipurim-Nehmadim20251129	no_match	0.0			"ספורים נחמדים
					מהבעש״ט והרה""ק מהר""ל
					מפראָג והרה״ק ר׳ ישכר בער
					מזלאטשוב, והרה״ק האזולאי
					והרה״ק ר׳ ישעיה מדינעוויץ
					והרה״ק מאַפטא ועוד מכמה
					צדיקים זצוק""ל זיע״א.
					מאת המלק"	H-LOC_142			
"ישכר בער
					מזלאטשוב"	1	Sipurim-Nehmadim20251129	phonetic	0.368	Tsadik_013.002		"ספורים נחמדים
					מהבעש״ט והרה""ק מהר""ל
					מפראָג והרה״ק ר׳ ישכר בער
					מזלאטשוב, והרה״ק האזולאי
					והרה״ק ר׳ ישעיה מדינעוויץ
					והרה״ק מאַפטא ועוד מכמה
					צדיקים זצוק""ל זיע״א.
					מאת המלק"	H-LOC_402			
מלובשים	1	Sipurim-Nehmadim20251129	no_match	0.0			"היו באים להעיר על ר""ה ויו״כ ויגמרו ראשי הקהלה בדעתם
					שכאשר יבאו בני הכפר הנ""ל על יוה״כ להעיר יראו מה לעשות
					עמהם וכאשר נודע זאת לאנשי הכפר הנ״ל התפללו גם ביוה״כ
					בביתם והבעש״ט היה הבעל תפל"				
אדנ״י	1	Sipurim-Nehmadim20251129	no_match	0.0			"הרה״ק ר׳ חיים מקראסנע זצוק""ל היה שם אשתו חיה
					ובאיזה פעם בהיותו אצל הבעש״ט בבואו לקבל
					ממנו ברכת הפרידה בקש מהבעש״ט כי גם בנסעו ממנו ישא
					אותו על זכרונו הקדוש וכן יזכור גם לאשתו הצדקת ואמר"				
"יצחק
					מנעסחיזש"	1	Sipurim-Nehmadim20251129	no_match	0.0			"כתב בהקדמת ספר תולדות יצחק מהרה״ק ר׳ יצחק
					מנעסחיזש זצוק""ל כי לאחר פטירת הבעש״ט זצוק""ל
					נתאספו הכנופיא תלמידיו הת׳ על עניני התורה ששמעו מפיו
					הק׳ כאו״א לפי הבנתו ונראה להם הבעש״ט בחלום ואמ"				
"דוד
					ממיקאלייעוו"	1	Sipurim-Nehmadim20251129	phonetic	0.5	Biblical_David		"פ״א בעש״ק בבוקר אחר התפלה אמר הבעש״ט זצוק""ל
					לשני תלמידיו הרה״ק ר׳ דוד לייקעס והרה״ק ר׳ דוד
					ממיקאלייעוו זצוק""ל תכינו וחזרזו עצמיכם לאיזה נסיעה שאשלח
					אתכם לאיזה מקום וישאלו אותו אם יצטרכו"				
אלהים חיים	1	Sipurim-Nehmadim20251129	no_match	0.0			"וכעין מעשה זה הובא בס׳ נוצר חסד על פ""א מהרב הצדיק
					ר׳ אייזיק מקאמרנא זצ״ל פרק ד׳ משנה כ״א וז״ל
					בימי מרן הריב״ש זצוק""ל (הוא הבעש״ט) יצא איש גדול מן
					הכלל ר""ל וכפר באלהים חיים על קנאתו באחי"				
פרסאות	1	Sipurim-Nehmadim20251129	no_match	0.0			"וכעין מעשה זה הובא בס׳ נוצר חסד על פ""א מהרב הצדיק
					ר׳ אייזיק מקאמרנא זצ״ל פרק ד׳ משנה כ״א וז״ל
					בימי מרן הריב״ש זצוק""ל (הוא הבעש״ט) יצא איש גדול מן
					הכלל ר""ל וכפר באלהים חיים על קנאתו באחי"				
"ש""ק"	1	Sipurim-Nehmadim20251129	no_match	0.0			"והיה מעיין בדבור התוס׳ הנ״ל וראה שהפשט הוא ברוח
					משמש כאשר אמר לו הבעש״ט זצוק""ל והנה אעפ״כ היה סובר
					שמא הוא חלום לבד והנה כשבא ש""ק הלך על סעודה שלישית
					להבעש״ט ותיכף כשבא לבית הבעש״ט אל ב"				
העושר	1	Sipurim-Nehmadim20251129	no_match	0.0			"כתב בס׳ אוהב ישראל בלקוטים שהיה מעשה בימי הר״ר
					שרירא גאון זצוק""ל שהיה אז בימיו עושר מופלג
					והיה לו ס״ת שהיה כתב ידו של עזרא הסופר ולהעושר הנ""ל
					היה לו שני בנים ולאחר פטירתו היה מחלוקת גדו"				
חיים מטשערנוויץ	1	Sipurim-Nehmadim20251129	no_match	0.0			"כתב בס׳ ארץ החיים להרה״ק ר׳ חיים מטשערנוויץ זצוק""ל
					בעהמ״ח ספר באר מיים חיים ועוד כמה ספרים
					וז״ל אזכיר בכאן דבר נפלא אחת שראיתי בהרב הגאון אמיתי
					חסיד אמת הרב דק""ק זלאטשוב ע״כ באה״ק תוב״ב"				
קב״ה	1	Sipurim-Nehmadim20251129	no_match	0.0			"התרנגולת אפשר מרפה היא מצד אחר אבל לא מזאת השאלה
					ושאלתי את הנער היש אתך התרנגולת והשיב ישנה בבית
					האחר ואמרתי להביא אותה והנה מונח בתרנגולת צד אחד
					קצת מן הדקין והנה בה מכה גדולה מכה אשר "				
מסמילא	1	Sipurim-Nehmadim20251129	no_match	0.0			"הרה״ק ר׳ יעקב הרב מסמילא זצוק""ל היה חתנו של
					הרה״ק ר׳ ישעיה הנ״ל ופ״א באו לפניו שני
					אנשים לדין וישמע טענותיהם ויפסוק הדין ע״פ התורה ואחד
					מהבע""ד לא רצה לציית לדברי הרה״ק ר׳ יעקב ולא רצה
	"				
"אברהם יהושע
					העשיל מאפטא"	1	Sipurim-Nehmadim20251129	name_exact	0.95	Tsadik_043.003		"שמעתי מאיש אחד שהוא יחסן גדול מכמה אבות קדושים
					וצדיקים והוא ג״כ נכד הרה״ק ר׳ אברהם יהושע
					העשיל מאפטא זצוק""ל בעהמ״ח סער אוהב ישראל וספר תורת
					אמת והאיש הנ״ל היה נוסע תמיד לאדמו״ר הרה״ק מר"	H-LOC_133			
סער	1	Sipurim-Nehmadim20251129	no_match	0.0			"שמעתי מאיש אחד שהוא יחסן גדול מכמה אבות קדושים
					וצדיקים והוא ג״כ נכד הרה״ק ר׳ אברהם יהושע
					העשיל מאפטא זצוק""ל בעהמ״ח סער אוהב ישראל וספר תורת
					אמת והאיש הנ״ל היה נוסע תמיד לאדמו״ר הרה״ק מר"				
"משה
					ליב יודקעס"	1	Sipurim-Nehmadim20251129	phonetic	0.417	Tsadik_037.001		"שמעתי מאיש אחד שהוא יחסן גדול מכמה אבות קדושים
					וצדיקים והוא ג״כ נכד הרה״ק ר׳ אברהם יהושע
					העשיל מאפטא זצוק""ל בעהמ״ח סער אוהב ישראל וספר תורת
					אמת והאיש הנ״ל היה נוסע תמיד לאדמו״ר הרה״ק מר"				
"אברהם יהושע
					העשיל מאפטא זצוק""ל"	1	Sipurim-Nehmadim20251129	name_exact	0.95	Tsadik_043.003		"למדן ומופלג גדול ונזדמן שהיה הרה״ק ר׳ אברהם יהושע
					העשיל מאפטא זצוק""ל בברדיטשוב והיה אז רעש גדול כי נתקבצו
					מכל הערים והכפרים הסמוכים הרבה אנשים ובפרט אנשי
					ברדיטשוב ויבאו כולם לקבל פני הר"				
ימחול	1	Sipurim-Nehmadim20251129	no_match	0.0			"ושמע את כל מה שהאיש דבר ועשה וחרה לו מאד וקראו
					וגער בו ואמר לו שוטה וכי האלוה שלנו הוא אוכל ושותה ודאי
					השמש לוקח זה ואתה סבור שהאלוה הוא המקבלם וזה עון
					גדול לייחס שום גשמיות בהאל יתברך "				
"משה מכרשעים
					זצוק""ל"	1	Sipurim-Nehmadim20251129	phonetic	0.5	Biblical_Moses		"כתב בס׳ רמתים צופים כי הרה״ק ר׳ משה מכרשעים
					זצוק""ל (בעהמ״ח ספר אור פני משה) היה דרכו ליתן
					לכל אורח הבא אליו שני כוסות יי״ש וכשנתייקר היי״ש לא
					נתן רק כוס אחד ואליהו ז""ל היה רגיל אצלו בכל"				
ליב דימימעלעס	1	Sipurim-Nehmadim20251129	name_exact	0.85	Tsadik_012.048		"עוד כתב בס׳ הנ״ל וז״ל דוגמא לזו שמעתי כי הרב ר׳
					ליב דימימעלעס ז""ל מלעמבורג (גיסו של הרה״ק ר'
					יעקב יצחק וצוק""ל מלובלין) היה מכניס אורח גדול ויצו בביתו
					ליתן לאכול לכל הבאים וכן ליתן יי״ש "				
וועלוויל	1	Sipurim-Nehmadim20251129	no_match	0.0			"מזיטאמיר בעהמ״ח ספר אור המאיר הנקרא בפי כל ר'
					וועלוויל מזיטאמיר זצוק""ל היו אז על החתונה הרבה גדולי
					ארץ מתלמידי המגיד הגדול ממעזיריטש זצוק""ל ובעת שהיו
					צריכים ללכת להחופה היה אז גשם שוטף "				
יסע	1	Sipurim-Nehmadim20251129	no_match	0.0			"כתב בס׳ רמתים צופים כי הרה״ק ר׳ ליב שרה""ס זצוק""ל
					היה פ״א בקאזניץ והיה מתאכסן אצל אחד לבל
					יכירו אותו והיו סבורין שהוא סוחר מעצים אצל הנהר ווייסיל
					ההולך שם והבעה״ב הבין כי הוא מהצדיקים הנ"				
חד	1	Sipurim-Nehmadim20251129	no_match	0.0			"עוד כתב שם בפ׳ הנ""ל דוגמא לזה וז״ל שמעתי בשם מוהר״ר
					נחמן קאסאווער שהוכיח לב""א שאינם מקיימין שויתי ה׳
					גם בעוסקם בסחורה ומשא ומתן וכ״ת איך אפשר זה וכו׳ הא
					בהיותו בביהכ״נ ומתפלל אפשר לו לח"				
הריב״ש	1	Sipurim-Nehmadim20251129_corrected	no_match	0.0			"וכעין מעשה זה הובא בס׳ נוצר חסד על פ""א מהרב הצדיק
					ר׳ אייזיק מקאמרנא זצ״ל פרק ד׳ משנה כ״א וז״ל
					בימי מרן הריב״ש זצוק""ל (הוא הבעש״ט) יצא איש גדול מן
					הכלל ר""ל וכפר באלהים חיים על קנאתו באחי"				
ישעיהסמילא	1	Sipurim-Nehmadim20251129_corrected	no_match	0.0			"וסמילאפ""א היה האופראווליאיעשטשע הנ״ל בעיר דינעוויץ
					ושמע שמפליאים מאד תפלת הרה״ק ר׳ ישעיה הנ""ל וילך
					לשמוע תפלתו בש""ק ובעת שאמר הרה״ק ר׳ ישעיה קדושת
					כתר נזרק ויצא ממנו דם וכשראה זאת האופר"	H-LOC_80			
יצחקסקווירא	1	Sipurim-Nehmadim20251129_corrected	no_match	0.0			"שמעתי מאיש אחד שהוא יחסן גדול מכמה אבות קדושים
					וצדיקים והוא ג״כ נכד הרה״ק ר׳ אברהם יהושע
					 מהעשילאפטא זצוק""ל בעהמ״ח סער אוהב ישראל וספר תורת
					אמת והאיש הנ״ל היה נוסע תמיד לאדמו״ר הרה״ק מר"	H-LOC_618			
רי״ב לעווינזאהן	1	Sipurim-Nehmadim20251129_corrected	no_match	0.0			"שמעתי מאיש אחד שהוא יחסן גדול מכמה אבות קדושים
					וצדיקים והוא ג״כ נכד הרה״ק ר׳ אברהם יהושע
					 מהעשילאפטא זצוק""ל בעהמ״ח סער אוהב ישראל וספר תורת
					אמת והאיש הנ״ל היה נוסע תמיד לאדמו״ר הרה״ק מר"				
לעווינואהן	1	Sipurim-Nehmadim20251129_corrected	no_match	0.0			"למדן ומופלג גדול ונזדמן שהיה הרה״ק ר׳ אברהם יהושע
					 בהעשיל מאפטא זצוק""לברדיטשוב והיה אז רעש גדול כי נתקבצו
					מכל הערים והכפרים הסמוכים הרבה אנשים ובפרט אנשי
					ברדיטשוב ויבאו כולם לקבל פני הר"				
לעוינזאן	1	Sipurim-Nehmadim20251129_corrected	no_match	0.0			"למדן ומופלג גדול ונזדמן שהיה הרה״ק ר׳ אברהם יהושע
					 בהעשיל מאפטא זצוק""לברדיטשוב והיה אז רעש גדול כי נתקבצו
					מכל הערים והכפרים הסמוכים הרבה אנשים ובפרט אנשי
					ברדיטשוב ויבאו כולם לקבל פני הר"				
משה מכרשעים	1	Sipurim-Nehmadim20251129_corrected	phonetic	0.5	Biblical_Moses		"כתב בס׳ רמתים צופים כי הרה״ק ר׳ משה מכרשעים
					 (בעהמ״ח ספר זצוק""לאור פני משה) היה דרכו ליתן
					לכל אורח הבא אליו שני כוסות יי״ש וכשנתייקר היי״ש לא
					נתן רק כוס אחד ואליהו ז""ל היה רגיל אצלו בכל"				
ליב דימימעלעסלעמבורג	1	Sipurim-Nehmadim20251129_corrected	name_exact	0.85	Tsadik_012.048		"עוד כתב בס׳ הנ״ל וז״ל דוגמא לזו שמעתי כי הרב ר׳
					 ז""ל מליב דימימעלעסלעמבורג (גיסו של הרה״ק ר'
					 ויעקב יצחקצוק""ל מלובלין) היה מכניס אורח גדול ויצו בביתו
					ליתן לאכול לכל הבאים וכן ליתן יי״ש "	H-LOC_40			
מענדלי מרימאנאב	1	Sipurim-Nehmadim20251129_corrected	no_match	0.0			"עוד כתב בס׳ הנ""ל כי הרה״ק ר׳ מענדלי מרימאנאב וצוק""ל
					(בעהמ״ח ספר מנחם ציון) ראה פ״א בביתו שנתנו
					עבור האורחים לחמים קטנים מכפי הרגילות והבין שהוא
					מחמת שהיה אז יוקר גדול ואמר בפה קדשו כי א"				
וועלווילמזיטאמיר	1	Sipurim-Nehmadim20251129_corrected	no_match	0.0			"מזיטאמיר בעהמ״ח ספר אור המאיר הנקרא בפי כל ר'
					 וועלווילמזיטאמיר זצוק""ל היו אז על החתונה הרבה גדולי
					ארץ מתלמידי המגיד הגדול ממעזיריטש זצוק""ל ובעת שהיו
					צריכים ללכת להחופה היה אז גשם שוטף "	H-LOC_179			
האזולאי	1	Sipurim-Nehmadim20251129_corrected	no_match	0.0			"עוד כתב שם בפ׳ הנ""ל דוגמא לזה וז״ל שמעתי בשם מוהר״ר
					 שהוכיח לב""א שאינם מקיימין שויתי נחמן קאסאווערה׳
					גם בעוסקם בסחורה ומשא ומתן וכ״ת איך אפשר זה וכו׳ הא
					בהיותו בביהכ״נ ומתפלל אפשר לו לח"				
אהרן הגדול מקארלין	1	SipurimUmaamarimYekarim_Hebrewbooks_org_3804_gemini	phonetic	0.529	Tsadik_016.001		"ידוע אשר הרה״ק ר׳ מאטעלי מטשערנאביל זצוק""ל היתה
					אשתו הראשונה בת הרה״ק ר׳ אהרן הגדול מקארלין
					זצוק""ל. תלמיד מובהק של המגיד הגדול. הרה״ק ר׳ דוב
					בער ממעזירטש זצוק""ל. והוליד ממנה שלשה בנים ה"	H-LOC_4			
אהרן מטשערנאביל	1	SipurimUmaamarimYekarim_Hebrewbooks_org_3804_gemini	phonetic	0.529	Tsadik_014.001		"ידוע אשר הרה״ק ר׳ מאטעלי מטשערנאביל זצוק""ל היתה
					אשתו הראשונה בת הרה״ק ר׳ אהרן הגדול מקארלין
					זצוק""ל. תלמיד מובהק של המגיד הגדול. הרה״ק ר׳ דוב
					בער ממעזירטש זצוק""ל. והוליד ממנה שלשה בנים ה"	H-LOC_31			
משה מקארסטשוב	1	SipurimUmaamarimYekarim_Hebrewbooks_org_3804_gemini	phonetic	0.5	Biblical_Moses		"ידוע אשר הרה״ק ר׳ מאטעלי מטשערנאביל זצוק""ל היתה
					אשתו הראשונה בת הרה״ק ר׳ אהרן הגדול מקארלין
					זצוק""ל. תלמיד מובהק של המגיד הגדול. הרה״ק ר׳ דוב
					בער ממעזירטש זצוק""ל. והוליד ממנה שלשה בנים ה"	H-LOC_257			
"אברהם
					מטוריסק"	1	SipurimUmaamarimYekarim_Hebrewbooks_org_3804_gemini	no_match	0.0			"ידוע אשר הרה״ק ר׳ מאטעלי מטשערנאביל זצוק""ל היתה
					אשתו הראשונה בת הרה״ק ר׳ אהרן הגדול מקארלין
					זצוק""ל. תלמיד מובהק של המגיד הגדול. הרה״ק ר׳ דוב
					בער ממעזירטש זצוק""ל. והוליד ממנה שלשה בנים ה"	H-LOC_505			
דוד מטאלנע	1	SipurimUmaamarimYekarim_Hebrewbooks_org_3804_gemini	phonetic	0.5	Biblical_David		"ידוע אשר הרה״ק ר׳ מאטעלי מטשערנאביל זצוק""ל היתה
					אשתו הראשונה בת הרה״ק ר׳ אהרן הגדול מקארלין
					זצוק""ל. תלמיד מובהק של המגיד הגדול. הרה״ק ר׳ דוב
					בער ממעזירטש זצוק""ל. והוליד ממנה שלשה בנים ה"	H-LOC_291			
יוחנן מרחמיסטריווקע	1	SipurimUmaamarimYekarim_Hebrewbooks_org_3804_gemini	no_match	0.0			"ידוע אשר הרה״ק ר׳ מאטעלי מטשערנאביל זצוק""ל היתה
					אשתו הראשונה בת הרה״ק ר׳ אהרן הגדול מקארלין
					זצוק""ל. תלמיד מובהק של המגיד הגדול. הרה״ק ר׳ דוב
					בער ממעזירטש זצוק""ל. והוליד ממנה שלשה בנים ה"				
מאיר מאפטא	1	SipurimUmaamarimYekarim_Hebrewbooks_org_3804_gemini	phonetic	0.375	Tsadik_043.003		"שמעתי מאדמו״ר הרה״ק מרן ר׳ יצחק מסקווירא זצוק""ל.
					כי פ""א שאל הרה״ק ר׳ יעקב יצחק מלובלין
					זצוק""ל. בעהמ״ח ספר זכרון זאת וזאת זכרון ודברי אמת
					לתלמידו הרה״ק ר׳ מאיר מאפטא זצוק""ל. בעהמ״ח ספר
	"	H-LOC_133			
אליהו מיורעוויטש	1	SipurimUmaamarimYekarim_Hebrewbooks_org_3804_gemini	no_match	0.0			"רבש""ע אם הדבר הוא רק כאשר אני רואה עתה בעיני אין
					אני מבקש כלום. אמנם כאשר אני רואה כי כל העולם רצים
					אחריו אולי האמת הוא כדבריהם והם רואים עבודתו ויראתו
					רק אני בשביל רוב עונותי איני רואה"				
ישראל בער מווילעדניק	1	SipurimUmaamarimYekarim_Hebrewbooks_org_3804_gemini	phonetic	0.4	Tsadik_012.472		"בס׳ שארית ישראל מהרה״צ ר׳ ישראל בער מווילעדניק
					זצ""ל. תלמיד המגיד מטשערנאביל זצוק""ל בשער
					ההתקשרות דרוש ו' מאמר א׳ כתב שם על מאמר הגמ׳ במס׳
					חולין (דף י״ז ע״ב) רב ששת בדק לה בריש לישניה וז"	H-LOC_592			
ששת	1	SipurimUmaamarimYekarim_Hebrewbooks_org_3804_gemini	no_match	0.0			"בס׳ שארית ישראל מהרה״צ ר׳ ישראל בער מווילעדניק
					זצ""ל. תלמיד המגיד מטשערנאביל זצוק""ל בשער
					ההתקשרות דרוש ו' מאמר א׳ כתב שם על מאמר הגמ׳ במס׳
					חולין (דף י״ז ע״ב) רב ששת בדק לה בריש לישניה וז"				
"משה
					מסאווריאן"	1	SipurimUmaamarimYekarim_Hebrewbooks_org_3804_gemini	phonetic	0.615	Tsadik_021.002		"פ״א היה הרה״ק ר׳ נחום הנ""ל על שבת קודש אצל הרה״ק
					ר׳ שמעון שלמה זצוק""ל. אביו של הרה״ק ר' משה
					מסאווריאן זצוק""ל. והדליקו אז בעש״ק נר גדול שתדלק כל
					הלילה. ובאשמורת הבוקר או בחצות הלילה כשעמ"				
"דוב בער
					ממעזירטש"	1	SipurimUmaamarimYekarim_Hebrewbooks_org_3804_gemini	phonetic	0.429	Tsadik_002.005		"סיפר אדמו״ר הרה״ק מרן ר׳ יצחק מסקווירא זצוק""ל. כי
					קודם פטירת המגיד הגדול הרה״ק ר׳ דוב בער
					ממעזירטש זצוק""ל. שאלו אותו תלמידיו הקדושים אל מי
					מקדושים יפנו להיות להם לרב ומנהיג. והשיב להם כ"	H-LOC_537			
המגיד מבאפאליע	1	SipurimUmaamarimYekarim_Hebrewbooks_org_3804_gemini	no_match	0.0			"ובס׳ עטרת ישראל מהרה״ק ר׳ ישראל זצוק""ל הנקרא בפי
					כל המגיד מבאפאליע. נכד הרה״ק ר׳ נחום הנ""ל.
					בפ׳ נצבים כתב וז״ל. אנא עובדא ידענא. בימי אא""ז הרב
					הקדוש והטהור צי״ע ר׳ נחום זצוק""ל נבג״מ. הי"	H-LOC_428			
מאטעלי	1	SipurimUmaamarimYekarim_Hebrewbooks_org_3804_gemini	no_match	0.0			"ידוע אשר הרה״ק ר׳ נחום הנ""ל היו לו שני בנים. האחד
					היה הרה״ק ר' משה זצוק""ל שנעדר בנעוריו. והשני
					היה הרה״ק ר׳ מאטעלי המגיד מטשערנאביל זצוק""ל. וסיפר
					אדמו״ר מסקווירא הנ""ל. כי פ""א בא הרה״ק ר"				
"זוסיא
					מהאניפאליע"	1	SipurimUmaamarimYekarim_Hebrewbooks_org_3804_gemini	phonetic	0.625	Tsadik_020.001		"ידוע אשר הרה״ק ר׳ נחום הנ""ל היו לו שני בנים. האחד
					היה הרה״ק ר' משה זצוק""ל שנעדר בנעוריו. והשני
					היה הרה״ק ר׳ מאטעלי המגיד מטשערנאביל זצוק""ל. וסיפר
					אדמו״ר מסקווירא הנ""ל. כי פ""א בא הרה״ק ר"	H-LOC_242			
מרדכי מטשערנאביל	1	SipurimUmaamarimYekarim_Hebrewbooks_org_3804_gemini	phonetic	0.647	Tsadik_014.002		"מהרה״ק ר׳ מרדכי מטשערנאביל זצוק""ל. הנקרא בפי
					כל ר׳ מאטעלי מטשערנאביל או המגיד מטשערנאביל.
					בן הרה״ק ר׳ נחום מטשערנאביל זצוק""ל :"	H-LOC_31			
"מיכעלי
					מזלאטשוב"	1	SipurimUmaamarimYekarim_Hebrewbooks_org_3804_gemini	phonetic	0.5	Tsadik_013.002		"ידוע כי אדמו״ר מסקווירא הנ""ל היתה אשתו הראשונה בת
					הרה״ק ר׳ דן זצוק""ל. (וההרה״ק ר׳ דן היה בנו של
					הרה״ק ר׳ יצחק מראדוויל זצוק""ל בן הרה״ק ר׳ מיכעלי
					מזלאטשוב זצוק""ל. וחתנו של הרה״ק ר׳ אברהם"	H-LOC_398			
"אברהם יהושע העשיל
					מאפטא"	1	SipurimUmaamarimYekarim_Hebrewbooks_org_3804_gemini	name_exact	0.95	Tsadik_043.003		"ידוע כי אדמו״ר מסקווירא הנ""ל היתה אשתו הראשונה בת
					הרה״ק ר׳ דן זצוק""ל. (וההרה״ק ר׳ דן היה בנו של
					הרה״ק ר׳ יצחק מראדוויל זצוק""ל בן הרה״ק ר׳ מיכעלי
					מזלאטשוב זצוק""ל. וחתנו של הרה״ק ר׳ אברהם"	H-LOC_133			
"יצחק
					מראדוויל"	1	SipurimUmaamarimYekarim_Hebrewbooks_org_3804_gemini	no_match	0.0			"ידוע כי אדמו״ר מסקווירא הנ""ל היתה אשתו הראשונה בת
					הרה״ק ר׳ דן זצוק""ל. (וההרה״ק ר׳ דן היה בנו של
					הרה״ק ר׳ יצחק מראדוויל זצוק""ל בן הרה״ק ר׳ מיכעלי
					מזלאטשוב זצוק""ל. וחתנו של הרה״ק ר׳ אברהם"	H-LOC_53			
אברהם יהושע העשיל מאפטא	1	SipurimUmaamarimYekarim_Hebrewbooks_org_3804_gemini	name_exact	0.95	Tsadik_043.003		"עוד סיפר אדמו״ר מסקווירא הנ""ל. כי פ""א היה אביו על
					שבת קודש אצל הרה״ק ר׳ אברהם יהושע העשיל מאפטא
					זצוק""ל בעהמ״ח ספר אוהב ישראל עה״ת. וידוע כי היה דרך
					הקודש של המגיד מטשערנאביל הנ״ל לאכול "	H-LOC_133			
"המגיד
					מטשערנאביל"	1	SipurimUmaamarimYekarim_Hebrewbooks_org_3804_gemini	phonetic	0.615	Tsadik_014.001		"עוד סיפר אדמו״ר מסקווירא הנ""ל. כי פ""א נסע הוא ואחיו
					הרה״ק ר׳ נחום ממקארוב זצוק""ל עם אביהם המגיד
					מטשערנאביל הנ״ל. וידוע כי המגיד הנ""ל היה נוסע תמיד
					במרכבה שלו שהיתה גדולה וכבדה. ויבאו למ"	H-LOC_31			
קין	1	SipurimUmaamarimYekarim_Hebrewbooks_org_3804_gemini	no_match	0.0			"עוד סיפר אדמו״ר מסקווירא הנ""ל. כי פ""א נסע הוא ואחיו
					הרה״ק ר׳ נחום ממקארוב זצוק""ל עם אביהם המגיד
					מטשערנאביל הנ״ל. וידוע כי המגיד הנ""ל היה נוסע תמיד
					במרכבה שלו שהיתה גדולה וכבדה. ויבאו למ"				
הבל	1	SipurimUmaamarimYekarim_Hebrewbooks_org_3804_gemini	no_match	0.0			"עוד סיפר אדמו״ר מסקווירא הנ""ל. כי פ""א נסע הוא ואחיו
					הרה״ק ר׳ נחום ממקארוב זצוק""ל עם אביהם המגיד
					מטשערנאביל הנ״ל. וידוע כי המגיד הנ""ל היה נוסע תמיד
					במרכבה שלו שהיתה גדולה וכבדה. ויבאו למ"				
אברהם דוב מאוורוטש	1	SipurimUmaamarimYekarim_Hebrewbooks_org_3804_gemini	no_match	0.0			"פ״א היה המגיד הנ""ל באיזה מקום ביחד עם הרה״ק ר'
					אברהם דוב מאוורוטש זצוק""ל בעהמ״ח ספר בת עין
					עה״ת. ובא אדם אחד וביקש אותם להיותם אצלו על ברית
					מילה. ויעבד את המגיד להיות הנדק. ואמר אליו המ"	H-LOC_109			
תוספות	1	SipurimUmaamarimYekarim_Hebrewbooks_org_3804_gemini	no_match	0.0			"אדמו״ר מה שאמר. וסיים וסיפר כי לאחר פטירת דודו הרה״ק
					ר' משה הנ""ל הלשינו לפני זקנו הנ""ל על אביו הקדוש המגיד
					הנ""ל. כי הוא מתנהג א״ע בגדלות ועשירות עוד הרבה יותר
					מאחיו שנפטר. ואמר אז הרה״ק"				
אברהם מטוריסק	1	SipurimUmaamarimYekarim_Hebrewbooks_org_3804_gemini	no_match	0.0			"ידוע כי הרה״ק ר׳ אברהם מטוריסק זצוק""ל. היה חתנו
					של הרה״ק ר׳ יעקב אריה מקאוולע זצוק""ל הנקרא
					בפי כל דער קאוולער רב. בן הרה״ק ר' מרדכי מנעסחיזש
					זצוק""ל. ובעת שבא המגיד הנ""ל לעיר קאוולע לשדך"	H-LOC_505			
יעקב אריה מקאוולע	1	SipurimUmaamarimYekarim_Hebrewbooks_org_3804_gemini	no_match	0.0			"ידוע כי הרה״ק ר׳ אברהם מטוריסק זצוק""ל. היה חתנו
					של הרה״ק ר׳ יעקב אריה מקאוולע זצוק""ל הנקרא
					בפי כל דער קאוולער רב. בן הרה״ק ר' מרדכי מנעסחיזש
					זצוק""ל. ובעת שבא המגיד הנ""ל לעיר קאוולע לשדך"	H-LOC_52			
מרדכי מנעסחיזש	1	SipurimUmaamarimYekarim_Hebrewbooks_org_3804_gemini	no_match	0.0			"ידוע כי הרה״ק ר׳ אברהם מטוריסק זצוק""ל. היה חתנו
					של הרה״ק ר׳ יעקב אריה מקאוולע זצוק""ל הנקרא
					בפי כל דער קאוולער רב. בן הרה״ק ר' מרדכי מנעסחיזש
					זצוק""ל. ובעת שבא המגיד הנ""ל לעיר קאוולע לשדך"				
גדלי׳ שמעלקיס	1	Smichat-Moshe_2025-08-26	no_match	0.0			"מודעת זאת כי כל הנמצא בספרי זמנינו שם נכרי או עכו""ם הכונה על
					האומות הקדמונים אשר לא ידעו דרך ד׳ ולא כן האומות אשר אנחנו
					חוסים בצילם ומלכי חסד אשר אנחנו מתפללים על שלומם יר""ה.
					ואפריון נמ"				
"מרדכי
					שמעלקיס"	1	Smichat-Moshe_2025-08-26	no_match	0.0			"מודעת זאת כי כל הנמצא בספרי זמנינו שם נכרי או עכו""ם הכונה על
					האומות הקדמונים אשר לא ידעו דרך ד׳ ולא כן האומות אשר אנחנו
					חוסים בצילם ומלכי חסד אשר אנחנו מתפללים על שלומם יר""ה.
					ואפריון נמ"				
יצחק שמעלקיים	1	Smichat-Moshe_2025-08-26	no_match	0.0			"מאת כבוד הרב הגאון המובהק סיני ועוקר
					הרים פאר הדור פה״ח עמה״י צנא מלא
					ספרא ארי שבחבורה חריף ובקי בכל חדרי התורה
					כקש״ת מוה׳ יצחק שמעלקיים נ""י האב""ד
					דפ״ק פרעמישלא והגליל."				
צבי יהושע הורוויץ	1	Smichat-Moshe_2025-08-26	no_match	0.0			"כן בקודש חזיתי כתב יד מהגאון הקדוש הצדיק
					המפורסים בדורו מ׳ צבי יהושע הורוויץ
					זצלה""ה האבד״ק טרעביטש במדינות מעהרין בנו של
					אותו צדיק יסוד עולם הארי החי הגאון הקדוש רעי'
					מהימנא כקש״ת "				
יהושעל	1	Smichat-Moshe_2025-08-26	no_match	0.0			"כן בקודש חזיתי כתב יד מהגאון הקדוש הצדיק
					המפורסים בדורו מ׳ צבי יהושע הורוויץ
					זצלה""ה האבד״ק טרעביטש במדינות מעהרין בנו של
					אותו צדיק יסוד עולם הארי החי הגאון הקדוש רעי'
					מהימנא כקש״ת "				
איטיבנא	1	Smichat-Moshe_2025-08-26	no_match	0.0			"מאת כבוד הרב הגאון המובהק החריף ובקי
					בכל חדרי התורה תפארת ישראל שר התורה
					סיני ועוקר הרים עמה״י תורה וגדולה במקום אחד
					פאר הדור כקש״ת מוה׳ יצחק אהרן הנ״ל
					איטיבנא נ""י נשיא ארץ הקדושה "				
צבי יהושע איש הורוויץ	1	Smichat-Moshe_2025-08-26	phonetic	0.4	Tsadik_017.003		"מכתבו הגיעני ומע״כ הקשה לשאול ממני ליתן
					הסכמה אשר מעודי אין דרכי בכך.
					לא הלכתי בגדולות ליתן לי מתלכים בין גאוני וגדולי
					הדור אנשי השם. ומה גם על ספרו של אותו צדיק
					הגאון החריף מוה׳ צ"				
"חיים
					האלברשטאם"	1	Smichat-Moshe_2025-08-26	no_match	0.0			"הסכמת הרב הגאון הקדוש ראש גולת אריאל
					עת""י פ""ה רשכבה""ג איש אלהים בוצינא
					קדישא אספקלרי׳ המאירה כבוד קש״ת מו״ה חיים
					האלברשטאם האבד״ק צאנז זצללה""ה :"				
ה אלעזר הלוי איש הורוויץ	1	Smichat-Moshe_2025-08-26	phonetic	0.577	Tsadik_017.002		"הסכמת הרב הגאון המובהק כליל החכמה והמדע
					שלשלת היוחסין מוכתר בנימוסין כש״ת
					מו״ה אלעזר הלוי איש הורוויץ האבד״ק ווינא
					והגליל"				
"צבי יהושע
					איש הורוויץ"	1	Smichat-Moshe_2025-08-26	phonetic	0.4	Tsadik_017.003		"איקלע לאחרין כבוד ש""ב ידיד נפשי ה״ה הרב
					המופלג ושנון בכן של קדושים מו״ה
					שמואל שמעלקא הלוי איש הורוויץ נכד דודי
					זקני הגאון החסיד האמיתי כבוד מוה׳ צבי יהושע
					איש הורוויץ הנ״ל זצללה״ה "				
אלעזר הלוי איש הורוויץ	1	Smichat-Moshe_2025-08-26	phonetic	0.625	Tsadik_017.002		"דברי המדבר לכבוד התורה ולומדי׳ יום ה׳ ט״ז אלול
					תרכ״ה פה וויען הבירה.
					אלעזר הלוי איש הורוויץ."				
ארי׳ ליבש נאטינזאהן מברעזאן	1	Smichat-Moshe_2025-08-26	no_match	0.0			"הסכמת הרב הגאון המפורסם החריף הגדול סיני
					ועוקר הרים הישיש עטרת תפארת ישראל
					מ׳ ארי׳ ליבש נאטינזאהן מברעזאן אביו של
					הגאון רבינו י״ש מלבוב"	H-LOC_116			
י״ש מלבוב	1	Smichat-Moshe_2025-08-26	no_match	0.0			"הסכמת הרב הגאון המפורסם החריף הגדול סיני
					ועוקר הרים הישיש עטרת תפארת ישראל
					מ׳ ארי׳ ליבש נאטינזאהן מברעזאן אביו של
					הגאון רבינו י״ש מלבוב"	H-LOC_40			
"אבד״ק
					טרייביטש"	1	Smichat-Moshe_2025-08-26	no_match	0.0			"ראיתי ביד מוכ״ז הרב מ׳ שמעלקע הורוויץ נ״י
					מגלת ספר כתוב מידו הקדושה של מרן
					זקנו הגאון הקדוש הנודע בשערים לתהלה ותפארת
				מוהר״ר שמואל שמעלקא זצללה""ה האבד״ק נ״ש
					והיא חיבורי קודש על אה״ע"	H-LOC_29			
ארי׳ ליבוש נאטינזאהן	1	Smichat-Moshe_2025-08-26	no_match	0.0			"יום ב׳ תצא תזכר לפ״ק פה ברעזאן יצ״ו
					הק׳ ארי׳ ליבוש נאטינזאהן."				
יהושע זצללה	1	Smichat-Moshe_2025-08-26	no_match	0.0			"האיש מוכ״ז נצר משרשי אנשי אלקי גאוני אבע
					קדם זצלה""ה הרבני המופלג בנן של קדושים
					ממשפחת בית אבותי ז״ל הנחמד מ׳ שמואל שמעלקא
					נ""י אשר הטה שכמו לסבול עמל ויגיעת להוציא
					לאור עולם חיבור ש"				
דוב בעריש מייזלש מטוסמעניץ	1	Smichat-Moshe_2025-08-26	no_match	0.0			"האיש מוכ״ז נצר משרשי אנשי אלקי גאוני אבע
					קדם זצלה""ה הרבני המופלג בנן של קדושים
					ממשפחת בית אבותי ז״ל הנחמד מ׳ שמואל שמעלקא
					נ""י אשר הטה שכמו לסבול עמל ויגיעת להוציא
					לאור עולם חיבור ש"	H-LOC_148			
מנחם איש	1	Smichat-Moshe_2025-08-26	no_match	0.0			"סכמת הרב הגאון הצדיק מפורסם נודע בשערים
					לשם ולתהלה ולתפארת כקש״ת
					מ׳ מנחם איש אבד״ק אונגוואר ז״ל .
					עובר פה אצלינו בר אבהן ובר אוריין הרבני
					המופלג מ׳ שמואל שמעלקא נין ונכד
					לרבות"				
מנחם א״ש	1	Smichat-Moshe_2025-08-26	no_match	0.0			הק׳ מנחם א״ש במו״ה ר׳ מאיר א״ש חופה״ק הנ״ל והגליל				
מאיר א״ש	1	Smichat-Moshe_2025-08-26	no_match	0.0			הק׳ מנחם א״ש במו״ה ר׳ מאיר א״ש חופה״ק הנ״ל והגליל				
צבי הירש בר״א	1	Smichat-Moshe_2025-08-26	no_match	0.0			הק׳ צבי הירש בר״א אבד״ק ליסקא				
צבי יחיאל מיכלם זאהן	1	Smichat-Moshe_2025-08-26	phonetic	0.391	Tsadik_013.002		"ואגב דאתי לידן אציג בכאן סדר יחוסי בכדי שיהי' לזכרון עולם לזרעי אחרי ושמעתי אומרים מזקני הגאון
					בעל חכם צבי ז""ל בכל פעם שבאו אליו מכתבים שונים הי׳ קורא תמיד הטיטול מה שכותבים
					עליו ושאל אותו פ"				
משולם זלמן הלוי איש הורוויץ	1	Smichat-Moshe_2025-08-26	phonetic	0.517	Tsadik_017.002		"ואגב דאתי לידן אציג בכאן סדר יחוסי בכדי שיהי' לזכרון עולם לזרעי אחרי ושמעתי אומרים מזקני הגאון
					בעל חכם צבי ז""ל בכל פעם שבאו אליו מכתבים שונים הי׳ קורא תמיד הטיטול מה שכותבים
					עליו ושאל אותו פ"				
צבי הירש הלוי איש הורוויץ	1	Smichat-Moshe_2025-08-26	phonetic	0.577	Tsadik_017.002		"ואגב דאתי לידן אציג בכאן סדר יחוסי בכדי שיהי' לזכרון עולם לזרעי אחרי ושמעתי אומרים מזקני הגאון
					בעל חכם צבי ז""ל בכל פעם שבאו אליו מכתבים שונים הי׳ קורא תמיד הטיטול מה שכותבים
					עליו ושאל אותו פ"				
ר' הירש מרימנאב	1	Smichat-Moshe_2025-08-26	no_match	0.0			"הדאקטורים נתנו לי ייאוש והי׳ כמשלש חדשים עבר דרך עיר סאניק לק׳ ליסקא הרב הק׳ רבי ר' הירש מרימנאב
					ז""ל והי׳ אצלי לבקרי ובירך אותי ובהחזרה לביתו שבת על ש""ק בק' סאניק ואחר תפילת שחרית בא ג""כ אצלי
			"				
מאיר הלוי איש הורויץ	1	Smichat-Moshe_2025-08-26	phonetic	0.636	Tsadik_017.002		"בהרב הגאון הקדוש מ׳ מאיר הלוי איש הורויץ
					אבד״ק טוקטין. בהרב הגאון הקדוש מ׳ שמואל שמעלקא האבד״ק טארני [הנקרא בפ״כ דער הוכער רבי ר״ש
					וכתוב על מצבתו וישפוט שמואל את העם ארבעים שנה וימות לפ""ק אמ"				
טארני	1	Smichat-Moshe_2025-08-26	no_match	0.0			"בהרב הגאון הקדוש מ׳ מאיר הלוי איש הורויץ
					אבד״ק טוקטין. בהרב הגאון הקדוש מ׳ שמואל שמעלקא האבד״ק טארני [הנקרא בפ״כ דער הוכער רבי ר״ש
					וכתוב על מצבתו וישפוט שמואל את העם ארבעים שנה וימות לפ""ק אמ"				
יהושע ארוך איש הורוויץ	1	Smichat-Moshe_2025-08-26	phonetic	0.385	Tsadik_017.003		"בהרב הגאון הקדוש מ׳ מאיר הלוי איש הורויץ
					אבד״ק טוקטין. בהרב הגאון הקדוש מ׳ שמואל שמעלקא האבד״ק טארני [הנקרא בפ״כ דער הוכער רבי ר״ש
					וכתוב על מצבתו וישפוט שמואל את העם ארבעים שנה וימות לפ""ק אמ"				
"ישעי׳
					הלוי איש הורוויץ מפראג"	1	Smichat-Moshe_2025-08-26	phonetic	0.517	Tsadik_017.002		"בהרב הגאון הקדוש מ׳ מאיר הלוי איש הורויץ
					אבד״ק טוקטין. בהרב הגאון הקדוש מ׳ שמואל שמעלקא האבד״ק טארני [הנקרא בפ״כ דער הוכער רבי ר״ש
					וכתוב על מצבתו וישפוט שמואל את העם ארבעים שנה וימות לפ""ק אמ"	H-LOC_142			
אברהם הלוי איש הורויץ	1	Smichat-Moshe_2025-08-26	phonetic	0.609	Tsadik_017.002		"בהרב הגאון הקדוש מ׳ מאיר הלוי איש הורויץ
					אבד״ק טוקטין. בהרב הגאון הקדוש מ׳ שמואל שמעלקא האבד״ק טארני [הנקרא בפ״כ דער הוכער רבי ר״ש
					וכתוב על מצבתו וישפוט שמואל את העם ארבעים שנה וימות לפ""ק אמ"				
שבתי שעפטיל	1	Smichat-Moshe_2025-08-26	no_match	0.0			"בהרב הגאון הקדוש מ׳ מאיר הלוי איש הורויץ
					אבד״ק טוקטין. בהרב הגאון הקדוש מ׳ שמואל שמעלקא האבד״ק טארני [הנקרא בפ״כ דער הוכער רבי ר״ש
					וכתוב על מצבתו וישפוט שמואל את העם ארבעים שנה וימות לפ""ק אמ"				
עקיבא כ״ץ	1	Smichat-Moshe_2025-08-26	no_match	0.0			"בהרב הגאון הקדוש מ׳ מאיר הלוי איש הורויץ
					אבד״ק טוקטין. בהרב הגאון הקדוש מ׳ שמואל שמעלקא האבד״ק טארני [הנקרא בפ״כ דער הוכער רבי ר״ש
					וכתוב על מצבתו וישפוט שמואל את העם ארבעים שנה וימות לפ""ק אמ"				
ישעי׳ הלוי איש הורויץ מק' הורוויץ	1	Smichat-Moshe_2025-08-26	phonetic	0.517	Tsadik_017.002		"בהרב הגאון הקדוש מ׳ מאיר הלוי איש הורויץ
					אבד״ק טוקטין. בהרב הגאון הקדוש מ׳ שמואל שמעלקא האבד״ק טארני [הנקרא בפ״כ דער הוכער רבי ר״ש
					וכתוב על מצבתו וישפוט שמואל את העם ארבעים שנה וימות לפ""ק אמ"				
צבי'	1	Smichat-Moshe_2025-08-26	phonetic	0.5	Tsadik_012.109		"אבי ז""ל מ׳ משולם זלמן הי' מצד אם בן הצדיקת מרת צבי' ז""ל בת הצדיקת מ׳ שרה ז""ל בת הנאה
					הצדיק המפורסים מ׳ צבי הירש אבד״ק רומאנאב בהרב הגדול מ׳ אפרים אשכנזי מלבוב בחרו
					הגאון מ׳ צבי אשכנזי בעל חכ"				
אפרים אשכנזי מלבוב	1	Smichat-Moshe_2025-08-26	no_match	0.0			"אבי ז""ל מ׳ משולם זלמן הי' מצד אם בן הצדיקת מרת צבי' ז""ל בת הצדיקת מ׳ שרה ז""ל בת הנאה
					הצדיק המפורסים מ׳ צבי הירש אבד״ק רומאנאב בהרב הגדול מ׳ אפרים אשכנזי מלבוב בחרו
					הגאון מ׳ צבי אשכנזי בעל חכ"	H-LOC_40			
צבי אשכנזי	1	Smichat-Moshe_2025-08-26	phonetic	0.417	Tsadik_012.049		"אבי ז""ל מ׳ משולם זלמן הי' מצד אם בן הצדיקת מרת צבי' ז""ל בת הצדיקת מ׳ שרה ז""ל בת הנאה
					הצדיק המפורסים מ׳ צבי הירש אבד״ק רומאנאב בהרב הגדול מ׳ אפרים אשכנזי מלבוב בחרו
					הגאון מ׳ צבי אשכנזי בעל חכ"				
יהושיע פרגם מרישא	1	Smichat-Moshe_2025-08-26	no_match	0.0			"אבי ז""ל מ׳ משולם זלמן הי' מצד אם בן הצדיקת מרת צבי' ז""ל בת הצדיקת מ׳ שרה ז""ל בת הנאה
					הצדיק המפורסים מ׳ צבי הירש אבד״ק רומאנאב בהרב הגדול מ׳ אפרים אשכנזי מלבוב בחרו
					הגאון מ׳ צבי אשכנזי בעל חכ"	H-LOC_129			
שכנא	1	Smichat-Moshe_2025-08-26	no_match	0.0			"אבי ז""ל מ׳ משולם זלמן הי' מצד אם בן הצדיקת מרת צבי' ז""ל בת הצדיקת מ׳ שרה ז""ל בת הנאה
					הצדיק המפורסים מ׳ צבי הירש אבד״ק רומאנאב בהרב הגדול מ׳ אפרים אשכנזי מלבוב בחרו
					הגאון מ׳ צבי אשכנזי בעל חכ"				
שכלא	1	Smichat-Moshe_2025-08-26	no_match	0.0			"אבי ז""ל מ׳ משולם זלמן הי' מצד אם בן הצדיקת מרת צבי' ז""ל בת הצדיקת מ׳ שרה ז""ל בת הנאה
					הצדיק המפורסים מ׳ צבי הירש אבד״ק רומאנאב בהרב הגדול מ׳ אפרים אשכנזי מלבוב בחרו
					הגאון מ׳ צבי אשכנזי בעל חכ"				
מרדכי יאלים מקראקא	1	Smichat-Moshe_2025-08-26	no_match	0.0			"וא״מ ר״מ מטוסמעניץ הנ״ל הי׳ חתן הגאון מ׳ שמואל בהרב התייר מ׳ אברהם ראש מטיסמעניץ ור׳ שמואל
					הנ""ל הי׳ חתן הגאון מ׳ משה בהרב הגאון החסיד מ׳ יהושע במ""ח ס׳ מגיני שלמה. גם כתוב שם שהרב מ'
					מרדכי ר״"	H-LOC_130			
יצחק אברהם	1	Smichat-Moshe_2025-08-26	phonetic	0.455	Biblical_Isaac		"וא״מ ר״מ מטוסמעניץ הנ״ל הי׳ חתן הגאון מ׳ שמואל בהרב התייר מ׳ אברהם ראש מטיסמעניץ ור׳ שמואל
					הנ""ל הי׳ חתן הגאון מ׳ משה בהרב הגאון החסיד מ׳ יהושע במ""ח ס׳ מגיני שלמה. גם כתוב שם שהרב מ'
					מרדכי ר״"				
משה כ״ץ	1	Smichat-Moshe_2025-08-26	phonetic	0.5	Biblical_Moses		"וא״מ ר״מ מטוסמעניץ הנ״ל הי׳ חתן הגאון מ׳ שמואל בהרב התייר מ׳ אברהם ראש מטיסמעניץ ור׳ שמואל
					הנ""ל הי׳ חתן הגאון מ׳ משה בהרב הגאון החסיד מ׳ יהושע במ""ח ס׳ מגיני שלמה. גם כתוב שם שהרב מ'
					מרדכי ר״"				
שבתי הכהן	1	Smichat-Moshe_2025-08-26	no_match	0.0			"וא״מ ר״מ מטוסמעניץ הנ״ל הי׳ חתן הגאון מ׳ שמואל בהרב התייר מ׳ אברהם ראש מטיסמעניץ ור׳ שמואל
					הנ""ל הי׳ חתן הגאון מ׳ משה בהרב הגאון החסיד מ׳ יהושע במ""ח ס׳ מגיני שלמה. גם כתוב שם שהרב מ'
					מרדכי ר״"				
מאיר כ״ץ	1	Smichat-Moshe_2025-08-26	no_match	0.0			"וא״מ ר״מ מטוסמעניץ הנ״ל הי׳ חתן הגאון מ׳ שמואל בהרב התייר מ׳ אברהם ראש מטיסמעניץ ור׳ שמואל
					הנ""ל הי׳ חתן הגאון מ׳ משה בהרב הגאון החסיד מ׳ יהושע במ""ח ס׳ מגיני שלמה. גם כתוב שם שהרב מ'
					מרדכי ר״"				
פייביש מקראקא	1	Smichat-Moshe_2025-08-26	no_match	0.0			"וא״מ ר״מ מטוסמעניץ הנ״ל הי׳ חתן הגאון מ׳ שמואל בהרב התייר מ׳ אברהם ראש מטיסמעניץ ור׳ שמואל
					הנ""ל הי׳ חתן הגאון מ׳ משה בהרב הגאון החסיד מ׳ יהושע במ""ח ס׳ מגיני שלמה. גם כתוב שם שהרב מ'
					מרדכי ר״"	H-LOC_130			
"רשכבה""ג מ׳ צבי הירש"	1	Smichat-Moshe_2025-08-26	no_match	0.0			"וא״מ ר״מ מטוסמעניץ הנ״ל הי׳ חתן הגאון מ׳ שמואל בהרב התייר מ׳ אברהם ראש מטיסמעניץ ור׳ שמואל
					הנ""ל הי׳ חתן הגאון מ׳ משה בהרב הגאון החסיד מ׳ יהושע במ""ח ס׳ מגיני שלמה. גם כתוב שם שהרב מ'
					מרדכי ר״"				
זכריה הנביא	1	Smichat-Moshe_2025-08-26	no_match	0.0			"וא״מ ר״מ מטוסמעניץ הנ״ל הי׳ חתן הגאון מ׳ שמואל בהרב התייר מ׳ אברהם ראש מטיסמעניץ ור׳ שמואל
					הנ""ל הי׳ חתן הגאון מ׳ משה בהרב הגאון החסיד מ׳ יהושע במ""ח ס׳ מגיני שלמה. גם כתוב שם שהרב מ'
					מרדכי ר״"				
קאצינעליכבוגין	1	Smichat-Moshe_2025-08-26	no_match	0.0			"וא״מ ר״מ מטוסמעניץ הנ״ל הי׳ חתן הגאון מ׳ שמואל בהרב התייר מ׳ אברהם ראש מטיסמעניץ ור׳ שמואל
					הנ""ל הי׳ חתן הגאון מ׳ משה בהרב הגאון החסיד מ׳ יהושע במ""ח ס׳ מגיני שלמה. גם כתוב שם שהרב מ'
					מרדכי ר״"				
מאיר קאצינעלינבוגין	1	Smichat-Moshe_2025-08-26	no_match	0.0			"וא״מ ר״מ מטוסמעניץ הנ״ל הי׳ חתן הגאון מ׳ שמואל בהרב התייר מ׳ אברהם ראש מטיסמעניץ ור׳ שמואל
					הנ""ל הי׳ חתן הגאון מ׳ משה בהרב הגאון החסיד מ׳ יהושע במ""ח ס׳ מגיני שלמה. גם כתוב שם שהרב מ'
					מרדכי ר״"				
פנחס הלוי איש הורויץ	1	Smichat-Moshe_2025-08-26	name_exact	0.95	Tsadik_017.002		"וא״מ ר״מ מטוסמעניץ הנ״ל הי׳ חתן הגאון מ׳ שמואל בהרב התייר מ׳ אברהם ראש מטיסמעניץ ור׳ שמואל
					הנ""ל הי׳ חתן הגאון מ׳ משה בהרב הגאון החסיד מ׳ יהושע במ""ח ס׳ מגיני שלמה. גם כתוב שם שהרב מ'
					מרדכי ר״"				
"שאול
					וואהל"	1	Smichat-Moshe_2025-08-26	no_match	0.0			"וא״מ ר״מ מטוסמעניץ הנ״ל הי׳ חתן הגאון מ׳ שמואל בהרב התייר מ׳ אברהם ראש מטיסמעניץ ור׳ שמואל
					הנ""ל הי׳ חתן הגאון מ׳ משה בהרב הגאון החסיד מ׳ יהושע במ""ח ס׳ מגיני שלמה. גם כתוב שם שהרב מ'
					מרדכי ר״"				
שמואל יודא	1	Smichat-Moshe_2025-08-26	phonetic	0.375	Tsadik_017.003		"וא״מ ר״מ מטוסמעניץ הנ״ל הי׳ חתן הגאון מ׳ שמואל בהרב התייר מ׳ אברהם ראש מטיסמעניץ ור׳ שמואל
					הנ""ל הי׳ חתן הגאון מ׳ משה בהרב הגאון החסיד מ׳ יהושע במ""ח ס׳ מגיני שלמה. גם כתוב שם שהרב מ'
					מרדכי ר״"				
מאיר ק	1	Smichat-Moshe_2025-08-26	no_match	0.0			"וא״מ ר״מ מטוסמעניץ הנ״ל הי׳ חתן הגאון מ׳ שמואל בהרב התייר מ׳ אברהם ראש מטיסמעניץ ור׳ שמואל
					הנ""ל הי׳ חתן הגאון מ׳ משה בהרב הגאון החסיד מ׳ יהושע במ""ח ס׳ מגיני שלמה. גם כתוב שם שהרב מ'
					מרדכי ר״"				
"מהר""ם פאדווה"	1	Smichat-Moshe_2025-08-26	no_match	0.0			"וא״מ ר״מ מטוסמעניץ הנ״ל הי׳ חתן הגאון מ׳ שמואל בהרב התייר מ׳ אברהם ראש מטיסמעניץ ור׳ שמואל
					הנ""ל הי׳ חתן הגאון מ׳ משה בהרב הגאון החסיד מ׳ יהושע במ""ח ס׳ מגיני שלמה. גם כתוב שם שהרב מ'
					מרדכי ר״"				
שו	1	Smichat-Moshe_2025-08-26	no_match	0.0			"וא״מ ר״מ מטוסמעניץ הנ״ל הי׳ חתן הגאון מ׳ שמואל בהרב התייר מ׳ אברהם ראש מטיסמעניץ ור׳ שמואל
					הנ""ל הי׳ חתן הגאון מ׳ משה בהרב הגאון החסיד מ׳ יהושע במ""ח ס׳ מגיני שלמה. גם כתוב שם שהרב מ'
					מרדכי ר״"				
רוכל	1	Smichat-Moshe_2025-08-26	no_match	0.0			"וא״מ ר״מ מטוסמעניץ הנ״ל הי׳ חתן הגאון מ׳ שמואל בהרב התייר מ׳ אברהם ראש מטיסמעניץ ור׳ שמואל
					הנ""ל הי׳ חתן הגאון מ׳ משה בהרב הגאון החסיד מ׳ יהושע במ""ח ס׳ מגיני שלמה. גם כתוב שם שהרב מ'
					מרדכי ר״"				
אברהם מינץ אבד״ק פאדווה	1	Smichat-Moshe_2025-08-26	no_match	0.0			"וא״מ ר״מ מטוסמעניץ הנ״ל הי׳ חתן הגאון מ׳ שמואל בהרב התייר מ׳ אברהם ראש מטיסמעניץ ור׳ שמואל
					הנ""ל הי׳ חתן הגאון מ׳ משה בהרב הגאון החסיד מ׳ יהושע במ""ח ס׳ מגיני שלמה. גם כתוב שם שהרב מ'
					מרדכי ר״"				
מ׳ יהודא מינץ	1	Smichat-Moshe_2025-08-26	no_match	0.0			"וא״מ ר״מ מטוסמעניץ הנ״ל הי׳ חתן הגאון מ׳ שמואל בהרב התייר מ׳ אברהם ראש מטיסמעניץ ור׳ שמואל
					הנ""ל הי׳ חתן הגאון מ׳ משה בהרב הגאון החסיד מ׳ יהושע במ""ח ס׳ מגיני שלמה. גם כתוב שם שהרב מ'
					מרדכי ר״"				
מהר״י מינץ	1	Smichat-Moshe_2025-08-26	no_match	0.0			"וא״מ ר״מ מטוסמעניץ הנ״ל הי׳ חתן הגאון מ׳ שמואל בהרב התייר מ׳ אברהם ראש מטיסמעניץ ור׳ שמואל
					הנ""ל הי׳ חתן הגאון מ׳ משה בהרב הגאון החסיד מ׳ יהושע במ""ח ס׳ מגיני שלמה. גם כתוב שם שהרב מ'
					מרדכי ר״"				
בנימן בייגיש מפוזנא	1	Smichat-Moshe_2025-08-26	no_match	0.0			"וא״מ ר״מ מטוסמעניץ הנ״ל הי׳ חתן הגאון מ׳ שמואל בהרב התייר מ׳ אברהם ראש מטיסמעניץ ור׳ שמואל
					הנ""ל הי׳ חתן הגאון מ׳ משה בהרב הגאון החסיד מ׳ יהושע במ""ח ס׳ מגיני שלמה. גם כתוב שם שהרב מ'
					מרדכי ר״"	H-LOC_5			
"יהודא ליוואי
					הזקן מק׳ פראג"	1	Smichat-Moshe_2025-08-26	no_match	0.0			"וא״מ ר״מ מטוסמעניץ הנ״ל הי׳ חתן הגאון מ׳ שמואל בהרב התייר מ׳ אברהם ראש מטיסמעניץ ור׳ שמואל
					הנ""ל הי׳ חתן הגאון מ׳ משה בהרב הגאון החסיד מ׳ יהושע במ""ח ס׳ מגיני שלמה. גם כתוב שם שהרב מ'
					מרדכי ר״"	H-LOC_142			
אי גאון	1	Smichat-Moshe_2025-08-26	no_match	0.0			"וא״מ ר״מ מטוסמעניץ הנ״ל הי׳ חתן הגאון מ׳ שמואל בהרב התייר מ׳ אברהם ראש מטיסמעניץ ור׳ שמואל
					הנ""ל הי׳ חתן הגאון מ׳ משה בהרב הגאון החסיד מ׳ יהושע במ""ח ס׳ מגיני שלמה. גם כתוב שם שהרב מ'
					מרדכי ר״"				
רירא	1	Smichat-Moshe_2025-08-26	no_match	0.0			"וא״מ ר״מ מטוסמעניץ הנ״ל הי׳ חתן הגאון מ׳ שמואל בהרב התייר מ׳ אברהם ראש מטיסמעניץ ור׳ שמואל
					הנ""ל הי׳ חתן הגאון מ׳ משה בהרב הגאון החסיד מ׳ יהושע במ""ח ס׳ מגיני שלמה. גם כתוב שם שהרב מ'
					מרדכי ר״"				
משה איסרלש	1	Smichat-Moshe_2025-08-26	phonetic	0.7	Rabbinic_Rema		"וא״מ ר״מ מטוסמעניץ הנ״ל הי׳ חתן הגאון מ׳ שמואל בהרב התייר מ׳ אברהם ראש מטיסמעניץ ור׳ שמואל
					הנ""ל הי׳ חתן הגאון מ׳ משה בהרב הגאון החסיד מ׳ יהושע במ""ח ס׳ מגיני שלמה. גם כתוב שם שהרב מ'
					מרדכי ר״"				
מרדכי אבד״ק לילקא	1	Smichat-Moshe_2025-08-26	no_match	0.0			"וא״מ ר״מ מטוסמעניץ הנ״ל הי׳ חתן הגאון מ׳ שמואל בהרב התייר מ׳ אברהם ראש מטיסמעניץ ור׳ שמואל
					הנ""ל הי׳ חתן הגאון מ׳ משה בהרב הגאון החסיד מ׳ יהושע במ""ח ס׳ מגיני שלמה. גם כתוב שם שהרב מ'
					מרדכי ר״"				
זקי	1	Smichat-Moshe_2025-08-26	no_match	0.0			"וא״מ ר״מ מטוסמעניץ הנ״ל הי׳ חתן הגאון מ׳ שמואל בהרב התייר מ׳ אברהם ראש מטיסמעניץ ור׳ שמואל
					הנ""ל הי׳ חתן הגאון מ׳ משה בהרב הגאון החסיד מ׳ יהושע במ""ח ס׳ מגיני שלמה. גם כתוב שם שהרב מ'
					מרדכי ר״"				
"שמחה כהן
					ראפפורט אבד״ק הוראדנא"	1	Smichat-Moshe_2025-08-26	no_match	0.0			"וא״מ ר״מ מטוסמעניץ הנ״ל הי׳ חתן הגאון מ׳ שמואל בהרב התייר מ׳ אברהם ראש מטיסמעניץ ור׳ שמואל
					הנ""ל הי׳ חתן הגאון מ׳ משה בהרב הגאון החסיד מ׳ יהושע במ""ח ס׳ מגיני שלמה. גם כתוב שם שהרב מ'
					מרדכי ר״"				
"רשכבה""ג מ׳ חיים כהן
					אבד״ק"	1	Smichat-Moshe_2025-08-26	no_match	0.0			"וא״מ ר״מ מטוסמעניץ הנ״ל הי׳ חתן הגאון מ׳ שמואל בהרב התייר מ׳ אברהם ראש מטיסמעניץ ור׳ שמואל
					הנ""ל הי׳ חתן הגאון מ׳ משה בהרב הגאון החסיד מ׳ יהושע במ""ח ס׳ מגיני שלמה. גם כתוב שם שהרב מ'
					מרדכי ר״"				
"רשכבה""ג מ׳ נחמן"	1	Smichat-Moshe_2025-08-26	no_match	0.0			"וא״מ ר״מ מטוסמעניץ הנ״ל הי׳ חתן הגאון מ׳ שמואל בהרב התייר מ׳ אברהם ראש מטיסמעניץ ור׳ שמואל
					הנ""ל הי׳ חתן הגאון מ׳ משה בהרב הגאון החסיד מ׳ יהושע במ""ח ס׳ מגיני שלמה. גם כתוב שם שהרב מ'
					מרדכי ר״"				
ליפשיץ	1	Smichat-Moshe_2025-08-26	no_match	0.0			"וא״מ ר״מ מטוסמעניץ הנ״ל הי׳ חתן הגאון מ׳ שמואל בהרב התייר מ׳ אברהם ראש מטיסמעניץ ור׳ שמואל
					הנ""ל הי׳ חתן הגאון מ׳ משה בהרב הגאון החסיד מ׳ יהושע במ""ח ס׳ מגיני שלמה. גם כתוב שם שהרב מ'
					מרדכי ר״"				
נזר הקודש מ׳ יוסף	1	Smichat-Moshe_2025-08-26	no_match	0.0			"וא״מ ר״מ מטוסמעניץ הנ״ל הי׳ חתן הגאון מ׳ שמואל בהרב התייר מ׳ אברהם ראש מטיסמעניץ ור׳ שמואל
					הנ""ל הי׳ חתן הגאון מ׳ משה בהרב הגאון החסיד מ׳ יהושע במ""ח ס׳ מגיני שלמה. גם כתוב שם שהרב מ'
					מרדכי ר״"				
״ם מלובלין	1	Smichat-Moshe_2025-08-26	phonetic	0.714	Tsadik_041.001		"וא״מ ר״מ מטוסמעניץ הנ״ל הי׳ חתן הגאון מ׳ שמואל בהרב התייר מ׳ אברהם ראש מטיסמעניץ ור׳ שמואל
					הנ""ל הי׳ חתן הגאון מ׳ משה בהרב הגאון החסיד מ׳ יהושע במ""ח ס׳ מגיני שלמה. גם כתוב שם שהרב מ'
					מרדכי ר״"	H-LOC_56			
יצחק שפירא	1	Smichat-Moshe_2025-08-26	no_match	0.0			"וא״מ ר״מ מטוסמעניץ הנ״ל הי׳ חתן הגאון מ׳ שמואל בהרב התייר מ׳ אברהם ראש מטיסמעניץ ור׳ שמואל
					הנ""ל הי׳ חתן הגאון מ׳ משה בהרב הגאון החסיד מ׳ יהושע במ""ח ס׳ מגיני שלמה. גם כתוב שם שהרב מ'
					מרדכי ר״"				
ל מפראג	1	Smichat-Moshe_2025-08-26	no_match	0.0			"וא״מ ר״מ מטוסמעניץ הנ״ל הי׳ חתן הגאון מ׳ שמואל בהרב התייר מ׳ אברהם ראש מטיסמעניץ ור׳ שמואל
					הנ""ל הי׳ חתן הגאון מ׳ משה בהרב הגאון החסיד מ׳ יהושע במ""ח ס׳ מגיני שלמה. גם כתוב שם שהרב מ'
					מרדכי ר״"	H-LOC_142			
דוד כ״ץ שפירא	1	Smichat-Moshe_2025-08-26	no_match	0.0			"וא״מ ר״מ מטוסמעניץ הנ״ל הי׳ חתן הגאון מ׳ שמואל בהרב התייר מ׳ אברהם ראש מטיסמעניץ ור׳ שמואל
					הנ""ל הי׳ חתן הגאון מ׳ משה בהרב הגאון החסיד מ׳ יהושע במ""ח ס׳ מגיני שלמה. גם כתוב שם שהרב מ'
					מרדכי ר״"				
יואל כ״ץ שפירא	1	Smichat-Moshe_2025-08-26	no_match	0.0			"וא״מ ר״מ מטוסמעניץ הנ״ל הי׳ חתן הגאון מ׳ שמואל בהרב התייר מ׳ אברהם ראש מטיסמעניץ ור׳ שמואל
					הנ""ל הי׳ חתן הגאון מ׳ משה בהרב הגאון החסיד מ׳ יהושע במ""ח ס׳ מגיני שלמה. גם כתוב שם שהרב מ'
					מרדכי ר״"				
זכרי׳ הנביא	1	Smichat-Moshe_2025-08-26	no_match	0.0			"וא״מ ר״מ מטוסמעניץ הנ״ל הי׳ חתן הגאון מ׳ שמואל בהרב התייר מ׳ אברהם ראש מטיסמעניץ ור׳ שמואל
					הנ""ל הי׳ חתן הגאון מ׳ משה בהרב הגאון החסיד מ׳ יהושע במ""ח ס׳ מגיני שלמה. גם כתוב שם שהרב מ'
					מרדכי ר״"				
וישל	1	Smichat-Moshe_2025-08-26	no_match	0.0			"וא״מ ר״מ מטוסמעניץ הנ״ל הי׳ חתן הגאון מ׳ שמואל בהרב התייר מ׳ אברהם ראש מטיסמעניץ ור׳ שמואל
					הנ""ל הי׳ חתן הגאון מ׳ משה בהרב הגאון החסיד מ׳ יהושע במ""ח ס׳ מגיני שלמה. גם כתוב שם שהרב מ'
					מרדכי ר״"				
שלמה לוריא	1	Smichat-Moshe_2025-08-26	no_match	0.0			"וא״מ ר״מ מטוסמעניץ הנ״ל הי׳ חתן הגאון מ׳ שמואל בהרב התייר מ׳ אברהם ראש מטיסמעניץ ור׳ שמואל
					הנ""ל הי׳ חתן הגאון מ׳ משה בהרב הגאון החסיד מ׳ יהושע במ""ח ס׳ מגיני שלמה. גם כתוב שם שהרב מ'
					מרדכי ר״"				
ים	1	Smichat-Moshe_2025-08-26	no_match	0.0			"וא״מ ר״מ מטוסמעניץ הנ״ל הי׳ חתן הגאון מ׳ שמואל בהרב התייר מ׳ אברהם ראש מטיסמעניץ ור׳ שמואל
					הנ""ל הי׳ חתן הגאון מ׳ משה בהרב הגאון החסיד מ׳ יהושע במ""ח ס׳ מגיני שלמה. גם כתוב שם שהרב מ'
					מרדכי ר״"				
יחיאל לוריא	1	Smichat-Moshe_2025-08-26	no_match	0.0			"וא״מ ר״מ מטוסמעניץ הנ״ל הי׳ חתן הגאון מ׳ שמואל בהרב התייר מ׳ אברהם ראש מטיסמעניץ ור׳ שמואל
					הנ""ל הי׳ חתן הגאון מ׳ משה בהרב הגאון החסיד מ׳ יהושע במ""ח ס׳ מגיני שלמה. גם כתוב שם שהרב מ'
					מרדכי ר״"				
שמשון מארינפורט	1	Smichat-Moshe_2025-08-26	no_match	0.0			"וא״מ ר״מ מטוסמעניץ הנ״ל הי׳ חתן הגאון מ׳ שמואל בהרב התייר מ׳ אברהם ראש מטיסמעניץ ור׳ שמואל
					הנ""ל הי׳ חתן הגאון מ׳ משה בהרב הגאון החסיד מ׳ יהושע במ""ח ס׳ מגיני שלמה. גם כתוב שם שהרב מ'
					מרדכי ר״"				
מרה מרים	1	Smichat-Moshe_2025-08-26	no_match	0.0			"וא״מ ר״מ מטוסמעניץ הנ״ל הי׳ חתן הגאון מ׳ שמואל בהרב התייר מ׳ אברהם ראש מטיסמעניץ ור׳ שמואל
					הנ""ל הי׳ חתן הגאון מ׳ משה בהרב הגאון החסיד מ׳ יהושע במ""ח ס׳ מגיני שלמה. גם כתוב שם שהרב מ'
					מרדכי ר״"				
פרץ מקושטנטינא	1	Smichat-Moshe_2025-08-26	no_match	0.0			"וא״מ ר״מ מטוסמעניץ הנ״ל הי׳ חתן הגאון מ׳ שמואל בהרב התייר מ׳ אברהם ראש מטיסמעניץ ור׳ שמואל
					הנ""ל הי׳ חתן הגאון מ׳ משה בהרב הגאון החסיד מ׳ יהושע במ""ח ס׳ מגיני שלמה. גם כתוב שם שהרב מ'
					מרדכי ר״"				
יוחנן הסגדלר	1	Smichat-Moshe_2025-08-26	no_match	0.0			"וא״מ ר״מ מטוסמעניץ הנ״ל הי׳ חתן הגאון מ׳ שמואל בהרב התייר מ׳ אברהם ראש מטיסמעניץ ור׳ שמואל
					הנ""ל הי׳ חתן הגאון מ׳ משה בהרב הגאון החסיד מ׳ יהושע במ""ח ס׳ מגיני שלמה. גם כתוב שם שהרב מ'
					מרדכי ר״"				
גמליאל	1	Smichat-Moshe_2025-08-26	no_match	0.0			"וא״מ ר״מ מטוסמעניץ הנ״ל הי׳ חתן הגאון מ׳ שמואל בהרב התייר מ׳ אברהם ראש מטיסמעניץ ור׳ שמואל
					הנ""ל הי׳ חתן הגאון מ׳ משה בהרב הגאון החסיד מ׳ יהושע במ""ח ס׳ מגיני שלמה. גם כתוב שם שהרב מ'
					מרדכי ר״"				
הילל הזקן	1	Smichat-Moshe_2025-08-26	no_match	0.0			"וא״מ ר״מ מטוסמעניץ הנ״ל הי׳ חתן הגאון מ׳ שמואל בהרב התייר מ׳ אברהם ראש מטיסמעניץ ור׳ שמואל
					הנ""ל הי׳ חתן הגאון מ׳ משה בהרב הגאון החסיד מ׳ יהושע במ""ח ס׳ מגיני שלמה. גם כתוב שם שהרב מ'
					מרדכי ר״"				
"מעלקא
					הלוי איש הורוויץ אבד״ק טארגי"	1	Smichat-Moshe_2025-08-26	phonetic	0.526	Tsadik_017.003		"וא״מ ר״מ מטוסמעניץ הנ״ל הי׳ חתן הגאון מ׳ שמואל בהרב התייר מ׳ אברהם ראש מטיסמעניץ ור׳ שמואל
					הנ""ל הי׳ חתן הגאון מ׳ משה בהרב הגאון החסיד מ׳ יהושע במ""ח ס׳ מגיני שלמה. גם כתוב שם שהרב מ'
					מרדכי ר״"				
בוצינא קדישא חסידא	1	Smichat-Moshe_2025-08-26	no_match	0.0			"וא״מ ר״מ מטוסמעניץ הנ״ל הי׳ חתן הגאון מ׳ שמואל בהרב התייר מ׳ אברהם ראש מטיסמעניץ ור׳ שמואל
					הנ""ל הי׳ חתן הגאון מ׳ משה בהרב הגאון החסיד מ׳ יהושע במ""ח ס׳ מגיני שלמה. גם כתוב שם שהרב מ'
					מרדכי ר״"				
יושע	1	Smichat-Moshe_2025-08-26	no_match	0.0			"וא״מ ר״מ מטוסמעניץ הנ״ל הי׳ חתן הגאון מ׳ שמואל בהרב התייר מ׳ אברהם ראש מטיסמעניץ ור׳ שמואל
					הנ""ל הי׳ חתן הגאון מ׳ משה בהרב הגאון החסיד מ׳ יהושע במ""ח ס׳ מגיני שלמה. גם כתוב שם שהרב מ'
					מרדכי ר״"				
טיקטין	1	Smichat-Moshe_2025-08-26	no_match	0.0			"וא״מ ר״מ מטוסמעניץ הנ״ל הי׳ חתן הגאון מ׳ שמואל בהרב התייר מ׳ אברהם ראש מטיסמעניץ ור׳ שמואל
					הנ""ל הי׳ חתן הגאון מ׳ משה בהרב הגאון החסיד מ׳ יהושע במ""ח ס׳ מגיני שלמה. גם כתוב שם שהרב מ'
					מרדכי ר״"				
מרים צפורה	1	Smichat-Moshe_2025-08-26	no_match	0.0			"וא״מ ר״מ מטוסמעניץ הנ״ל הי׳ חתן הגאון מ׳ שמואל בהרב התייר מ׳ אברהם ראש מטיסמעניץ ור׳ שמואל
					הנ""ל הי׳ חתן הגאון מ׳ משה בהרב הגאון החסיד מ׳ יהושע במ""ח ס׳ מגיני שלמה. גם כתוב שם שהרב מ'
					מרדכי ר״"				
"יוסף
					ההרציג אבד״ק סאניק"	1	Smichat-Moshe_2025-08-26	no_match	0.0			"וא״מ ר״מ מטוסמעניץ הנ״ל הי׳ חתן הגאון מ׳ שמואל בהרב התייר מ׳ אברהם ראש מטיסמעניץ ור׳ שמואל
					הנ""ל הי׳ חתן הגאון מ׳ משה בהרב הגאון החסיד מ׳ יהושע במ""ח ס׳ מגיני שלמה. גם כתוב שם שהרב מ'
					מרדכי ר״"				
צבי הירש אבד״ק סלאטנוב	1	Smichat-Moshe_2025-08-26	no_match	0.0			"וא״מ ר״מ מטוסמעניץ הנ״ל הי׳ חתן הגאון מ׳ שמואל בהרב התייר מ׳ אברהם ראש מטיסמעניץ ור׳ שמואל
					הנ""ל הי׳ חתן הגאון מ׳ משה בהרב הגאון החסיד מ׳ יהושע במ""ח ס׳ מגיני שלמה. גם כתוב שם שהרב מ'
					מרדכי ר״"				
יעקב יושע	1	Smichat-Moshe_2025-08-26	phonetic	0.556	Tsadik_012.020		"אברהם ז״ל אחיו של הגאון מ׳ יעקב יושע בעהמ״ח ספר פני יהושיע בהרב הגדול מ׳ צבי הירש חת
					הגאון בעל מגיני שלמה. ומחמת שכל סדר יחוסי שאני מציג כאן היא בשביל בני שי׳ כמו שנזכר לעיל ע״כ
					אכתוב סדר יח"				
צבי הירש חת	1	Smichat-Moshe_2025-08-26	no_match	0.0			"אברהם ז״ל אחיו של הגאון מ׳ יעקב יושע בעהמ״ח ספר פני יהושיע בהרב הגדול מ׳ צבי הירש חת
					הגאון בעל מגיני שלמה. ומחמת שכל סדר יחוסי שאני מציג כאן היא בשביל בני שי׳ כמו שנזכר לעיל ע״כ
					אכתוב סדר יח"				
זאב וואלף וואהל מפרעמישלאן	1	Smichat-Moshe_2025-08-26	no_match	0.0			"אברהם ז״ל אחיו של הגאון מ׳ יעקב יושע בעהמ״ח ספר פני יהושיע בהרב הגדול מ׳ צבי הירש חת
					הגאון בעל מגיני שלמה. ומחמת שכל סדר יחוסי שאני מציג כאן היא בשביל בני שי׳ כמו שנזכר לעיל ע״כ
					אכתוב סדר יח"	H-LOC_39			
משה טובים	1	Smichat-Moshe_2025-08-26	phonetic	0.5	Biblical_Moses		"אברהם ז״ל אחיו של הגאון מ׳ יעקב יושע בעהמ״ח ספר פני יהושיע בהרב הגדול מ׳ צבי הירש חת
					הגאון בעל מגיני שלמה. ומחמת שכל סדר יחוסי שאני מציג כאן היא בשביל בני שי׳ כמו שנזכר לעיל ע״כ
					אכתוב סדר יח"				
יאסי	1	Smichat-Moshe_2025-08-26	no_match	0.0			"אברהם ז״ל אחיו של הגאון מ׳ יעקב יושע בעהמ״ח ספר פני יהושיע בהרב הגדול מ׳ צבי הירש חת
					הגאון בעל מגיני שלמה. ומחמת שכל סדר יחוסי שאני מציג כאן היא בשביל בני שי׳ כמו שנזכר לעיל ע״כ
					אכתוב סדר יח"				
ראם	1	Smichat-Moshe_2025-08-26	no_match	0.0			"אברהם ז״ל אחיו של הגאון מ׳ יעקב יושע בעהמ״ח ספר פני יהושיע בהרב הגדול מ׳ צבי הירש חת
					הגאון בעל מגיני שלמה. ומחמת שכל סדר יחוסי שאני מציג כאן היא בשביל בני שי׳ כמו שנזכר לעיל ע״כ
					אכתוב סדר יח"				
"ליפא
					מייזילם"	1	Smichat-Moshe_2025-08-26	no_match	0.0			"אברהם ז״ל אחיו של הגאון מ׳ יעקב יושע בעהמ״ח ספר פני יהושיע בהרב הגדול מ׳ צבי הירש חת
					הגאון בעל מגיני שלמה. ומחמת שכל סדר יחוסי שאני מציג כאן היא בשביל בני שי׳ כמו שנזכר לעיל ע״כ
					אכתוב סדר יח"				
יצחק אייזיק וואהל	1	Smichat-Moshe_2025-08-26	no_match	0.0			"אברהם ז״ל אחיו של הגאון מ׳ יעקב יושע בעהמ״ח ספר פני יהושיע בהרב הגדול מ׳ צבי הירש חת
					הגאון בעל מגיני שלמה. ומחמת שכל סדר יחוסי שאני מציג כאן היא בשביל בני שי׳ כמו שנזכר לעיל ע״כ
					אכתוב סדר יח"				
שמואל וואהל	1	Smichat-Moshe_2025-08-26	no_match	0.0			"אברהם ז״ל אחיו של הגאון מ׳ יעקב יושע בעהמ״ח ספר פני יהושיע בהרב הגדול מ׳ צבי הירש חת
					הגאון בעל מגיני שלמה. ומחמת שכל סדר יחוסי שאני מציג כאן היא בשביל בני שי׳ כמו שנזכר לעיל ע״כ
					אכתוב סדר יח"				
יצחק אייזיק אבד״ק ראוונא	1	Smichat-Moshe_2025-08-26	no_match	0.0			"אברהם ז״ל אחיו של הגאון מ׳ יעקב יושע בעהמ״ח ספר פני יהושיע בהרב הגדול מ׳ צבי הירש חת
					הגאון בעל מגיני שלמה. ומחמת שכל סדר יחוסי שאני מציג כאן היא בשביל בני שי׳ כמו שנזכר לעיל ע״כ
					אכתוב סדר יח"				
"ליבש אבד״ק
					קרעמיניץ"	1	Smichat-Moshe_2025-08-26	no_match	0.0			"אברהם ז״ל אחיו של הגאון מ׳ יעקב יושע בעהמ״ח ספר פני יהושיע בהרב הגדול מ׳ צבי הירש חת
					הגאון בעל מגיני שלמה. ומחמת שכל סדר יחוסי שאני מציג כאן היא בשביל בני שי׳ כמו שנזכר לעיל ע״כ
					אכתוב סדר יח"				
הגאון מ׳ שמואל בהגאון	1	Smichat-Moshe_2025-08-26	no_match	0.0			"אברהם ז״ל אחיו של הגאון מ׳ יעקב יושע בעהמ״ח ספר פני יהושיע בהרב הגדול מ׳ צבי הירש חת
					הגאון בעל מגיני שלמה. ומחמת שכל סדר יחוסי שאני מציג כאן היא בשביל בני שי׳ כמו שנזכר לעיל ע״כ
					אכתוב סדר יח"				
פישל מלאדמער בהגאון	1	Smichat-Moshe_2025-08-26	name_exact	0.85	Tsadik_001.010		"אברהם ז״ל אחיו של הגאון מ׳ יעקב יושע בעהמ״ח ספר פני יהושיע בהרב הגדול מ׳ צבי הירש חת
					הגאון בעל מגיני שלמה. ומחמת שכל סדר יחוסי שאני מציג כאן היא בשביל בני שי׳ כמו שנזכר לעיל ע״כ
					אכתוב סדר יח"				
אתן	1	Smichat-Moshe_2025-08-26	no_match	0.0			"אברהם ז״ל אחיו של הגאון מ׳ יעקב יושע בעהמ״ח ספר פני יהושיע בהרב הגדול מ׳ צבי הירש חת
					הגאון בעל מגיני שלמה. ומחמת שכל סדר יחוסי שאני מציג כאן היא בשביל בני שי׳ כמו שנזכר לעיל ע״כ
					אכתוב סדר יח"				
פישל	1	Smichat-Moshe_2025-08-26	name_exact	0.85	Tsadik_001.010		"אברהם ז״ל אחיו של הגאון מ׳ יעקב יושע בעהמ״ח ספר פני יהושיע בהרב הגדול מ׳ צבי הירש חת
					הגאון בעל מגיני שלמה. ומחמת שכל סדר יחוסי שאני מציג כאן היא בשביל בני שי׳ כמו שנזכר לעיל ע״כ
					אכתוב סדר יח"				
יעקב מפוזנא	1	Smichat-Moshe_2025-08-26	no_match	0.0			"אברהם ז״ל אחיו של הגאון מ׳ יעקב יושע בעהמ״ח ספר פני יהושיע בהרב הגדול מ׳ צבי הירש חת
					הגאון בעל מגיני שלמה. ומחמת שכל סדר יחוסי שאני מציג כאן היא בשביל בני שי׳ כמו שנזכר לעיל ע״כ
					אכתוב סדר יח"				
זקני	1	Smichat-Moshe_2025-08-26	no_match	0.0			"אברהם ז״ל אחיו של הגאון מ׳ יעקב יושע בעהמ״ח ספר פני יהושיע בהרב הגדול מ׳ צבי הירש חת
					הגאון בעל מגיני שלמה. ומחמת שכל סדר יחוסי שאני מציג כאן היא בשביל בני שי׳ כמו שנזכר לעיל ע״כ
					אכתוב סדר יח"				
מנחם מענדיל מפאטיק	1	Smichat-Moshe_2025-08-26	phonetic	0.562	Tsadik_012.172		"אברהם ז״ל אחיו של הגאון מ׳ יעקב יושע בעהמ״ח ספר פני יהושיע בהרב הגדול מ׳ צבי הירש חת
					הגאון בעל מגיני שלמה. ומחמת שכל סדר יחוסי שאני מציג כאן היא בשביל בני שי׳ כמו שנזכר לעיל ע״כ
					אכתוב סדר יח"				
יוקיל	1	Smichat-Moshe_2025-08-26	no_match	0.0			"אברהם ז״ל אחיו של הגאון מ׳ יעקב יושע בעהמ״ח ספר פני יהושיע בהרב הגדול מ׳ צבי הירש חת
					הגאון בעל מגיני שלמה. ומחמת שכל סדר יחוסי שאני מציג כאן היא בשביל בני שי׳ כמו שנזכר לעיל ע״כ
					אכתוב סדר יח"				
ליסקא	1	Smichat-Moshe_2025-08-26	no_match	0.0			"אברהם ז״ל אחיו של הגאון מ׳ יעקב יושע בעהמ״ח ספר פני יהושיע בהרב הגדול מ׳ צבי הירש חת
					הגאון בעל מגיני שלמה. ומחמת שכל סדר יחוסי שאני מציג כאן היא בשביל בני שי׳ כמו שנזכר לעיל ע״כ
					אכתוב סדר יח"				
נפתלי צבי איש הורוויץ	1	Smichat-Moshe_2025-08-26	phonetic	0.438	tempH-106		"אברהם ז״ל אחיו של הגאון מ׳ יעקב יושע בעהמ״ח ספר פני יהושיע בהרב הגדול מ׳ צבי הירש חת
					הגאון בעל מגיני שלמה. ומחמת שכל סדר יחוסי שאני מציג כאן היא בשביל בני שי׳ כמו שנזכר לעיל ע״כ
					אכתוב סדר יח"				
ראפשיטץ	1	Smichat-Moshe_2025-08-26	no_match	0.0			"אברהם ז״ל אחיו של הגאון מ׳ יעקב יושע בעהמ״ח ספר פני יהושיע בהרב הגדול מ׳ צבי הירש חת
					הגאון בעל מגיני שלמה. ומחמת שכל סדר יחוסי שאני מציג כאן היא בשביל בני שי׳ כמו שנזכר לעיל ע״כ
					אכתוב סדר יח"				
יעקב אבד״ק מעליטץ	1	Smichat-Moshe_2025-08-26	no_match	0.0			"אברהם ז״ל אחיו של הגאון מ׳ יעקב יושע בעהמ״ח ספר פני יהושיע בהרב הגדול מ׳ צבי הירש חת
					הגאון בעל מגיני שלמה. ומחמת שכל סדר יחוסי שאני מציג כאן היא בשביל בני שי׳ כמו שנזכר לעיל ע״כ
					אכתוב סדר יח"				
אברהם חיים אבד״ק ליסקא	1	Smichat-Moshe_2025-08-26	no_match	0.0			"אברהם ז״ל אחיו של הגאון מ׳ יעקב יושע בעהמ״ח ספר פני יהושיע בהרב הגדול מ׳ צבי הירש חת
					הגאון בעל מגיני שלמה. ומחמת שכל סדר יחוסי שאני מציג כאן היא בשביל בני שי׳ כמו שנזכר לעיל ע״כ
					אכתוב סדר יח"				
דזיקעב	1	Smichat-Moshe_2025-08-26	no_match	0.0			"אברהם ז״ל אחיו של הגאון מ׳ יעקב יושע בעהמ״ח ספר פני יהושיע בהרב הגדול מ׳ צבי הירש חת
					הגאון בעל מגיני שלמה. ומחמת שכל סדר יחוסי שאני מציג כאן היא בשביל בני שי׳ כמו שנזכר לעיל ע״כ
					אכתוב סדר יח"				
ראזוועראב	1	Smichat-Moshe_2025-08-26	no_match	0.0			"אברהם ז״ל אחיו של הגאון מ׳ יעקב יושע בעהמ״ח ספר פני יהושיע בהרב הגדול מ׳ צבי הירש חת
					הגאון בעל מגיני שלמה. ומחמת שכל סדר יחוסי שאני מציג כאן היא בשביל בני שי׳ כמו שנזכר לעיל ע״כ
					אכתוב סדר יח"				
"ש""ב מ"	1	Smichat-Moshe_2025-08-26	no_match	0.0			"אברהם ז״ל אחיו של הגאון מ׳ יעקב יושע בעהמ״ח ספר פני יהושיע בהרב הגדול מ׳ צבי הירש חת
					הגאון בעל מגיני שלמה. ומחמת שכל סדר יחוסי שאני מציג כאן היא בשביל בני שי׳ כמו שנזכר לעיל ע״כ
					אכתוב סדר יח"				
דעמביטץ	1	Smichat-Moshe_2025-08-26	no_match	0.0			"אברהם ז״ל אחיו של הגאון מ׳ יעקב יושע בעהמ״ח ספר פני יהושיע בהרב הגדול מ׳ צבי הירש חת
					הגאון בעל מגיני שלמה. ומחמת שכל סדר יחוסי שאני מציג כאן היא בשביל בני שי׳ כמו שנזכר לעיל ע״כ
					אכתוב סדר יח"				
"אלטיר אבד״ק
					דעמביטץ"	1	Smichat-Moshe_2025-08-26	no_match	0.0			"אברהם ז״ל אחיו של הגאון מ׳ יעקב יושע בעהמ״ח ספר פני יהושיע בהרב הגדול מ׳ צבי הירש חת
					הגאון בעל מגיני שלמה. ומחמת שכל סדר יחוסי שאני מציג כאן היא בשביל בני שי׳ כמו שנזכר לעיל ע״כ
					אכתוב סדר יח"				
בעל ספר אור החיים	1	maase-zadikim2025-06-22	no_match	0.0			"מהבעש""ט ז״ל בסטאמביל
               נודע לכל ומפורסם הנסיעה מהבעש״ט ז""ל לארץ הקדושה כי
               רצה לראות א״ע עם הרב הקדוש בעל ספר אור החיים
               ומן השמים עכבוהו והיה לו צרות גדולות ב"				
"אפרים מסדילקב ז""ל בעהמ""ח ספר דגל מחנה
               אפרים"	1	maase-zadikim2025-06-22	no_match	0.0			"מהבעש""ט ז״ל בסטאמביל
               נודע לכל ומפורסם הנסיעה מהבעש״ט ז""ל לארץ הקדושה כי
               רצה לראות א״ע עם הרב הקדוש בעל ספר אור החיים
               ומן השמים עכבוהו והיה לו צרות גדולות ב"	H-LOC_91			
"הרה״ק
               נכד הבעש״ט"	1	maase-zadikim2025-06-22	name_exact	0.95	Tsadik_001.001		"מהרב הקדוש הנ""ל
               סיפר הרב הצדיק איש אלקים מהר""צ מזידיטשוב ז""ל. מהתגלגלות
               הסבות מאדון הסבות איך שבא למעזיביז וראה גודל
               קדושת הרב הקדוש הנ""ל. הרב הצדיק מהר""צ "				
"יהודא גרשון
               מראזדיל"	1	maase-zadikim2025-06-22	no_match	0.0			"מהרב הקדוש הנ""ל
               סיפר הרב הצדיק איש אלקים מהר""צ מזידיטשוב ז""ל. מהתגלגלות
               הסבות מאדון הסבות איך שבא למעזיביז וראה גודל
               קדושת הרב הקדוש הנ""ל. הרב הצדיק מהר""צ "	H-LOC_110			
"שלמה
               המלך"	1	maase-zadikim2025-06-22	name_exact	0.95	Biblical_Solomon		"מהרב הקדוש הנ""ל
               סיפר הרב הצדיק איש אלקים מהר""צ מזידיטשוב ז""ל. מהתגלגלות
               הסבות מאדון הסבות איך שבא למעזיביז וראה גודל
               קדושת הרב הקדוש הנ""ל. הרב הצדיק מהר""צ "				
"יהודה
               גרשון"	1	maase-zadikim2025-06-22	name_exact	0.85	Tsadik_012.048		"מהרב הקדוש הנ""ל
               סיפר הרב הצדיק איש אלקים מהר""צ מזידיטשוב ז""ל. מהתגלגלות
               הסבות מאדון הסבות איך שבא למעזיביז וראה גודל
               קדושת הרב הקדוש הנ""ל. הרב הצדיק מהר""צ "				
"הרב
               מלובלין"	1	maase-zadikim2025-06-22	name_exact	0.95	Tsadik_041.001		"מהרב הקדוש הנ""ל
               סיפר הרב הצדיק איש אלקים מהר""צ מזידיטשוב ז""ל. מהתגלגלות
               הסבות מאדון הסבות איך שבא למעזיביז וראה גודל
               קדושת הרב הקדוש הנ""ל. הרב הצדיק מהר""צ "	H-LOC_56			
"הקדוש
               לובלין"	1	maase-zadikim2025-06-22	phonetic	0.8	Tsadik_041.001		"מהרב הקדוש הנ""ל
               סיפר הרב הצדיק איש אלקים מהר""צ מזידיטשוב ז""ל. מהתגלגלות
               הסבות מאדון הסבות איך שבא למעזיביז וראה גודל
               קדושת הרב הקדוש הנ""ל. הרב הצדיק מהר""צ "	H-LOC_56			
הרה״ק מזידזטשוב	1	maase-zadikim2025-06-22	no_match	0.0			"מהרב הקדוש הנ""ל
               סיפר הרב הצדיק איש אלקים מהר""צ מזידיטשוב ז""ל. מהתגלגלות
               הסבות מאדון הסבות איך שבא למעזיביז וראה גודל
               קדושת הרב הקדוש הנ""ל. הרב הצדיק מהר""צ "	H-LOC_92			
הקדוש מזידיטשוב	1	maase-zadikim2025-06-22	name_exact	0.95	Tsadik_058.002		"מהרב הקדוש הנ""ל
               סיפר הרב הצדיק איש אלקים מהר""צ מזידיטשוב ז""ל. מהתגלגלות
               הסבות מאדון הסבות איך שבא למעזיביז וראה גודל
               קדושת הרב הקדוש הנ""ל. הרב הצדיק מהר""צ "	H-LOC_92			
"פנחס הורוויץ
               ז״ל בעהמ""ח ס׳ המקנה והפלאה"	1	maase-zadikim2025-06-22	no_match	0.0			"מהאחים הגאונים הגדולים הצדיקים
               הקדושים מו' שמעלקא ומו' פנחס הורוויץ
               ז״ל בעהמ""ח ס׳ המקנה והפלאה ז״ל
               הרב הקדוש מוה' זישע ז״ל היה תלמיד הרב הקדוש המגיד
      "				
"המגיד
               ממעזריטש"	1	maase-zadikim2025-06-22	name_exact	0.95	Tsadik_002.001		"מהאחים הגאונים הגדולים הצדיקים
               הקדושים מו' שמעלקא ומו' פנחס הורוויץ
               ז״ל בעהמ""ח ס׳ המקנה והפלאה ז״ל
               הרב הקדוש מוה' זישע ז״ל היה תלמיד הרב הקדוש המגיד
      "				
"פנחס הורוויץ ז""ל בעהמ""ח ספר המקנה
               והפלאה"	1	maase-zadikim2025-06-22	no_match	0.0			"מהאחים הגאונים הגדולים הצדיקים
               הקדושים מו' שמעלקא ומו' פנחס הורוויץ
               ז״ל בעהמ""ח ס׳ המקנה והפלאה ז״ל
               הרב הקדוש מוה' זישע ז״ל היה תלמיד הרב הקדוש המגיד
      "				
המגיד דמעזרישט	1	maase-zadikim2025-06-22	no_match	0.0			"ובימים האלה כאשר היה הרה״ק בניקלשפורג בא הרב הקדוש
               מוה' אלימלך כי לשחר פני ריעו בביתו כי היו יחדיו
               תלמידים של הרב המגיד דמעזרישט ז""ל. ויהי ביום שבת קודש עבר
             "				
"מרדכי
               באנעט"	1	maase-zadikim2025-06-22	phonetic	0.385	Tsadik_036.001		"ובימים האלה כאשר היה הרה״ק בניקלשפורג בא הרב הקדוש
               מוה' אלימלך כי לשחר פני ריעו בביתו כי היו יחדיו
               תלמידים של הרב המגיד דמעזרישט ז""ל. ויהי ביום שבת קודש עבר
             "				
"נכד הבעש״ט
               ז""ל בעל דגל מחנה אפרים"	1	maase-zadikim2025-06-22	phonetic	0.364	Tsadik_001.001		"הרב הקדוש בעל נועם אלימלך צוה לתלמידיו עת שאלוהו מי יהי'
               להם לרב ומורה ויאמר להם ליסע לסדילקאב לנכד הבעש״ט
               ז""ל בעל דגל מחנה אפרים. ויסע תלמידו הצדיק ר' מענדילע פריסטקר
  "				
הרב מסדילקאב	1	maase-zadikim2025-06-22	phonetic	0.571	Tsadik_001.010		"הרב הקדוש בעל נועם אלימלך צוה לתלמידיו עת שאלוהו מי יהי'
               להם לרב ומורה ויאמר להם ליסע לסדילקאב לנכד הבעש״ט
               ז""ל בעל דגל מחנה אפרים. ויסע תלמידו הצדיק ר' מענדילע פריסטקר
  "	H-LOC_91			
"מהר""ם
               פריסטיקר"	1	maase-zadikim2025-06-22	no_match	0.0			"הרב הקדוש בעל נועם אלימלך צוה לתלמידיו עת שאלוהו מי יהי'
               להם לרב ומורה ויאמר להם ליסע לסדילקאב לנכד הבעש״ט
               ז""ל בעל דגל מחנה אפרים. ויסע תלמידו הצדיק ר' מענדילע פריסטקר
  "				
"אלימלך
               מליזענסק"	1	maase-zadikim2025-06-22	name_exact	0.95	Tsadik_019.001		"הרב הקדוש בעל נועם אלימלך צוה לתלמידיו עת שאלוהו מי יהי'
               להם לרב ומורה ויאמר להם ליסע לסדילקאב לנכד הבעש״ט
               ז""ל בעל דגל מחנה אפרים. ויסע תלמידו הצדיק ר' מענדילע פריסטקר
  "	H-LOC_350			
הצדיק מפריסטיק	1	maase-zadikim2025-06-22	phonetic	0.462	Tsadik_084.001		"הרב הקדוש בעל נועם אלימלך צוה לתלמידיו עת שאלוהו מי יהי'
               להם לרב ומורה ויאמר להם ליסע לסדילקאב לנכד הבעש״ט
               ז""ל בעל דגל מחנה אפרים. ויסע תלמידו הצדיק ר' מענדילע פריסטקר
  "	H-LOC_331			
הרה״ק מסדילקאב	1	maase-zadikim2025-06-22	no_match	0.0			"הרב הקדוש בעל נועם אלימלך צוה לתלמידיו עת שאלוהו מי יהי'
               להם לרב ומורה ויאמר להם ליסע לסדילקאב לנכד הבעש״ט
               ז""ל בעל דגל מחנה אפרים. ויסע תלמידו הצדיק ר' מענדילע פריסטקר
  "	H-LOC_91			
"יסא מהאנפאלע אחי הרה״ק
               בעל נועם אלימלך"	1	maase-zadikim2025-06-22	phonetic	0.371	Tsadik_019.001		"ספרו עליו על הרב הקדוש מוה' זיסא מהאנפאלע אחי הרה״ק
               בעל נועם אלימלך שהי׳ מבקש תמיד לירא את השם וכל
               ימיו היה מתפלל להשם ב""ה וב""ש שיפחד ויירא ממנו. פעם היה
               מ"	H-LOC_242			
"מהר""י מלובלין"	1	maase-zadikim2025-06-22	phonetic	0.5	Tsadik_041.001		"אמר הרב הקדוש מוה' אלימלך ז""ל האונאה בעבודה סכנה
               גדולה מאוד. ומעשה שהיה בהרב הצדיק קדוש עליון
               מהר""י מלובלין שנסע ללוזענסק להקדוש מוה' אלימלך ובנסעו דרך
               עיר"	H-LOC_56			
הרה״ק  מלובלין	1	maase-zadikim2025-06-22	name_exact	0.95	Tsadik_041.001		"אמר הרב הקדוש מוה' אלימלך ז""ל האונאה בעבודה סכנה
               גדולה מאוד. ומעשה שהיה בהרב הצדיק קדוש עליון
               מהר""י מלובלין שנסע ללוזענסק להקדוש מוה' אלימלך ובנסעו דרך
               עיר"	H-LOC_56			
"הקדוש
               מליזענסק"	1	maase-zadikim2025-06-22	name_exact	0.95	Tsadik_019.001		"אמר הרב הקדוש מוה' אלימלך ז""ל האונאה בעבודה סכנה
               גדולה מאוד. ומעשה שהיה בהרב הצדיק קדוש עליון
               מהר""י מלובלין שנסע ללוזענסק להקדוש מוה' אלימלך ובנסעו דרך
               עיר"	H-LOC_350			
"הקדוש
               בליזענסק"	1	maase-zadikim2025-06-22	phonetic	0.714	Tsadik_019.001		"אמר הרב הקדוש מוה' אלימלך ז""ל האונאה בעבודה סכנה
               גדולה מאוד. ומעשה שהיה בהרב הצדיק קדוש עליון
               מהר""י מלובלין שנסע ללוזענסק להקדוש מוה' אלימלך ובנסעו דרך
               עיר"	H-LOC_350			
"הקדוש
               מלובלין"	1	maase-zadikim2025-06-22	name_exact	0.95	Tsadik_041.001		"אמר הרב הקדוש מוה' אלימלך ז""ל האונאה בעבודה סכנה
               גדולה מאוד. ומעשה שהיה בהרב הצדיק קדוש עליון
               מהר""י מלובלין שנסע ללוזענסק להקדוש מוה' אלימלך ובנסעו דרך
               עיר"	H-LOC_56			
"ליב משפאלע
               הנקרא בפי כל שפאלער זיידע"	1	maase-zadikim2025-06-22	name_exact	0.85	Tsadik_012.048		"מעשה נפלא מהרב הקדוש הצדיק הגאון
               המפורסם מו' פנחס מעיר קאריץ זללה""ה
               מעשה זו סיפרה הרב הקדוש בוצינא קדיש'
               מו׳ ישראל ריזין וסאדיגערייא זללה""ה
               "	H-LOC_61			
הצדיק מקארעץ	1	maase-zadikim2025-06-22	name_exact	0.95	Tsadik_003.002		"מעשה נפלא מהרב הקדוש הצדיק הגאון
               המפורסם מו' פנחס מעיר קאריץ זללה""ה
               מעשה זו סיפרה הרב הקדוש בוצינא קדיש'
               מו׳ ישראל ריזין וסאדיגערייא זללה""ה
               "	H-LOC_149			
הצדיק מסלאוויטא	1	maase-zadikim2025-06-22	no_match	0.0			"מעשה נפלא מהרב הקדוש הצדיק הגאון
               המפורסם מו' פנחס מעיר קאריץ זללה""ה
               מעשה זו סיפרה הרב הקדוש בוצינא קדיש'
               מו׳ ישראל ריזין וסאדיגערייא זללה""ה
               "	H-LOC_639			
"האבדהאבד ק""ק אפטא"	1	maase-zadikim2025-06-22	no_match	0.0			"מעשה נפלא מהרב הצדיק הגאון המפורסם
               איש אלקים האבדהאבד ק""ק אפטא ז""ל
               בזמן שהיה הרב הקדוש מאפטא במעזיביז היה סמוך אל העיר
               מעזיבוז רינדאר אחד שהיה פועל ישועות "	H-LOC_133			
"הרב
               מאפטא"	1	maase-zadikim2025-06-22	name_exact	0.95	Tsadik_043.003		"מעשה נפלא מהרב הצדיק הגאון המפורסם
               איש אלקים האבדהאבד ק""ק אפטא ז""ל
               בזמן שהיה הרב הקדוש מאפטא במעזיביז היה סמוך אל העיר
               מעזיבוז רינדאר אחד שהיה פועל ישועות "	H-LOC_133			
פייוויש מבאלשוועץ	1	maase-zadikim2025-06-22	no_match	0.0			"סיפור נפלא מהרב הקדוש איש האלהים הנ""ל סיפרה הרב הצדיק
               מוהר""רמעשה צדיקים
               מוהר""ר פייוויש מבאלשוועץ ז""ל וכה היו דבריו. אנכי
               שמשתי כל צרכי את מורי ורבי הקדוש מ"	H-LOC_573			
"אלימלך ז""ל בעהמ""ח
               ס׳ נועם אלימלך"	1	maase-zadikim2025-06-22	phonetic	0.435	Tsadik_019.001		"סיפור נפלא מהרב הקדוש איש האלהים הנ""ל סיפרה הרב הצדיק
               מוהר""רמעשה צדיקים
               מוהר""ר פייוויש מבאלשוועץ ז""ל וכה היו דבריו. אנכי
               שמשתי כל צרכי את מורי ורבי הקדוש מ"				
הצדיק לסאסיב	1	maase-zadikim2025-06-22	phonetic	0.6	Tsadik_037.001		"סיפור נפלא מהרב הקדוש איש האלהים הנ""ל סיפרה הרב הצדיק
               מוהר""רמעשה צדיקים
               מוהר""ר פייוויש מבאלשוועץ ז""ל וכה היו דבריו. אנכי
               שמשתי כל צרכי את מורי ורבי הקדוש מ"	H-LOC_60			
פייוויש מבאלשווץ	1	maase-zadikim2025-06-22	no_match	0.0			"סיפור נפלא מהרב הקדוש איש האלהים הנ""ל סיפרה הרב הצדיק
               מוהר""רמעשה צדיקים
               מוהר""ר פייוויש מבאלשוועץ ז""ל וכה היו דבריו. אנכי
               שמשתי כל צרכי את מורי ורבי הקדוש מ"	H-LOC_408			
הרה״ק מסאסיב	1	maase-zadikim2025-06-22	phonetic	0.444	Tsadik_037.001		"ויהי כאשר בא הצדיק לסאסיב וישמע כי בא אגרת מבארדיטשוב
               כי הרה״ק מבארדיטשוב חלה מאוד וכיהרה״ק מסאסיב ישא
               תפלה בעדו ויזכרהו תמיד בפרט בשעת הריקודין בשבת קודש בלילה
         "	H-LOC_60			
קול דודי דופק בקרבו	1	maase-zadikim2025-06-22	no_match	0.0			"סיפר הרה""ק המקובל האלהי מוהר""ר צבי מזידיטשוב ז""ל שהיה
               נוסע לסאסיב והי׳ מסתופף בצלו לקבל ממנו תורה. פעם
               אחד אמר הרה״ק מהר""צ אשים עיני לראות התנהגותו בענין תיקון
          "				
הרה״ק מזידיטשוב	1	maase-zadikim2025-06-22	phonetic	0.583	Tsadik_058.002		"סיפר הרה""ק המקובל האלהי מוהר""ר צבי מזידיטשוב ז""ל שהיה
               נוסע לסאסיב והי׳ מסתופף בצלו לקבל ממנו תורה. פעם
               אחד אמר הרה״ק מהר""צ אשים עיני לראות התנהגותו בענין תיקון
          "	H-LOC_92			
"שלמה בעהמ""ח ספר דברת שלמה"	1	maase-zadikim2025-06-22	no_match	0.0			"שפלותו הי' עד למאוד והיה שפל ברך נגד כל איש ואיש
               עד שהיה חותם עצמו תמיד השפל והנבזה כנודע לכל
               כמו שנזכר בכמה מקומות בליקוטיו הנדפסים בכל מקום שיאמר
               חידוש ת"				
"המגיד דק""ק מעזירטש"	1	maase-zadikim2025-06-22	phonetic	0.5	Tsadik_002.005		"שפלותו הי' עד למאוד והיה שפל ברך נגד כל איש ואיש
               עד שהיה חותם עצמו תמיד השפל והנבזה כנודע לכל
               כמו שנזכר בכמה מקומות בליקוטיו הנדפסים בכל מקום שיאמר
               חידוש ת"	H-LOC_537			
"יצחק בהרב המאה״ג החסיד המפורסם המושלם במעלות ומדות אלהים
               ואנשים מוה' פייוויל אבד״ק לעכוויץ"	1	maase-zadikim2025-06-22	no_match	0.0			"שפלותו הי' עד למאוד והיה שפל ברך נגד כל איש ואיש
               עד שהיה חותם עצמו תמיד השפל והנבזה כנודע לכל
               כמו שנזכר בכמה מקומות בליקוטיו הנדפסים בכל מקום שיאמר
               חידוש ת"	H-LOC_317			
"אורי
               זללה""ה מסטרעליסק"	1	maase-zadikim2025-06-22	phonetic	0.579	Tsadik_057.001		"סיפור מקדוש עליון איש אלקים עמוד אש מוהר""ראורי
               זללה""ה מסטרעליסק.
               נודע לכל שלמי חסידי ישראל קדושת האלהי ז""ל מסטרעליסק
               כי באמת היה כמלאך אלהים כאחד השרפים ומ"	H-LOC_209			
הרה״ק  מסטרעליסק	1	maase-zadikim2025-06-22	name_exact	0.95	Tsadik_057.001		"סיפור מקדוש עליון איש אלקים עמוד אש מוהר""ראורי
               זללה""ה מסטרעליסק.
               נודע לכל שלמי חסידי ישראל קדושת האלהי ז""ל מסטרעליסק
               כי באמת היה כמלאך אלהים כאחד השרפים ומ"	H-LOC_209			
הרב דנישחיז	1	maase-zadikim2025-06-22	phonetic	0.667	Tsadik_036.001		"סיפור מקדוש עליון איש אלקים עמוד אש מוהר""ראורי
               זללה""ה מסטרעליסק.
               נודע לכל שלמי חסידי ישראל קדושת האלהי ז""ל מסטרעליסק
               כי באמת היה כמלאך אלהים כאחד השרפים ומ"	H-LOC_198			
"שלמה לוצקר
               ז""ל בעהמ""ח ס׳ דברת שלמה"	1	maase-zadikim2025-06-22	no_match	0.0			"מהרב הקדוש מסטרעליסק ז""ל
               סיפר הרב הקדוש רשכב""ה מוה' שלום מבעלז. הנה נודע
               שהוא שימש כל צרכו את הרה״ק מוהר""ר שלמה לוצקר
               ז""ל בעהמ""ח ס׳ דברת שלמה וגם שימש את ה"				
"הרב
               מסטרעליסק"	1	maase-zadikim2025-06-22	name_exact	0.95	Tsadik_057.001		"מהרב הקדוש מסטרעליסק ז""ל
               סיפר הרב הקדוש רשכב""ה מוה' שלום מבעלז. הנה נודע
               שהוא שימש כל צרכו את הרה״ק מוהר""ר שלמה לוצקר
               ז""ל בעהמ""ח ס׳ דברת שלמה וגם שימש את ה"	H-LOC_209			
"המגיד
               הגדול ממעזריטש"	1	maase-zadikim2025-06-22	name_exact	0.95	Tsadik_002.001		"שיחת תלמידי חכמים
               אחיי אחיי התבוננו נא בסיפורים הנפלאים האלה איך עבדו
               הצדיקים האלה את ה׳ בכל כחם כל אחד ואחד בדבר אחד
               אשר שמרו ועשו בכל לבבם במסירת נפשם. י"				
"זאב
               מזבאריז"	1	maase-zadikim2025-06-22	name_exact	0.95	Tsadik_013.006		"סיפרו רבים וכן שלימים מהרב הצדיק קדוש עליון מו' זאב
               מזבאריז ז""ל מתמימותו ופשטותו שהיה לאין שיעור פעם
               אחת נתקוטטה זוגתו הרבנית עם משרתת ביתו ואמרה ללכת עמה
               "	H-LOC_16			
הקדוש מבארדיטשוב	1	maase-zadikim2025-06-22	name_exact	0.95	Tsadik_023.001		"אמר קדוש אחד מי שיש לו עוד חלק קטן מהגשמיות בעולם הזה
               אז הוא עדין רחוק מהקדושה והטהרה. ומעשה באחד שבא
               לפנימעשה צדיקים
               לפני הרב הקדוש מבארדיטשוב ז""ל ואמר לפ"	H-LOC_134			
מענדיל ציטרין	1	shivheiZadikim2026-01-10	phonetic	0.429	tempH-111		"יסופר בו מעשיות ושבחים אמתים נוראים ונפלאים. חדשים אשר
					לא נדפסו מעולם. מרבותינו הצדיקים הקדושים המפורסמים
					בכל העולם. זי""ע. הנקובים מעבר לדף בשמותיהם. אשר כל חיך
					הקורא יתענג בהם. וכולם ע"				
נתן שריפטגיסער	1	shivheiZadikim2026-01-10	no_match	0.0			"וורשא
					בדפוס ר׳ נתן שריפטגיסער נאליווקעס 13 No
					שנת תרמ״ג לפ""ק"				
אלי' מווילנא	1	shivheiZadikim2026-01-10	no_match	0.0			"א מרבינו האר""י הק׳ ותלמידו הרח""ו ז""ל
					ב מהגאון הרבי ר׳ נפתלי כ״ץ מפוזנא
					ג מהגאון רבינו יונתן אייבשיץ מפראג
					ד מהגאון רבינו אלי' מווילנא
					ה מהמגיד הק׳ רבינו ר׳ בער ממעזריטש
					ו מהה״"	H-LOC_175			
מעלקא הורוויץ	1	shivheiZadikim2026-01-10	phonetic	0.917	Tsadik_017.003		"א מרבינו האר""י הק׳ ותלמידו הרח""ו ז""ל
					ב מהגאון הרבי ר׳ נפתלי כ״ץ מפוזנא
					ג מהגאון רבינו יונתן אייבשיץ מפראג
					ד מהגאון רבינו אלי' מווילנא
					ה מהמגיד הק׳ רבינו ר׳ בער ממעזריטש
					ו מהה״"				
שמשון הרב משעפיטיווקע	1	shivheiZadikim2026-01-10	phonetic	0.4	Tsadik_035.001		"א מרבינו האר""י הק׳ ותלמידו הרח""ו ז""ל
					ב מהגאון הרבי ר׳ נפתלי כ״ץ מפוזנא
					ג מהגאון רבינו יונתן אייבשיץ מפראג
					ד מהגאון רבינו אלי' מווילנא
					ה מהמגיד הק׳ רבינו ר׳ בער ממעזריטש
					ו מהה״"	H-LOC_76			
דק'	1	shivheiZadikim2026-01-10	phonetic	0.5	Tsadik_008.001		"א מרבינו האר""י הק׳ ותלמידו הרח""ו ז""ל
					ב מהגאון הרבי ר׳ נפתלי כ״ץ מפוזנא
					ג מהגאון רבינו יונתן אייבשיץ מפראג
					ד מהגאון רבינו אלי' מווילנא
					ה מהמגיד הק׳ רבינו ר׳ בער ממעזריטש
					ו מהה״"				
שמחה בונם מפרשי	1	shivheiZadikim2026-01-10	no_match	0.0			"כא מהגאון ר׳ מרדכי בנעט הרב מניקלשבורג
					כב מהגאון ר׳ עקיבא איגר הרב מפוזנא
					כג מהגאון ר׳ משה סופר הרב מפ״ב
					כד מהגאון ר׳ יעקב הרב מליסא
					כה מהגאון ר׳ ארי׳ ליבוש חריף הרב
					מפלאצק
		"				
וייסקיט	1	shivheiZadikim2026-01-10	no_match	0.0			"כא מהגאון ר׳ מרדכי בנעט הרב מניקלשבורג
					כב מהגאון ר׳ עקיבא איגר הרב מפוזנא
					כג מהגאון ר׳ משה סופר הרב מפ״ב
					כד מהגאון ר׳ יעקב הרב מליסא
					כה מהגאון ר׳ ארי׳ ליבוש חריף הרב
					מפלאצק
		"				
פי	1	shivheiZadikim2026-01-10	no_match	0.0			"שכתב רבינו הנשר הגדול הרמב""ם ז""ל בפירושו לאבות (סו״פ א׳) בענין הדיבור
					שנתחלק לחמשת חלקים והם. מצוה. נאסר. נמאס. נאהב. מותר. ופי'
					דיבור הגאהב כתב שם וז״ל והוא הדיבור בשבח המעלות השכליות וכו׳ "				
הפחיתות	1	shivheiZadikim2026-01-10	no_match	0.0			"שכתב רבינו הנשר הגדול הרמב""ם ז""ל בפירושו לאבות (סו״פ א׳) בענין הדיבור
					שנתחלק לחמשת חלקים והם. מצוה. נאסר. נמאס. נאהב. מותר. ופי'
					דיבור הגאהב כתב שם וז״ל והוא הדיבור בשבח המעלות השכליות וכו׳ "				
"ברוך זצ""ל"	1	shivheiZadikim2026-01-10	no_match	0.0			"פעם אחת בסעודת ליל שב""ק פתאום פתח הה״ק מו""ה ברוך זצ""ל ממעזבוז את פיו
					הק'. ואמר לפני כל החסידים שישבו ועמדו לפניו בזה""ל כל מי שידבר רעות על
					הרב מברדיטשוב הנני מבטיח לו להיות לו עוה״ב לשכרו. ע"				
ה׳	1	shivheiZadikim2026-01-10	no_match	0.0			"פעם אחת בסעודת ליל שב""ק פתאום פתח הה״ק מו""ה ברוך זצ""ל ממעזבוז את פיו
					הק'. ואמר לפני כל החסידים שישבו ועמדו לפניו בזה""ל כל מי שידבר רעות על
					הרב מברדיטשוב הנני מבטיח לו להיות לו עוה״ב לשכרו. ע"				
רדיטשוב	1	shivheiZadikim2026-01-10	fuzzy	0.625	Tsadik_023.001		"פעם אחת בסעודת ליל שב""ק פתאום פתח הה״ק מו""ה ברוך זצ""ל ממעזבוז את פיו
					הק'. ואמר לפני כל החסידים שישבו ועמדו לפניו בזה""ל כל מי שידבר רעות על
					הרב מברדיטשוב הנני מבטיח לו להיות לו עוה״ב לשכרו. ע"				
בהמ״ד	1	shivheiZadikim2026-01-10	no_match	0.0			"פעם אחת בסעודת ליל שב""ק פתאום פתח הה״ק מו""ה ברוך זצ""ל ממעזבוז את פיו
					הק'. ואמר לפני כל החסידים שישבו ועמדו לפניו בזה""ל כל מי שידבר רעות על
					הרב מברדיטשוב הנני מבטיח לו להיות לו עוה״ב לשכרו. ע"				
ה״ק מברדיטשוב	1	shivheiZadikim2026-01-10	phonetic	0.5	Tsadik_002.001		"לספר הכל. ואח״כ התחיל להשיב לו ואמר לו בפני כולם בזה""ל. תדע שהה״ק מברדיטשוב
					הוא מליץ טוב לפני פמליא ש""מ בעד כל ישראל ומלמד עליהם הנגוריא תנויד לשכך חמת
					הדין העליון מעליהם ולמצוא להם זכות גם "	H-LOC_134			
"״ק
					מברדיטשוב"	1	shivheiZadikim2026-01-10	no_match	0.0			"לספר הכל. ואח״כ התחיל להשיב לו ואמר לו בפני כולם בזה""ל. תדע שהה״ק מברדיטשוב
					הוא מליץ טוב לפני פמליא ש""מ בעד כל ישראל ומלמד עליהם הנגוריא תנויד לשכך חמת
					הדין העליון מעליהם ולמצוא להם זכות גם "	H-LOC_134			
מלעלאוו	1	shivheiZadikim2026-01-10	no_match	0.0			"פ""א הי' איש אחד אצל הה״ק המפורסם ר׳ דוד מלעלוב שיברכהו וברכו ואמר לו
					בשעה שברכו. אמנם זה האיש צריך לברכה. והנני מברכו. והנה זה האיש נפטר
					מאתו לשלום ובא לביתו. ואחר איזה ימים נחלה ר""ל עד שהי'"				
"הה""ק"	1	shivheiZadikim2026-01-10	no_match	0.0			"להה״ק מוהר""ש מקארוב ז""ל וסיפר מה שאירע לו שם כי הי׳ מנהג סדר שולחנו הקדוש
					של הרב ז""ל בשב""ק. לקחת ב׳ בקבוקים יין אצל מוכר יין א׳ שהי׳ בעיר. לכל סעודה
					להיות לבהמ״ז. והוא הי׳ השליח לזה כי הי׳ מ"				
בונם ז״ל	1	shivheiZadikim2026-01-10	no_match	0.0			"וחותים. כי למה לכם מעות שאינו שוה כלום. ובמה נחשב הוא הלא זהו טפשות מאיש
					אשר כמוכם שראוי להיות בעל מדרגה. וצהנה וכהנה. והרב החסיד ר׳ מאירל ז""ל הנ״ל
					שמע כל דבריו. ויהי כמחריש. כי לא ידע מה לה"				
אונן	1	shivheiZadikim2026-01-10	no_match	0.0			"וחותים. כי למה לכם מעות שאינו שוה כלום. ובמה נחשב הוא הלא זהו טפשות מאיש
					אשר כמוכם שראוי להיות בעל מדרגה. וצהנה וכהנה. והרב החסיד ר׳ מאירל ז""ל הנ״ל
					שמע כל דבריו. ויהי כמחריש. כי לא ידע מה לה"				
״פ	1	shivheiZadikim2026-01-10	no_match	0.0			"וחותים. כי למה לכם מעות שאינו שוה כלום. ובמה נחשב הוא הלא זהו טפשות מאיש
					אשר כמוכם שראוי להיות בעל מדרגה. וצהנה וכהנה. והרב החסיד ר׳ מאירל ז""ל הנ״ל
					שמע כל דבריו. ויהי כמחריש. כי לא ידע מה לה"				
בוצינא קדישא מ׳ זעליג משרענצק	1	shivheiZadikim2026-01-10	no_match	0.0			"סיפר הה""צ בוצינא קדישא מ׳ זעליג משרענצק ז""ל מפי רבו הקדוש המפורסם מו""ה
					שמואל מקארוב ז""ל שאמר בזה""ל בכל יום ויום יורדת טפה מן השמים בקרב
					לב כל אחד מישראל לעוררו לתשובה ועי״ז מתנוצצים בלבו הרה"				
"ו""ה"	1	shivheiZadikim2026-01-10	no_match	0.0			"סיפר הה""צ בוצינא קדישא מ׳ זעליג משרענצק ז""ל מפי רבו הקדוש המפורסם מו""ה
					שמואל מקארוב ז""ל שאמר בזה""ל בכל יום ויום יורדת טפה מן השמים בקרב
					לב כל אחד מישראל לעוררו לתשובה ועי״ז מתנוצצים בלבו הרה"				
זכאי	1	shivheiZadikim2026-01-10	no_match	0.0			"סיפר הה""צ בוצינא קדישא מ׳ זעליג משרענצק ז""ל מפי רבו הקדוש המפורסם מו""ה
					שמואל מקארוב ז""ל שאמר בזה""ל בכל יום ויום יורדת טפה מן השמים בקרב
					לב כל אחד מישראל לעוררו לתשובה ועי״ז מתנוצצים בלבו הרה"				
חת	1	shivheiZadikim2026-01-10	no_match	0.0			"פ""א ישב הה״ק מוהר""ז הנ""ל אצל רבו הק' מוהר""ש מקארוב ז""ל בעת שהי׳ רבו מושכב
					על מטתו ומתנמנם. והוא המתין לו וישב לפניו. בדד ודום כדרכו. פתאום בא
					חסיד א' נגיד והביא מתנה א׳ עבור רבו. והיתה המתנה"				
משרענצק	1	shivheiZadikim2026-01-10	no_match	0.0			"פ""א ישב הה״ק מוהר""ז הנ""ל אצל רבו הק' מוהר""ש מקארוב ז""ל בעת שהי׳ רבו מושכב
					על מטתו ומתנמנם. והוא המתין לו וישב לפניו. בדד ודום כדרכו. פתאום בא
					חסיד א' נגיד והביא מתנה א׳ עבור רבו. והיתה המתנה"				
מוהר״ז ז״ל	1	shivheiZadikim2026-01-10	phonetic	0.5	Tsadik_017.003		"פ""א ישב הה״ק מוהר""ז הנ""ל אצל רבו הק' מוהר""ש מקארוב ז""ל בעת שהי׳ רבו מושכב
					על מטתו ומתנמנם. והוא המתין לו וישב לפניו. בדד ודום כדרכו. פתאום בא
					חסיד א' נגיד והביא מתנה א׳ עבור רבו. והיתה המתנה"				
"מוהר״ז
					ז""ל"	1	shivheiZadikim2026-01-10	phonetic	0.5	Tsadik_017.003		"פ""א ישב הה״ק מוהר""ז הנ""ל אצל רבו הק' מוהר""ש מקארוב ז""ל בעת שהי׳ רבו מושכב
					על מטתו ומתנמנם. והוא המתין לו וישב לפניו. בדד ודום כדרכו. פתאום בא
					חסיד א' נגיד והביא מתנה א׳ עבור רבו. והיתה המתנה"				
מ׳ שמשון	1	shivheiZadikim2026-01-10	phonetic	0.444	Tsadik_035.001		"מהה״ק מ׳ שמשון ז""ל הרב הגאון משעפטיווקע מעשה נאה."				
משעפטיווקע	1	shivheiZadikim2026-01-10	no_match	0.0			"הרה״ג הק' משעפטיווקע מתלמידי מרן הגה״ק המגיד ממעזריטש. הי׳ שלוחא דרחנונא
					להבב בארצות שונות עבור מעות א״י כידוע. וידוע כי בתחלה הי׳ חילוק
					לבבות בינו ובין הרה״ק הרבי ר׳ ברוך ז""ל ממעזבוז נכד הב"				
"ברוך
					מעיר"	1	shivheiZadikim2026-01-10	no_match	0.0			"הרה״ג הק' משעפטיווקע מתלמידי מרן הגה״ק המגיד ממעזריטש. הי׳ שלוחא דרחנונא
					להבב בארצות שונות עבור מעות א״י כידוע. וידוע כי בתחלה הי׳ חילוק
					לבבות בינו ובין הרה״ק הרבי ר׳ ברוך ז""ל ממעזבוז נכד הב"				
עזבוז	1	shivheiZadikim2026-01-10	no_match	0.0			"הרה״ג הק' משעפטיווקע מתלמידי מרן הגה״ק המגיד ממעזריטש. הי׳ שלוחא דרחנונא
					להבב בארצות שונות עבור מעות א״י כידוע. וידוע כי בתחלה הי׳ חילוק
					לבבות בינו ובין הרה״ק הרבי ר׳ ברוך ז""ל ממעזבוז נכד הב"				
"מוהר""ש ז""ל"	1	shivheiZadikim2026-01-10	name_exact	0.95	Tsadik_017.003		"היטב כי הוא מגלילות שלנו והוא רב ומנהיג וצדיק גדול נכד רבינו הבעש״ט ז""ל. וביקש
					ממנו שיאמר לו על מה זה ועל מה זה הוא שואל עליו. והשיב לו בתמימות. גדולה. אמת
					שאינו מכירו כלל. אך תמיד הנני שומע"				
לבוש״	1	shivheiZadikim2026-01-10	no_match	0.0			"הגה״ק מו""ה יצחק מאיר ז""ל הרבי מגור סיפר בשולחנו הק'. מה שאירע להגאון
					בעל לבוש״ר ז""ל בבואו פעם ראשונה להגה״ק המגיד ממעזריטש ז""ל. שהמגיד
					הק׳ ז""ל. הקניטו בדברים בכל פעם. ודיבר דיבורים אשר יהיו "				
מוהריעי״צ הלוי	1	shivheiZadikim2026-01-10	no_match	0.0			"עת שנסע היהודי הק׳ ר׳ יעי""צ ז""ל מפרשיסחא ללובלין אל רבו הק' מוהריעי״צ הלוי
					ז""ל. הי' שם באותו פרק אבד""ק הגאון החריף מו""ה עזריאל הלוי הורוויץ ז""ל
					הי׳ נקרא (אייזענערקאפ). וסיפר הרב הגה""צ בוצינא"				
גאסטנין	1	shivheiZadikim2026-01-10	no_match	0.0			"עת שנסע היהודי הק׳ ר׳ יעי""צ ז""ל מפרשיסחא ללובלין אל רבו הק' מוהריעי״צ הלוי
					ז""ל. הי' שם באותו פרק אבד""ק הגאון החריף מו""ה עזריאל הלוי הורוויץ ז""ל
					הי׳ נקרא (אייזענערקאפ). וסיפר הרב הגה""צ בוצינא"				
שם	1	shivheiZadikim2026-01-10	no_match	0.0			"בין גדול מהה״ק הנ""ל בשנים קדמוניות בעת שהי' דר בווארשא. כי ידוע שהי׳ חלוק לבב
					הה״ק מ׳ משה אליקום בריעה ז""ל בן המגיד הק' מקאזניץ ז""ל על הגה״ק מוהרי״מ
					הנ""ל מטעם שנתרחק ממנו ליסע לרבותיו אחרים "				
עני	1	shivheiZadikim2026-01-10	no_match	0.0			"בין גדול מהה״ק הנ""ל בשנים קדמוניות בעת שהי' דר בווארשא. כי ידוע שהי׳ חלוק לבב
					הה״ק מ׳ משה אליקום בריעה ז""ל בן המגיד הק' מקאזניץ ז""ל על הגה״ק מוהרי״מ
					הנ""ל מטעם שנתרחק ממנו ליסע לרבותיו אחרים "				
"מוהר״י
					מליסא"	1	shivheiZadikim2026-01-10	no_match	0.0			"רעיוניו בענין אחר. כענין כי קאי רבי בהאי מס׳ וכו'. ובכ״ז לאשר הי' בעש""ק. שאו
					לא למד שיעורא דילי' עם בני הישיבה. וגם כבר הי' אחר חצות היום. וגם מפני כבודו
					של הרה״ג ר״א ז״ל. התיר לעצמו לצאת מג"				
"איציק
					מדאברי"	1	shivheiZadikim2026-01-10	no_match	0.0			"רעיוניו בענין אחר. כענין כי קאי רבי בהאי מס׳ וכו'. ובכ״ז לאשר הי' בעש""ק. שאו
					לא למד שיעורא דילי' עם בני הישיבה. וגם כבר הי' אחר חצות היום. וגם מפני כבודו
					של הרה״ג ר״א ז״ל. התיר לעצמו לצאת מג"				
"ר""ע
					איגר"	1	shivheiZadikim2026-01-10	no_match	0.0			"עוד סיפר הרב מ׳ ברוך ז""ל הנ""ל שהי' איש תמים מרבו המובהק הגאין הצדיק ר""ע
					איגר ז""ל. מה שאירע אצלו שפ""א הי׳ אצלו קודם אור היום והגאון ז""ל רבו למד
					בעיון בעניניו והנר הי׳ עומד לכבות. וסכסכה עדיין"				
מגאשטנין	1	shivheiZadikim2026-01-10	no_match	0.0			"סיפר הרב הגאון הצדיק מוה' שמעון סופר ז""ל אבד""ק קראקא בנו של הגאון הצדיק
					המפורסם מאור הגולה בעל חתם סופר לפני הגה""צ בוצינא קדישא מו״ה
					יחיאל מאיר ז""ל הרב מגאשטנין. מה שאירע אצל אביו הק׳ ז""ל עם"				
ליבוש חריף	1	shivheiZadikim2026-01-10	no_match	0.0			"סיפור נפלא מהגה""צ מו״ה ארי׳ ליבוש חריף ז""ל הרב דק""ק פלאצק"				
לזוב	1	shivheiZadikim2026-01-10	no_match	0.0			"סיפר הרבני החסיד המפורסם הישיש מוה׳ צבי הירש ז""ל מפארצאווי שהי׳ זוכה להיות
					שלוחא דרחמנא ושלותא דצבורא לפני המקום ב""ה אצל הרבה קדושים ז""ל
					ובפרשיסחא אצל הה״ק הרבי ר׳ בונם ז""ל זכה לקבל שב""ק לפנ"				
דהרא״מ	1	shivheiZadikim2026-01-10	no_match	0.0			"סיפר הרבני החסיד המפורסם הישיש מוה׳ צבי הירש ז""ל מפארצאווי שהי׳ זוכה להיות
					שלוחא דרחמנא ושלותא דצבורא לפני המקום ב""ה אצל הרבה קדושים ז""ל
					ובפרשיסחא אצל הה״ק הרבי ר׳ בונם ז""ל זכה לקבל שב""ק לפנ"				
בוצינא קדישא עוה׳ ברוך	1	shivheiZadikim2026-01-10	no_match	0.0			"ואגב סיפר עוד שבפעם ראשונה שבא לפרשיהא אצל הה״ק מוהר""ש בונם ז""ל יחד
					עם הרב הצדיק המפורסם בוצינא קדישא עוה׳ ברוך ז""ל מק׳ הטוצין בליטא.
					והם היו נוסעים מקודם להה״ק ר׳ יוסלי טארציינער ז""ל בנו של"				
יוסלי טארצינער	1	shivheiZadikim2026-01-10	no_match	0.0			"ואגב סיפר עוד שבפעם ראשונה שבא לפרשיהא אצל הה״ק מוהר""ש בונם ז""ל יחד
					עם הרב הצדיק המפורסם בוצינא קדישא עוה׳ ברוך ז""ל מק׳ הטוצין בליטא.
					והם היו נוסעים מקודם להה״ק ר׳ יוסלי טארציינער ז""ל בנו של"				
"אבד""ק שטפש"	1	shivheiZadikim2026-01-10	no_match	0.0			"ובהיות הרה״ג החסיד המפורסם כק""ש מוה׳ יחיאל מיכל נ""י אבד""ק שטפש בווארשא
					ונכנס לבקר את פני קדשו של הה״ק מוה׳ יעקב ז""ל מק' ראדזיקין בחלייו
					שמח הרה״ק מוהר""י ז""ל עמו בבואי לשחר פניו. והתחיל לדבר "				
שמח	1	shivheiZadikim2026-01-10	no_match	0.0			"ובהיות הרה״ג החסיד המפורסם כק""ש מוה׳ יחיאל מיכל נ""י אבד""ק שטפש בווארשא
					ונכנס לבקר את פני קדשו של הה״ק מוה׳ יעקב ז""ל מק' ראדזיקין בחלייו
					שמח הרה״ק מוהר""י ז""ל עמו בבואי לשחר פניו. והתחיל לדבר "				
שלה״	1	shivheiZadikim2026-01-10	no_match	0.0			"ובהיות הרה״ג החסיד המפורסם כק""ש מוה׳ יחיאל מיכל נ""י אבד""ק שטפש בווארשא
					ונכנס לבקר את פני קדשו של הה״ק מוה׳ יעקב ז""ל מק' ראדזיקין בחלייו
					שמח הרה״ק מוהר""י ז""ל עמו בבואי לשחר פניו. והתחיל לדבר "				
ק מראדזימין	1	shivheiZadikim2026-01-10	no_match	0.0			"ובהיות הרה״ג החסיד המפורסם כק""ש מוה׳ יחיאל מיכל נ""י אבד""ק שטפש בווארשא
					ונכנס לבקר את פני קדשו של הה״ק מוה׳ יעקב ז""ל מק' ראדזיקין בחלייו
					שמח הרה״ק מוהר""י ז""ל עמו בבואי לשחר פניו. והתחיל לדבר "	H-LOC_608			
עפס	1	shivheiZadikim2026-01-10	no_match	0.0			"ובהיות הרה״ג החסיד המפורסם כק""ש מוה׳ יחיאל מיכל נ""י אבד""ק שטפש בווארשא
					ונכנס לבקר את פני קדשו של הה״ק מוה׳ יעקב ז""ל מק' ראדזיקין בחלייו
					שמח הרה״ק מוהר""י ז""ל עמו בבואי לשחר פניו. והתחיל לדבר "				
"דק'
					לייפנא"	1	shivheiZadikim2026-01-10	no_match	0.0			"וסיפר עוד איש ישיש מופלג בתורה בנו של הרב הגאון מוה׳ מאיר ז""ל הרב דק'
					לייפנא שאביו הה״ג הנ""ל הי' מתנגד גדול על חסידים. ואשתייע מילתא שהי'
					איש אחד מלייפנא אצל הרה״ק מוה׳ מאירל ז""ל הרב דק""ק שע"				
לייפנא	1	shivheiZadikim2026-01-10	no_match	0.0			"וסיפר עוד איש ישיש מופלג בתורה בנו של הרב הגאון מוה׳ מאיר ז""ל הרב דק'
					לייפנא שאביו הה״ג הנ""ל הי' מתנגד גדול על חסידים. ואשתייע מילתא שהי'
					איש אחד מלייפנא אצל הרה״ק מוה׳ מאירל ז""ל הרב דק""ק שע"				
עפם	1	shivheiZadikim2026-01-10	no_match	0.0			"וסיפר עוד איש ישיש מופלג בתורה בנו של הרב הגאון מוה׳ מאיר ז""ל הרב דק'
					לייפנא שאביו הה״ג הנ""ל הי' מתנגד גדול על חסידים. ואשתייע מילתא שהי'
					איש אחד מלייפנא אצל הרה״ק מוה׳ מאירל ז""ל הרב דק""ק שע"				
מ' מאיר	1	shivheiZadikim2026-01-10	no_match	0.0			"טרם כניסתו לבית הה״ק ז""ל. בכל עת זכרו המעשה הנוראה. ובכ״ז חיזק את לבו
					לכנוס. וכשבא אל הפרוזדור ורצה להניח ידו על כפות המנעול לפתוח הדלת נשמטה ידו
					ונרתע לאחוריו מגודל פחד ורעדה לגשת אל הה״ק. "				
אבד״ק ניקלשבורג	1	shivheiZadikim2026-01-10	no_match	0.0			"סיפר הרה״ג הצדיק בוצינא קדישא מו״ר מגאסטנין ז""ל מאשר שמע מפי הרב הגאון
					ר׳ שמעון סופר ז""ל הרב מק""ק קראקא מה ששמע מפ""ח של אביו הגה""צ בעל
					חתם סופר ז""ל מה שאירע בפטירתו של הגאון הצדיק מוהר״מ בנע"				
נח ליפשיץ	1	shivheiZadikim2026-01-10	no_match	0.0			"מהה""ק ר׳ שמואל נח ליפשיץ ז״ל שהי׳ רב דק""ק טורבין ומ״כ
					בק""ק שעפס סיפורים נפלאים ."				
"ב""ע דק׳ שעפס"	1	shivheiZadikim2026-01-10	no_match	0.0			"ואגב נספרה עוד קצת משבחי הצדיק הנשגב הזה ועניניו. מאשר סיפרו אנשים
					שבמחזה אור פניו הכירוהו. ואמרו שהיה רב בק׳ ביזיון הסמוכה לעיר שעפס.
					וסבת הדבר שנחבר בעיר שעפס הוא מחמת צוואתו. שלפני זמן גד"				
מיר׳	1	shivheiZadikim2026-01-10	no_match	0.0			"ואגב נספרה עוד קצת משבחי הצדיק הנשגב הזה ועניניו. מאשר סיפרו אנשים
					שבמחזה אור פניו הכירוהו. ואמרו שהיה רב בק׳ ביזיון הסמוכה לעיר שעפס.
					וסבת הדבר שנחבר בעיר שעפס הוא מחמת צוואתו. שלפני זמן גד"				
"משעפס תנצב""ה"	1	shivheiZadikim2026-01-10	no_match	0.0			"ואגב נספרה עוד קצת משבחי הצדיק הנשגב הזה ועניניו. מאשר סיפרו אנשים
					שבמחזה אור פניו הכירוהו. ואמרו שהיה רב בק׳ ביזיון הסמוכה לעיר שעפס.
					וסבת הדבר שנחבר בעיר שעפס הוא מחמת צוואתו. שלפני זמן גד"				
מתיחס	1	shivheiZadikim2026-01-10	no_match	0.0			"מו""ה יעקב חיים זעליג נ""י הרב דק""ק לובראנץ מתורת רבו הקדוש מוהרי״מ ז""ל הרב
					מגאסטנין ששמע מפי רבו הק׳ הנ""ל שמתיחס א""ע בהרב הגה״ק מטורבין ז""ל הנ""ל שהי′
					דודו והזכיר לפניו תורה משמו ז""ל בפסוק חם "				
הי′	1	shivheiZadikim2026-01-10	no_match	0.0			"מו""ה יעקב חיים זעליג נ""י הרב דק""ק לובראנץ מתורת רבו הקדוש מוהרי״מ ז""ל הרב
					מגאסטנין ששמע מפי רבו הק׳ הנ""ל שמתיחס א""ע בהרב הגה״ק מטורבין ז""ל הנ""ל שהי′
					דודו והזכיר לפניו תורה משמו ז""ל בפסוק חם "				
שמו	1	shivheiZadikim2026-01-10	no_match	0.0			"מו""ה יעקב חיים זעליג נ""י הרב דק""ק לובראנץ מתורת רבו הקדוש מוהרי״מ ז""ל הרב
					מגאסטנין ששמע מפי רבו הק׳ הנ""ל שמתיחס א""ע בהרב הגה״ק מטורבין ז""ל הנ""ל שהי′
					דודו והזכיר לפניו תורה משמו ז""ל בפסוק חם "				
"זעליג ז״ל מק״ק
					שרענצק"	1	shivheiZadikim2026-01-10	no_match	0.0			"סיפורים נפלאים מאת הה״צ בוצינא קדישא מוה׳ זעליג ז״ל מק״ק
					שרענצק המוזכר בס׳ ממרום הרים שחיבר נכדו הרה״ג החסיד
					בגש״ק מוה׳ יה""ז אבד״ק לובראנץ נ״י ."				
"שמחה
					בונם"	1	shivheiZadikim2026-01-10	phonetic	0.368	tempH-75		"בבוא הרב הק' מוה׳ זעליג ז""ל משרענצק פעם ראשונה לרבו הקדוש הרבי ר׳ שמחה
					בונם ז""ל לפרשיסחא אחר הסתלקות רבו מובהק הקדוש ר׳ שמואל מקארוב
					ז""ל. נתבונו הרבי רש""ב ז""ל מביאתו של הרב מוהר""ז אליו. דנח "				
יצחק מווארקי	1	shivheiZadikim2026-01-10	no_match	0.0			"עוד בספר מ""ה הנ""ל דבר פלא מהה""ק הנ״ל עם הה״ק הרבי ר'
					יצחק מווארקי ז""ל והה״ק רא״מ ז״ל מפרשסיחא ז״ל."				
"מוהרי""צ"	1	shivheiZadikim2026-01-10	no_match	0.0			"דר שם הה״ק ר׳ זעליג ז״ל הנ״ל : והוציאו קול שבאו על היריד לסחור שם פשתן. ששם
					היה שכית סחורה זו מאד באותו הימים. והיה ירידים מיוחדים לזה. ופנו בבואם. רק
					לבית מוהר""ז ז""ל הנ""ל. ונועדו יחדיו בשעש"				
זושא מליזענקס	1	shivheiZadikim2026-01-10	no_match	0.0			"מעשה נורא
					מהה״ק ר׳ משולם זושא מליזענקס ז""ל אחי הה״ק בעל נועם אלימלך ז״ל"				
מ׳ זישא מליזענסק	1	shivheiZadikim2026-01-10	phonetic	0.462	Tsadik_019.001		"פעם אחת חלם לאיש אחד שאביו הנפטר מכמה שנים. בא לו: ותפסו בחזקה
					ומסית אותו ומדיחו שימיר ח""ו. ובאם לא ישמע לו יעשה בו דין. וכשהקיץ
					משנתו נבהל מאד על חלומו זה. ותלה הדבר במקרה בלתי טהור. ונתחזק"				
אלכהאנדר	1	shivheiZadikim2026-01-10	no_match	0.0			"מגודל ענותנותו ותמימותו של הגאון הצדיק ר׳ אברהם אבוש ז""ל הרב דק׳ פ""פ
					דמיין יסופר בזה סיפור נאה אשר סיפר הה״ג הצדיק בוצינא קדישא חו״פ
					מוהר״ר חנוך העניך הכהן הגדול זצוק""ל מאלכהאנדר בסוד ישרים "				
מ׳ אברהם אבושל	1	shivheiZadikim2026-01-10	phonetic	0.462	H_Abraham		"מגודל ענותנותו ותמימותו של הגאון הצדיק ר׳ אברהם אבוש ז""ל הרב דק׳ פ""פ
					דמיין יסופר בזה סיפור נאה אשר סיפר הה״ג הצדיק בוצינא קדישא חו״פ
					מוהר״ר חנוך העניך הכהן הגדול זצוק""ל מאלכהאנדר בסוד ישרים "				
רא	1	shivheiZadikim2026-01-10	no_match	0.0			"בו על הגניבה וחשדו באמת שהוא גנבו. והטמין אותו באחת המקומות אשר לא ימצאהו
					אצלו הרים ידו עליו והכהו מאד והרב הגה""ח ז""ל קיבל המכות באהבה. ובענוה כצאת
					השמש בגבורתו ולא השיב לו מאומה. ונתו תודות"				
"זלמן
					חסיד"	1	shivheiZadikim2026-01-10	name_exact	0.85	Biblical_Solomon		"יסופר סיפור נאה אשר סיפרו אנשים נאמנים וחסידים מפורסמים מק״ק שעפס מה
					שמקובל אצלם מאבותם. בהיות הה״ק הרבי ר׳ בונם ז""ל מפרשיסחא בדרך.
					ואסתייע מילתא שעבר דרך עיר שעפס. היו נמצאים שם באותו פרח א"				
זלמן קטן	1	shivheiZadikim2026-01-10	name_exact	0.85	Biblical_Solomon		"יסופר סיפור נאה אשר סיפרו אנשים נאמנים וחסידים מפורסמים מק״ק שעפס מה
					שמקובל אצלם מאבותם. בהיות הה״ק הרבי ר׳ בונם ז""ל מפרשיסחא בדרך.
					ואסתייע מילתא שעבר דרך עיר שעפס. היו נמצאים שם באותו פרח א"				
"הר""ש בונם"	1	shivheiZadikim2026-01-10	no_match	0.0			"יסופר סיפור נאה אשר סיפרו אנשים נאמנים וחסידים מפורסמים מק״ק שעפס מה
					שמקובל אצלם מאבותם. בהיות הה״ק הרבי ר׳ בונם ז""ל מפרשיסחא בדרך.
					ואסתייע מילתא שעבר דרך עיר שעפס. היו נמצאים שם באותו פרח א"				
שמואל משינאווע	1	shivheiZadikim2026-01-10	no_match	0.0			"סביבו ללוותו. שקשה עליו לישא על גופו האדרת שער הזה בהליכתו למקום אי נקי שסר
					שמה לעשות צרכיו והשליכו מעליו ונתנו לר""ז הנ""ל ולא מש משם עד שהיה מוכרח הר״ז
					ז""ל להלביש את עצמו בו. באמרו אליו דרך "				
ויביטש	1	shivheiZadikim2026-01-10	no_match	0.0			"סביבו ללוותו. שקשה עליו לישא על גופו האדרת שער הזה בהליכתו למקום אי נקי שסר
					שמה לעשות צרכיו והשליכו מעליו ונתנו לר""ז הנ""ל ולא מש משם עד שהיה מוכרח הר״ז
					ז""ל להלביש את עצמו בו. באמרו אליו דרך "				
"ר'
					בונם"	1	shivheiZadikim2026-01-10	no_match	0.0			"סביבו ללוותו. שקשה עליו לישא על גופו האדרת שער הזה בהליכתו למקום אי נקי שסר
					שמה לעשות צרכיו והשליכו מעליו ונתנו לר""ז הנ""ל ולא מש משם עד שהיה מוכרח הר״ז
					ז""ל להלביש את עצמו בו. באמרו אליו דרך "				
"ברוך ז""ל"	1	shivheiZadikim2026-01-10	no_match	0.0			"וסיפר איש נאמן גדול בתורה וחסידות שדיבר בעצמו עם הרה״צ בוצינא קדישא ר'
					ברוך ז""ל מסטוצין בליטא. בהיותם יחד בראדזימיו. וסיפר לו הרב ר׳ ברוך"				
א׳ מעיר	1	shivheiZadikim2026-01-10	no_match	0.0			"ידוע דרך הקודש של הה״ק מו״ה חנוך העניך ז""ל הכהן מאלכסנדר שהיו מוצנע בכל
					מעשיו הקדושים והכל בחכמה עשה שלא יוודע לאיש שהולך בגדולות ובנפלאות
					רק יהיה נראה לעין הבריות כעושה בפשיטות. אך מי אשר ע"				
משאדעק	1	shivheiZadikim2026-01-10	no_match	0.0			"ידוע דרך הקודש של הה״ק מו״ה חנוך העניך ז""ל הכהן מאלכסנדר שהיו מוצנע בכל
					מעשיו הקדושים והכל בחכמה עשה שלא יוודע לאיש שהולך בגדולות ובנפלאות
					רק יהיה נראה לעין הבריות כעושה בפשיטות. אך מי אשר ע"				
פעלשינק	1	shivheiZadikim2026-01-10	no_match	0.0			"פ״א עלה על דעת שני צעירים מאנשי שחץ. שבעיר לאדז שלא היו מאמינים בחסידים
					ורבותיהם. והיה נראה בעיניהם את כל ענין הנהגת הרבי מאלכסאנדר עם
					חסידיו כליצנות ונוסדו יחד על הרבי מאלכסנדר להמתיק סוד ב"				
מל	1	shivheiZadikim2026-01-10	no_match	0.0			"פ״א עלה על דעת שני צעירים מאנשי שחץ. שבעיר לאדז שלא היו מאמינים בחסידים
					ורבותיהם. והיה נראה בעיניהם את כל ענין הנהגת הרבי מאלכסאנדר עם
					חסידיו כליצנות ונוסדו יחד על הרבי מאלכסנדר להמתיק סוד ב"				
"יצחק
					הורוויץ"	1	shivheiZadikim2026-01-10	phonetic	0.375	Tsadik_017.003		"לפני פטירתו של הגאון רבינו יונתן ז""ל. בא אחד מן הרודפים שלו לבקש ממנו מחילה
					על מה שעשה לו. ויהי כראות הגאון ז""ל את האיש הזה נתחזק וישב על המטה.
					ויאמר בזה""ל אתם שמחים עתה ע""ז שזכיתם להגיע לעת"				
דצניעותא	1	shivheiZadikim2026-01-10	no_match	0.0			"ובהקדמת נכדו לספרא דצניעותא כתב שהגר""א ז""ל זקנו היה חוזר מדי יום ביום
					מאה דפין. וסיפר עוד הגאון מ׳ שאול ז""ל אבד""ק ווילנא שפ""א נכנס
					אצלו קודם התפלה ומצא פתוח לפניו מס׳ חוליו עד פ׳ בהמה המקשה "				
"ז""ל"	1	shivheiZadikim2026-01-10	no_match	0.0			"ובהקדמת נכדו לספרא דצניעותא כתב שהגר""א ז""ל זקנו היה חוזר מדי יום ביום
					מאה דפין. וסיפר עוד הגאון מ׳ שאול ז""ל אבד""ק ווילנא שפ""א נכנס
					אצלו קודם התפלה ומצא פתוח לפניו מס׳ חוליו עד פ׳ בהמה המקשה "				
"בע""ג"	1	shivheiZadikim2026-01-10	no_match	0.0			"ידוע ומפורסם בעולם בכל תפוצות ישראל קדושת הגר""א ז""ל בעבודה שמאז החל
					לפתוח עיניו ע״פ תבל חידש ימיו ושנותיו לשמים בלי לבלות אפילו רגע בלא
					תורה ועבודה. ובעודו צעיר לימים קיבל ע״ע לשלימות נפשו ל"				
"ק""ב מווילנא"	1	shivheiZadikim2026-01-10	no_match	0.0			"ידוע ומפורסם בעולם בכל תפוצות ישראל קדושת הגר""א ז""ל בעבודה שמאז החל
					לפתוח עיניו ע״פ תבל חידש ימיו ושנותיו לשמים בלי לבלות אפילו רגע בלא
					תורה ועבודה. ובעודו צעיר לימים קיבל ע״ע לשלימות נפשו ל"	H-LOC_175			
"הגר""א ז""ל"	1	shivheiZadikim2026-01-10	no_match	0.0			"ידוע ומפורסם בעולם בכל תפוצות ישראל קדושת הגר""א ז""ל בעבודה שמאז החל
					לפתוח עיניו ע״פ תבל חידש ימיו ושנותיו לשמים בלי לבלות אפילו רגע בלא
					תורה ועבודה. ובעודו צעיר לימים קיבל ע״ע לשלימות נפשו ל"				
כ״א	1	shivheiZadikim2026-01-10	no_match	0.0			"ידוע ומפורסם בעולם בכל תפוצות ישראל קדושת הגר""א ז""ל בעבודה שמאז החל
					לפתוח עיניו ע״פ תבל חידש ימיו ושנותיו לשמים בלי לבלות אפילו רגע בלא
					תורה ועבודה. ובעודו צעיר לימים קיבל ע״ע לשלימות נפשו ל"				
אר	1	shivheiZadikim2026-01-10	no_match	0.0			"פ״א הובא לפני הגר״א ז״ל מרכבה מרחדה לנסוע עלי׳ לטיול לשמירות בריאותו וכבר
					היו מונחים עלי׳ חפציו וספריו הנצרכים לו והוא ירד לשבת עלי'. והנה כאשר
					הציג רגלו אחת עלי׳ נסוג אחור תומ״י בחרדה. ואמר"				
פלאצק	1	shivheiZadikim2026-01-10	no_match	0.0			"ופ״א הביא משרתו ה""ה הרב המגיד מפלאצק מו""ה ר׳ פנחס ז""ל (בעה״מ ספר כתר
					תורה. וספר גבעת פנחס על אגדה ומוסר) לפני רבו הגר""א זצוק""ל מים לשתות"				
רשכבה״נ	1	shivheiZadikim2026-01-10	no_match	0.0			"מעשה מהגאון רשכבה״נ רר״י זצוק""ל זי״ע.
					הגאון רר""י ז""ל נשא אשה מעיר פראג בת הרבני"				
אנדסופר	1	shivheiZadikim2026-01-10	no_match	0.0			"ודר שמה בימי בחרותו ונשא ונתן עם הגורל לאטריע. ובאותו זמן היה שם רב הרב
					הגאון הגדול ר׳ יונה לאנדסופר בעל מעיל צדקה ולמד שם עם ישיבה גדולה והיה
					מנהגם כשסיימו שיעורם היה אומר הרב חילוק גדול בב"				
מו״ה אלי'	1	shivheiZadikim2026-01-10	no_match	0.0			"מעשה נפלאה מהה""ק מו״ה אלי' ז""ל שהי׳ בסוף ימיו אבד״ק וויסקיט בעל
					ספר אזור אלי' ושו״ת דבר אלי'"				
ל מקארוב	1	shivheiZadikim2026-01-10	no_match	0.0			"מעשה נפלאה מהה""ק ר׳ נח ז״ל מקארוב"	H-LOC_347			
ק ווייסקיט	1	shivheiZadikim2026-01-10	no_match	0.0			"פ״א הביע פה קדוש של הה״ק מו״ר ר׳ בונם ז""ל מפרשיסחא בזה""ל להרבי מלובלין ז""ל
					היה לו חסידים גדולים וטובים ממני. אך מכירו הייחיו ביותר מהם. כי בפעם
					אחת באתי לחדרו ולא היה הוא ז""ל אז בביתו ושמעתי"				
׳ זאב	1	shivheiZadikim2026-01-10	phonetic	0.5	Tsadik_048.001		"הנה הרה״ק בעל אור המאיר ז""ל הסתופף בצל כנפי קדושת המגיד הגדול הרבי ר'
					בער ז""ל ממעזריטש. ואירע פ""א בהיות הרה״ק בעל אור המאיר ז""ל במעזריטש
					אצל רבו הה״ק הנ""ל ישב במתיבה בסעודה עם חברייא קדושה ו"				
ניקלשפורג	1	shivheiZadikim2026-01-10	no_match	0.0			"הנה הרה״ק ר״ר שמעלקי ז""ל שימש בכתר הרבנות בק׳ ניקלשפורג, וידוע שדרכו היה
					ע״פ דרך החסידות וכמה פעמים אירע שהתפלל לאחר זמן התפלה לעת ערב
					וכדומה עוד דברים אשר נדמה בעיני בע״ב כחלות. ואנשי ניקלש"				
וישקיט	1	shivheiZadikim2026-01-10	no_match	0.0			"הנה הרה״ק ר״ר שמעלקי ז""ל שימש בכתר הרבנות בק׳ ניקלשפורג, וידוע שדרכו היה
					ע״פ דרך החסידות וכמה פעמים אירע שהתפלל לאחר זמן התפלה לעת ערב
					וכדומה עוד דברים אשר נדמה בעיני בע״ב כחלות. ואנשי ניקלש"				
רייזע בייטיל	1	shivheiZadikim2026-01-10	no_match	0.0			"בהיותו ערך בן ג׳ שנים היה אביו ז""ל רב בעיר מאגנישאוו ונחלה הילד הה״ק
					רי״מ ז""ל מאד ויצאה אמו ע""ה בבכי' רבה בחוץ שהיה מר מאד פגעה איש
					מלובש כמו דייטשיל שהי' חלה בצווארו רייזע באטיל. שאל אותה מ"				
ייבוש וואהרטער	1	shivheiZadikim2026-01-10	no_match	0.0			"עוד מעשה כזו אירע בעת שהיה דר בעיר גור היה שאלה על עוף א׳ שנשחט עבורו
					והרבנית שלחה לשאול להמו״צ ר׳ לייבוש וואהרטער ז""ל שהי' אז מו""צ בשם ואמר
					שהוא כשר עצהיו״ט ושגם הה״ח יכול לאכול מזה השאלה. "				
"אלימלך זצ""ל מליזענסק"	1	shivheiZadikim2026-01-10	name_exact	0.95	Tsadik_019.001		"וכששמעו הדברים האלה נתבהל מאד וכמעט שנתעלף והתחיל לצעוק על חתנו האיך יאבד
					אדם בר דעת סך הגדול כזה. אבל חתנו הה״ק רצה לשכך אותו בדברי נחומים שלא
					ידאג כי השי""ת יעזור לו וימלא חסרונו אבל חותנו "	H-LOC_350			
אלימלך זיל	1	shivheiZadikim2026-01-10	phonetic	0.5	Tsadik_019.001		"וכששמעו הדברים האלה נתבהל מאד וכמעט שנתעלף והתחיל לצעוק על חתנו האיך יאבד
					אדם בר דעת סך הגדול כזה. אבל חתנו הה״ק רצה לשכך אותו בדברי נחומים שלא
					ידאג כי השי""ת יעזור לו וימלא חסרונו אבל חותנו "				
ליזענסקי	1	shivheiZadikim2026-01-10	fuzzy	0.714	Tsadik_019.001		"וחיבק ונשק מאד לחתנו כי ראה שהוא בן יקר מאד שהציל אותו מבילבול רע כזה וכאשר
					באו לפני הרבי ר׳ אלימלך זצ""ל חידם פניהם בשמחה ונתן שלום להה״ק ר׳ לוי יצחק זצ""ל
					ולחמיו והוציא לפניו צרור כסף עם עשר"				
ק מסיווראן	1	shivheiZadikim2026-01-10	no_match	0.0			"והוא במר לבבי עשה כעצתם ולנכון שאל הה״ק ע״ז ממקורבים והמה הציעו לפניו כל ו
					הענין וכי הודה על פשעו ויתחרט מאד. והשיב הה״ק א״כ אעמוד עמו על ד״ת. והושיב
					ב""ד ע""ז ובתוכם היה הה״ק מסיווראן זלה""ה ו"	H-LOC_446			
שמעלקא הורוויץ	1	shivheiZadikim2026-01-10_corrected	name_exact	0.95	Tsadik_017.003		"א מרבינו האר""י הק׳ ותלמידו הרח""ו ז""ל
					ב מהגאון הרבי ר׳ נפתלי כ״ץ מפוזנא
					ג מהגאון רבינו יונתן אייבשיץ מפראג
					ד מהגאון רבינו אלי' מווילנא
					ה מהמגיד הק׳ רבינו ר׳ בער ממעזריטש
					ו מהה״"				
יעי״צ	1	shivheiZadikim2026-01-10_corrected	no_match	0.0			"א מרבינו האר""י הק׳ ותלמידו הרח""ו ז""ל
					ב מהגאון הרבי ר׳ נפתלי כ״ץ מפוזנא
					ג מהגאון רבינו יונתן אייבשיץ מפראג
					ד מהגאון רבינו אלי' מווילנא
					ה מהמגיד הק׳ רבינו ר׳ בער ממעזריטש
					ו מהה״"				
שמחה בונם מפרשי חא	1	shivheiZadikim2026-01-10_corrected	no_match	0.0			"כא מהגאון ר׳ מרדכי בנעט הרב מניקלשבורג
					כב מהגאון ר׳ עקיבא איגר הרב מפוזנא
					כג מהגאון ר׳ משה סופר הרב מפ״ב
					כד מהגאון ר׳ יעקב הרב מליסא
					כה מהגאון ר׳ ארי׳ ליבוש חריף הרב
					מפלאצק
		"				
שמואלקארוב	1	shivheiZadikim2026-01-10_corrected	no_match	0.0			"סיפר הה""צ בוצינא קדישא מ׳ זעליג משרענצק ז""ל מפי רבו הקדוש המפורסם מו""ה
					 משמואלקארוב ז""ל שאמר בזה""ל בכל יום ויום יורדת טפה מן השמים בקרב
					לב כל אחד מישראל לעוררו לתשובה ועי״ז מתנוצצים בלבו הרה"	H-LOC_347			
לבוש״ר	1	shivheiZadikim2026-01-10_corrected	no_match	0.0			"הגה״ק מו""ה יצחק מאיר ז""ל הרבי מגור סיפר בשולחנו הק'. מה שאירע להגאון
					בעל לבוש״ר ז""ל בבואו פעם ראשונה להגה״ק המגיד ממעזריטש ז""ל. שהמגיד
					הק׳ ז""ל. הקניטו בדברים בכל פעם. ודיבר דיבורים אשר יהיו "				
לבו״ש	1	shivheiZadikim2026-01-10_corrected	no_match	0.0			"הגה״ק מו""ה יצחק מאיר ז""ל הרבי מגור סיפר בשולחנו הק'. מה שאירע להגאון
					בעל לבוש״ר ז""ל בבואו פעם ראשונה להגה״ק המגיד ממעזריטש ז""ל. שהמגיד
					הק׳ ז""ל. הקניטו בדברים בכל פעם. ודיבר דיבורים אשר יהיו "				
נודע ביחזקאלע פרעגעריהודה	1	shivheiZadikim2026-01-10_corrected	no_match	0.0			"הגה״ק מו""ה יצחק מאיר ז""ל הרבי מגור סיפר בשולחנו הק'. מה שאירע להגאון
					בעל לבוש״ר ז""ל בבואו פעם ראשונה להגה״ק המגיד ממעזריטש ז""ל. שהמגיד
					הק׳ ז""ל. הקניטו בדברים בכל פעם. ודיבר דיבורים אשר יהיו "				
יעי״צ הלוי	1	shivheiZadikim2026-01-10_corrected	no_match	0.0			"עת שנסע היהודי הק׳ ר׳ יעי""צ ז""ל מפרשיסחא ללובלין אל רבו הק' מוהריעי״צ הלוי
					ז""ל. הי' שם באותו פרק אבד""ק הגאון החריף מו""ה עזריאל הלוי הורוויץ ז""ל
					הי׳ נקרא (אייזענערקאפ). וסיפר הרב הגה""צ בוצינא"				
רמז״ל	1	shivheiZadikim2026-01-10_corrected	no_match	0.0			"בין גדול מהה״ק הנ""ל בשנים קדמוניות בעת שהי' דר בווארשא. כי ידוע שהי׳ חלוק לבב
					הה״ק מ׳ משה אליקום בריעה ז""ל בן המגיד הק' מקאזניץ ז""ל על הגה״ק מוהרי״מ
					הנ""ל מטעם שנתרחק ממנו ליסע לרבותיו אחרים "				
עקיבא איגרפוזנא	1	shivheiZadikim2026-01-10_corrected	no_match	0.0			"הנה הרב הגאבד״ק לונטשיץ מ׳ איציק אוירבאך ז""ל בן הרה״ג הצ' מוהר""ח ז""ל בעל ס׳
					דברי משפט קודם שנתקבל לרב הי' סוחר. והי׳ זה דרכו בכל עת שנסע לפרייסין
					לסחורתו. לסור מדרכו אל בית הגדולים בתורה שבמ"	H-LOC_5			
"מוהר""ימליהא"	1	shivheiZadikim2026-01-10_corrected	no_match	0.0			"רעיוניו בענין אחר. כענין כי קאי רבי בהאי מס׳ וכו'. ובכ״ז לאשר הי' בעש""ק. שאו
					לא למד שיעורא דילי' עם בני הישיבה. וגם כבר הי' אחר חצות היום. וגם מפני כבודו
					של הרה״ג ר״א ז״ל. התיר לעצמו לצאת מג"				
קפוזנא	1	shivheiZadikim2026-01-10_corrected	no_match	0.0			"מהה""ק הגאון מוהר״ע איגר ז""ל אבד״ קפוזנא"	H-LOC_5			
יחיאלמאיר	1	shivheiZadikim2026-01-10_corrected	no_match	0.0			"סיפר הרב הגאון הצדיק מוה' שמעון סופר ז""ל אבד""ק קראקא בנו של הגאון הצדיק
					המפורסם מאור הגולה בעל חתם סופר לפני הגה""צ בוצינא קדישא מו״ה
					 יחיאלמאיר ז""ל הרב מגאשטנין. מה שאירע אצל אביו הק׳ ז""ל עם"				
עוה׳ ברוך	1	shivheiZadikim2026-01-10_corrected	no_match	0.0			"ואגב סיפר עוד שבפעם ראשונה שבא לפרשיהא אצל הה״ק מוהר""ש בונם ז""ל יחד
					עם הרב הצדיק המפורסם בוצינא קדישא עוה׳ ברוך ז""ל מק׳ הטוצין בליטא.
					והם היו נוסעים מקודם להה״ק ר׳ יוסלי טארציינער ז""ל בנו של"				
מוהריעי״צ	1	shivheiZadikim2026-01-10_corrected	no_match	0.0			"ואגב סיפר עוד שבפעם ראשונה שבא לפרשיהא אצל הה״ק מוהר""ש בונם ז""ל יחד
					עם הרב הצדיק המפורסם בוצינא קדישא עוה׳ ברוך ז""ל מק׳ הטוצין בליטא.
					והם היו נוסעים מקודם להה״ק ר׳ יוסלי טארציינער ז""ל בנו של"				
ר״מ משעפס	1	shivheiZadikim2026-01-10_corrected	no_match	0.0			"וסיפר עוד איש ישיש מופלג בתורה בנו של הרב הגאון מוה׳ מאיר ז""ל הרב דק'
					 שאביו הה״ג הנ""ל הי' מתנגד גדול על חסידים. ואשתייע מילתא שהי'
					לייפנאאיש אחד מלייפנא אצל הרה״ק מוה׳ מאירל ז""ל הרב דק""ק שע"	H-LOC_645			
מאירלשעפס	1	shivheiZadikim2026-01-10_corrected	no_match	0.0			"וסיפר עוד איש ישיש מופלג בתורה בנו של הרב הגאון מוה׳ מאיר ז""ל הרב דק'
					 שאביו הה״ג הנ""ל הי' מתנגד גדול על חסידים. ואשתייע מילתא שהי'
					לייפנאאיש אחד מלייפנא אצל הרה״ק מוה׳ מאירל ז""ל הרב דק""ק שע"	H-LOC_645			
שמואל נח ליפשיץ	1	shivheiZadikim2026-01-10_corrected	no_match	0.0			"מהה""ק ר׳ שמואל נח ליפשיץ ז״ל שהי׳ רב דק""ק טורבין ומ״כ
					בק""ק שעפס סיפורים נפלאים ."				
מאירל הורוויץשנת תקס״ו	1	shivheiZadikim2026-01-10_corrected	no_match	0.0			"ואגב נספרה עוד קצת משבחי הצדיק הנשגב הזה ועניניו. מאשר סיפרו אנשים
					שבמחזה אור פניו הכירוהו. ואמרו שהיה רב בק׳ ביזיון הסמוכה לעיר שעפס.
					וסבת הדבר שנחבר בעיר שעפס הוא מחמת צוואתו. שלפני זמן גד"				
"מוהר״ז ז""ל"	1	shivheiZadikim2026-01-10_corrected	phonetic	0.5	Tsadik_017.003		"בבוא הרב הק' מוה׳ זעליג ז""ל משרענצק פעם ראשונה לרבו הקדוש הרבי ר׳ שמחה
					 ז""ל לבונםפרשיסחא אחר הסתלקות רבו מובהק הקדוש ר׳ שמואל מקארוב
					ז""ל. נתבונו הרבי רש""ב ז""ל מביאתו של הרב מוהר""ז אליו. דנח "				
יצחק מווארקיפרשסיחא	1	shivheiZadikim2026-01-10_corrected	no_match	0.0			"עוד בספר מ""ה הנ""ל דבר פלא מהה""ק הנ״ל עם הה״ק הרבי ר'
					 ז""ל והה״ק רא״מ ז״ל מיצחק מווארקיפרשסיחא ז״ל."				
"מוהרי""צ מווארחי"	1	shivheiZadikim2026-01-10_corrected	no_match	0.0			"דר שם הה״ק ר׳ זעליג ז״ל הנ״ל : והוציאו קול שבאו על היריד לסחור שם פשתן. ששם
					היה שכית סחורה זו מאד באותו הימים. והיה ירידים מיוחדים לזה. ופנו בבואם. רק
					לבית מוהר""ז ז""ל הנ""ל. ונועדו יחדיו בשעש"				
רמ״ק	1	shivheiZadikim2026-01-10_corrected	no_match	0.0			"והלך לו לדרכו בתשובה ברורה. ונתפלאו על התשובה יותר מעל השאלה. ונבהלו מאד
					וכשהלך ופנה הדייטשיל מאצלו. אמר להם הה״ק ז""ל בזה""ל הידעתם מה ששאל ממני
					הדייטשיל הזה. אני אומר לכם שאלתו ששאל ממני אם "				
משולם זושא מליזענקס	1	shivheiZadikim2026-01-10_corrected	no_match	0.0			"מעשה נורא
					מהה״ק ר׳ משולם זושא מליזענקס ז""ל אחי הה״ק בעל נועם אלימלך ז״ל"	H-LOC_350			
זישא מליזענסק	1	shivheiZadikim2026-01-10_corrected	phonetic	0.545	Tsadik_019.001		"פעם אחת חלם לאיש אחד שאביו הנפטר מכמה שנים. בא לו: ותפסו בחזקה
					ומסית אותו ומדיחו שימיר ח""ו. ובאם לא ישמע לו יעשה בו דין. וכשהקיץ
					משנתו נבהל מאד על חלומו זה. ותלה הדבר במקרה בלתי טהור. ונתחזק"	H-LOC_350			
אברהם אבושל	1	shivheiZadikim2026-01-10_corrected	phonetic	0.5	H_Abraham		"מגודל ענותנותו ותמימותו של הגאון הצדיק ר׳ אברהם אבוש ז""ל הרב דק׳ פ""פ
					 יסופר בזה סיפור נאה אשר סיפר הה״ג הצדיק בוצינא קדישא דמייןחו״פ
					 מוהר״רחנוך העניך הכהן הגדול זצוק""ל מאלכהאנדר בסוד ישרים "				
זלמי'	1	shivheiZadikim2026-01-10_corrected	no_match	0.0			"יסופר סיפור נאה אשר סיפרו אנשים נאמנים וחסידים מפורסמים מק״ק שעפס מה
					שמקובל אצלם מאבותם. בהיות הה״ק הרבי ר׳ בונם ז""ל מפרשיסחא בדרך.
					ואסתייע מילתא שעבר דרך עיר שעפס. היו נמצאים שם באותו פרח א"				
זלמו	1	shivheiZadikim2026-01-10_corrected	no_match	0.0			"יסופר סיפור נאה אשר סיפרו אנשים נאמנים וחסידים מפורסמים מק״ק שעפס מה
					שמקובל אצלם מאבותם. בהיות הה״ק הרבי ר׳ בונם ז""ל מפרשיסחא בדרך.
					ואסתייע מילתא שעבר דרך עיר שעפס. היו נמצאים שם באותו פרח א"				
הר״ב	1	shivheiZadikim2026-01-10_corrected	no_match	0.0			"סביבו ללוותו. שקשה עליו לישא על גופו האדרת שער הזה בהליכתו למקום אי נקי שסר
					שמה לעשות צרכיו והשליכו מעליו ונתנו לר""ז הנ""ל ולא מש משם עד שהיה מוכרח הר״ז
					ז""ל להלביש את עצמו בו. באמרו אליו דרך "				
שמואל משינאוועויביטש	1	shivheiZadikim2026-01-10_corrected	no_match	0.0			"סביבו ללוותו. שקשה עליו לישא על גופו האדרת שער הזה בהליכתו למקום אי נקי שסר
					שמה לעשות צרכיו והשליכו מעליו ונתנו לר""ז הנ""ל ולא מש משם עד שהיה מוכרח הר״ז
					ז""ל להלביש את עצמו בו. באמרו אליו דרך "				
הרב	1	shivheiZadikim2026-01-10_corrected	no_match	0.0			"סביבו ללוותו. שקשה עליו לישא על גופו האדרת שער הזה בהליכתו למקום אי נקי שסר
					שמה לעשות צרכיו והשליכו מעליו ונתנו לר""ז הנ""ל ולא מש משם עד שהיה מוכרח הר״ז
					ז""ל להלביש את עצמו בו. באמרו אליו דרך "				
"ברוך ז""למסטוצין"	1	shivheiZadikim2026-01-10_corrected	no_match	0.0			"וסיפר איש נאמן גדול בתורה וחסידות שדיבר בעצמו עם הרה״צ בוצינא קדישא ר'
					 ברוך ז""למסטוצין בליטא. בהיותם יחד בראדזימיו. וסיפר לו הרב ר׳ ברוך"				
רי	1	shivheiZadikim2026-01-10_corrected	no_match	0.0			"ידוע ומפורסם בעולם בכל חצוי ארץ. עוצם הרבצת תורה בתלמידים של הגאון ר׳ יונתך
					ז""ל מפראג בכל הקהלות שהיה שם לרב ואב""ד דהיה בק""ק מיץ והמבורג ואלטינא
					מקום משכן כבוד קדשו וישיבתו הרמתה שאין ערוך א"				
"גר""א מווילנא"	1	shivheiZadikim2026-01-10_corrected	no_match	0.0			"סיפורים נפלאים מהגר""א מווילנא ז""ל מגודל יגיעתו בתורה"	H-LOC_175			
הרי״ף	1	shivheiZadikim2026-01-10_corrected	no_match	0.0			"ובהקדמת נכדו לספרא דצניעותא כתב שהגר""א ז""ל זקנו היה חוזר מדי יום ביום
					מאה דפין. וסיפר עוד הגאון מ׳ שאול ז""ל אבד""ק ווילנא שפ""א נכנס
					אצלו קודם התפלה ומצא פתוח לפניו מס׳ חוליו עד פ׳ בהמה המקשה "				
המגיד מפלאצק	1	shivheiZadikim2026-01-10_corrected	phonetic	0.4	Tsadik_012.168		"ופ״א הביא משרתו ה""ה הרב המגיד מפלאצק מו""ה ר׳ פנחס ז""ל (בעה״מ ספר כתר
					. וספר תורהגבעת פנחס על אגדה ומוסר) לפני רבו הגר""א זצוק""ל מים לשתות"	H-LOC_123			
רר״י	1	shivheiZadikim2026-01-10_corrected	no_match	0.0			"מעשה מהגאון רשכבה״נ רר״י זצוק""ל זי״ע.
					הגאון רר""י ז""ל נשא אשה מעיר פראג בת הרבני"				
לאנדסופר	1	shivheiZadikim2026-01-10_corrected	no_match	0.0			"ודר שמה בימי בחרותו ונשא ונתן עם הגורל לאטריע. ובאותו זמן היה שם רב הרב
					הגאון הגדול ר׳ יונה לאנדסופר בעל מעיל צדקה ולמד שם עם ישיבה גדולה והיה
					מנהגם כשסיימו שיעורם היה אומר הרב חילוק גדול בב"				
רי״מ	1	shivheiZadikim2026-01-10_corrected	no_match	0.0			"בהיותו ערך בן ג׳ שנים היה אביו ז""ל רב בעיר מאגנישאוו ונחלה הילד הה״ק
					רי״מ ז""ל מאד ויצאה אמו ע""ה בבכי' רבה בחוץ שהיה מר מאד פגעה איש
					מלובש כמו דייטשיל שהי' חלה בצווארו רייזע באטיל. שאל אותה מ"				
חיי שרה	1	shivheiZadikim2026-01-10_corrected	no_match	0.0			"בהיותו ערך בן ג׳ שנים היה אביו ז""ל רב בעיר מאגנישאוו ונחלה הילד הה״ק
					רי״מ ז""ל מאד ויצאה אמו ע""ה בבכי' רבה בחוץ שהיה מר מאד פגעה איש
					מלובש כמו דייטשיל שהי' חלה בצווארו רייזע באטיל. שאל אותה מ"				
לייבוש וואהרטער	1	shivheiZadikim2026-01-10_corrected	no_match	0.0			"עוד מעשה כזו אירע בעת שהיה דר בעיר גור היה שאלה על עוף א׳ שנשחט עבורו
					והרבנית שלחה לשאול להמו״צ ר׳ לייבוש וואהרטער ז""ל שהי' אז מו""צ בשם ואמר
					שהוא כשר עצהיו״ט ושגם הה״ח יכול לאכול מזה השאלה. "				
בונים	1	shivheiZadikim2026-01-10_corrected	no_match	0.0			"עוד מעשה כזו אירע בעת שהיה דר בעיר גור היה שאלה על עוף א׳ שנשחט עבורו
					והרבנית שלחה לשאול להמו״צ ר׳ לייבוש וואהרטער ז""ל שהי' אז מו""צ בשם ואמר
					שהוא כשר עצהיו״ט ושגם הה״ח יכול לאכול מזה השאלה. "				
"יחיאל מיכל
			מזלאטשוב"	1	tmimei_derech_2026-01-10	name_exact	0.95	Tsadik_013.002		"משמיע תהלת
			תמימי דרך
			הלא המה, קבוצת ספורים יקרים מפז,
			מצדיקים איתנים מוסדי ארץ.
			נפלאות, הנעשו על ים הקרוש להשר מקוצי
			מבעהתו""ס. תולדת הרב ר׳ יהודה חייט
			בעל המחבר ,ספר החייט, וספורי נפ"	H-LOC_402			
מרדכי שרה'ס	1	tmimei_derech_2026-01-10	phonetic	0.375	Tsadik_012.301		"משמיע תהלת
			תמימי דרך
			הלא המה, קבוצת ספורים יקרים מפז,
			מצדיקים איתנים מוסדי ארץ.
			נפלאות, הנעשו על ים הקרוש להשר מקוצי
			מבעהתו""ס. תולדת הרב ר׳ יהודה חייט
			בעל המחבר ,ספר החייט, וספורי נפ"				
יחיאל מיכל מזלאטשוב	1	tmimei_derech_2026-01-10	name_exact	0.95	Tsadik_013.002		"בימי הרב הקדוש ר׳ יחיאל מיכל מזלאטשוב. היה במדינה
					אחת מוכסן. איש תם וישר הולך שמו ר׳ ישראל
					ויהי לו שני בנים נערים ותהי מחיתו מבית מלון הכפר
					ויהי נכבד מאוד בעיני של הכפר. ולהשר היה עוד כ"	H-LOC_402			
"הראש
					ה"	1	tmimei_derech_2026-01-10	no_match	0.0			"להיות חתנו. ולהביאו אליו על הוצאות שלו. ותחת
					יתן להראש ישיבה מנות אפים. כהגיע מכתב להראש
					ה אשר למד עם הבחור הנחמד בן הגביר לקחו
					אהו לפוזנא. וכראות הר׳ נפתלי את הבחור הנחמד הזה.
					חן "				
צב	1	tmimei_derech_2026-01-10	no_match	0.0			"בימים ההם היה בעיר קראקא רבתי איש תם וישר שמו
					ר׳ אברהם. ויהי מלומד בכל חכמה ותבונה.
					ובלשונות הגוים ולא היה בשער איש יודע ממנו מצדקותיו
					ומחכמותיו. וכשמעו את הגזירה הנמהרה. כוס החמס אשר
	"				
המלכה	1	tmimei_derech_2026-01-10	no_match	0.0			"המלתחה ותשים ותוציאה. והנה נעדר הנחשים ואינם
					ויהפוך ר׳ אברהם את המלתחה מעבר אל עבר עוד הפעם
					ויאמר להמלכה שים נא ידך הימנית לתוך המלתחה. ותפחד
					לשמוע אליו. אך המלך וכל השרים הפצירו בה מאו"				
פארן	1	tmimei_derech_2026-01-10	no_match	0.0			"אתה הראת וכו'. ויכבדו את כל אנשי החבורה בנשיאת
					הספרי תורה להקיף את הבימה כחוק ישראל. ולהגביר נתנו
					את הס""ת שלו עם הכתר אשר עליה. וילך אתה כל ההקפות
					ולא נתנה מידו לשום איש. אחר ההקפות הני"				
שמעה	1	tmimei_derech_2026-01-10	no_match	0.0			"אתה הראת וכו'. ויכבדו את כל אנשי החבורה בנשיאת
					הספרי תורה להקיף את הבימה כחוק ישראל. ולהגביר נתנו
					את הס""ת שלו עם הכתר אשר עליה. וילך אתה כל ההקפות
					ולא נתנה מידו לשום איש. אחר ההקפות הני"				
איז'	1	tmimei_derech_2026-01-10	no_match	0.0			"מצאו אותה. ויספדו כולם בלב נשבר על שוד ושבר הגביר
					אשר קרהו. ויהפך להם יום השמחת תור׳ ליום אבל בכי
					ומספד. וילך הגביר סר וזעף לביתו. והרב וכל נכבדי העיר
					הלכו אחריו. אבל לא יכלו לנחמו עוד."				
בן הר״ר מרדכי	1	tmimei_derech_2026-01-10	no_match	0.0			"הרב ר' מרדכי אחיו של ר׳ ליב שרהס. הי' לו בן יחיד.
					בחור נחמד משובח ונעלה בכל המעלות. ויהי יושב
					אוהלים. ויהגה בתור׳ באין מנוח ומרגוע. פעם אחד בשבת
					אחר הצהרים. אמר לרעהו בוא נא אתי ונלך לש"				
בן הר׳ מרדכי	1	tmimei_derech_2026-01-10	no_match	0.0			"הרב ר' מרדכי אחיו של ר׳ ליב שרהס. הי' לו בן יחיד.
					בחור נחמד משובח ונעלה בכל המעלות. ויהי יושב
					אוהלים. ויהגה בתור׳ באין מנוח ומרגוע. פעם אחד בשבת
					אחר הצהרים. אמר לרעהו בוא נא אתי ונלך לש"				
הר״ר מרדכי	1	tmimei_derech_2026-01-10	phonetic	0.429	Tsadik_012.301		"הרב ר' מרדכי אחיו של ר׳ ליב שרהס. הי' לו בן יחיד.
					בחור נחמד משובח ונעלה בכל המעלות. ויהי יושב
					אוהלים. ויהגה בתור׳ באין מנוח ומרגוע. פעם אחד בשבת
					אחר הצהרים. אמר לרעהו בוא נא אתי ונלך לש"				
ליסע	1	tmimei_derech_2026-01-10	no_match	0.0			"אליכם לבית המשתה. ויבטח לו על זה. ויצוהו לילך להחופה
					בכבוד גדול. ויריעו המנגנים בכנורות ועוגבים תופים
					ומצלתים וכל כלי שיר. כאשר יאתה להר״ר מרדכי ויראו
					כי המחותן כבר עומד אצל החופה לבוש "				
זאהו	1	tmimei_derech_2026-01-10	no_match	0.0			"לעבור את פיו ויכין הרב לע להנסיעה. וישכרו האנשים
					עגלות ויקחו את כל אשר להעל העגלות ויסע אתם. ואף
					כי אנשי אוסטרהא צעקו מרה על אשר עזבם וירצו להוסיף
					לו על השכירות. אולם לא הועילו בצעקתם ו"				
ראש ה	1	tmimei_derech_2026-01-10_corrected	no_match	0.0			"וילכו כולם יחד ואף כי צה. ומעוקה היה מהמון העל
					בכל זאת בקעו דרך ויבואו לבית החתן. ויכירר דודו
					האותות אשר נסמן במו. וינע לבבו כנוד הקנה במי
					כי נזכר בקללת הרב ר׳ נפתלי. וילך בחמת רוח לבית"				
