{
  "האשה": {
    "women": 51,
    "no_women": 0,
    "ratio": 127.32413793103449
  },
  "ואמרה": {
    "women": 37,
    "no_women": 0,
    "ratio": 92.37241379310346
  },
  "משך": {
    "women": 27,
    "no_women": 0,
    "ratio": 67.40689655172415
  },
  "הועילו": {
    "women": 25,
    "no_women": 0,
    "ratio": 62.413793103448285
  },
  "ואשתו": {
    "women": 24,
    "no_women": 0,
    "ratio": 59.91724137931035
  },
  "לביתה": {
    "women": 24,
    "no_women": 0,
    "ratio": 59.91724137931035
  },
  "אשתך": {
    "women": 22,
    "no_women": 0,
    "ratio": 54.92413793103449
  },
  "תבא": {
    "women": 22,
    "no_women": 0,
    "ratio": 54.92413793103449
  },
  "לאשה": {
    "women": 21,
    "no_women": 0,
    "ratio": 52.42758620689656
  },
  "לאשתו": {
    "women": 19,
    "no_women": 0,
    "ratio": 47.434482758620696
  },
  "ופתאום": {
    "women": 19,
    "no_women": 0,
    "ratio": 47.434482758620696
  },
  "אשתו": {
    "women": 93,
    "no_women": 2,
    "ratio": 46.43586206896551
  },
  "ותספר": {
    "women": 18,
    "no_women": 0,
    "ratio": 44.93793103448276
  },
  "הכלה": {
    "women": 18,
    "no_women": 0,
    "ratio": 44.93793103448276
  },
  "זוגתו": {
    "women": 17,
    "no_women": 0,
    "ratio": 42.44137931034483
  },
  "באתה": {
    "women": 17,
    "no_women": 0,
    "ratio": 42.44137931034483
  },
  "שבע": {
    "women": 17,
    "no_women": 0,
    "ratio": 42.44137931034483
  },
  "אליה": {
    "women": 17,
    "no_women": 0,
    "ratio": 42.44137931034483
  },
  "עשתה": {
    "women": 17,
    "no_women": 0,
    "ratio": 42.44137931034483
  },
  "אמו": {
    "women": 17,
    "no_women": 0,
    "ratio": 42.44137931034483
  },
  "אשת": {
    "women": 49,
    "no_women": 1,
    "ratio": 40.777011494252875
  },
  "ותלך": {
    "women": 15,
    "no_women": 0,
    "ratio": 37.44827586206897
  },
  "ובעז": {
    "women": 15,
    "no_women": 0,
    "ratio": 37.44827586206897
  },
  "תרופה": {
    "women": 15,
    "no_women": 0,
    "ratio": 37.44827586206897
  },
  "לאיתנו": {
    "women": 15,
    "no_women": 0,
    "ratio": 37.44827586206897
  },
  "אשתי": {
    "women": 15,
    "no_women": 0,
    "ratio": 37.44827586206897
  },
  "הרבנית": {
    "women": 14,
    "no_women": 0,
    "ratio": 34.95172413793104
  },
  "ותען": {
    "women": 14,
    "no_women": 0,
    "ratio": 34.95172413793104
  },
  "נבוך": {
    "women": 14,
    "no_women": 0,
    "ratio": 34.95172413793104
  },
  "ילדה": {
    "women": 14,
    "no_women": 0,
    "ratio": 34.95172413793104
  },
  "משני": {
    "women": 14,
    "no_women": 0,
    "ratio": 34.95172413793104
  },
  "השידוך": {
    "women": 13,
    "no_women": 0,
    "ratio": 32.45517241379311
  },
  "ויתאכסן": {
    "women": 13,
    "no_women": 0,
    "ratio": 32.45517241379311
  },
  "שלה": {
    "women": 13,
    "no_women": 0,
    "ratio": 32.45517241379311
  },
  "דוחק": {
    "women": 13,
    "no_women": 0,
    "ratio": 32.45517241379311
  },
  "אביה": {
    "women": 13,
    "no_women": 0,
    "ratio": 32.45517241379311
  },
  "תקח": {
    "women": 13,
    "no_women": 0,
    "ratio": 32.45517241379311
  },
  "נאספו": {
    "women": 13,
    "no_women": 0,
    "ratio": 32.45517241379311
  },
  "אישי": {
    "women": 13,
    "no_women": 0,
    "ratio": 32.45517241379311
  },
  "אמות": {
    "women": 13,
    "no_women": 0,
    "ratio": 32.45517241379311
  },
  "ראתה": {
    "women": 13,
    "no_women": 0,
    "ratio": 32.45517241379311
  },
  "אשה": {
    "women": 62,
    "no_women": 2,
    "ratio": 30.957241379310346
  },
  "ונתנה": {
    "women": 12,
    "no_women": 0,
    "ratio": 29.958620689655174
  },
  "ישבה": {
    "women": 12,
    "no_women": 0,
    "ratio": 29.958620689655174
  },
  "לשכור": {
    "women": 12,
    "no_women": 0,
    "ratio": 29.958620689655174
  },
  "עבורה": {
    "women": 12,
    "no_women": 0,
    "ratio": 29.958620689655174
  },
  "חשוכי": {
    "women": 12,
    "no_women": 0,
    "ratio": 29.958620689655174
  },
  "הבתולה": {
    "women": 12,
    "no_women": 0,
    "ratio": 29.958620689655174
  },
  "מתה": {
    "women": 12,
    "no_women": 0,
    "ratio": 29.958620689655174
  },
  "ויצטער": {
    "women": 12,
    "no_women": 0,
    "ratio": 29.958620689655174
  },
  "תשלח": {
    "women": 12,
    "no_women": 0,
    "ratio": 29.958620689655174
  },
  "ומרה": {
    "women": 12,
    "no_women": 0,
    "ratio": 29.958620689655174
  },
  "ולימים": {
    "women": 12,
    "no_women": 0,
    "ratio": 29.958620689655174
  },
  "בלבבו": {
    "women": 12,
    "no_women": 0,
    "ratio": 29.958620689655174
  },
  "לדון": {
    "women": 12,
    "no_women": 0,
    "ratio": 29.958620689655174
  },
  "מצאה": {
    "women": 12,
    "no_women": 0,
    "ratio": 29.958620689655174
  },
  "מלון": {
    "women": 12,
    "no_women": 0,
    "ratio": 29.958620689655174
  },
  "להשיבו": {
    "women": 11,
    "no_women": 0,
    "ratio": 27.462068965517243
  },
  "שכחתי": {
    "women": 11,
    "no_women": 0,
    "ratio": 27.462068965517243
  },
  "מדי": {
    "women": 11,
    "no_women": 0,
    "ratio": 27.462068965517243
  },
  "גר": {
    "women": 11,
    "no_women": 0,
    "ratio": 27.462068965517243
  },
  "כחק": {
    "women": 11,
    "no_women": 0,
    "ratio": 27.462068965517243
  },
  "ותשלח": {
    "women": 11,
    "no_women": 0,
    "ratio": 27.462068965517243
  },
  "וינסה": {
    "women": 11,
    "no_women": 0,
    "ratio": 27.462068965517243
  },
  "ובאותו": {
    "women": 11,
    "no_women": 0,
    "ratio": 27.462068965517243
  },
  "קרבו": {
    "women": 11,
    "no_women": 0,
    "ratio": 27.462068965517243
  },
  "אמרה": {
    "women": 32,
    "no_women": 1,
    "ratio": 26.629885057471267
  },
  "הדוכסה": {
    "women": 10,
    "no_women": 0,
    "ratio": 24.96551724137931
  },
  "הקטנים": {
    "women": 10,
    "no_women": 0,
    "ratio": 24.96551724137931
  },
  "בריה": {
    "women": 10,
    "no_women": 0,
    "ratio": 24.96551724137931
  },
  "כשמש": {
    "women": 10,
    "no_women": 0,
    "ratio": 24.96551724137931
  },
  "התפלאו": {
    "women": 10,
    "no_women": 0,
    "ratio": 24.96551724137931
  },
  "זקנים": {
    "women": 10,
    "no_women": 0,
    "ratio": 24.96551724137931
  },
  "מחצית": {
    "women": 10,
    "no_women": 0,
    "ratio": 24.96551724137931
  },
  "נאמנים": {
    "women": 10,
    "no_women": 0,
    "ratio": 24.96551724137931
  },
  "החופה": {
    "women": 10,
    "no_women": 0,
    "ratio": 24.96551724137931
  },
  "ודואג": {
    "women": 10,
    "no_women": 0,
    "ratio": 24.96551724137931
  },
  "צריכה": {
    "women": 10,
    "no_women": 0,
    "ratio": 24.96551724137931
  },
  "בשתי": {
    "women": 10,
    "no_women": 0,
    "ratio": 24.96551724137931
  },
  "מושב": {
    "women": 10,
    "no_women": 0,
    "ratio": 24.96551724137931
  }
}