מעשות מהגדולים והצדיקים	DBid	download link	Final Edition Title for the DB	BHB-date	Bibliography of the Hebrew Book	KitsisID	edition	Questions	answer	Kitsis-head	BHBTitle	downloaded filename	KitsispubPlace	BHBpublicationDate	מקום הדפסה (כששונה מהוצאה)	BHBHebrewDate	Kitsisdate	accuracy	bf:note(2)	Kitzisdescription	HebrewBooksLink	OtzarHachochmaLink	fabio:hasSubtitle(2)	title(notBHB)	ALMA ID	findingComments	Access-comments	dcterms:lanugage	PersonKitsis	AuthorNoPoint(2)	Author-heb-Y	Author-eng-Y	KitsisTitle	dijest:kimaID(2)	dijest:locStatus(2)	dijest:printer(2)	validate printer	dcterms:publisher(2)	validate publisher	dijest:Haskama(2)	Language	title-eng-Y	Format (2/4/8)	AuthorEntityID	Editor	dijest:printer	dcterms:publisher	dijest:kimaID	_ - coor	longitude	latitude	dijest:locStatus	Number of Pages	Number of Stories	Nu. מספר.	Kitsis Genre and tradition	File
1	3565	https://www.nli.org.il/he/books/NNL_ALEPH002074799	"שבחי הבעש""ט"	1814	168583	1	A			"שבחי הבעש""ט, דוב בער מליניץ, קאפוסט תקע""ה (שלהי 1814)"	"שבחי הבעש""ט"	dedupmrg287072426_IE37286025		קאפוסט,Kopys		"תקע""ה"	"תקע""ה (שלהי 1814)"	בין -15 בספטמבר 1814 לסוף דצמבר 1814	על היחס שבין הוצאה זו להוצאת בארדיטשוב עיין מונדשיין, שם, עמ' 47 ואילך.	" ספר השבחים החסידי הראשון. נכתב על ידי ר' דוב בער, שוחט ובודק מליניץ, חתנו של אלכסנדר שוחט סופרו של הבעש""ט, ותלמידו של ר' גדליה מליניץ ואדמו""רים נוספים. הספר מכיל כמאתיים וחמישים סיפורים, בעיקר אודות הבעש""ט, וגם אודות מורים חסידיים נוספים. בספר מופיעים מסרנים רבים ונודעים. בראשם ""הרב דקהילתנו"" ר' גדליה מליניץ, וכן גם ר' נחום מטשרנוביל, ר' שניאור זלמן מליאדי, המוכיח מפולנאה ועוד.  הספר נועד ככל הנראה להפצה כקונטרסים בכתב יד. קונטרס כזה של הספר הודפס לימים בידי יהושע מונדשיין (שבחי הבעש""ט מכתב יד, ירושלים תשמ""ב). לבסוף הודפס כתב היד בידי ישראל יפה, מחסידיו של ר' שניאור זלמן מליאדי ובנו ר' דוב בער, ומחשובי חסידי חב""ד. יפה אף ערך חלקים מן הספר והוסיף לו הקדמה.  בשל הביקוש הרב, כבר בשנה הראשונה ראה הספר אור בעוד שתי מהדורות, בברדיטשוב ובלאשצ'וב (תקע""ה). בין המהדורות יש שינויים קלים מאוד.  הספר ראה אור בעוד עשרות מהדורות, בעברית וביידיש. וכן בשתי מהדורות בלדינו (ר' פרידברג, בית עקד, ג, עמ' 960). בין המהדורות הנודעות: שמואל אבא הורדצקי, ברלין תרפ""ב; בנימין מינץ, ירושלים תשכ""א; מהדורה מוערת ומבוארת בידי אברהם רובינשטיין, ירושלים 1991. לפירוט נרחב של המהדורות ר' רפאל, על חסידות וחסידים, עמ' 49-22. מהדורה מדעית מתוקנת נערכת בימים אלו בידי יונתן מאיר. "		https://tablet.otzar.org/en/book/book.php?book=53581&width=0&scroll=0&udid=0&pagenum=1	"והוא ספורי נפלאות ונוראות מכבוד ... מ' ישראל בעש""ט זיע""א ומתלמידיו (ששמעתי מאנשי אמת ... ובכל מעשה כתבתי ממי ששמעתי ... ולא הוספתי ולא גרעתי ... וכתבתי כ""ז [כל זה] ... לבני ולבני בני ... לזכרון ולחיזוק אמונות ה' ותורתו ואמונו[ת] הצדיקים ... הכותב [דוב בער ב""ר שמואל שוחט דק""ק לינץ]) ..."		990020747990205171			heb	דוב בער מליניץ			Dov Ber Milinitz	"שבחי הבעש""ט"	1676	NULL					"הסכמה: ר' משה ב""ר ישראל, [קאפוסט], ט מרחשוון תקע""ה. עיין להלן בהוצאת לאשצוב מאותה שנה."	heb	Shivchei HaBesht	8		Yisrael Yafeh	TBD	TBD	1676	point(30.2897 54.3221)	30.2897	54.3221	NULL	72	83	1	אוסף סיפורים רחב היקף. כולל מסרנים רבים וחשובים.	רשימת ספרי חסידות.xlsx - Editions (5).tsv
2	3566		"שבחי הבעש""ט"	1815	168584						"שבחי הבעש""ט"			Berdychiv,Berdichev,ברדיטשוב					"עיין: יצחק רפאל, שבחי הבעש""ט, ארשת, ספר ב, תש""ך, עמ' 358-364, ועמ' 364, הערה 3."				"... ספורי נפלאות ונוראות מכבוד ... מוה' ישראל בעש""ט זי""ע (שכבר נדפס במדינת ליטא) ... נחקקו ונאמרי' ... מאחד קדוש מדבר ... ר' דוב בער במו""ה שמואל זצ""ל שוחט דק' לינץ שהי' מקדם חתן ... מוה' אלכסנדר שוחט נבג""מ שהי' סופר מהיר אצל הבעש""ט כמה שנים קודם בא ... מוה' צבי הירש סופר זצ""ל ואח""כ היו שניהם סופרים ונעשה אח""כ שו""ב בק""ק שדה לבן ואח""כ בק""ק ברדיטשוב ואח""כ ... בפקודת הבעש""ט בק' נעמרוב (המעתיק בן המספר ... הק' יהודה ליב בהמנוח מוה' דוב בער זללה""ה שו""ב דק""ק לינץ) ..."				יש כבר סריקה	yid						571	NULL					"ר' ישראל שלום ב""ר יעקב מאוסטרהא ""מתגורר פה ק""ק לובר טוב"" , ברדיטשוב, כז סיוון תקע""ה (מחותנו של ר' דוב בער)."	yid	Shivchei HaBesht			"Shmuel Sega""l"	TBD	TBD	571	Point(28.6 49.891944444)	28.6	49.89194444	NULL					רשימת ספרי חסידות.xlsx - Editions (5).tsv
3	3567	https://www.nli.org.il/he/books/NNL_ALEPH002074801	"שבחי הבעש""ט"	1815	168585						"שבחי הבעש""ט"	dedupmrg286196338_IE80726985		לאשצוב,Laszczow,Lashezov		"תקע""ה"			"על-פי קאפוסט, בהשמטת ""הקדמת המדפיס"" הראשון, ובהעלמת ""שם המספר""."				... (המביא לבית הדפוס ... דוד לב מלאשצוב).		990020748010205171			heb						1681	()					"ר' אברהם יעקב ב""ר מהר""ם , טישוויץ, מנחם-[אב] תקע""ה."	heb				Yehudah Leib Rabin Shtein and  Moshe Zuker	TBD	TBD	1681	point(23.72562 50.53332)	23.72562	50.53332	()					רשימת ספרי חסידות.xlsx - Editions (5).tsv
4	3568		"שבחי הבעש""ט"	1817	168586						"שבחי הבעש""ט"			Hrubieszow,Herobshov,הרובשוב		"תקע""ז"			"מקום הדפוס על-פי חתימת הפועל בסוף הספר: ""הבחור יצחק בן מהורר דוב יצ""ו מק""ק לאשצוב ולע""ע עוסק בק""ק הרובשוב""."				... והגם כי המדפיסים הקודמים הכינו רשת ... לבל ידפיסוהו שנית, כלכלנו דברינו במשפט ... ורבו המתירים ... ואדרבה למצוה יחשב ... כי הראשונים ספו תמו ואינם בנמצא ...				יש כבר סריקה מוקדמת	heb						969	()					TBD	heb				Menachem Mendel Finkel Shtein	TBD	TBD	969	Point(23.883333333 50.816666666)	23.88333333	50.81666667	()					רשימת ספרי חסידות.xlsx - Editions (5).tsv
5	3569		"שבחי הבעש""ט"		168587						"שבחי הבעש""ט"			Russia-Poland		תר-?			באותיות מרובעות.				...				יש כבר סריקה מוקדמת	heb						TBD	[]					TBD	heb					TBD	TBD	14092	point(7.7666666666667 49.433333333333)	7.766666667	49.43333333	[]					רשימת ספרי חסידות.xlsx - Editions (5).tsv
6	3570		"שבחי הבעש""ט"	1840	168588						"שבחי הבעש""ט"			Russia-Poland		"ת""ר"			"ההסכמות ודברי המביא לבית הדפוס, שהובטחו בשער (""שפתי רננות של המביא לבית הדפוס וגם הסכמות נחקק ונרשם לאחרונה"") לא נדפסו."				...				יש כבר סריקה מוקדמת	heb						TBD	[]					TBD	heb					TBD	TBD	14092	point(7.7666666666667 49.433333333333)	7.766666667	49.43333333	[]					רשימת ספרי חסידות.xlsx - Editions (5).tsv
7	3571		"שבחי הבעש""ט"	1840	168601						"שבחי הבעש""ט"			Russia-Poland		"ת""ר"			בערך באותן שנים יצאה הוצאה נוספת בת [44] דף.				... שפתי רננות של המביא לבית הדפוס וגם הסכמות נחקק ונרשם לאחרונה כי לפנים קצרה היריעה מהכיל.				יש כבר סריקה מוקדמת	heb						TBD	[]					TBD	heb					TBD	TBD	14092	point(7.7666666666667 49.433333333333)	7.766666667	49.43333333	[]					רשימת ספרי חסידות.xlsx - Editions (5).tsv
8	3572|3573		"שבחי הבעש""ט"	1850	168590						"שבחי הבעש""ט"			Zholkva		"תר""י"			"על-פי דפוס הרובשוב תקע""ז, עם נוסח השער."				...				יש כבר סריקה מוקדמת	heb						1703	NULL					TBD	heb					TBD	TBD	1703	point(23.9726 50.05825)	23.9726	50.05825	NULL					רשימת ספרי חסידות.xlsx - Editions (5).tsv
9	3572|3573		"שבחי הבעש""ט"	1850	303262						"שבחי הבעש""ט"			Zholkva		"תר""י"			"על-פי דפוס הרובשוב תקע""ז, עם נוסח השער."				...				יש כבר סריקה מוקדמת	heb						1703	NULL					TBD	heb					TBD	TBD	1703	point(23.9726 50.05825)	23.9726	50.05825	NULL					רשימת ספרי חסידות.xlsx - Editions (5).tsv
10	3574		"שבחי הבעש""ט"	1870	168589						"שבחי הבעש""ט"			ווארשא,Warsaw		"תר""ל"			"בסוף: ""תושלבע"", אולם נדפס כאן רק חלק קטן בלבד מם הספר, וגם זה בהשמטת שני סיפורים בדף [10, א] וחמישה סיפורים בדף [24, א]."				...				יש כבר סריקה מוקדמת	heb						953	NULL					TBD	heb					TBD	TBD	953	Point(21.033333333 52.216666666)	21.03333333	52.21666667	NULL					רשימת ספרי חסידות.xlsx - Editions (5).tsv
11	3575		"שבחי הבעש""ט"	1885	168591			לבדוק מקום הוצאה והדפסה!			"שבחי הבעש""ט"			לעמבערג,Lemberg,Warsaw		"תרמ""ה"			"בעמ' 70-71 נדפס סיפור נוסף: ""פעם אחת שבת הבעש""ט באיזה כפר... ואמר ידעתי כי יהיה בוודאי מנין"" והיה שם חולה משותק בגופו עשר שנים וקם ממטתו להצטרף למנין וחי עוד עשר שנים בבריאות. ומופת נוסף הראה הבעש""ט, שבעל האכסניה הוליד שני בנים לאחר שהיה חשוך בנים במשך ששים שנה ""ואין ידוע לי אם תאומים ואם יחידי""."				"... [כמש""נ] בלעמבערג שנת תרמ""ה."				יש כבר סריקה מוקדמת	heb						953	[]					TBD	heb					TBD	TBD	953	Point(21.033333333 52.216666666)	21.03333333	52.21666667	[]					רשימת ספרי חסידות.xlsx - Editions (5).tsv
12	3576		"שבחי הבעש""ט"	1895	168592			לבדוק מקום הוצאה והדפסה!			"שבחי הבעש""ט"			ווארשא?,Warsaw?,Warsaw		"תרנ""ה"			"יצחק רפאל, שבחי הבעש""ט - ארשת, ב, תש""ך, עמ' 368, מס' 11, רושם טופס שמעבר לשערו אישור הצנזור בווארשא מיום 13 בפברואר 1895."				"... כמש""נ בלעמבערג שנת תרמ""ה..."				יש כבר סריקה מוקדמת	heb						953	[]					TBD	heb					TBD	TBD	953	Point(21.033333333 52.216666666)	21.03333333	52.21666667	[]					רשימת ספרי חסידות.xlsx - Editions (5).tsv
13	3577		"שבחי הבעש""ט"	1895	168593			לבדוק מקום הוצאה והדפסה!			"שבחי הבעש""ט"			Warsaw?Lemberg		"תרנ""ה"			TBD				"... [כמש""נ] בלעמבערג שנת תרמ""ה..."				יש כבר סריקה מוקדמת	heb							[]					TBD	heb					חסר שם מדפיס	TBD	953	Point(21.033333333 52.216666666)	21.03333333	52.21666667	[]					רשימת ספרי חסידות.xlsx - Editions (5).tsv
14	3578		"שבחי הבעש""ט"	1906	168594						"שבחי הבעש""ט"			Lvov,לבוב,Lviv		"תרס""ו"			"על-פי דפוס קאפוסט תקע""ה, בהשמטת הקדמת המדפיס, ובהעלמת שם ""המספר"". במקום ""אמר המדפיס בהיות שראיתי"", שבראש הספר, נדפס כאן: ""יען שראיתי בכתבים ...""."				NULL				יש כבר סריקה מוקדמת	heb						166	NULL			דוד ראטה		TBD	heb					TBD	דוד ראטה	166	Point(24.014166666 49.83)	24.01416667	49.83	NULL					רשימת ספרי חסידות.xlsx - Editions (5).tsv
15	3579		"שבחי הבעש""ט"	1907	168595						"שבחי הבעש""ט"			לעמבערג,Lvov,Lemberg		"תרס""ז"			TBD				NULL				יש כבר סריקה מוקדמת	heb						166	NULL	דפוס יוסף פישער, קראקא	Yosef Fischer	דוד ראטה		TBD	heb					דפוס יוסף פישער, קראקא	דוד ראטה	166	Point(24.014166666 49.83)	24.01416667	49.83	NULL					רשימת ספרי חסידות.xlsx - Editions (5).tsv
16			"שבחי הבעש""ט"	1816	לא מצאתי מספר BHB כי זה ביידיש	2	A			"שבחי הבעש""ט (יידיש), קארעץ תקע""ו"				Karetz,קארעצץ		"תקע""ו"	"תקע""ו"			"תרגום ליידיש, ראשון מתוך כמה שנעשו מאוחר יותר, לספר שבחי הבעש""ט. קיימים שינויים סגנוניים ותכניים."							יש כבר סריקה מוקדמת בעברית				אנונימי		"שבחי הבעש""ט (יידיש)"	675							yid	Shivchei HaBesht						675									רשימת ספרי חסידות.xlsx - Editions (5).tsv
17			שבחי בעל שם טוב	1850	"כנ""ל"									Zolkiew,זאלקווא		"תר""י"					http://www.hebrewbooks.org/43939						יש כבר סריקה מוקדמת בעברית							1703							yid	Shivchei HaBesht						1703									רשימת ספרי חסידות.xlsx - Editions (5).tsv
18	3580	https://www.nli.org.il/he/books/NNL_ALEPH001124825	סיפורי מעשיות	1815	152168						סיפורי מעשיות	dedupmrg287731106_IE13203585		אוסטרהא,Ostroh,Ostrog		"תקע""ה "			"עיין: א. יערי, הדפוס העברי באוסטרהא, עלי ספר, א, תשל""ה, עמ' 127, מס' 50; מ. פייקאז', חסידות ברסלב, ירושלים תשל""ב, עמ' 184-185."				"מה שזכינו לשמוע מפי רבינו... מוהר""ן זצוק""ל... דברים שהם כבשונו של עולם תחת לבושים נפלאים... להלביש ולהסתיר גנזיא דמלכא בסיפורי מעשיות כפי הדור וכפי הזמן (היה לנו גילוי דעת מפי רבינו... ז""ל... פעם אחד... בזה הלשון... בדעתי להדפיס ספר מעשיות ויהיה למעלה כתוב בלשון הקודש ולמטה בלשון לע""ז... וזה אשר העירונו להביאם לבית הדפוס... הכותב והמסדר והמעתיק... נתן בא""א מוהר""ר נפתלי הירץ [שטרנהארץ] יצ""ו מנעמראב רבתי חתן... ר' דוד צבי [אויערבאך] זצלה""ה שהיה אב""ד בק""ק קרעמיניץ ובק""ק שאריגראד ובק""ק מאהלוב)..."		990011248250205171			yid			ר' נתן מנמירוב	Sipurei Maasiot with a short appendix of Sichot Haran		633	[]					TBD	heb	Sipurei Maasiot with a short appendix of Sichot Haran	"24 ס""מ"			TBD	TBD	633	point(26.51425 50.32942)	26.51425	50.32942	[]		13	3		רשימת ספרי חסידות.xlsx - Editions (5).tsv
19	3581		סיפורי מעשיות	1864	314239						סיפורי מעשיות			Lvov					עברית ויידיש זו למעלה מזו. היידיש מנוקדת.				...				יש כבר סריקה מוקדמת	heb		נחמן בן שמחה מבראצלאב				166	NULL			J. M. Stand		TBD	heb			97672		TBD	J. M. Stand	166	Point(24.014166666 49.83)	24.01416667	49.83	NULL					רשימת ספרי חסידות.xlsx - Editions (5).tsv
20	3582		סיפורי מעשיות	1854	318406						סיפורי מעשיות			Lvov					Verlag v. J. M. Stand, Druck v. M. Poremba.				"מה שזכינו לשמוע מפי רבינו ... הר""נ [הרב נחמן] זצוק""ל ..."				יש כבר סריקה מוקדמת	yid						166	NULL					TBD	yid					TBD	TBD	166	Point(24.014166666 49.83)	24.01416667	49.83	NULL					רשימת ספרי חסידות.xlsx - Editions (5).tsv
21	3583		סיפורי מעשיות	1870	314222						סיפורי מעשיות			Lvov					"השער מוקף מסגרת-קישוט. במחצית התחתונה של השער: ""הקדמה אויף טייטש""."				...				יש כבר סריקה מוקדמת	heb		נחמן בן שמחה מבראצלאב				166	[]					TBD	heb			97672		TBD	TBD	166	Point(24.014166666 49.83)	24.01416667	49.83	[]					רשימת ספרי חסידות.xlsx - Editions (5).tsv
22	3584		סיפורי מעשיות	1881	152170						סיפורי מעשיות			ווארשא,Warsaw		"תרמ""א"			"העמ' שמעבר לעמ' 67 נשאר ריק. בעמ' [1] שאחריו מתחיל ""מעשה מבערגער והעני"", ובראש העמ': ""חלק שני""."		https://www.hebrewbooks.org/43369		...				יש כבר סריקה מוקדמת	yid				Sipurei Maasiot with a short appendix of Sichot Haran		953	NULL			יהודה ליב ראזענבלאטט		TBD	yid	Sipurei Maasiot with a short appendix of Sichot Haran				TBD	יהודה ליב ראזענבלאטט	953	Point(21.033333333 52.216666666)	21.03333333	52.21666667	NULL					רשימת ספרי חסידות.xlsx - Editions (5).tsv
23			סיפורי מעשיות	1881	152171						סיפורי מעשיות			Warsaw					TBD				NULL				יש כבר סריקה מוקדמת	heb		נחמן בן שמחה מבראצלאב				953	NULL	דפוס נתן שריפטגיססער				TBD	heb			97672		דפוס נתן שריפטגיססער	TBD	953	Point(21.033333333 52.216666666)	21.03333333	52.21666667	NULL					רשימת ספרי חסידות.xlsx - Editions (5).tsv
24	3586		סיפורי מעשיות	1902	152173						סיפורי מעשיות			Lvov					רמזי המעשיות מאת ר' נחמן גאלדשטיין מטשעהרין.				NULL				יש כבר סריקה מוקדמת	yid						166	NULL					TBD	yid					TBD	TBD	166	Point(24.014166666 49.83)	24.01416667	49.83	NULL					רשימת ספרי חסידות.xlsx - Editions (5).tsv
25	3587|3694|3696|3709|3710|3722|3730|3755|3770|3799		סיפורי מעשיות	1903	314231						סיפורי מעשיות			Warsaw					שמו של המדפיס באותיות קיריליות.				...				יש כבר סריקה מוקדמת	heb		נחמן בן שמחה מבראצלאב				953	NULL			פייביש בארנשטיין, לאדז, וצבי דוב ראזענבלאטט, [ורשה]		TBD	heb			97672		TBD	פייביש בארנשטיין, לאדז, וצבי דוב ראזענבלאטט, [ורשה]	953	Point(21.033333333 52.216666666)	21.03333333	52.21666667	NULL					רשימת ספרי חסידות.xlsx - Editions (5).tsv
26	3588		סיפורי מעשיות	1909	152174						סיפורי מעשיות			Warsaw					TBD				...				יש כבר סריקה מוקדמת	heb		נחמן בן שמחה מבראצלאב				953	NULL			שמעון ראטענבערג, לאדז		TBD	heb			97672		חסר שם מדפיס	שמעון ראטענבערג, לאדז	953	Point(21.033333333 52.216666666)	21.03333333	52.21666667	NULL					רשימת ספרי חסידות.xlsx - Editions (5).tsv
27	3589		ספורי מעשיות	1910	152175						ספורי מעשיות			Jerusalem					התוכן: א. מעשה מאבידת בת מלך; ב. מעשה ממלך וקיסר; ג. מעשה מחיגר.				... כרך ראשון...				יש כבר סריקה מוקדמת	yid						691	NULL					TBD	yid					TBD	TBD	691	Point(35.233333333 31.783333333)	35.23333333	31.78333333	NULL					רשימת ספרי חסידות.xlsx - Editions (5).tsv
				1864				לבדוק	מהדורה ראשונה של שבחי הר״ן או הופעה ראשונה של שבחי הר״ן במהדורה כלשהי. תר״י או תרכ״ד?		???			למברג			תרכ״ד			" בסופה של המהדורה הראשונה של סיפורי מעשיות, שלושה עשר הסיפורים שסיפר ר' נחמן מברסלב, מופיעים קבצים ובהם סיפורי שבחים אודות ר' נחמן, שנכתבו בידי תלמידו, ר' נתן מנמירוב.  החלק הראשון של הספר אינו עוסק בשבחים, אלא בסיפורי המעשיות שסיפר ר' נחמן, אולם בסוף חלק זה הוסיף ר' נתן כמה סיפורים קצרים אודות ר' נחמן (כיצד בצעירותו ידע כי ילדה שחלתה תמות, כיצד הזהיר על תיקון לעניין קרי, ועוד). בנוסף, לאחר חלק זה הוסיף ר' נתן קובץ מונוגרפי מפותח והוא סיפור חיי ר' נחמן ובמרכזם תיאור מפותח של ""סדר הנסיעה שלו לארץ ישראל"". חלק זה מופיע גם הוא תחת הכותרת ""סיפורי מעשיות"" הרצה בראש העמודים. מאוחר יותר הודפס חלק זה בנפרד בכמה מהדורות תחת השם מסעות הים (5), ושוב עם הוספות כספר שבחי הר""ן (למברג תר""ל??). עוד על המהדורות של קובץ זה ר' קעניג, נווה צדיקים, עמ' עא-עג.  בסוף הספר קובץ נוסף הנקרא ""ליקוטי מוהר""ן"" והוא בעצם השלמות של ר' נתן למהדורות של ספר ליקוטי מוהר""ן שכבר ראו אור (אוסטרהא תקנ""ח, תקע""א). קובץ זה נודע לימים כספר שיחות הר""ן (נתפס בשם זה תחילה כפרק ""שיחות הר""ן"" יחד עם פרק ""שבחי הר""ן"" בספר בשם מגיד שיחות, זולקווה תר""י), אולם תחילה התפרסם בשם מעגלי צדק (4). הקובץ מכיל גם תורות ודרשות, אך רובו נושא אופי של אמרות מענה ושיחות מאת ר' נחמן, ומשולבים בו גם כמה סיפורים אודותיו.  "														166														166								מעשיות (ר' נחמן), מונוגרפיה (ר' נתן), אמרות קודש משולבות בסיפורים. ללא מסרנים.	
28	3590			1864	169864	3	A?	"?3A (לקיציס מהדורה יותר מוקדמת משנת תקע""ו) . כמו כן, לבדוק מקום הוצאה והדפסה!"	נראה לי שהותכו כאן שני ספרים שלא היו צריכים להיות יחד-  אולי לפצל	"סיפורי מעשיות, ר' נחמן מברסלב (ור' נתן מנמירוב), אוסטרהא תקע""ו"	"שבחי הר""ן"			Lvov,אוסטרהא,Ostroh		"תקע""ו "	"תקע""ו"		"הקטעים שבאו בהוצאה הראשונה של סיפורי מעשיות בדף האחרון, נדפסו כאן על-פי הוצאת [לעמבערג] הנז', בסוף ""שיחות הר""ן"", וצויינו כאן בסימנים: קיא-קטז, ודבריו של נ""צ קעניג, (נוה צדיקים, בני-ברק תשכ""ט, עמ' עג): ש""בהוצאה ראשונה [של סיפורי מעשיות] לא נרשמו ונדפסו כל השיחות ... רק עד סימן קיא"" - בטעות יסודם."				"נכלל בו ספר שיחות הר""ן ... מו""ה נחמן [מבראצלאב] זצ""ל ... גם ... מקצת שבחי (הר""ן) ... והנהגותיו ... וסדר נסיעתו לארץ הקדושה [חובר על-ידי תלמידו ר' נתן שטערנהארץ]."				אין לנו עותק של הדפוס הראשון	heb	ר' נחמן מברסלב (ור' נתן מנמירוב)	שטרנהארץ, נתן בן נפתלי הירץ	ר' נתן מנמירוב	Nathan of Nemyriv	סיפורי מעשיות	166	NULL					TBD	heb	Shivchei  Haran		127013		TBD	TBD	166	Point(24.014166666 49.83)	24.01416667	49.83	NULL			4		רשימת ספרי חסידות.xlsx - Editions (5).tsv
29	3591	https://www.nli.org.il/he/books/NNL_ALEPH001827535	"שבחי הר""ן"	1870	169865						"שבחי הר""ן"	dedupmrg286462812_IE42273267		Lvov		"תרמ""א"			"כולל: ""שבחי הר""ן"" (""קצת הנהגת רבינו ... סדר הנסיעה שלו לארץ ישראל"") בלבד, בלא סימני פיסקאות. ""שיחות הר""ן"" נשמטו לגמרי פרט לכמה קטעים (הם סימנים: קמד, קפה,קפו ועוד, בדפוס לבוב תרכ""ד) שנדפסו בשני הדפים האחרונים."				כולל תולדות ... מורינו ורבינו ... מיום לידתו עד יום עלה השמימה.		990018275350205171			heb		שטרנהארץ, נתן בן נפתלי הירץ	ר' נתן מנמירוב	Nathan of Nemyriv		166	[]					TBD	heb	Shivchei  Haran		127013		TBD	TBD	166	Point(24.014166666 49.83)	24.01416667	49.83	[]					רשימת ספרי חסידות.xlsx - Editions (5).tsv
30	3592		"שבחי הר""ן"	1909	169868						"שבחי הר""ן"			Lvov					"על-פי לעמבערג 1901, אלא שכאן ""שיחות הר""ן"", צויינו בסימנים: א- קפ, קפ-שה, שה-שו."				"... הובא ... לביה""ד ... בהשתדלות ... ר' יהושע צבי ווילף נ""י ..."				יש כבר סריקה מוקדמת	heb		שטרנהארץ, נתן בן נפתלי הירץ				166	NULL					TBD	heb			127013		TBD	TBD	166	Point(24.014166666 49.83)	24.01416667	49.83	NULL					רשימת ספרי חסידות.xlsx - Editions (5).tsv
31	3593		"שבחי הר""נ"	1901	169866						"שבחי הר""נ"			Lvov					"בהוצאה זו הוסיפו המדפיסים מעבר לשער ובדף [2] ""מאמר אחד מספר לקוטי מוהר""ן (סי' קמא, חלק ראשון) [לר' נחמן] המדבר מענין חודש אלול, ותפלה ... מספר לקוטי תפילות הנבנה על זה המאמר ... תפלה נוראה לימי אלול ...""."				"... וכעת הובא ... לביה""ד ... ע""י השותפים ... ר' אפרים רמרז ור' ישראל היילפערין נ""י, בהשתדלות ... ר' יהושע צבי ווילף נ""י ..."				יש כבר סריקה מוקדמת	heb		שטרנהארץ, נתן בן נפתלי הירץ				166	NULL					TBD	heb			127013		TBD	TBD	166	Point(24.014166666 49.83)	24.01416667	49.83	NULL					רשימת ספרי חסידות.xlsx - Editions (5).tsv
32	3594	https://www.nli.org.il/he/books/NNL_ALEPH002016823/NLI	מעגלי צדק	1846	152157	4	A			"מעגלי צדק, ר' נתן מנמירוב, יוזפוף תר""ו"	מעגלי צדק			Jozefow,יוזפוף		"תר""ו"	"תר""ו"		"כולל: קטעים נבחרים מתוך ליקוטי מוהר""ן שנדפסו בתוך ספר סיפורי מעשיות, [אוסטרהא] תקע""ה. ליקוטי מוהר""ן הנז' נדפסו בשלימותם גם בשם: שיחות הר""ן. עיין (שם) להלן: סיפורי מעשיות."	" הוצאה נפרדת של הפרק ""ליקוטי מוהר""ן"" בסוף סיפורי מעשיות, ונודע לימים כספר שיחות הר""ן (ר' 3) נתן צבי קעניג זיהה את מקום המהדורה הראשונה כסלאוויטה (נווה צדיקים עמ' עד), ור' אסף, ביבליוגרפיה, עמ' 15.  "	http://hebrewbooks.org/43260		"מאת הרב ... מה' נחמן זצ""ל. הנהגות ועצות ישרים ... אשר שמעו ממנו תלמידיו ... לקטו והעלו הכל בכתב ..."		990020168230205171		HebrewBooks	heb	ר' נתן מנמירוב	נחמן בן שמחה מבראצלאב	ר' נתן מנמירוב	Nathan of Nemyriv	מעגלי צדק	845	NULL					TBD	heb	Maagalei Tzedek	"16 ס""מ"	97672		TBD	TBD	845	Point(21.236944444 52.135555555)	21.23694444	52.13555556	NULL	28		5	דרשות, אמרות מענה, סיפורים. ללא מסרנים.	רשימת ספרי חסידות.xlsx - Editions (5).tsv
33	3595		מעגלי צדק	1850	152158						מעגלי צדק			Warsaw					TBD				NULL				יש סריקה מוקדמת של HebrewBooks	heb		נחמן בן שמחה מבראצלאב				953	NULL	דפוס יואל לעבענזאהן				TBD	heb			97672		דפוס יואל לעבענזאהן	TBD	953	Point(21.033333333 52.216666666)	21.03333333	52.21666667	NULL					רשימת ספרי חסידות.xlsx - Editions (5).tsv
34	3596	https://www.nli.org.il/he/books/NNL_ALEPH002016818	מעגלי צדק	1879	152159						מעגלי צדק	dedupmrg285436250_IE143290122		Warsaw					מעבר לשער: רשיון הצנזור ושם המדפיס ברוסית.				"... ונלוה לזה מסעות הים ... בהוצאות הר""ר נפתלי הערץ הערצאג מניעשוויעז."		990020168180205171			heb		נחמן בן שמחה מבראצלאב				953	NULL					TBD	heb			97672		TBD	TBD	953	Point(21.033333333 52.216666666)	21.03333333	52.21666667	NULL					רשימת ספרי חסידות.xlsx - Editions (5).tsv
35	3597		מעגלי צדק	1879	152160						מעגלי צדק			Warsaw					"בשער: תרל""ט, 1879. מעבר לשער: רשיון הצנזור בלבד."				"... ונלוה לזה מסעות הים ... בהוצאות הר""ר נפתלי הערץ הערצאג מניעשוויעז."				יש כבר סריקה מוקדמת	heb		נחמן בן שמחה מבראצלאב				953	NULL					TBD	heb			97672		TBD	TBD	953	Point(21.033333333 52.216666666)	21.03333333	52.21666667	NULL					רשימת ספרי חסידות.xlsx - Editions (5).tsv
35.5		https://www.nli.org.il/he/books/NNL_ALEPH001827534	מסעות הים	1850		5	A	לבדוק מקום הוצאה והדפסה!	לבירור מאוחר	"מסעות הים, ר' נתן מנמירוב, לבוב תר""י"		dedupmrg286645983_IE80888630	לבוב	Zhovkva			"תר""י"			הוצאה נפרדת של הפרק המונוגרפי שכתב ר' נתן מנמירוב אודות נסיעת רבו לארץ ישראל, שצורפה תחילה לספר סיפורי המעשיות (ר' 3).				מגיד שיחות	990018275340205171				ר' נתן מנמירוב	שטרנהארץ, נתן בן נפתלי הירץ	ר' נתן מנמירוב	Nathan of Nemyriv	מסעות הים	1703								Magid Sichot (in it Sichot Haran)		127013				1703								מונוגרפיה. ללא מסרנים.	רשימת ספרי חסידות.xlsx - Editions (5).tsv
36	3598		מגיד שיחות	1860	169852			לבדוק מקום הוצאה והדפסה!	לבירור מאוחר		מגיד שיחות			זלקווא,Koenigsberg,Zhovkva		"תר""י "			"מגיד שיחות נדפס אחר-כך בשם: שבחי הר""ן."				"והוא שיחין עלאין קדישין אשר רוח אלקים דבר בו ... ה""ה ... מוהר""נ [ר' נחמן מבראצלאב] זלה""ה ... גם בו יסופר גודל קדושת המחבר [ר' נחמן] ... והנהגותיו ... וגם סדר נסיעתו לארץ הקדושה ... והספר הזה ... כולל כל [!] חיבוריו ... אשר כבר יצאו לאור ... [חיברו תלמידו ר' נתן שטערנהארץ]."				יש כבר סריקה מוקדמת	heb		שטרנהארץ, נתן בן נפתלי הירץ	ר' נתן מנמירוב	Nathan of Nemyriv		1703	[]					TBD	heb	Magid Sichot (in it Sichot Haran)		127013		TBD	TBD	1703	point(20.5 54.716666666667)	20.5	54.71666667	[]			6		רשימת ספרי חסידות.xlsx - Editions (5).tsv
37	3599		מגיד שיחות	1900	169853						מגיד שיחות			Warsaw					"על-פי [קעניגסבערג תר""ך], בתוספת הסכמות, שהועתקו מספר ליקוטי מוהר""ן, לעמבערג 1876. עיין: נחמן בן שמחה מבראסלאב."				...				יש כבר סריקה מוקדמת	heb		שטרנהארץ, נתן בן נפתלי הירץ				953	NULL			"העניך שאלקס וחל""מ, לאדז"		ר' ישראל מקאזניץ.	heb			127013		TBD	"העניך שאלקס וחל""מ, לאדז"	953	Point(21.033333333 52.216666666)	21.03333333	52.21666667	NULL					רשימת ספרי חסידות.xlsx - Editions (5).tsv
38			מגיד שיחות													שנה לא ידועה					http://www.hebrewbooks.org/26789						יש כבר סריקה מוקדמת				ר' נתן מנמירוב										yid			127013									194				רשימת ספרי חסידות.xlsx - Editions (5).tsv
39		https://www.nli.org.il/he/books/NNL_ALEPH003601145	"מעשה נפלאה ונורא מהרב ... מוהר""ר זלמינא וויטפסקער"	1863	לא מצאתי מספר BHB	6	A			"מעשה... מהרב הגדול... זלמינא ויטפסקער, אלעזר מרגליות, טרשרנוביץ תרכ""ג (1863). "		dedupmrg285099927_IE138518236		טשרנוביץ,Chernivtsi		"תרכ""ג"	"תרכ""ג (1863)."			"קונטרס ביידיש ובו תיאור הצלתו של ר' שניאור זלמן מליאדי מן המאסר. המעשה מתואר באופן סנסציוני ובסיוע עובדות מופרכות ומוגזמות. ""ר' זלמנא"" מוגלה לאי אלבה (כמו נפוליון). מציל את הצבא הרוסי באמצע מתקפה צבאית, ועוד כהנה וכהנה. שפת היידיש נמוכה ודיבורית וכוללת ביטויים כגון ""הקיצר"" וכיוצא באלו. ההוצאה זולה וניכרים בה שיבושים. ראה אור שוב שנה מאוחר יותר. נכתב בידי חסיד אנונימי מבוקובינה.  כתגובה לספרון זה הוציא מיכאל לוי פרומקין את שבחי הרב, תרכ""ד (7). בכך מסמנת דווקא יצירה זו את לתחילתה מחדש של ספרות השבחים החסידית, לאחר שנים של שתיקה ספרותית. על הספרון ראו גם הברמן, שערי חב""ד, עמ' 324-323. הכרך מצולם בשלמותו ומתורגם לעברית בידי יהושע מונדשיין בכה""ע כרם חב""ד ד (תשנ""ב), עמ' 265-247.  "				מעשה... מהרב הגדול... זלמינא וויטפסקער	990036011450205171				אלעזר מרגליות		"אלעזר מרגליות מק""ק סקאליט"	Elazar Margaliot from Skala	מעשה... מהרב הגדול... זלמינא ויטפסקער	6918							yid	Maase… Meharav Hagadol… Zalmina Vitpeskyr						6918							7	נובלה בסגנון ספרות נפלאות, סנסציה היסטורית בדיונית. ספרון אגורה. ללא מסרנים.	רשימת ספרי חסידות.xlsx - Editions (5).tsv
40	3600	https://www.nli.org.il/he/books/NNL_ALEPH002042235	שפתי צדיקים	1863	201058						שפתי צדיקים	dedupmrg285485522_IE94777709		Lvov,לבוב,Lviv		"תרכ""ד "			בטופס שראינו חסרים דפים לח-לט.				"שחיבר הרב... פנחס ז""ל, שהיה אב""ד ... בדינאוויץ... וזה לה שנים שאיננו... גם חידושי אורייתא מכמה צדיקים... שהיו בימי המחבר... וביחוד... מהרב הצדיק ... [אברהם יהושע העשיל] מאפטא ... והובא לבית הדפוס ע""י בן המחבר... מו""ה יצחק נחמן לערניר נ""י מילעוויא..."		990020422350205171	201058 (2042235) BHB?		heb		לרנר, פינחס מדינוביץ	פנחס לרנר מדינאוויץ	Pinchas Lerner from Dinowitz		166	NULL					"ר' יצחק משה, אברטין, כח אדר-ב [תרי""ט]."	heb	Siftei Tzadikim	4	179867		TBD	TBD	166	Point(24.014166666 49.83)	24.01416667	49.83	NULL			8		רשימת ספרי חסידות.xlsx - Editions (5).tsv
41	3601		שפתי צדיקים	1865	201059						שפתי צדיקים			Lvov					ראינו טופס עם שיבוש בשנת הדפוס: במקום 1865 נדפס 5681.				"...והתעוררו הרב... אורי זאב סאלאט... וה""ה משולם פייבל שור ... והדפיסוהו שנית..."				יש כבר סריקה מוקדמת	heb		לרנר, פינחס מדינוביץ				166	NULL					TBD	heb			179867		TBD	TBD	166	Point(24.014166666 49.83)	24.01416667	49.83	NULL					רשימת ספרי חסידות.xlsx - Editions (5).tsv
42	3602		שפתי צדיקים	1889	201060						שפתי צדיקים			Jozefow					"בשער הפרט: שנת י'ל'ק'ו'ט' ה'ר'ב' מ'ו'""ה' פ'נ'ח'ס ז""ל' [תרמ""ח!]."				"... נדפס ע""י השותפים ... שלום הארצשטארק ... יחזקאל רענער ... אברהם וואקס..."				יש כבר סריקה מוקדמת	heb		לרנר, פינחס מדינוביץ				845	NULL					הסכמות: ר'אברהם יעקב פרידמאן, ר' נחום פרידמאן ור' דוד משה פרידמאן, מן ההוצאה הראשונה.	heb			179867		TBD	TBD	845	Point(21.236944444 52.135555555)	21.23694444	52.13555556	NULL					רשימת ספרי חסידות.xlsx - Editions (5).tsv
43	3603	https://www.nli.org.il/he/books/NNL_ALEPH003501393	מעשה צדיקים	1864	115741						מעשה צדיקים	dedupmrg287273201_IE131508868		Lvov,למברג,Lemberg (Lviv)		"תרכ""ד"			"על חיבוריו של בודק בתחום הסיפורת החסידית ראה: ג' נגאל, מלקטי הסיפור החסידי, ירושלים תשנ""ו, עמ' 30-44."		https://hebrewbooks.org/43341		"עם דברי צדיקים. והמה סיפורים ... דברי תורה ומוסר והנהגות מרבותינו ... הבעש""ט ... מו' ברוך ממעזיביז ... מו' אלימלך ... מו' זוסי' מהאניפאלע ... מו' פנחס מקארעץ ... ר' משה ליב מסאסיב ... מהר""י [ר' יעקב יצחק] מלובלין ... לא באו עוד בדפוס [מאת ר' מנחם מנדל בודק] ..."		990035013930205171			heb		בודק, מנחם מנדל בן ראובן שרגא	מנחם מנדל בודק	Menachem Mendel Bodek		166	NULL					TBD	heb	Maase Tzadikim with Divrei Tzadikim	"19 ס""מ"	166602		TBD	TBD	166	Point(24.014166666 49.83)	24.01416667	49.83	NULL	70	12	9		רשימת ספרי חסידות.xlsx - Editions (5).tsv
44	3604		מעשה צדיקים	1865	323015						מעשה צדיקים			Lvov					מעשה צדיקים, מעשיות מופלאות מצדיקים וקדושים. ביידיש.				"ווינדרליכע מעשיות פון היילוגע צדיקים וקדושים, פון דעם ... בעש""ט ... רבי ברוך [ממז'יבוז'] ... רבי מלך [מליז'נסק] ... דעם ליבלינער [ר' יעקב יצחק הורוויץ] ... רבי משה ליב סאסיווער ... רבי פנחס קאריצר [שפירא] ... די ווינדרליכע מעשיות האבין מיר מעתיק גיוועזין פין דעם ספר מעשה צדיקים וואס האבין גישריבן חסידים ואנשי מעשה [מאת מנחם מנדל בודק]."				יש כבר סריקה מוקדמת	yid						166	NULL			אברהם ניסן זיס		TBD	yid					TBD	אברהם ניסן זיס	166	Point(24.014166666 49.83)	24.01416667	49.83	NULL					רשימת ספרי חסידות.xlsx - Editions (5).tsv
45	3605		מעשה צדיקים	1867	323016						מעשה צדיקים			Lvov					לפי הוצאת Lemberg 1865.				"ווינדרליכע מעשיות פון היילוגע צדיקים וקדושים פון דעם הייליגן בעש""ט ז""ל אונ פין דעם רבי ברוך [ממז'יבוז'] ... רבי מלך [מליז'נסק] ... דעם ליבלינער [ר' יעקב יצחק הורוויץ] ... רבי משה ליב סאסיווער ... רבי פנחס קאריצר [שפירא] ... די ווינדרליכע מעשיות האבין מיר מעתיק גיוועזין פין דעם ספר מעשה צדיקים, וואס האבין גישריבן חסידים ואנשי מעשה [מאת מנחם מנדל בודק]."				יש כבר סריקה מוקדמת	yid						166	NULL			אברהם ניסן זיס		TBD	yid					TBD	אברהם ניסן זיס	166	Point(24.014166666 49.83)	24.01416667	49.83	NULL					רשימת ספרי חסידות.xlsx - Editions (5).tsv
46	3606		מעשה צדיקים	1874	115742						מעשה צדיקים			Lvov					TBD				"עם דברי צדיקים, והמה סיפורים נפלאים ... עם דברי תורה ומוסר והנהגות, מרבותינו ... הבעש""ט ז""ל ונכדו ... מוה' ברוך ממעזיביז ז""ל והקדושים מוה' אלימלך ... ואחיו הקדוש מוה' זוסי' מהאניפאלע ז""ל, והקדוש מוה' פנחס מקארעץ ז""ל והקדוש ר' משה ליב מסאסיב ז""ל והקדוש מהר""י [ר' יעקב יצחק] מלובלין ... דברים אלה חדשים הם לא באו עוד בדפוס רק נקבצו מפיות אנשי אמת ... אשר שמשו ... אצל צדיקי הדור ..."				יש כבר סריקה מוקדמת	heb		בודק, מנחם מנדל בן ראובן שרגא				166	NULL					TBD	heb			166602		חסר שם מדפיס	TBD	166	Point(24.014166666 49.83)	24.01416667	49.83	NULL					רשימת ספרי חסידות.xlsx - Editions (5).tsv
47	3607|3608		מעשה צדיקים	1897	115743						מעשה צדיקים			Lvov					TBD				עם דברי צדיקים ...				יש כבר סריקה מוקדמת	heb		בודק, מנחם מנדל בן ראובן שרגא				166	NULL	Drukarnia Polska		J. Dawid Suess		TBD	heb			166602		Drukarnia Polska	J. Dawid Suess	166	Point(24.014166666 49.83)	24.01416667	49.83	NULL					רשימת ספרי חסידות.xlsx - Editions (5).tsv
48	3607|3608		מעשה צדיקים	1899	115744						מעשה צדיקים			Lublin					TBD				עם דברי צדיקים ...				יש כבר סריקה מוקדמת	heb		בודק, מנחם מנדל בן ראובן שרגא				174	NULL	דפוס אברהם פעדער				TBD	heb			166602		דפוס אברהם פעדער	TBD	174	Point(22.566666666 51.233333333)	22.56666667	51.23333333	NULL					רשימת ספרי חסידות.xlsx - Editions (5).tsv
49	3609	https://www.nli.org.il/he/books/NNL_ALEPH004729403	עדת צדיקים	1864	180374	9	A			"עדת צדיקים, מיכאל לוי פרומקין, למברג תרכ""ד"	עדת צדיקים	dedupmrg285545615_IE138137586		Lvov,למברג,Lemberg (Lviv)		"תרכ""ד "	"תרכ""ד"		"ד האזינו תרכ""ד חל בו יום הכפורים, לפיכך יש לתקן: תרכ""ה."	" עשרים ושלושה סיפורים חסידיים. חלקם הועתק לקהל חסידים שיצא בשנה שאחר כך (11), ולספרי שבחים נוספים. חלק מן הסיפורים זכו לפרסום: הבעש""ט מברך את ר' שבתי ואשתו בבן בזכות ריקוד שמחה שרקדו; הבעש""ט נופל ממדרגתו וקורא א""ב ובכך ניצל; תלמידו של הבעש""ט מספר לבישוף שחזר ליהדותו את הסיפור שהיה צריך לו; בעזרת סיפור על מחרשה מספר הבעש""ט לר' מנדל מוויטבסק את סיפור חייו, ועוד. הספר כולל גם שבחים על הרמ""א והמהרש""א וכן תיאור התקרבות הד""ר גארדא אל המגיד ממזריטש. שנת ההוצאה מופיעה תרכ""ה, אך הספר יצא בקיץ תרכ""ד. "			"... הובא לביה""ד ע""י ה""ה ר' מיכאל לוי פרומקין."		990047294030205171			heb	מיכאל לוי פרומקין	רודקינזון, מיכאל לוי בן אלכסנדר	מיכאל לוי פרומקין	Michael Levi Frumkin	עדת צדיקים	166	NULL					TBD	heb	Adat Tzadikim	"19 ס""מ"	112366		TBD	TBD	166	Point(24.014166666 49.83)	24.01416667	49.83	NULL	66	14	10	מעשיות נפלאות, נובלות. ללא מסרנים.	רשימת ספרי חסידות.xlsx - Editions (5).tsv
50	3610		עדת צדיקים	1864	180378						עדת צדיקים			Lvov		"תרכ""ה"			"הספר נדפס בתחילת הקיץ של שנת תרכ""ד. הוצאה שניה בסתיו תרכ""ה. תאור מפורט של הספר בתוך: ספר סיפורי קדושים, ההדיר גדליה נגאל, ירושלים תשל""ז, עמ' צז-קג."				"והיא[!] סיפורי נוראות ונפלאות... הבעש""ט [ר' ישראל בעל שם טוב] ... אשר לא הובאו בשבחי הבעש""ט ז""ל. ועוד נוספו לזה סיפורים אמיתים מצדיקים ... תלמידי הבעש""ט ז""ל ותלמידי תלמידיו ובסופו יסופר נפלאות מאדונינו הרמ""א (ר' משה איסערליס) ז""ל ... הובא לביה""ד ע""י ... מיכאל לוי פרומקין."				יש כבר סריקה מוקדמת	heb		רודקינזון, מיכאל לוי בן אלכסנדר				166	NULL			I.M. Stand		TBD	heb			112366		TBD	I.M. Stand	166	Point(24.014166666 49.83)	24.01416667	49.83	NULL					רשימת ספרי חסידות.xlsx - Editions (5).tsv
51	3611		עדת צדיקים	1865	180375						עדת צדיקים			Lvov					"על-פי Lemberg תרכ""ה, 1864, בהשמטת שם המחבר מן השער ודברי שטאנד מעבר לשער."		https://hebrewbooks.org/43913		...				יש כבר סריקה מוקדמת	heb		רודקינזון, מיכאל לוי בן אלכסנדר				166	NULL			J.M. Stand		TBD	heb			112366		TBD	J.M. Stand	166	Point(24.014166666 49.83)	24.01416667	49.83	NULL					רשימת ספרי חסידות.xlsx - Editions (5).tsv
52	3612		עדת צדיקים	1866	180376						עדת צדיקים			Lvov					"על-פי Lemberg תרכ""ה, 1865."				...				יש כבר סריקה מוקדמת	heb		רודקינזון, מיכאל לוי בן אלכסנדר				166	NULL			J.M. Stand		TBD	heb			112366		TBD	J.M. Stand	166	Point(24.014166666 49.83)	24.01416667	49.83	NULL					רשימת ספרי חסידות.xlsx - Editions (5).tsv
53	3613		עדת צדיקים	1870	319581						עדת צדיקים			Lvov					"הסיפור הראשון בהוצאה זו: ""מעשה נורא שקרא בימי הגאון מהרש""א"". סיפור זה מופיע בהוצאת תרכ""ה בדף [יז,ב]."				"והוא סיפורי נוראות ... מאדון ... הבעש""ט הקדוש, אשר לא הובאו בשבחי הבעש""ט ז""ל. ועוד נוספו לזה סיפורים ... מצדיקים ... תלמידי הבעש""ט ז""ל ותלמידי תלמידיו. ובסופו יסופר נפלאות מאדונינו הרמ""א [ר' משה איסרלש] ..."				יש כבר סריקה מוקדמת	heb		רודקינזון, מיכאל לוי בן אלכסנדר				166	[]					TBD	heb			112366		TBD	TBD	166	Point(24.014166666 49.83)	24.01416667	49.83	[]					רשימת ספרי חסידות.xlsx - Editions (5).tsv
54	3614		עדת צדיקים	1882	180379						עדת צדיקים			Lvov					"נשמטו שני הסיפורים האחרונים על הרמ""א ודברי-החתימה של רודקינזון: ""עתה קורא נעים, דבר לי אליך ... ""."				...				יש כבר סריקה מוקדמת	heb		רודקינזון, מיכאל לוי בן אלכסנדר				166	NULL					TBD	heb			112366		TBD	TBD	166	Point(24.014166666 49.83)	24.01416667	49.83	NULL					רשימת ספרי חסידות.xlsx - Editions (5).tsv
55	3615		עדת צדיקים	1882	180380						עדת צדיקים			Lvov					"בשער: ""בשנת ה'כ'ת'ר' [תרכ""ה]"". מהוצאה קודמת."				...				יש כבר סריקה מוקדמת	heb		רודקינזון, מיכאל לוי בן אלכסנדר				166	NULL					TBD	heb			112366		TBD	TBD	166	Point(24.014166666 49.83)	24.01416667	49.83	NULL					רשימת ספרי חסידות.xlsx - Editions (5).tsv
56	3616		עדת צדיקים	1897	180381						עדת צדיקים			Lvov					"בשער גם: ""בשנת ה'כ'ת'ר' [תרכ""ה]"". מהוצאה קודמת."				...				יש כבר סריקה מוקדמת	heb		רודקינזון, מיכאל לוי בן אלכסנדר				166	NULL			J. Dawid Suess		TBD	heb			112366		TBD	J. Dawid Suess	166	Point(24.014166666 49.83)	24.01416667	49.83	NULL					רשימת ספרי חסידות.xlsx - Editions (5).tsv
57	3617		עדת צדיקים	1899	180382						עדת צדיקים			Lublin					על-פי הוצאת Lemberg 1897.				...				יש כבר סריקה מוקדמת	heb		רודקינזון, מיכאל לוי בן אלכסנדר				174	NULL					TBD	heb			112366		TBD	TBD	174	Point(22.566666666 51.233333333)	22.56666667	51.23333333	NULL					רשימת ספרי חסידות.xlsx - Editions (5).tsv
58	3618	https://www.nli.org.il/he/books/NNL_ALEPH001254456/NLI	חמשה חומשי תורה	1864-1874	311493						חמשה חומשי תורה			Lvov,למברג,Lemberg (Lviv)		"תרכ""ד- תרל""ד"			"עם איכה וקהלת, עם פירוש רש""י."		http://www.hebrewbooks.org/20632		"פי המסורות, והכל על פי סודות... האר""י [ר' יצחק לוריא]... ורבינו... הבעש""ט... הכינם... ר' יצחק יהודה יחיאל ספרון [צ""ל: ספרין]... בן... ר' אלכסנדר סענדר... אב""ד דק""ק קאמרנא. חלק א-ה."		990012544560205171		HebrewBooks	heb			יצחק יהודה יחיאל ספרין	Yitzchak Yehuda Yechiel Safrin		166	NULL					הסכמה: ר' יצחק אייזיק [אייכנשטיין] מזודטשוב (בחלק ג).	heb	Heichal Habrachah on the Pentateuch	"29 ס""מ"	182843		TBD	TBD	166	Point(24.014166666 49.83)	24.01416667	49.83	NULL	5 כרכים		11		רשימת ספרי חסידות.xlsx - Editions (5).tsv
59	3620	https://www.nli.org.il/he/books/NNL_ALEPH001300874/NLI	סיפורי צדיקים	1864	180371	10	A	לבדוק איך לייצג: ארוז בכותרת ׳שבחי הרב׳ - האם לשים כמהדורה נפרדת?	סיני -לבדוק	"סיפורי צדיקים מהחוט המשולש, מיכאל לוי פרומקין, למברג תרכ""ד"	שבחי הרב וסיפורי צדיקים	dedupmrg285309314_IE128045948		Lvov			"תרכ""ד"		"הטופס שראינו נכרך עם ספרו ""שבחי הרב"", Lemberg תרכ""ד."	" אוסף נוסף של מעשיות נפלאות. ראה אור שנה מאוחר יותר בשם סיפורי צדיקים מארבעה מיטיבי לכת (תרכ""ה, 12). גם ספר זה, כשאר ספריו של רודקינסון, הודפס שוב ושוב בהוצאות זולות ומסחריות (ר' מאיר, שבחי רודקינסון, עמ' 133-132). יצא שוב בתרנ""ו על ידי אלעזר שענקל במהדורה סטריאוטיפית, כולל הקדמה של שענקל על חשיבות הסיפורים להצלת הנוער מההשכלה ודיוק המסורות שבעל פה ובכתב. גדליה נגאל ההדיר מחדש את הספר (הנ""ל, סיפורי רודקינסון).  "			"מהחוט המשולש, והמה סיפורי נוראות ונפלאות משלשה עמודי עולם ... רבי ליב שרהעס ... רבי ישראל פאלעצקער (מגדולי תלמידיו של המגיד הגדול ממעזריטש) והר""ר עזריאל בע""ג [בעל עגלה] זצוק""ל ... (ועוד מעשיות מצדיקים הקדושים אשר בארץ המה). הובא לביה""ד ע""י ה""ה ר' מיכאל לוי פרומקין [רודקינזון]."					heb	מיכאל לוי פרומקין	רודקינזון, מיכאל לוי בן אלכסנדר			סיפורי צדיקים מהחוט המשולש	166	[]					TBD	heb			112366		TBD	TBD	166	Point(24.014166666 49.83)	24.01416667	49.83	[]				מעשיות נפלאות, נובלות קצרות. ללא מסרנים.	רשימת ספרי חסידות.xlsx - Editions (5).tsv
60	3619|3687	https://www.nli.org.il/he/books/NNL_ALEPH002070089	ספורי צדיקים	1896	180373						ספורי צדיקים	dedupmrg285038807_IE96460865		קרקוב					"על-פי ""ספורי צדיקים מארבעה מטיבי לכת"", Lemberg תרכ""ה, פרט לשער שהוא על-פי ההוצאה הראשונה, [לעמבערג] תרכ""ד, בהשמטת שם המחבר."				מהחוט המשולש...		990020700890205171			heb		רודקינזון, מיכאל לוי בן אלכסנדר	מיכאל לוי פרומקין	Michael Levi Frumkin		489	NULL					TBD	heb	Sipurei Tzadikim From the Chut Hameshulash	8	112366		TBD	TBD	489	Point(19.95 50.066666666)	19.95	50.06666667	NULL	44		12		רשימת ספרי חסידות.xlsx - Editions (5).tsv
61	3621	https://www.nli.org.il/he/books/NNL_ALEPH001900993	קהל חסידים	1866	130132	11	A?	"?11A(לקיציס יש מהדורה מוקדמת יותר לשלנו משנת תרכ""ה).  כמו כן, לבדוק מקום הוצאה והדפסה!"	לבדוק	"קהל חסידים, אנונימי (אהרן וולדן), למברג תרכ""ה"	קהל חסידים	dedupmrg286098124_IE91651374		למברג,Lemberg (Lviv),Warsaw		"תרכ""ו "	"תרכ""ה"		"מסתבר שהספר נתחבר על-ידי אהרן וואלדען, שהדפיסו בווארשא בשנת תרכ""ו, שכן הובא בו בכמה מקומות ספרי שם הגדולים החדש שהדפיס בווארשא תרכ""ה. על זהותו של ר' אהרן וואלדען כמחבר קהל חסידים העיד מיכאל לוי רודקינזון עצמו בספרו תולדות בעלי שם טוב, קעניגסבערג תרל""ו, עמ' 36, הערה 29, ועמ' 102, הערה לה."	" ספר סיפורי חסידים רחב היקף, שהפך נפוץ מאוד. מכיל קובץ ארוך המועתק ברובו משבחי הבעש""ט, כולל העתק דבריו של ישראל יפה המדפיס, אף שהמחבר כתב נגד הספר בספרו שם הגדולים החדש (תרכ""ד, ר' ערך). גם שבחי הרב של פרומקין משוקע בספר כמעט בשלמותו. מצורפים בספר גם שבחים על החיד""א והרמ""א ""מפיות אנשי אמת ששמשו כל צרכן"". בהקדמה מפרט המחבר על תפקיד הסיפורים כמלחמה בהשכלה ובספרים פסולים, על ידי כוח הסיפורים ""להלהיב והתפעל נפש הישראלי"" מהמופתים שבהם.  על זיהוי המחבר כוולדן ראו מאיר, שבחי רודקינסון, עמ' 124 (הע' 21). על המחבר ועל הספר ר' נגאל, מלקטי הסיפור, עמ' 28.  "			"כולל הרבה סיפורי נוראות ונפלאות מרבותינו ... רבי ישראל בעש""ט ממעזיבוז ... תלמידיו ותלמידי תלמידיו ... ובסופו באו סיפורים נוראים מרבותינו ... הרמ""א [ר' משה איסרלש] ... המהרש""א [ר' שמואל אליעזר אידלש] ... (המאסף והמלקט [ר' אהרן וואלדען])."		990019009930205171			heb	אנונימי (אהרן וולדן)	וואלדן, אהרן בן ישעיהו נתן	אנונימי (אהרון וולדן)	Anonymous (Aaaron Walden)	קהל חסידים	953	[]					TBD	heb	Kehal Chasidim	"25 ס""מ"	249274		TBD	TBD	953	Point(21.033333333 52.216666666)	21.03333333	52.21666667	[]	112		13	ילקוט סיפורים, סיפורי נפלאות. ללא מסרנים.	רשימת ספרי חסידות.xlsx - Editions (5).tsv
62	3622		קהל חסידים	1866	130133						קהל חסידים			Warsaw					"על-פי [ווארשא? תרכ""ו?], בהשמטת שלושה סיפורים."				...				יש כבר סריקה מוקדמת	heb		וואלדן, אהרן בן ישעיהו נתן				953	[]					TBD	heb			249274		TBD	TBD	953	Point(21.033333333 52.216666666)	21.03333333	52.21666667	[]					רשימת ספרי חסידות.xlsx - Editions (5).tsv
63	3623		קהל חסידים	1870	130134						קהל חסידים			Warsaw					בטופס שבספריית שוקן סודר ועומד הקונטרס האחרון (יד) בסדר-אותיות ובעימוד שונה, וארבעת דפיו מסומנים: מא, מג, [1], מ (הפוכה) [במקום: נז, [2], ס].				NULL				יש כבר סריקה מוקדמת	heb		וואלדן, אהרן בן ישעיהו נתן				953	[]					TBD	heb			249274		TBD	TBD	953	Point(21.033333333 52.216666666)	21.03333333	52.21666667	[]					רשימת ספרי חסידות.xlsx - Editions (5).tsv
64	3649		קהל חסידים	1875	לא מצאתי מספר BHB כי זה ביידיש									למברג		"תרל""ה"					http://www.hebrewbooks.org/43930						יש כבר סריקה מוקדמת בעברית							166							yid	Kehal Chasidim						166									רשימת ספרי חסידות.xlsx - Editions (5).tsv
65	3624	https://www.nli.org.il/he/books/NNL_ALEPH001065716	ספורי צדיקים	1864	180369	12	A			"סיפורי צדיקים מארבעה מיטיבי לכת, מיכאל לוי פרומקין, למברג תרכ""ה"	ספורי צדיקים	dedupmrg286606891_IE123466576		Lvov,למברג,Lemberg (Lviv)		"תרכ""ה"	"תרכ""ה"		באותו מקום ובאותה שנה ובאותו עימוד ואצל אותו מדפיס יצאה הוצאה נוספת, בסדר פנימי שונה.	"הוצאה תחת שם אחר של סיפורי צדיקים מהחוט המשולש (תרכ""ד, 10)."			"מארבעה מטיבי לכת ... ר' ליב שרהעס ... ר' ליב מספאלע ... רבי ישראל פאלעצקער, וגם ... ר' עזריאל תלמיד חבר לר""י פאלעצקער ... הובא לביה""ד ע""י ... ר' מיכאל לוי פרומקין [רודקינזון] ..."		990010657160205171			heb	מיכאל לוי פרומקין	רודקינזון, מיכאל לוי בן אלכסנדר	מיכאל לוי פרומקין	Michael Levi Frumkin	סיפורי צדיקים מארבעה מיטיבי לכת	166	()					TBD	heb	Sipurei Tzadikim from Arbaa Meitivei Lechet	"18 ס""מ"	112366		TBD	TBD	166	Point(24.014166666 49.83)	24.01416667	49.83	()	21	4	14		רשימת ספרי חסידות.xlsx - Editions (5).tsv
66	3625|3626		ספורי צדיקים	1864	180370						ספורי צדיקים			Lvov					הטופס שלפנינו חסר בסופו, אחרי עמ' 40.				מארבעה מטיבי לכת ...				יש כבר סריקה מוקדמת	heb		רודקינזון, מיכאל לוי בן אלכסנדר				166	()					TBD	heb			112366		TBD	TBD	166	Point(24.014166666 49.83)	24.01416667	49.83	()					רשימת ספרי חסידות.xlsx - Editions (5).tsv
67	3625|3626		סיפורי צדיקים	1873	180372						סיפורי צדיקים			Lvov					"על-פי Lemberg תרכ""ה, בהשמטת שם המחבר וההקדמה."				מארבעה מטיבי לכת ...				יש כבר סריקה מוקדמת	heb		רודקינזון, מיכאל לוי בן אלכסנדר				166	NULL			A. Drucker		TBD	heb			112366		TBD	A. Drucker	166	Point(24.014166666 49.83)	24.01416667	49.83	NULL					רשימת ספרי חסידות.xlsx - Editions (5).tsv
68	3627	https://www.nli.org.il/he/books/NNL_ALEPH001010666	פאר מקדושים	1865	115763	13	A			"פאר מקדושים, מנחם מנדל בודק, למברג תרכ""ה"	פאר מקדושים	dedupmrg285469486_IE42385007		Lvov,למברג,Lemberg (Lviv)		"תרכ""ה"	"תרכ""ה"		TBD	" אוסף מעשיות על הבעש""ט, אדמו""רים נוספים וכן גדולי תורה לא חסידיים. נובלות מפותחות, בתוספת אמרות מוסר ולקח מאת המחבר, בסגנון מליצי-משכילי: 'ונעמודה פה אחי הקורא חבי כמעט רגע בסיפור המאורע ונדבר בנפלאות מפעלות תמים דעים...' (עמ' 35.) מחזור סיפורים על גלגולי נשמות. ניכרת יומרה אפולוגטית להסביר לציבור שאינו במובהק חסידי את עולמה של החסידות ומסריה, ואת כוחם של סיפורים חסידיים בתיקון הנפש והמידות, וכן על הזהירות שיש לנקוט בעניין זה (עמ' 55-54), במקום נוסף הוא רומז לכך שאת הסיפורים יש למסור בצינור נקי ולא עכור, וכנראה רומז כנגד פרומקין (עמ' 58-57).  יוסף דן זיהה את הכותב כ'משכיל' בסגנונו הלשוני וטען כי זהו אינו בודק אלא פרומקין-רודקינסון הנ""ל, הסיפור החסידי, עמ' 219. נגאל הפריך את הטענה. הנ""ל, מלקטי הסיפור, עמ' 40-31. ברישומים שונים הופיע תאריך הוצאת הספר בשנה 1856, הטעות נבעה מחילופי הספרות והכוונה לשנת 1865, תרכ""ה, כפי שפורט: ""שנת הטוב והברכה גיל והצלחה לנצח לפ""ק"", שהיא שנת תרכ""ה. "	http://www.hebrewbooks.org/3842		"... סיפורים ... מצדיקי יסודי עולם ובראשם ... ר' ישראל בעש""ט (המביא לבית הדפוס ... אברהם יהושע העשיל דרוקער) ..."		990010106660205171			heb	מנחם מנדל בודק	בודק, מנחם מנדל בן ראובן שרגא	מנחם מנדל בודק	Menachem Mendel Bodek	פאר מקדושים	166	NULL	(S. L. Kugel, Lewin et Comp.)				TBD	heb	Pe'er Mikdoshim	"18 ס""מ"	166602		(S. L. Kugel, Lewin et Comp.)	TBD	166	Point(24.014166666 49.83)	24.01416667	49.83	NULL	60		15	אוסף סיפורים, נובלות בתוספת דברי לקח. ללא מסרנים, מלבד סיפור אחד בשם אבי המחבר.	רשימת ספרי חסידות.xlsx - Editions (5).tsv
69	3628		פאר מקדושים	1885	115764						פאר מקדושים			Lvov					"בשער: שנת ש'יר'ו לה' שיר חדש ת'ה'לתו בק'הל חסידים'אש. נראה שבטעות הובלטה האות ת ושנת הדפוס היא תרמ""ה."				"... סיפורים ... מצדיקי עולם ובראשם ... ר' ישראל בעש""ט ... בהוצאות הר' אברהם יהושע העשיל דרוקער ..."				יש כבר סריקה מוקדמת	heb		בודק, מנחם מנדל בן ראובן שרגא				166	NULL					TBD	heb			166602		TBD	TBD	166	Point(24.014166666 49.83)	24.01416667	49.83	NULL					רשימת ספרי חסידות.xlsx - Editions (5).tsv
70	3629	https://www.nli.org.il/he/books/NNL_ALEPH001277589/NLI	קהל קדושים	1865	115767	14	A			"קהל קדושים, אנונימי (מנחם מנדל בודק), למברג תרכ""ה"	קהל קדושים			Lvov,למברג,Lemberg (Lviv)		"תרכ""ה"	"תרכ""ה"		פרידברג מיחסו למיכאל לוי פרומקין (רודקינזון).	"קבוצת מעשיות נפלאות מצדיקי יסודי עולם, כולמו מתלמידי הבעש""ט הקדוש זי""ע"". כולל נובלות וסיפורי נפלאות ארוכים וצבעוניים. בין הסיפורים אמרי לקח ומוסר.  אנונימי, אבל כתוב בסגנונו של בודק. שמו של הספר מתדמה לקהל חסידים שיצא מעט קודם לכך. ח""ד פרידברג זיהה את הכותב כפרומקין (בית עקד ג', עמ' 887 ערך 168), אולם הכותב מעיד בהקדמה כי הספר הוא המשך לפאר מקדושים (תרכ""ה, 13), ולפיכך אין לטעות בזהותו כמ""מ בודק.  "	http://www.hebrewbooks.org/3760		"קבוצת מעשיות ... מתלמידי הבעש""ט ... מהצדיק ... (יעקב יצחק [הלוי הורוויץ]) מלובלין. מהגאון הק' ר' [שמואל] שמעלקא [הלוי הורוויץ] מניקלשפורג. (מהגאון ... צבי הירש מזודיטשוב ... מקדוש עליון ... מו""ה ישראל מריזין ... מהצדיק ... מו""ה אלימלך [מליזענסק]). וגם מעשות קדומות ... [מאת ר' מנחם בודק]."		990012775890205171		משום מה אין באפשרות להוריד- לבקש מהספרייה	heb	אנונימי (מנחם מנדל בודק)	בודק, מנחם מנדל בן ראובן שרגא	אנונימי  (מנחם מנדל בודק)	Anonymous (Menachem Mendel Bodek)	קהל קדושים	166	NULL			A. Druker		TBD	heb	Ke'hal Kedoshim	"18 ס""מ"	166602		TBD	A. Druker	166	Point(24.014166666 49.83)	24.01416667	49.83	NULL	24	8	16	אוסף סיפורים, נובלות. סיפורי נפלאות עם אמרות לקח.	רשימת ספרי חסידות.xlsx - Editions (5).tsv
71	3630	https://www.nli.org.il/he/books/NNL_ALEPH001838004	"סדר הדורות מתלמידי הבעש""ט"	1865	115755	15	A			"סדר הדורות מתלמידי הבעש""ט, אנונימי (מנחם מנדל בודק), למברג תרכ""ה"	"סדר הדורות מתלמידי הבעש""ט"	dedupmrg286237625_IE42625325		Lvov,למברג,Lemberg (Lviv)		"תרכ""ה (קישור לדפוס תר""ם)"	"תרכ""ה"		בראשי העמודים: סדר הדורות החדש.	" ראה אור גם בשם סדר הדורות החדש. הספר מתיימר לשרטט תמונה רחבה ומקיפה על החסידות לדורותיה, כולל רשימות מפורטות של תלמידים וסיפורים מרכזיים על כל דמות. כמו בספריו האחרים של המחבר יש בספר סיפורי שבחים שאליהם מצורפים אמרות לקח ומוסר. כתוב בסגנון מעין היסטוריוגרפי. הספר השפיע על ספרות שבחים מאוחרת לו. החלק השני של הספר הוא ביבליוגרפיה של ספרות דרוש חסידית, ללא ספרות שבחים. שם הספר נגזר מס' הגניאולוגיה סדר הדורות (יחיאל בן שלמה הלפרין, קרלסרוא תקכ""ט ומהדורות רבות נוספות).  הספר נפוץ מאוד, ופורסם בארבע מהדורות עוד לפני שנת תר""ם. יואב אלשטיין זיהה את שנת ההוצאה הראשונה כתרכ""ד (הנ""ל, בואו לתקון, עמ' 530), אך בגוף הספר מופיעה שנת ""הכת""ר"" (תרכ""ה) כשנת כתיבתו (דף לב עמ' ב). נגאל שיער כי ייתכן שיצא בפועל רק בתרכ""ו (הנ""ל, מלקטי הסיפור, עמ' 45 הע' 8). על זיהוי המחבר כבודק ראו מאיר, שבחי רודקינסון, עמ' 124.  "	http://www.hebrewbooks.org/3713		"... חלק ראשון, נקבצו בו שמות הצדיקים מימות הבעש""ט ז""ל ותלמידיו עד היום הזה. כמה מאות צדיקים ... עפ""י סדר דורותיהם, כל תלמיד אצל רבו ... גם קצת זכר ממעשיהם הטובים ונפלאות מעוצם קדושתם ופרישותם ודברי מוסרם והנהגותיהם ... ונלוה לזה עוד ספרן של צדיקים, והוא חלק שני, נקבצו בו שמות כל הספרים מהצדיקים ... אשר מזמן הבעש""ט ז""ל עד היום הזה ..."		990018380040205171			heb	אנונימי (מנחם מנדל בודק)	בודק, מנחם מנדל בן ראובן שרגא	אנונימי  (מנחם מנדל בודק)	Anonymous (MenachemMendel Bodek)	"סדר הדורות מתלמידי הבעש""ט"	166	NULL					TBD	heb	Seder Hadorot from Talmidei Ha-Besht which is also called Seder Hadorot Hachadash	"19 ס""מ"	166602		TBD	TBD	166	Point(24.014166666 49.83)	24.01416667	49.83	NULL	91	11	17	שבחים והיסטוריוגרפיה חסידית. ללא מסרנים.	רשימת ספרי חסידות.xlsx - Editions (5).tsv
72	3631		"סדר הדורות מתלמידי הבעש""ט"	1880	177056						"סדר הדורות מתלמידי הבעש""ט"			Lvov					"לפי הוצאת Lemberg תרכ""ה."				"... הובא לבית הדפוס ע""י ... מו""ה ישראל אלימלך שטאנד נ""י."				יש כבר סריקה מוקדמת	heb		בודק, מנחם מנדל בן ראובן שרגא				166	[]					TBD	heb			166602		TBD	TBD	166	Point(24.014166666 49.83)	24.01416667	49.83	[]					רשימת ספרי חסידות.xlsx - Editions (5).tsv
73	3630|3632|3633|3634		"סדר הדורות מתלמידי הבעש""ט"	1899	115756						"סדר הדורות מתלמידי הבעש""ט"			Lublin					בראשי העמודים: סדר הדורות החדש.				...				יש כבר סריקה מוקדמת	heb		בודק, מנחם מנדל בן ראובן שרגא				174	NULL					TBD	heb			166602		TBD	TBD	174	Point(22.566666666 51.233333333)	22.56666667	51.23333333	NULL					רשימת ספרי חסידות.xlsx - Editions (5).tsv
74	3630|3632|3633|3634		"סדר הדורות מתלמידי הבעש""ט"	1870	115757						"סדר הדורות מתלמידי הבעש""ט"			Lvov					בראשי העמודים: סדר הדורות החדש.				...				יש כבר סריקה מוקדמת	heb		בודק, מנחם מנדל בן ראובן שרגא				166	[]					TBD	heb			166602		TBD	TBD	166	Point(24.014166666 49.83)	24.01416667	49.83	[]					רשימת ספרי חסידות.xlsx - Editions (5).tsv
75	3630|3632|3633|3634		"סדר הדורות מתלמידי הבעש""ט"		115758						"סדר הדורות מתלמידי הבעש""ט"			Lublin					בראשי העמודים: סדר הדורות החדש.				...				יש כבר סריקה מוקדמת	heb		בודק, מנחם מנדל בן ראובן שרגא				174	[]					TBD	heb			166602		TBD	TBD	174	Point(22.566666666 51.233333333)	22.56666667	51.23333333	[]					רשימת ספרי חסידות.xlsx - Editions (5).tsv
76	3635	https://www.nli.org.il/he/books/NNL_ALEPH001066705/NLI	מפעלות הצדיקים	1856	115748						מפעלות הצדיקים			Lvov,למברג,Lemberg (Lviv)		"תרט""ז"			נדפס על נייר כחלחל.			https://tablet.otzar.org/en/book/book.php?book=51688&width=0&scroll=0&udid=0&pagenum=1	"עם דברי משרים, והמה סיפורי נפלאות ... מצדיקי יסודי עולם. ובראשם ... ר' ישראל בעש""ט ... ומתלמידיו הקדושים ומתלמידי תלמידיו עד דור הזה ... גם הבאתי הלום עוד סיפורים אמתיים מגאוני וצדיקי עם ישראל אשר היה בזמן קודם הבעש""ט ... ולא הובאו בשבחי הבעש""ט ולא הוקמו בעדת צדיקים ולא במעשה צדיקים, ולא דיברו בהם בפאר מקדושים ..."		990010667050205171		HebrewBooks	heb		בודק, מנחם מנדל בן ראובן שרגא	מנחם מנדל בודק	Menachem Mendel Bodek		166	[]					TBD	heb	Mifalot Hatzadikim with Dover Meisharim	"18 ס""מ"	166602		TBD	TBD	166	Point(24.014166666 49.83)	24.01416667	49.83	[]	65		18		רשימת ספרי חסידות.xlsx - Editions (5).tsv
77		https://www.nli.org.il/he/books/NNL_ALEPH000412267	מפעלות הצדיקים	1866		16	B			"מפעלות הצדיקים עם דובר מישרים, מנחם מנדל בודק, למברג תרכ""ו"		dedupmrg285123306_IE49376459		Lvov,Lemberg,Lviv			"תרכ""ו"			"אוסף של סיפורים נובליים ארוכים, חסידיים ולא חסידיים. דומה לספרו מעשה צדיקים (תרכ""ד, 8) סיפור ארוך מועתק מספר ""הכנסת אורחים"" שהועתק, לדברי המחבר, מתוך עותק שבספרייה בווינה. כמה סיפורים על ר' שלום מבעלז. גם בספר זה משולבים אמרות לקח ומוסר. בהקדמה מצהיר המחבר על בחירתו בלשון קלה לטובת ההמון. אין להחליף עם מפעלות צדיקים (החדש) שערך יוסף בר""א (תרס""א, 54) בהשראת סגנונו של בודק. על פי נוסח השער היו שזיהו את שנת ההוצאה כתרט""ז (על פי האותיות המודגשות בפסוק ""זה הש'ער' לד' צדיק'ים י'בואו'"") אולם בגוף השוער מעיד המחבר שהספר יצא לאחר פאר מקדושים (תרכ""ה), ויש כנראה למנות בפסוק גם אות י' נוספת שתשלים לשנה תרכ""ו.  "				מפעלות הצדיקים	990004122670205171				מנחם מנדל בודק	בודק, מנחם מנדל בן ראובן שרגא	מנחם מנדל בודק	Menachem Mendel Bodek	מפעלות הצדיקים עם דובר מישרים	166										166602				166								מעשיות נפלאות, נובלות. ללא מסרנים.	רשימת ספרי חסידות.xlsx - Editions (5).tsv
78	3636|3637|3638|3639|3640		מפעלות הצדיקים	1874	115749						מפעלות הצדיקים			Lvov					TBD				עם דברי משרים ...				יש כבר סריקה מוקדמת	heb		בודק, מנחם מנדל בן ראובן שרגא				166	[]					TBD	heb			166602		חסר שם מדפיס	TBD	166	Point(24.014166666 49.83)	24.01416667	49.83	[]					רשימת ספרי חסידות.xlsx - Editions (5).tsv
79	3636|3637|3638|3639|3640		מפעלות הצדיקים	1882	115750						מפעלות הצדיקים			Lvov					TBD				עם דברי משרים ...				יש כבר סריקה מוקדמת	heb		בודק, מנחם מנדל בן ראובן שרגא				166	()	(U. W. Salat et J. M. Nik)				TBD	heb			166602		(U. W. Salat et J. M. Nik)	TBD	166	Point(24.014166666 49.83)	24.01416667	49.83	()					רשימת ספרי חסידות.xlsx - Editions (5).tsv
80	3636|3637|3638|3639|3640		מפעלות הצדיקים	1897	115751						מפעלות הצדיקים			Lvov					TBD				עם דברי משרים ...				יש כבר סריקה מוקדמת	heb		בודק, מנחם מנדל בן ראובן שרגא				166	NULL	Drukarnia Polska		J. Dawid Suess		TBD	heb			166602		Drukarnia Polska	J. Dawid Suess	166	Point(24.014166666 49.83)	24.01416667	49.83	NULL					רשימת ספרי חסידות.xlsx - Editions (5).tsv
81	3636|3637|3638|3639|3640		מפעלות הצדיקים	1899	115752						מפעלות הצדיקים			Lublin					תאריך הצנזורה: ווארשה, 7 בספטמבר 1899.				עם דברי משרים ...				יש כבר סריקה מוקדמת	heb		בודק, מנחם מנדל בן ראובן שרגא				174	NULL					TBD	heb			166602		TBD	TBD	174	Point(22.566666666 51.233333333)	22.56666667	51.23333333	NULL					רשימת ספרי חסידות.xlsx - Editions (5).tsv
82	3636|3637|3638|3639|3640		מפעלות הצדיקים	1899	115753						מפעלות הצדיקים			Lublin					תאריך הצנזורה: ווארשה, 28 בספטמבר 1899.				עם דברי משרים ...				יש כבר סריקה מוקדמת	heb		בודק, מנחם מנדל בן ראובן שרגא				174	NULL					TBD	heb			166602		TBD	TBD	174	Point(22.566666666 51.233333333)	22.56666667	51.23333333	NULL					רשימת ספרי חסידות.xlsx - Editions (5).tsv
83	3641	https://www.nli.org.il/he/books/NNL_ALEPH001348138	ספורי קדושים	1866	179478	17	A	אני חושבת שהעותק שיש בידינו (והקישור להורדה) הוא המהדורה משורה 85, מספר ביבליוגרפיה עברית 320356 ולא זה. כמו כן - איפה הקישור לדפוס משנת תרע״ו - והאם לא מדובר שם במהדורה נוספת שצריך לכלול?	לבדוק	"סיפורי קדושים, אנונימי (מנחם מנדל בודק), לייפציג (למברג) תרכ""ו"	ספורי קדושים		לייפציג (למברג)	לייפציג (למברג),Leipzig  (Lviv),Warsaw		"תרכ""ו (קישור לדפוס תרע""א)"	"תרכ""ו"		דף יט,ב-כא,א: מעשה נפלאה מבעל המחבר ספר מגלה עמוקות [ר' נתן שפירא].	" אוסף נוסף של סיפורים נפלאים ומרעישים על דמויות שונות ובהם האר""י, הבעש""ט, ר' זושא מאניפולי, המהר""ל, הנודע ביהודה ועוד. סיפורי עלילה ארוכים. בשונה מספריו הקודמים כאן אין הקדמה ואין הוספות של משפטי לקח מן הסיפורים.  על זיהוי המחבר כבודק ר' נגאל, הסיפורת, עמ' 37. הספר הודפס כנראה בלמברג והכיתוב לייפציג נעשה בגלל הצנזורה. נגאל ההדיר מחדש את הספר, ירושלים תשל""ז.  "			"סיפורים נפלאים מפי אנשי אמת אשר ספרו לבניהם ... מאבירי הרועים (הר""י [ר' יצחק לוריא] ... ר' ישראל בעש""ט ... ר' זושא ... ר' אדם בעש""ט ... ר' ליב בן שרה ... ר' יחזקאל [לנדא] מפראג ... מוה' משה מפרעשיוועצקי) ..."				יש סריקה אחרי זה	heb	אנונימי (מנחם מנדל בודק)		מנחם מנדל בודק	Menachem Mendel Bodek	סיפורי קדושים	953	[]					TBD	heb	Sipurei Kedoshim	"19 ס""מ"	166602		TBD	TBD	953	Point(21.033333333 52.216666666)	21.03333333	52.21666667	[]	48		19	מעשיות נפלאות, נובלות. ללא מסרנים.	רשימת ספרי חסידות.xlsx - Editions (5).tsv
84	3642		ספורי קדושים	1866	179479						ספורי קדושים			Warsaw					"בהוצאה הנוכחית דפים א-טז נדפסו דף-על-דף ושורה-על-שורה על פי ההוצאה הקודמת, [ווארשא?] תרכ""ו, בתיקון טעויות הדפוס. דפים יז-כד נלקחו כמות שהם מן ההוצאה ההיא."				...				יש סריקה אחרי זה	heb						953	[]					TBD	heb					TBD	TBD	953	Point(21.033333333 52.216666666)	21.03333333	52.21666667	[]					רשימת ספרי חסידות.xlsx - Editions (5).tsv
85	3643	https://www.nli.org.il/he/books/NNL_ALEPH001348138	ספורי קדושים	1866	320356						ספורי קדושים	dedupmrg287362617_IE102598652		Lvov					"כולל סיפורים מהאר""י (ר' יצחק לוריא), ר' ישראל בעל שם טוב, ר' זושא מהאניפולי, מספר ""תולדות אפרים"" על ר' שלמה אפרים לונטשיץ ""נעתק מפנקס דק""ק פראג"", מבעל ספר מגלה עמוקות (ר' נתן שפירא), ועוד."				... מפי אנשי אמת אשר ספרו לבניהם ... מעשות[!] נפלא[!] מאבירי הרועים ...		990013481380205171			heb						166	NULL					TBD	heb					TBD	TBD	166	Point(24.014166666 49.83)	24.01416667	49.83	NULL					רשימת ספרי חסידות.xlsx - Editions (5).tsv
			ספורי קדושים	1911	327114						ספורי קדושים	dedupmrg388945615_IE171777553		פיעטרקוב											990021501470205171									250														250									
86	3644	https://www.nli.org.il/he/books/NNL_ALEPH001751134	משמיע תהלות תמימי דרך	1871	177573	18	A			"תמימי דרך (תהילות תמימי דרך), יעקב דריקרמן, וורשה תרל""א"	משמיע תהלות תמימי דרך			Warsaw,ורשה		"תרל""א (קישור לדפוס תרס""ד)"	"תרל""א"		"הוצאה ביקורתית, עם מבוא, מאת ג' נגאל: ירושלים תשנ""ד. על חיבוריו של דרוקרמאן בתחום הסיפורת עיין נגאל, מלקטי הסיפור החסידי, ירושלים תשנ""ו, עמ' 53-55."	" קונטרס קטן של ""סיפורים נפלאים"" על אישים חסידיים ולא חסידיים. הכותב מעיד על כתב יד ביידיש של סיפורים שרכש, וממנו לקח את סיפוריו (ייתכן וזו עדות לקבצי סיפורים שהיו קיימים באותן השנים בכתבי יד אצל החסידים).  עוד על המחבר ר' נגאל, מלקטי הסיפור, עמ' 55-53. נגאל גם ההדיר מחדש את הספר (ירושלים תשנ""ד).  "	http://www.hebrewbooks.org/58346		"... קבוצת ספורים... מצדיקים... נפלאות הנעשו על ים הקרוש להשר (ר' שמשון) מקוצי ... תולדת הרב ר' יהודה חייט בעל המחבר ספר החייט [פירוש על ספר מערכת האלהות, פירארא שי""ח] וספורי נפלאות אביו ... מהרב ר' יחיאל מיכל מזלאטשוב. מהרב ר' נפתלי [כ""ץ] ראש ישיבה מפוזנא. מהרב ר' אברהם בעין אחת. מעשה נורא מעיר אמשטרדם הבירה. (מפלאות ל""ו צדיקים). מעשה מהרב ר' מרדכי (אחיו של רבי ליב) שרה'ס. מעשה מרב אחד מפראג והגליל... נעתק ויצא לאור ע""י י""ד [על ידי יעקב דרוקרמאן] מסדילקאב."		990017511340205171		לא הצלחתי להוריד- לבקש מהספרייה	heb	יעקב דריקרמן	דרוקרמאן, יעקב בן שמואל	יעקב דריקרמן	Yaacov Drikerman	תמימי דרך (תהילות תמימי דרך)	953	NULL					TBD	heb	Tmimei Derech	"19 ס""מ"	248136		TBD	TBD	953	Point(21.033333333 52.216666666)	21.03333333	52.21666667	NULL	72	7	20	מעשיות נפלאות, נובלות. ללא מסרנים.	רשימת ספרי חסידות.xlsx - Editions (5).tsv
87	3645	https://www.nli.org.il/he/books/NNL_ALEPH002087406	שפתי צדיקים	1874	324890						שפתי צדיקים	dedupmrg286783831_IE158032909		Lvov,למברג,Lemberg (Lviv)		"תרל""ד"			"דף [21, ב- 23, א]: ""הנהגת אדם. מספר ... נועם אלימלך [לר' אלימלך מליזנסק]""."		https://hebrewbooks.org/35769		"... ילקוט מכל ספרי הצדיקים ... ורובם ככולם דברים ... מהבעש""ט ומהמגיד הגדול ר""ר דוב ממעזריטש זלה""ה, מתלמידיהם ותלמידי תלמידיהם ... המפוזרים ... בס' ... אורח לחיים [לר' אברהם חיים מזלוטשוב, ברדיטשוב תקע""ז] ושפתי צדיקים הקדום [לר' פינחס לרנר מדינוביץ, לבוב תרכ""ד, ממנו לקוח רוב הספר וגם שמו], וכדומה. הובא לביה""ד ע""י ... מנחם מענדיל זעגיל ני'."		990020874060205171			heb			מנחם מנדל זעגיל	Menachem Mendel Zegil		166	NULL					TBD	heb	Siftei Tzadikim				TBD	TBD	166	Point(24.014166666 49.83)	24.01416667	49.83	NULL	39		21		רשימת ספרי חסידות.xlsx - Editions (5).tsv
88	3646	https://www.nli.org.il/he/books/NNL_ALEPH002007695	שלשה עדרי צאן	1874	148530	19	A			"שלשה עדרי צאן, מנחם מנלי סופר, פרעמישל תרל""ד"	שלשה עדרי צאן	dedupmrg285280902_IE141920781		Przemysl,פרעמישל,Przemyślany		"תרל""ד  (קישור לדפוס תר""צ)"	"תרל""ד"		TBD	"ספר שבחים אוטוביוגרפי, ובו תיאור ותיעוד של שלושה מרבותיו החסידיים (ר' שלמה'לה מקראשנוב, ר' בעריש מאושפיצין ור' אריה לייבוש מווישניצא). המחבר מתאר את פגישותיו עם הצדיקים ודברים שראה ושמע בעצמו. חלקים נרחבים מן הספר הועתקו לספר שבע רצון (צינגר, תרס""א, 53). מהדורה מוערת של הספר יצאה בתל אביב תשי""ח על ידי נכד המחבר. עוד על הספר והמחבר אצל נגאל, מלקטי הסיפור, עמ' 57-56.  "	http://www.hebrewbooks.org/52773		"ספורי מעשות [מעשיות] ... משלשה גדולי עולם ... מו""ה שלמה [ב""ר משה בוכנר] אבד""ק קרשאנוב ... מו""ה דוב בעריש [פרומר] דק""ק אושפצין ... מו""ה אריה ליביש [ליפשיץ] אב""ד דק""ק ווישניצא... הובא לבית הדפוס ע""י ... מו""ה מנחם מנלי סופר (בן יהודה) מק' אושפצין ולע""ע בעיר מאקוי. מודעה שחיברו ... מוה' מנחם מנלי סופר ז""ל, והתאמץ חתנו הרבני מוה' משה (פרענקעל) שו""ב (שהעתיקו כלו בלשון צח ונקי ובקיצור) להדפיסו..."		990020076950205171			heb	מנחם מנלי סופר	מנחם מנלי בן יהודה סופר	מנחם מלי סופר	Menachem Mali Sofer	שלשה עדרי צאן	424	NULL	דפוס א. זאפניק עט קנאללער				TBD	heb	Shlosha Edrei Tzon	8	181253		דפוס א. זאפניק עט קנאללער	TBD	424	Point(22.766666666 49.783333333)	22.76666667	49.78333333	NULL			22	"ממורט, ""בעיני ראיתי"". עדות אישית."	רשימת ספרי חסידות.xlsx - Editions (5).tsv
89	3647	https://www.nli.org.il/he/books/NNL_ALEPH001827575	"חיי מוהר""נ"	1874	169806	20	A			"חיי מוהר""ן, ר' נתן מנמירוב (ר' נחמן מטשערין), למברג 1874"	"חיי מוהר""נ"	dedupmrg285136984_IE142835591		Lvov,למברג,Lemberg (Lviv)		"תרל""ד?"	1874		"השמטות מחיי מוהר""נ נדפסו בתוך הספר ימי התלאות, מאת ר' אברהם חזן, ירושלים תרצ""ג. עיין: חזן, אברהם בן נחמן ישראל הלוי."	"פרקי חיים ומעשים של רבי נחמן מברסלב, שנכתבו בידי תלמידו ר' נתן מנמירוב וסודרו לדפוס בידי ר' נחמן גולדשטיין מטשערין לאחר פטירת ר' נתן. מסודר לפי נושאים ועל פי תולדות חייו של ר' נחמן.  הספר ראה אור במהדורות רבות. בפראמפול תרע""ג יצא בתוספת השמטות. בבית שמש תשס""ט ראתה אור מהדורה עם נספח ובו השמטות הצנזורה הברסלבית. עוד על מהדורות הספר ר' אסף, ביבליוגרפיה, עמ' 18.  "			"הוא... ר' נחמן [מבראצלאב] זצוק""ל... מעט מחייו... מעוצם יגיעתו... בעבודת הש""י... מימי ילדותו עד הסתלקותו... ומעט משיחותיו (שמתי אל לבי... לכתוב ולרשום [נתן ב""ר נפתלי הירץ שטרנהארץ. עם הערות מאת המעתיק ר' נחמן ב""ר צבי אריה גאלדשטיין מטשעהרין])... הובא לבית הדפוס ע""י... ר' אברהם יהושע העשיל דראקר... (חלק [א]- ב)."		990018275750205171			heb	ר' נתן מנמירוב (ר' נחמן מטשערין)	שטרנהארץ, נתן בן נפתלי הירץ	ר' נחמן מטשערין (000182064 ) על פי קבציו של ר' נתן מנמירוב	Rabbi Nahman of Schurin based on the collections of  Nathan of Nemyriv	"חיי מוהר""ן"	166	NULL			Carl Budweiser		TBD	heb	Haei Muharan	"26 ס""מ"	127013		TBD	Carl Budweiser	166	Point(24.014166666 49.83)	24.01416667	49.83	NULL	66	135	23	מונוגרפיה. ללא מסרנים.	רשימת ספרי חסידות.xlsx - Editions (5).tsv
90	3648		"חיי מוהר""ן"	1913	169807						"חיי מוהר""ן"			Frampol					עם שינויים בציוני הסימנים.				"... בהוספות רבות מכ""י. הובא לביה""ד ע""י... ר' יהודא ליב ראזינפעלד ... [א]-ב."				יש כבר סריקה מוקדמת	heb		שטרנהארץ, נתן בן נפתלי הירץ				421	NULL					TBD	heb			127013		TBD	TBD	421	Point(22.666666666 50.683333333)	22.66666667	50.68333333	NULL					רשימת ספרי חסידות.xlsx - Editions (5).tsv
91	3649	https://www.nli.org.il/he/books/NNL_ALEPH001763909	ספורים נוראים	1875	161282	21	A			"סיפורים נוראים, אנונימי (יעקב קידנר - קאדניר), למברג תרל""ה"	ספורים נוראים	dedupmrg286822284_IE50207392		Lvov,למברג,Lemberg (Lviv)		"תרל""ה (קישור לדפוס משנת תרנ""ד)"	"תרל""ה"		עי' רישום ספרו: מצרף העבודה.	" הכותב הוא חסיד חשוב מחסידי חב""ד, שעמד בקשרים עם אדמו""רי חב""ד הראשונים, ואף הוציא לאור ספרים נוספים בענייני חסידות. הספר נערך על ידי המחבר והופץ כנראה כקונטרס בכתב יד, עד להפסתו לאחר פטירת המחבר. בקובץ סיפורים בשם ראשוני החסידות שהמחבר הכירם, וביניהם ר' זושא ועוד מתלמידי המגיד ממזריטש, וכן ר' אהרן מסרטשלה. סיפור אחד אירע למחבר באופן אישי במחיצתו של ר' דוב בער שניאורסון, ""האדמור האמצעי"" בחסידות חב""ד. מונדשיין זיהה את מחבר הקובץ כיעקב בכרך (הנ""ל, מצרף העבודה). עוד אודותיו ראו נגאל, מלקטי הסיפור, עמ' 68-59. סיפורים אחרים בקובץ לקוחים מקהל חסידים (תרכ""ה, 11). בין הסיפורים הנודעים שמקורים בספר זה: יהודי שמזלו הוא להיות גנב. יצא לאור שוב במונקאץ' תרנ""ד והוהדר מחדש בידי גדליה נגאל, ירושלים תשנ""ב.  "	http://www.hebrewbooks.org/34286		"... מספר תהלות... ר' ישראל בעש""ט... מו""ה דוב בער ממעזריטש ... ותלמידו... מו""ה שניאור זלמן מלאדי... וגם עוד מהרבה צדיקים... נכתבו ע""י... מוה' יעקב קאדאניר ז""ל מעיר וואלקאמיר במדינת רייסין... והשי""ת הזמין הכת""י לידי ע""י יורשיו והוצאתים לאור עולם. דברי המדפיס אברהם ניסן זיס סג""ל."		990017639090205171			heb	אנונימי (יעקב קידנר - קאדניר)	קאדאניר, יעקב	אנונימי- יעקב קידנר (קאדניר)	Anonymous- Yaacov Kidner (Kaadner)	סיפורים נוראים	166	NULL			אברהם ניסן זיס		TBD	heb	Sipurim Noraim	"12 ס""מ"	238861		TBD	אברהם ניסן זיס	166	Point(24.014166666 49.83)	24.01416667	49.83	NULL			24	"ממורט. ספר זכרונות אישי, ""בעיני ראיתי"", ילקוט סיפורים, כמה מהם ""סיפורים נפלאים"". בספר מופיעים מסרנים חשובים בעיקר מחצר חב""ד."	רשימת ספרי חסידות.xlsx - Editions (5).tsv
92	3650		ספורים נוראים	1879	318268						ספורים נוראים			Lvov					בעמוד האחרון סיפור בשם ר' מאיר מפרימישלאן, שלא נדפס בהוצאת לעמבערג 1875.				"... מספר תהלות צדיקים ... הלא המה ... ר' ישראל בעש""ט ... ורבינו ... דוב בער ממעזריטש ... ותלמידו ... מוה' שניאור זלמן מלאדי ... וגם עוד מהרבה צדיקים ... נכתבו ע""י ... מוה' יעקב קאדאניר ז""ל מעיר וואלקאמיר במדינת רייסין ..."				יש כבר סריקה מוקדמת	heb		קאדאניר, יעקב				166	NULL			"אברהם ניסן זיס סג""ל"		TBD	heb			238861		TBD	"אברהם ניסן זיס סג""ל"	166	Point(24.014166666 49.83)	24.01416667	49.83	NULL					רשימת ספרי חסידות.xlsx - Editions (5).tsv
93	3651	https://www.nli.org.il/he/books/NNL_ALEPH002068892/NLI	תולדות בעלי שם טוב	1876	166758	22	A			"תולדות בעלי שם טוב, מיכאל לוי רודקינסון, קניגסברג תרל""ו"	תולדות בעלי שם טוב			Koenigsberg,קניגסברג,Konisberg		"תרל""ו"	"תרל""ו"		החלקים ב-ג לא יצאו.	" ארבעה ספרים שנכרכו כאחד, ובהם מונוגרפיות אודות הבעש""ט, המגיד, אדמו""רי פולין הראשונים ותולדות עמודי החב""ד, שגם נדפס בנפרד באותה השנה (23). הספר נכתב בסגנון היסטוריוגרפי ובשפה משכילית-מליצית, והוא כולל גם תיאור של הפרנקיסטים ומעלליהם.  רודקינסון הוא שמו החדש של מיכאל לוי פרומקין. הספר נכתב כנראה כתגובה לספרו של בודק סדר הדורות החדש מתלמידי הבעש""ט (תר""ל, 15), שנכתב אף הוא בסוגה היסטוריוגרפית.  "	http://hebrewbooks.org/44041		"יהל אור על תולדות אנשי שם טוב... בפלכי פאדאלי', אוקריינא, וואלין, בתערביא, פולין גדול ופולין קטן, משנת תנ""ח עד היום הזה... שיטתם ומחלקותם. גם יאיר נתיב על מצב ב""י בעת ההיא... כת שבתי צבי... יעקב פראנק ... גזירת שריפת הש""ס... מהבישוף דעמבאווסקי מקאמעניץ פאדאלסק... מאת מיכאל לוי ראדקינסזאהן (יחלק לארבעה חלקים... חלק א, ד)."		990020688920205171		HebrewBooks	heb	מיכאל לוי רודקינסון	רודקינזון, מיכאל לוי בן אלכסנדר	מיכאל לוי רודקינסון	Michael Levi Rodkinson	תולדות בעלי שם טוב	405	NULL					TBD	heb	Toldot Ba'alei Shem-Tov	8	112366		TBD	TBD	405	point(20.5 54.716666666667)	20.5	54.71666667	NULL	144	42	25	היסטוריוגרפיה חסידית. מונוגרפיה. ללא מסרנים.	רשימת ספרי חסידות.xlsx - Editions (5).tsv
94	3652	https://www.nli.org.il/he/books/NNL_ALEPH002068892/NLI	"תולדות עמודי החב""ד"	1876	166759	23		" ?23 (אצלנו אין תאריך. אצל קיציס תרל""ו)"	finalize date	"תולדות עמודי החב""ד, מיכאל לוי רודקינסון, קניגסברג תרל""ו"	"תולדות עמודי החב""ד"			Koenigsburg,קניגסברג,Konisberg		"תרל""ו"	"תרל""ו"		עי' למעלה: תולדות בעלי שם טוב, חלק ד.	מונוגרפיה על ר' שניאור זלמן מליאדי וצאצאיו בסגנון משכילי היסטוריוגרפי. נדפס תחילה כחלק מס' תולדות בעלי שם טוב שראה אור באותה השנה (22).	http://hebrewbooks.org/44044		NULL				אין סרוק, צריך גם לבדוק רשומה	heb	מיכאל לוי רודקינסון	רודקינזון, מיכאל לוי בן אלכסנדר	מיכאל לוי פרומקין (רודקינסןן)	Michael Levi Frumkin (Rodkinson)	"תולדות עמודי החב""ד"	405	NULL					TBD	heb	Toldot Amudei Hachabad	"17 ס""מ"	112366		TBD	TBD	405	point(20.5 54.716666666667)	20.5	54.71666667	NULL	112		26	היסטוריוגרפיה חסידית, מונוגרפיה. ללא מסרנים.	רשימת ספרי חסידות.xlsx - Editions (5).tsv
95	3653	https://www.nli.org.il/he/books/NNL_ALEPH001992468/NLI	מוראים גדולים	1876	147216	24	A			"מוראים גדולים, נ""י רזניק, פרמישלא (פשמישל) 1876"	מוראים גדולים			Przemysl,פרמישלא,Przemyślany		"תרל""ו?"	1876		"קובץ סיפורי חסידים. עיין עליו: ג' נגאל, מלקטי הסיפור החסידי, ירושלים תשנ""ו, עמ' 78-79."	" אוסף קטן של שלושה עשר סיפורים בסגנון ""סיפורי הנפלאות"" שעניינם גלגולי נשמות ותיקוני נשמות נפטרים או הצלה מכוחות הטומאה. זהותו של הכותב אינה ברורה. הזכרת התניא בספר מעידה אולי על היותו חסיד חב""ד (נגאל, מלקטי, עמ' 81).  "			"מעשים... חדשים אשר לא נדפסו עוד... אשר נפעלו ע""י... הרב הבעש""ט זצ""ל והרב ר""ר ברוך [ממעזיבוז] זצ""ל והרב ר""ר זיסיא [מאניפאלי] זצ""ל ומתלמידי מרן האר""י זצ""ל ועוד..."				אין סרוק	heb	"נ""י רזניק"		"נ""י רזניק"	"N""Y Reznick"	מוראים גדולים	424	NULL					TBD	heb	Morayim Gedolim	"16 ס""מ"			TBD	TBD	424	Point(22.766666666 49.783333333)	22.76666667	49.78333333	NULL			27	אוסף סיפורים. סיפורי נפלאות. ללא מקורות ומסרנים.	רשימת ספרי חסידות.xlsx - Editions (5).tsv
96	3654	https://www.nli.org.il/he/books/NNL_ALEPH001291478/NLI	בוצינא דנהורא	1879	112217	25	A?	"25A? (אצל קיציס רשום תר""מ. זה יכול להתאים למה שרשום אצלנו לסוף שנת 1879.)"	finalize date	"בוצינא דנהורא, נחמן יעקב ליבמאן מבאר, למברג תר""מ"	בוצינא דנהורא			Lvov,למברג,Lemberg (Lviv)		"תר""מ"	"תר""מ"		"עיין: א' הלוי שישא, על הס' בוצינא דנהורא, עלי ספר, ח, תש""מ, עמ' 155-157."	" חוברת קטנה ובה דרשות קצרות, אמרות ושיחות המיוחסים לר' ברוך ממז'יבוז' ""על פי אמתחת כתבים עתיקה"". הספר כולל כמה סיפורים אודות הרבי, ובמהדורתו השניה (פיוטרקוב תרמ""ו) נוספו לו גם סיפורים נוספים וגם השמטות מחמת הצנזורה. הספר הפך מקור מרכזי אודות ר' ברוך ממז'יבוז', אף שהיו שערערו על אמינותו של החיבור. ר' מתתיהו יחזקאל גוטמן, גזע קודש, תל אביב תשי""א, עמ' 52.  "			"לקוטים יקרים. אמרי ... ר' ברוך נ""ע ממעזיביז נכד הבעש""ט (שנמצאו בכתובים אצל ... ר' ליבילע אלטשידאיווער ז""ל ... והוא קבץ ... דבריו הקדושים וכתבם) ... ונוסף עליהם מכתבים ... מהבעש""ט ... מרבי ר' ברוך ... מהגאון [ר' יעקב שמשון ב""ר יצחק] משפיטיפקע. מהה""ק [ר' משה צבי ב""ר שמעון שלמה] מסיווראן. מהק' ר' מרדכי [טווערסקי] מטשירנאביל. הובא לביה""ד ע""י ... מו' נחמן ליבמאן מבאר ..."				אין סרוק	heb	נחמן יעקב ליבמאן מבאר	אשכנזי, ברוך בן יחיאל מיכל ממזיבוז	נחמן יעקב מבאר	Yaacov Nahman Mevaer	בוצינא דנהורא	166	NULL					"ר' שלום יוסף [ב""ר מרדכי שרגא פרידמאן], (חתום: זאב וואלף מרגליות)."	heb	Butzina  Denehora	"22 ס""מ"	168808		TBD	TBD	166	Point(24.014166666 49.83)	24.01416667	49.83	NULL			28	דרשות, שיחות וסיפורים. ללא מסרנים.	רשימת ספרי חסידות.xlsx - Editions (5).tsv
97	3671	https://www.nli.org.il/he/books/NNL_ALEPH001853577/NLI	בוצינא דנהורא	1884	לא מצאתי מספר BHB									Lvov,למברג		"תרמ""ד"					http://hebrewbooks.org/41599			בוצינא דנהורא	990018535770205171		HebrewBooks				נחמן יעקב מבאר			166								Butzina  Denehora						166									רשימת ספרי חסידות.xlsx - Editions (5).tsv
98	3655	https://www.nli.org.il/he/books/NNL_ALEPH001852513	בוצינא דנהורא	1886	112218						בוצינא דנהורא	dedupmrg285573003_IE91409164		Piotrkow					עם ההסכמות שבאו בדפוס הראשון.				"...הובא לבית הדפוס ע""י השותפים ... חנינא ליפא מרגליות ... וה""ה ... משה יאדקיס ... מו""ס מבארדיטשוב ..."		990018525130205171			heb		אשכנזי, ברוך בן יחיאל מיכל ממזיבוז	חנינא ליפא מרגליות			250	NULL					TBD	heb	Butzina  Denehora		168808		TBD	TBD	250	Point(19.683333333 51.4)	19.68333333	51.4	NULL					רשימת ספרי חסידות.xlsx - Editions (5).tsv
99	3656		בוצינא דנהורא	1889	112219						בוצינא דנהורא			Piotrkow					TBD				...				יש כבר סריקה מוקדמת	heb		אשכנזי, ברוך בן יחיאל מיכל ממזיבוז				250	NULL	דפוס פייבל בעלכאטאווסקי				TBD	heb			168808		דפוס פייבל בעלכאטאווסקי	TBD	250	Point(19.683333333 51.4)	19.68333333	51.4	NULL					רשימת ספרי חסידות.xlsx - Editions (5).tsv
100	3657		בוצינא דנהורא	1903	112220						בוצינא דנהורא			Warsaw					מקום הדפוס באותיות קיריליות.				... בהוצאות של ר' ישראל ראזומאווסקי ...				יש כבר סריקה מוקדמת	heb		אשכנזי, ברוך בן יחיאל מיכל ממזיבוז				953	NULL					עם ההסכמות שבהוצאה הראשונה, פרט להסכמת ר' צבי הירש אורנשטיין.	heb			168808		TBD	TBD	953	Point(21.033333333 52.216666666)	21.03333333	52.21666667	NULL					רשימת ספרי חסידות.xlsx - Editions (5).tsv
101	3658		בוצינא דנהורא	1905	112221						בוצינא דנהורא			Russia-Poland					עמ' 49 נשמט משום-מה.				NULL				יש כבר סריקה מוקדמת	heb		אשכנזי, ברוך בן יחיאל מיכל ממזיבוז				TBD	[]					TBD	heb			168808		TBD	TBD	14092	point(7.7666666666667 49.433333333333)	7.766666667	49.43333333	[]					רשימת ספרי חסידות.xlsx - Editions (5).tsv
102	3659		בוצינא דנהורא	1910	112222						בוצינא דנהורא			Berdichev					שמו של המדפיס ושם המקום של ההוצאה המקורית באותיות קיריליות.				...בהוצאות של ש. ראזזמאווסקי...				יש כבר סריקה מוקדמת	heb		אשכנזי, ברוך בן יחיאל מיכל ממזיבוז				571	NULL					TBD	heb			168808		TBD	TBD	571	Point(28.6 49.891944444)	28.6	49.89194444	NULL					רשימת ספרי חסידות.xlsx - Editions (5).tsv
103	3660	https://www.nli.org.il/he/books/NNL_ALEPH002083183	רמתים צופים	1881	182091	26	A			"רמתים צופים (פירוש לס' תנא דבי אליהו), שמואל משינובה, וורשה תרמ""א"	רמתים צופים	dedupmrg287437227_IE38838852		Warsaw,ורשה		"תרמ""א"	"תרמ""א"		"הפנים והפירוש ""ישועות יעקב"", על-פי ווארשא תרל""ד, בתוספת ""פסיקתא רבתי""."	" המדפיס אהרן וולדן הוציא לאור את הפירוש שכתב המחבר לס' תנא דבי אליהו. המחבר היה תלמידם של רבי שמחה בונים מפשיסחה ואדמו""רים נוספים מחצר זו. בפירושו שילב המחבר סיפורים, עדויות אישיות ועדויות רבות נוספות, בעיקר על רבי שמחה בונים. הספר הפך למקור מידע מרכזי אודות אישים אלו. "		https://tablet.otzar.org/he/book/book.php?book=100688&width=-17&scroll=0&udid=15694100774704692&pagenum=1	"והוא פירוש ... על ... תנא דבי אליהו [עם הפנים, ועם פירוש ישועות יעקב, לר' יעקב ב""ר נפתלי הירץ מבראד]. אשר חיבר ... ר' שמואל זלה""ה משינאווי האבד""ק וולאדווי, בראק, שעדליץ, לאוויטש, ולבסוף ימיו היה אבד""ק נאשעלסק ... כולל הרבה ביאורים וחידושי תורה עפ""י דברי רבותיו ... א. ... ר' יעקב יצחק לוי [הורוויץ] ... מלובלין, ב. ... ר' יעקב יצחק ... היהודי מפשיסחא, ג. ... ר' שמחה בונם ... מפשיסחא, ד. ... ר' מנחם מענדל [מורגנשטרן] ... מקאצק, ה. ... ר' שלמה יהודה ליב ... מלענטשנע, ו. ... ר' יצחק מאיר [אלטר] ... מגור, ז. ... ר' יצחק ... מנעשכיז ... אסף עוד המחבר ז""ל חדושי תורה וספורים ... ששמע בעצמו ... מרבותיו הנ""ל והציג אותם לבדנה ... ועוד מכמה צדיקי יסודי עולם הנפרטים מעבר השני ... הובא לבית הדפוס בהוצאות ובהשגחת השותפים ... ר' אהרן וואלדען נ""י והר""ר מרדכי קאלינבערג נ""י. (חלק [א]-ב)."		990020831830205171			heb	שמואל משינובה		שמואל משינובא	Shmuel Mishinova	רמתים צופים (פירוש לס' תנא דבי אליהו)	953	NULL					TBD	heb	Ramataim Tzofim	"24 ס""מ"			TBD	TBD	953	Point(21.033333333 52.216666666)	21.03333333	52.21666667	NULL	2 כרכים		29	"עדות אישית, ""בעיני ראיתי"", שמועות וסיפורים, משולבים בכתיבה פרשנית. ללא מסרנים."	רשימת ספרי חסידות.xlsx - Editions (5).tsv
104	3661|3662		רמתים צופים	1882	182092						רמתים צופים			Warsaw					מקום הדפוס ושמו של המדפיס באותיות קיריליות.				"והוא פירוש ... על ... תנא דבי אליהו [עם הפנים, ועם פירוש ישועות יעקב, לר' יעקב ב""ר נפתלי הירץ מבראד] אשר חיבר ... ר' שמואל זלה""ה משינאווי ... (חלק [א]-ב)."				יש כבר סריקה מוקדמת	heb						953	NULL					TBD	heb					TBD	TBD	953	Point(21.033333333 52.216666666)	21.03333333	52.21666667	NULL					רשימת ספרי חסידות.xlsx - Editions (5).tsv
105	3661|3662		רמתים צופים	1901	182100						רמתים צופים			Warsaw					TBD				"והוא פירוש ... על ... תנא דבי אליהו [עם הפנים, ועם פירוש ישועות יעקב, לר' יעקב ב""ר נפתלי הירץ מבראד] אשר חיבר ... ר' שמואל זלה""ה משינאווי ... (חלק [א]-ב)."				יש כבר סריקה מוקדמת	heb						953	NULL	דפוס האחים לעווין-עפשטיין	לעווין אפשטיין	האחים לעווין-עפשטיין		TBD	heb					דפוס האחים לעווין-עפשטיין	האחים לעווין-עפשטיין	953	Point(21.033333333 52.216666666)	21.03333333	52.21666667	NULL					רשימת ספרי חסידות.xlsx - Editions (5).tsv
106	3663		רמתים צופים	1908	201610						רמתים צופים			Warsaw					TBD				"... על ... תנא דבי אליהו, אשר חיבר ... ר' שמואל... משינאווי [עם הפנים, ועם הפירוש ישועות יעקב מאת ר' יעקב ב""ר נפתלי הירץ מבראד]... (חלק [א]-ב)."				יש כבר סריקה מוקדמת	heb						953	NULL	דפוס האחים לעווין-עפשטיין	לעווין אפשטיין	האחים לעווין-עפשטיין		TBD	heb					דפוס האחים לעווין-עפשטיין	האחים לעווין-עפשטיין	953	Point(21.033333333 52.216666666)	21.03333333	52.21666667	NULL					רשימת ספרי חסידות.xlsx - Editions (5).tsv
107	3664	https://www.nli.org.il/he/books/NNL_ALEPH002049714 | https://beta.nli.org.il/he/books/NNL_ALEPH002049714/NLI	שבחי צדיקים	1883	160768	28	A			"שבָחי צדיקים, מנדל ציטרין, וורשה תרמ""ג"	שבחי צדיקים	dedupmrg286390709_IE94874202		Warsaw,ורשה		"תרמ""ג (קישור לדפוס משנת תרמ""ד)"	"תרמ""ג"		"על התוכן עיין: ג' נגאל, מלקטי הסיפור החסידי, ירושלים תשנ""ו, עמ' 106-113."	"אוסף סיפורים נפלאים על אישים חסידיים ולא חסידיים, וביניהם גם הגר""א, האר""י, ר' יהונתן אייבשיץ ועוד. נובלות ומעשיות נפלאות. רבות מן השמועות מקורן בעיר שעפס שבפולין (Sierpc), ובספר מתוארים גם צדיקים ""מקומיים"" ובלתי ידועים מאזור זה. לספר מצורפת הקדמה על חשיבות הסיפורים. ההדיר מחדש גדליה נגאל, ירושלים 1996.  "			"... וסופר בו מעשיות ושבחים... מרבותינו... אשר הוצאתי... המלהב""ד מענדיל ציטרין..."		990020497140205171			heb	מנדל ציטרין	ציטרין, מנחם מנדל	מנדל ציטרין	Mendel Tzitron	שבָחי צדיקים	953	NULL					TBD	heb	Shivchei Tzadikim				TBD	TBD	953	Point(21.033333333 52.216666666)	21.03333333	52.21666667	NULL	56	61	30	אוסף סיפורים, נובלות, מסורות לוקאליות. ללא מסרנים.	רשימת ספרי חסידות.xlsx - Editions (5).tsv
108	3665		שבחי צדיקים	1895	160769						שבחי צדיקים			Warsaw					TBD				...				יש כבר סריקה מוקדמת	heb		ציטרין, מנחם מנדל				953	NULL	N. Shriftgiser		אברהם יוסף קליימאן		TBD	heb					N. Shriftgiser	אברהם יוסף קליימאן	953	Point(21.033333333 52.216666666)	21.03333333	52.21666667	NULL					רשימת ספרי חסידות.xlsx - Editions (5).tsv
109	3666		שבחי צדיקים	1910	303043						שבחי צדיקים			Warsaw					בלי אישור הצנזורה.				...				יש כבר סריקה מוקדמת	heb		ציטרין, מנחם מנדל				953	NULL			אברהם יוסף קליימאן		TBD	heb					TBD	אברהם יוסף קליימאן	953	Point(21.033333333 52.216666666)	21.03333333	52.21666667	NULL					רשימת ספרי חסידות.xlsx - Editions (5).tsv
110	3667	https://www.nli.org.il/he/books/NNL_ALEPH001787793/NLI	מעשיות פליאות נוראים ונפלאים	1881	323857						מעשיות פליאות נוראים ונפלאים			Lvov,למברג,Lemberg (Lviv)		"תרמ""א"			"בראשי 22 עמ': ""מעשיות פליאות""."				סיפורים ומעשיות מצדיקים גאונים וקדושים ... וגם שיחות ... מהרבה צדיקים ...		990017877930205171		HebrewBooks	heb			אנונימי	Anonymous (Eliezer Shnekel)		166	NULL			(B. L. Becheles)		TBD	heb	Maasiot Pliot Noraim VeNiflaim				TBD	(B. L. Becheles)	166	Point(24.014166666 49.83)	24.01416667	49.83	NULL					רשימת ספרי חסידות.xlsx - Editions (5).tsv
111	3668	https://www.nli.org.il/he/books/NNL_ALEPH002086249	מעשיות פליאות נוראים ונפלאים	1883	148932	29	B			"מעשיות פליאות נוראים ונפלאים, אנונימי (אליעזר שענקל), למברג תרמ""ג"	מעשיות פליאות נוראים ונפלאים	dedupmrg285703119_IE107447328		Lvov,למברג,Lemberg (Lviv)		"תרמ""ג"	"תרמ""ג"		"בשנת תרנ""ו יצאו הסיפורים הללו על-ידי אלעזר שנקל בשני ספרים נפרדים: א. מעשיות נוראים ונפלאים, ב. מעשיות פליאות, בהוספות מעטות."	ילקוט סיפורים אודות אישים חסידיים וחוץ-חסידיים, מועתקים מספרות קודמת ללא אזכור המקורות. כמקובל בסוגה זו, ניכר דגש על היסוד המופלא והסנסציוני. זהו ספר השבחים הראשון של שענקל, סוחר ספרים מטרנוב שבגליציה. את ספריו הבאים הדפיס בעיקר בפאדגורזא הסמוכה לקרקוב במהדורות זולות וסטריאוטיפיות. בחלק מספריו הבאים מופיעים שוב סיפורים מספר זה. על מגמתו המסחרית של הכותב ושיטת עבודתו ראו נגאל, מלקטי הסיפור, עמ' 176.	http://www.hebrewbooks.org/3796		סיפורים ... מצדיקים גאונים ... וגם שיחות ...		990020862490205171			heb	אנונימי (אלעזר שענקל)		אנונימי (אלעזר שנעקל)		מעשיות פליאות נוראים ונפלאים	166	NULL					TBD	heb		"19 ס""מ"			TBD	TBD	166	Point(24.014166666 49.83)	24.01416667	49.83	NULL	51	39	31	מעשיות נפלאות. ללא מסרנים.	רשימת ספרי חסידות.xlsx - Editions (5).tsv
112	3669|3683	https://www.nli.org.il/he/books/NNL_ALEPH002085478	מעשיות פליאות	1896	171141						מעשיות פליאות	dedupmrg286944779_IE92676648		Krakow					הועתק מתוך: מעשיות פליאות נוראים ונפלאים, Lemberg 1883, ספירה שניה. נוספו שלושה סיפורים אחרונים (כב-כד).				"... גדולים ונפלאים ... לאנשי מעשים נוראים ... הובא לבה""ד ע""י ... אלעזר שענקעל מטארנאוו."		990020854780205171			heb						489	NULL					TBD	heb					TBD	TBD	489	Point(19.95 50.066666666)	19.95	50.06666667	NULL					רשימת ספרי חסידות.xlsx - Editions (5).tsv
113	3670		מעשיות פליאות נוראים ונפלאים	1903	148933						מעשיות פליאות נוראים ונפלאים			Lublin					מעבר לשער אישור הצנזור בווארשא מיום 28 בספטמבר 1899.				...				אין שדה 972	heb						174	NULL			אברהם פעדער		TBD	heb					TBD	אברהם פעדער	174	Point(22.566666666 51.233333333)	22.56666667	51.23333333	NULL					רשימת ספרי חסידות.xlsx - Editions (5).tsv
114		https://www.nli.org.il/he/books/NNL_ALEPH001870222	מבוא לתולדות החסידות	1883?-1888												"תרמ""ג?- תרמ""ח"								תולדות החסידות	990018702220205171		לא הצלחתי להוריד. יש בעיה בהורדת הספר- גדי אמר שאין צורך לבקש מהספרייה				שמעון  דובנוב	Simon Dubnow									heb	Toldot Hachassidut (Series of Essays)													32		רשימת ספרי חסידות.xlsx - Editions (5).tsv
115	3671	https://www.nli.org.il/he/books/NNL_ALEPH001881617	אמרי שפר	1884	137483						אמרי שפר	dedupmrg285490631_IE103493901		Lvov,למברג,Lemberg (Lviv)		"תרמ""ד"			"כתבי קודש [איגרות], הנז' בשער, הן של ר' משה סופר מפרשעווארסק, ר' אלעזר ב""ר אלימלך מליזענסק, ר' צבי הירש [אייכענשטיין] מזידיטשוב, ר' נפתלי צבי הורוויץ מראפשיץ, ר' אריה ליב ליפשיץ מיעריסלאב, ר' אהרן משה מגזע צבי מבראד (ירושלים), ר' שלום [רוקח] מבעלזא, ר' אשר ישעי' מראפשיץ [חתנו של ר' נפתלי צבי], ר' חיים הלברשטאם ור' משה ליב מסאסיב."				"על התורה... מהרב... נפתלי צבי הורוויץ אבד""ק ראפשיץ ... אשר לא נדפסו עדן בספריו ... גם... מהה""ק ...ר' שמעון [ב""ר ישראל מרילס] מיעריסלאב ... נקרא בשם מאמר קדישין. והרבה כתבי קודש... העתקתי מגוף כי""ק רבותינו ... גם צוואת הרב ... משה סופר מפרשעווארסק זצוק""ל ... הועתק מכי""ק ... הבאתי לבית הדפוס ... עקיבא הכהן ליבער מק""ק יאשיניצא בה""ה מו""ה משה הכהן זלה""ה מק""ק סאניק..."		990018816170205171			heb		הורוויץ, נפתלי צבי בן מנחם מנדל	נפתלי צבי הורוויץ	Naftali Zvi Horowitz		166	NULL					TBD	heb	Imrei Shefer	8	465516		TBD	TBD	166	Point(24.014166666 49.83)	24.01416667	49.83	NULL	34		33		רשימת ספרי חסידות.xlsx - Editions (5).tsv
116	3672	https://www.nli.org.il/he/books/NNL_ALEPH001982907	עטרת צבי	1884	142253						עטרת צבי	dedupmrg285718810_IE100173920		Berlin,ברלין		"תרמ""ד"			TBD		http://www.hebrewbooks.org/29116		"כולל תולדות הרב... ר' צבי הירש [לעווין] ופעולותיו, שהיה אב""ד בברלין ומלפנים אב""ד בלונדן, האלברשטאדט ומנהיים, בהגאון מוהר""ר אריה ליב אב""ד דק""ק אמסטרדם, ממני אליעזר בר הר""ר מאיר לאנדסהוטה זצ""ל..."		990019829070205171			heb		לאנדסהוט, אליעזר ליזר בן מאיר	אליעזר ליזר לנדסהוטה	Eliezer Liezer Landshote		578	NULL	דפוס צבי הירש איטצקאווסקי		M. Poppelauer		TBD	heb	Ateret Tzvi	8	1443007		דפוס צבי הירש איטצקאווסקי	M. Poppelauer	578	Point(13.383333333 52.516666666)	13.38333333	52.51666667	NULL	57		34		רשימת ספרי חסידות.xlsx - Editions (5).tsv
117	3673	https://www.nli.org.il/he/books/NNL_ALEPH001880996/NLI	סמיכת משה	1886	137566	30	A?	"?30A (אצל קיציס רשום תרמ""ז. זה יכול להיות מתאים למה שרשום אצלנו, סוף שנת 1886)"	finalize date	"סמיכת משה, שמואל הורוביץ, פשמישל תרמ""ז"	סמיכת משה			Przemysl,Przemyśl,פשמישל		"תרמ""ז"	"תרמ""ז"		"הסכמות ר' שלמה קלוגר ור' אלעזר הלוי איש הורוויץ הועתקו מספר ""נזיר השם וסמיכת משה""."	" קובץ סיפורי שבחים אודות ר' שמלקה מניקלשבורג ועמו סדר ייחוס צאצאי הצדיק, בפתיחתו של ספר שעיקרו חידושי תורה תלמודיים של ר' צבי יהושע הורוביץ בן ר' שמלקה מניקלשבורג. יצא לאור על ידי נכדו של הכותב.  המסרן החסידי ר' צבי יחזקאל מיכלזאהן (רצ""י) מופיע לראשונה בספר זה, כמומחה לענייני יוחסין וכמי שסייע למחבר באיסוף מידע אודות משפחתו: ""והיום נודע לי (סדר ייחוסי) ע""י ש""ב ...מ' צבי יחיאל (!) מיכלס זאהן מפיעטרקוב' (עמ' ח)"".  "	http://www.hebrewbooks.org/34276		"... על סוגיות הש""ס, מאת הרב... צבי יהושע הלוי איש הורויץ האבד""ק טרייביטש פרוסטיץ יעמניץ במדינת מעהרין ובסוף ימיו נתקבל לאבד""ק טארני, בן... ר' שמעלקא האבד""ק ניקלשפארג... וחתן אחיו הרב... פנחס הלוי איש הורוויץ אבד""ק פראנקפורט דמיין... גם יש בתוכם דברים... מאביו... ומחותנו... גם הדפסתי בפתיחה דברים... במילי דאגדתא מזקני... ר""ש [ר' שמעלקא] ומזקני... בנו המחבר (מ' גדלי' שמעלקיס בהרב מ' מרדכי... אחיו של... מ' יצחק יהודא האבד""ק שליט""א אשר טרח ויגע... להוציא לאור את הספר... המלבהד""פ שמואל שמעלקא הלוי איש הורוויץ מק' פרעמישלא [ב""ר משולם זלמן ב""ר שמואל שמעלקא ב""ר צבי יהושע, המחבר])..."		990018809960205171		HebrewBooks	heb	שמואל הורוביץ	הורוויץ, צבי יהושע בן שמואל שמלקה הלוי	שמואל הורוביץ (במפעל הביבליוגרפיה זה רשום על בנו)	Shmuel Horowitz	סמיכת משה	424	NULL					"ר' צבי הירש בר""א [ב""ר אהרן פרידמאן], ליסקא, טו למב""י [ל ניסן] הרכ""ו."	heb	Semichat Moshe	8	257253		TBD	TBD	424	Point(22.766666666 49.783333333)	22.76666667	49.78333333	NULL	64		35	"נספח סיפורי שבחים ומגילת יוחסין לספר דרשות. מסרן: רצ""י."	רשימת ספרי חסידות.xlsx - Editions (5).tsv
118	3674	https://www.nli.org.il/he/books/NNL_ALEPH001863826	חסד ה'	1888	דרך האמונה ומעשה רב						חסד ה'	dedupmrg287379385_IE153144319		Livorno,ליוורנו		"תרמ""ח"			בראש שלושת החלקים (דף ו; כא; סד,ב) שם כולל: ספר חסדים טובים. אף בהקדמה קורא המחבר לספר בשם זה.				"... שלשה ספרים נפתחים בו... חסד השם והב' חסדי אבות. והג' חסדי דוד... מלאים... מוסר השכל... חידושי תורה... פעולת... ר' יוסף כנאפו נר""ו... ע""ה אליהו בן אמוזג..."		990018638260205171			jrb			יוסף כנפו	Yoseph Knafo		132	NULL					TBD	jrb	Chasdei Hashem-Chasdei Avot	8			TBD	TBD	132	Point(10.316666666 43.55)	10.31666667	43.55	NULL	87	15	36		רשימת ספרי חסידות.xlsx - Editions (5).tsv
119	3675	https://www.nli.org.il/he/books/NNL_ALEPH001921876	מנחת יצחק	1889	134163	31	A?	"?31A (אצל קיציס רשום תר""ן. זה יכול להיות מתאים למה שרשום אצלנו, סוף שנת 1889)"	finalize date	"מנחת יצחק – שפתי צדיקים, אנונימי (יצחק אייזיק טויבש), למברג תר""ן"	מנחת יצחק	dedupmrg285489158_IE88946735		Lvov,למברג,Lemberg (Lviv)		"תר""נ"	"תר""ן"		"שם המחבר על-פי י' יוסף כהן, הספרות התורנית ברומניה עד סוף המאה הי""ט, קרית ספר, מד, תשכ""ט, עמ' 300."	" חידושי תורה של המחבר וילקוט דברי תורה מגדולי החסידות, ונספח להם קובץ שבחים בשם סיפורים נפלאים אודות ר' מאיר (השני) מפרימישלן. אין לבלבל עם שפתי צדיקים תרכ""ד (ר' ערך) או תרל""ד (ר' ערך). נספח שבחים דומה ראה אור בס' דברי מאיר (תרס""ט, 94).  "	http://www.hebrewbooks.org/6297		"או שפתי צדיקים על התורה, לקוטי פנינים יקרים מצדיקי וגאוני עולם ... ר' אברהם המלאך. ר' אברהם ממקילייעב. ר' דוב בער ממעזריטש. ר' דוד [טווערסקי] מטאלנע. ר' הירש מרימיניב. ר' העניך מאלעסק. ר' זאב מאוסטרא. ר' חיים מקאסיב. ר' חיים [האלבערשטאם] מסאנז. ר' ישראל בעש""ט. ר' יעקב יוסף מפולנאה . ר' יעקב שמשון משופטיווקע. ר' יחזקאל [לאנדא] מפראג ... ר' ישראל [פרידמאן] מרוזין. ר' יהודה צבי [בראנדוויין] מסטרעטין. ר' יצחק אייזיק [אייכענשטיין] מזידיטשוב. ר' מרדכי מליניץ. ר' מרדכי [טווערסקי] מטשערנאביל. ר' משה ליב מסאסיב. ר' משה טייטעלבוים מאוהל. ר' מאיר מפראמישלאן. ר' מענדיל [האגער] מוויזניץ. ר' נפתלי [הורוויץ] מראפשיץ. ר' פייביש [העלער] מזבאריז. ר' שמשון מאוסטראפאלי. ר' שמעלקא [הורוויץ] מניקלשבורג. ר' שלמה [גאטליב] מקארלין. ר' שלום [רוקח] מבעלז ... מסודר מאת גאון מופלג ... לא רצה להזכיר שמו [ר' יצחק אייזיק טויבש]. גם הדפסתי הויכוח שהיה בין ... רבינו יחזקאל לאנדא ... ובין ... רבינו יעקב שמשון משיפטיווקע זצ""ל. גם סיפורים נפלאים מהרב ... מאיר מפראמישלאן ..."		990019218760205171			heb	אנונימי (יצחק אייזיק טויבש)	טויבש, יצחק אייזיק בן שמואל שמלקה	אנונימי (יצחק אייזק טויבש)	Anonymous (Yitzchak Issac Toibesh)	מנחת יצחק – שפתי צדיקים	166	NULL					TBD	heb	Minchat Yitzchak- Siftei Tzadikim	"26 ס""מ"	1477162		TBD	TBD	166	Point(24.014166666 49.83)	24.01416667	49.83	NULL	40		37	נספח שבחים. ללא מסרנים.	רשימת ספרי חסידות.xlsx - Editions (5).tsv
120	3676	https://www.nli.org.il/he/books/NNL_ALEPH001744384/NLI	זכרון טוב	1892	142152	32	A			"זכרון טוב, יצחק לנדא, פיוטרקוב תרנ""ב"	זכרון טוב			פיוטרקוב,Piotrkow,Piotrków		"תרנ""ב"	"תרנ""ב"		"עמ' 3-4: בחלק הראשון מהסיפורים ראיתי לכתוב מה ששמעתי שסיפר אדומו""ר... ובחלק השני... מה שראיתי אני לספר... בחלק השלישי כתבתי... מכתבים שנשלחו למרן... לעת זקנותו."	"זיכרון דברים שראה המחבר ושמע בעצמו מרבו, ר' יצחק מנשכיז. ספר ייחודי עם חומר מקורי רב, כולל תיאורים מפורטים של הצדיק מזיכרונו של המחבר. מספר זה התפרסם הסיפור אודות סוס שנקנה על ידי הצדיק עבור אדם נזקק במקום אתרוג. על כך אמר הצדיק ""אני מברך על הסוס"" (במקום האתרוג). לימים הוציא המחבר גם את הספר תולדות יצחק (וורשה תרכ""ח) עם דברי תורה מרבו על סדר פרשות השבוע.  באחד המהדורות הראשונות כלל הכרך גם קובץ בן שמונה דפים בסוף הספר בשם ""דברי נועם"" (31.1), במהדורות הבאות הושמט קובץ זה.  "	http://hebrewbooks.org/3884		"והוא ספורי מעשיות מהרב הצדיק... [ר' יצחק] מנעסכאיז... הוצאתיו לאור אני... יצחק במה""ר ליב לנדא..."		990017443840205171		ביקשנו מזכויות יוצרים בספריה	heb	יצחק לנדא	לאנדא, יצחק בן ליב	יצחק לנדא	Yitzchak Landa	זכרון טוב	250	NULL					TBD	heb	Zikaron Tov	"22 ס""מ"			TBD	TBD	250	Point(19.683333333 51.4)	19.68333333	51.4	NULL	110		38	"עדות אישית, ממורט, ""בעיני ראיתי"". ללא מסרנים."	רשימת ספרי חסידות.xlsx - Editions (5).tsv
121	3677	https://www.nli.org.il/he/books/NNL_ALEPH001305629	"מרום הרי""ם"	1892	116068	33	A			"מרום הרי""ם, יעקב חיים זליג גולדשלג, וורשה תרנ""ב"	"מרום הרי""ם"	dedupmrg286923234_IE86324448		Warsaw,ורשה		"תרנ""ב"	"תרנ""ב"		מקום הדפוס ושמו של המדפיס באותיות קיריליות.	"דברי תורה, שמועות וסיפורים ששמע המחבר מרבו האדמו""ר ר' יחיאל מאיר מגוסטינין ומחסידים חשובים אחרים מענף פשיסחה. הספר כולל שיחות צדיקים ועדויות רבות אודות רבותיו של ר' יחיאל מאיר, בעיקר אודות ר' מנדל מקוצק. הספר מחולק לשלושה חלקים: צוף הרי""ם (דברי תורה), בכי הרי""ם (הספד על הרבי מגוסטינין) וניצוצי זה""ר (דברים בשם סבו-רבו של המחבר). כולם משובצים שמועות רבות מחצר פשיסחה. יצא לאור על ידי אברהם מרדכי, בן המחבר.  "	http://hebrewbooks.org/22103		"כולל ... א. קונטרס צוף הרי""ם; חידושי תורה ... מרנא ורבנא יחיאל מאיר [ליפשיץ] זצוק""ל, אשר אור תורתו ... זרחה בק""ק גאסטנין ... מהם אשר ... מבינתו אמרם לנו. ומהם אשר מפי ... אדומ""ו מקאצק [ר' מנחם מענדיל מארגנשטערן] זצוק""ל. ואדומ""ו מגור [ר' יצחק מאיר אלטר] זצוק""ל. ואדומ""ו מטשעכאנאווי [ר' אברהם לנדא] זצוק""ל. ואדומ""ו מראדזימין [רבי יעקב אריה גוטערמאן] זצוק""ל. ועוד ... ב. קונטרס בכי הרי""ם. מספד ... על ... המנוח הזה [ר' יחיאל מאיר הנז'] ... מדובר בו קצות דרכיו ותהלוכותיו בקודש ... יום נצחו אראלים את מצוקים ... כ""א לירח שבט שנת ת'ר'ח'ם' ... ג. קונטרס נצוצי זה""ר, חידושי ... זקנינו ... מו""ר זעליג זצ""ל מק""ק שרענצק ... חברו והכינו אאמו""ר ... מ""ו יעקב חיים זעליג שליט""א אב""ד דק""ק לובראנץ ... בן אא""ז ... מ""ו יחיאל מיכל שליט""א אבד""ק שעפס ... הוצאתיו לאור אני בנו אברהם מרדכי גאלדשלאג מפלונסק ..."		990013056290205171			heb	יעקב חיים זליג גולדשלג	גולדשלאג, יעקב חיים זליג בן יחיאל מיכל	יעקב חיים זליג גולדשלג	Yaacov Haim Zelig Goldshlag	"מרום הרי""ם"	953	NULL					TBD	heb	"Merom Hari""m"	8	169721		TBD	TBD	953	Point(21.033333333 52.216666666)	21.03333333	52.21666667	NULL	80		39	אוסף אמרות וסיפורים, עדות אישית.	רשימת ספרי חסידות.xlsx - Editions (5).tsv
122	3678	https://www.nli.org.il/he/books/NNL_ALEPH001744656	מעשיות ושיחות צדיקים	1894	132429	36	A?	"?36A (אצל קיציס רשום תרנ""ה. זה יכול להיות מתאים למה שרשום אצלנו, סוף שנת 1894)"	finalize date	"מעשיות ושיחות צדיקים (שיחות צדיקים), ישראל דוד זיס, למברג תרנ""ה"	מעשיות ושיחות צדיקים	dedupmrg285054653_IE42385049		Lvov,למברג,Lemberg (Lviv)		"תרנ""ה"	"תרנ""ה"		בראשי העמודים: שיחות צדיקים.	"ספרון אגורה ובו אוסף ""סיפורים נפלאים"" המעובדים כנובלות ארוכות ומפותחות, כמקובל בסוגה זו. הספר כולל סיפורים אודות אישים חסידיים ולא חסידיים., וכן עובדות מופלאות וידיעות מרעישות (אודות בעלי חיים ותאומים סיאמיים). נוספו בו גם אמרות ושיחות צדיקים. ההוצאה מרושלת ומלאת שיבושי כתיב. בסגנונו הושפע כנראה מספר מעשה צדיקים עם דברי צדיקים של בודק (תרכ""ד, 8). בהמשך הוציא זיס ספרון נוסף, מעשות מהגדולים והצדיקים (תרנ""ו, 37). על גבי השער מופיעה השנה העברית תרנ""ה והלועזית 1891. ייתכן שהדבר נעשה כדי להערים על הצנזורה, או בשל טעות. הכותב הוא מו""ל, אך הוא מעיד על עצמו שהוא תלמידו של ר' יוסף שאול נתנזון. הוא גם בנו של המדפיס אברהם ניסן הלוי זיס, שככל הנראה עסק בין השאר בהוצאת ספרות שבחים חסידית (לצד יהושע העשיל דרוקר, ר' פרידברג, הדפוס בפולניה, עמ' 85).  נגאל הצביע על כך שבספרונים של זיס קיים חומר מקורי רב (הנ""ל, מלקטי הסיפור, עמ' 120). זיס הוציא שוב את הספרון תחת השם שיחות צדיקים. בית ההוצאה לוין אפשטיין רכש את הזכויות והוציא מחדש את הספרון בוורשה תרפ""ד.  "			"... גם הוספתי לזה סגולות ורפואות בדיקות [!] מצדיקי קדושי עליון זי""ע. גם שיחות וחדושי תורה מכבוד אבי ... ר' אברהם ניסן הלוי זצ""ל ... בהוצאת ה""ר ישראל דוד זיס ..."		990017446560205171			heb	ישראל דוד זיס	זיס, ישראל דוד בן אברהם ניסן הלוי	ישראל דוד זיס	Yisrael David Zis	מעשיות ושיחות צדיקים (שיחות צדיקים)	166	NULL			ישראל דוד זיס		TBD	heb	Maasiot VeSichot Tzadikim	"19 ס""מ"	248429		TBD	ישראל דוד זיס	166	Point(24.014166666 49.83)	24.01416667	49.83	NULL	82		40	ספרון אגורה, ילקוט סיפורים נפלאים, ידיעות סנסציוניות, אמרות ושיחות צדיקים. ללא מקורות, להוציא שמועות בשם מסרנים בלתי מוכרים.	רשימת ספרי חסידות.xlsx - Editions (5).tsv
123	3679		מעשיות ושיחות צדיקים	1895	132430						מעשיות ושיחות צדיקים			Warsaw					"על פי לעמבערג תרנ""ה, בהשמטת ""סגולות ורפואות""."		http://hebrewbooks.org/3768		"... בהוצאת בית מסחר הספרים של ר' ליב ... ב""ר חיים זימל ז""ל מארגענשטערן בווארשא ..."				יש כבר סריקה מוקדמת	heb		זיס, ישראל דוד בן אברהם ניסן הלוי				953	NULL					TBD	heb			248429		TBD	TBD	953	Point(21.033333333 52.216666666)	21.03333333	52.21666667	NULL					רשימת ספרי חסידות.xlsx - Editions (5).tsv
124	3680|3681		מעשיות ושיחות צדיקים	1898	132425						מעשיות ושיחות צדיקים			Warsaw					ראינו טופס עם אישור הצנזור, מעבר לשער, מיום 1 במאי 1897, וטופס שני מיום 3 במארס 1898.				"... הובא לבה""ד ע""י ה""ר פייבל מונק ..."				יש כבר סריקה מוקדמת	heb		זיס, ישראל דוד בן אברהם ניסן הלוי				953	NULL			פייבל מונק		TBD	heb			248429		TBD	פייבל מונק	953	Point(21.033333333 52.216666666)	21.03333333	52.21666667	NULL					רשימת ספרי חסידות.xlsx - Editions (5).tsv
125	3681	https://www.nli.org.il/he/books/NNL_ALEPH002008420/NLI	מעשות מהגדולים והצדיקים	1898	132426	37	A?	"?37A (אצל קיציס רשום תרנ""ו שזה מוקדם מהדפוס אצלנו אבל הוא מציין על השנה סימון '?')"	finalize date	"מעשות מהגדולים והצדיקים, ישראל דוד זיס, וורשה תרנ""ו? המשך לספרו הקודם מעשיות ושיחות צדיקים (תרנ""ה, 36)"	מעשות מהגדולים והצדיקים			Warsaw,ורשה		"תרנ""ח"	"תרנ""ו?"		[3] מר' שמעון בן חלפתא.	"אוסף סיפורים נובליים מרעישים ונפלאים על אישים חסידיים ולא חסידיים, כולל יואב בן צרויה, ר' מאיר בעל הנס, וכן ""מעשה נפלאה מהרב הגאון מווילנה עם סגולה לקיום בנים"" (עמ' 40). הוצאה משובשת וחפוזה מלאה שגיאות כתיב (כולל בשם הספר ""מעשות"" במקום מעשיות). מהדורה שניה יצאה בדפוס סטריאוטיפי בוורשה תרס""ט. הספר נרכש ויצא במהדורות נוספות בידי הוצאת לוין אפשטיין. "	http://hebrewbooks.org/43344		"... הובא לבה""ד ע""י ה""ר פייבל מונק ..."		990020084200205171		HebrewBooks	heb	ישראל דוד זיס	זיס, ישראל דוד בן אברהם ניסן הלוי	ישראל דוד זיס	Yisrael David Zis	מעשות מהגדולים והצדיקים	953	NULL					TBD	heb	Maasiot Mehagdolim VeHatzadikim	8	248429		TBD	TBD	953	Point(21.033333333 52.216666666)	21.03333333	52.21666667	NULL	84		41	ספרון אגורה, מעשיות נפלאות. ללא מקורות ומסרנים.	רשימת ספרי חסידות.xlsx - Editions (5).tsv
126	3682		מעשיות מהגדולים והצדיקים	1909	132427						מעשיות מהגדולים והצדיקים			Warsaw					בראשי העמודים: מעשות מהגדולים והצדיקים.				...				יש כבר סריקה מוקדמת של HebrewBooks	heb		זיס, ישראל דוד בן אברהם ניסן הלוי				953	NULL			האחים לעווין-עפשטיין		TBD	heb			248429		TBD	האחים לעווין-עפשטיין	953	Point(21.033333333 52.216666666)	21.03333333	52.21666667	NULL					רשימת ספרי חסידות.xlsx - Editions (5).tsv
127	3669|3683	https://www.nli.org.il/he/books/NNL_ALEPH002085478	מעשיות פליאות	1896	171141	38	A			"מעשיות פליאות, אלעזר שענקל, קרקוב תרנ""ו"	מעשיות פליאות	dedupmrg286944779_IE92676648 כפול כבר מופיע בשורה 116		קרקוב,Krakow		"תרנ""ו"	"תרנ""ו"		הועתק מתוך: מעשיות פליאות נוראים ונפלאים, Lemberg 1883, ספירה שניה. נוספו שלושה סיפורים אחרונים (כב-כד).	"ספרון אגורה קטן (32 עמ'.) ובו מעשיות נפלאות חסידיות וחוץ חסידיות. כולל סיפוריים עממיים ומשלים: אדם שצד ציפור וזו דיברה אליו דברי מוסר. מופיע גם עיבוד של סיפור מס' חיי מוהר""ן (תרל""ד, 20). כמה מעשים מקורם כנראה במסורות לוקאליות מאזור קרקוב (למשל מעשה מאבי הרמ""א), הסמוכה למקום הולדתו של המחבר. מהדורה זולה וסטיאוטיפית, בדומה לשאר ספריו של שענקל (למשל מעשיות נוראים ונפלאים, תרנ""ו, 39). בשער מוזכר כי הספר הודפס בדפוסו של יוסף פישר (שמו של שענקל מוזכר בגרמנית כמו""ל), שהיה מחשובי המדפיסים באזור זה באותן השנים.  "	http://hebrewbooks.org/33914		"... גדולים ונפלאים ... לאנשי מעשים נוראים ... הובא לבה""ד ע""י ... אלעזר שענקעל מטארנאוו."		990020854780205171			heb	אלעזר שענקל		אלעזר שענקל	Elazar Shenkel	מעשיות פליאות	489	NULL					TBD	heb	Maasiot Pliot	"18 ס""מ"			TBD	TBD	489	Point(19.95 50.066666666)	19.95	50.06666667	NULL	32	24	42	ספרון אגורה, מעשיות נפלאות, ללא מקורות ומסרנים.	רשימת ספרי חסידות.xlsx - Editions (5).tsv
128	3684|3686		מעשיות פליאות		148931						מעשיות פליאות			Tel Aviv					עי' להלן: מעשיות פליאות נוראים ונפלאים.				NULL				יש כבר סריקה מוקדמת	heb						272	NULL					TBD	heb					TBD	TBD	272	Point(34.8 32.083333333)	34.8	32.08333333	NULL					רשימת ספרי חסידות.xlsx - Editions (5).tsv
129	3685	https://www.nli.org.il/he/books/NNL_ALEPH002085219	מעשיות נוראים ונפלאים	1896	171140	39	A			"מעשיות נוראים ונפלאים, אלעזר שענקל, קרקוב תרנ""ו"	מעשיות נוראים ונפלאים	dedupmrg286514725_IE96802105		קרקוב,Krakow		"תרנ""ו"	"תרנ""ו"		מעשיות.	ספרון אגורה ובו לקט מעשיות נובליות על תנאים, אמוראים וחסידים. כמה סיפורים לקוחים מס' נתיב מצוותיך (ר' יחיאל יהודה ספרין מקומרנא). דומה בצורתו לספריו הקודמים של המחבר.	http://hebrewbooks.org/39000		"... מצדיקים,גאונים וקדושים, נקבצו ... מספרן של צדיקים רבים ... ישנים גם חדשים ... הובא לבית הדפוס ע""י ... אלעזר שענקיל ..."		990020852190205171			heb	אלעזר שענקל	שנקל, אלעזר בן יעקב	אלעזר שענקל	Elazar Shenkel	מעשיות נוראים ונפלאים	489	NULL					TBD	heb	Maasiot Noraim VeNiflaim	8	187059		TBD	TBD	489	Point(19.95 50.066666666)	19.95	50.06666667	NULL	40	23	43	מעשיות נפלאות. ללא מקורות ומסרנים.	רשימת ספרי חסידות.xlsx - Editions (5).tsv
130	3684|3686		מעשיות נוראים ונפלאים		148930						מעשיות נוראים ונפלאים			Tel Aviv					עי' להלן: מעשיות פליאות נוראים ונפלאים.				NULL				יש כבר סריקה מוקדמת	heb						272	NULL					TBD	heb					TBD	TBD	272	Point(34.8 32.083333333)	34.8	32.08333333	NULL					רשימת ספרי חסידות.xlsx - Editions (5).tsv
131	3619|3687	https://www.nli.org.il/he/books/NNL_ALEPH002070089	ספורי צדיקים	1896	180373						ספורי צדיקים	dedupmrg285038807_IE96460865		קרקוב,Krakow		"תרנ""ו"			"על-פי ""ספורי צדיקים מארבעה מטיבי לכת"", Lemberg תרכ""ה, פרט לשער שהוא על-פי ההוצאה הראשונה, [לעמבערג] תרכ""ד, בהשמטת שם המחבר."		http://hebrewbooks.org/43908		מהחוט המשולש...		990020700890205171	כפול כמו שורה 64-		heb		רודקינזון, מיכאל לוי בן אלכסנדר	מיכאל לוירודקינסון	Michael Levi Rodkinson		489	NULL					TBD	heb	Sipurei Tzadikim From the Chut Hameshulash	8	112366		TBD	TBD	489	Point(19.95 50.066666666)	19.95	50.06666667	NULL	48		44		רשימת ספרי חסידות.xlsx - Editions (5).tsv
132	3688	https://www.nli.org.il/he/books/NNL_ALEPH001833822	כוכבי אור	1896	133474	40	A			"כוכבי אור, אברהם ב""ר נחמן חזן, ירושלים תרנ""ו"	כוכבי אור	dedupmrg286730068_IE80851396		ירושלים,Jerusalem		"תרנ""ו"	"תרנ""ו"		"לא נדפס אלא החלק הראשון: אנשי מוהר""ן."	"אוסף סיפורים על ""אנשי מוהר""ן"", חסידי ברסלב הראשונים וביניהם ר' נתן מנמירוב ואחרים, ששמע המחבר בעיקר מאביו, ר' נחמן מטולצ'ין, תלמידו הקרוב של ר' נתן. לימים יצא לאור על ידי שמואל הורוביץ בצירוף השלמות מכתב יד המחבר בירושלים תרצ""ה, בספר סיפורים נפלאים (231). החל ממהודרת תשכ""א מהדורות כוכבי אור כוללות את הקובץ סיפורים נפלאים כחלק מן הספר. עוד על הספר ר' אסף, ביבליגרפיה, עמ' 23-22.  "			"והוא סיפורים ... ודברים ... על ... רבינו נחמן [מברסלב] זצוק""ל [מאת ר' אברהם ב""ר נחמן ישראל חזן] ... וחילקתי ... לד' חלקים הנקראים בשם: אנשי מוהר""ן, אמת ואמונה חכמה ובינה, ששון ושמחה ..."		990018338220205171			heb	"אברהם ב""ר נחמן חזן"	חזן, אברהם בן נחמן ישראל הלוי	"אברהם ב""ר נחמן חזן"	Avraham the son of Nahman Chazan	כוכבי אור	691	NULL					TBD	heb	Kochavei Or	"17 ס""מ"	175020		TBD	TBD	691	Point(35.233333333 31.783333333)	35.23333333	31.78333333	NULL	34		45	קובץ סיפורים, ספרות חצר. מסרנים: אבי המחבר ומסרנים נוספים (על פי עדות המחבר בהקדמה).	רשימת ספרי חסידות.xlsx - Editions (5).tsv
133		https://www.nli.org.il/he/books/NNL_ALEPH002009982/NLI	ספר קבוצת יעקב	1896	149435	41		41 (קיציס מביא את השם הכללי של הספר 'קבוצת יעקב') כמו כן, לבדוק מקום הוצאה והדפסה!	הפרדנו בין שתי הדפסות זהות שהשערים שלהם שונים	"קבוצת יעקב, יעקב מרגליות, פשמישל תרנ""ו"				Berdychiv,ברדיטשוב			"תרנ""ו"			"הספר מכיל עניינים שונים המחולקים לפרקים (למשל רשימת מצוות עשה ולא תעשה, מכתב מר' אברהם מקליסק ועוד). הפרק האחרון בספר נקרא ""גדולים מעשה צדיקים"" הוא קובץ חשוב של סיפורים מקוריים. מצורפת הסכמה מר' אברהם יעקב מסדיגורה.  המחבר, חסיד רוז'ין, הוא נינו של ר' יצחק, אחי ר' מאיר מרגליות (בעל המאיר נתיבים) תלמידו וידידו של הבעש""ט. בספר מובאות מסורות משפחתיות חשובות, כגון סיפורים אודות הסב, ר' שמואל, שהיה נער בבית הבעש""ט. בשל כך זכה הספר להערכה בידי ש""י עגנון (על פי עדות דב סדן, אצל נגאל, מלקטי הסיפור, עמ' 118) כמו כן מביא המחבר דברים ששמע מרבי ישראל מרוז'ין. ספר זה הוא המקור הראשון לסיפור הנער המחלל בחליל ביום הכיפורים בבית המדרש של הבעש""ט. ר' גם מור אלטשולר, קבוצת יעקב. הספר ראה אור בשינויים קלים בתרנ""ז. יצא לאור שוב על ידי שלמה טלינגטור כשהוא מצורף לקבצים נוספים הקשורים לבית רוז'ין (ישועות ישראל, תפארת ישראל, גדולים מעשה צדיקים, ירושלים תש""ה). בתש""ו הדפיס את הקובץ לבדו כספרון עצמאי (גדולים מעשה צדיקים).  סוגה (בהתייחס לפרק הסיפורים): ילקוט סיפורים, מסורת משפחתית. מוזכרים כמה מסרנים."		https://tablet.otzar.org/he/book/book.php?book=10536&width=0&scroll=0&udid=0			990020099820205171		ביקשנו מזכויות יוצרים בספריה		יעקב מרגליות		יעקב מרגליות	Yaacov Margaliot	קבוצת יעקב	571							כנראה heb							571					20		46		רשימת ספרי חסידות.xlsx - Editions (5).tsv
133.2		https://www.nli.org.il/he/books/NNL_ALEPH002009982/NLI	ספר קבוצת יעקב	1897	149435	41		41 (קיציס מביא את השם הכללי של הספר 'קבוצת יעקב') כמו כן, לבדוק מקום הוצאה והדפסה!	הפרדנו בין שתי הדפסות זהות שהשערים שלהם שונים	"קבוצת יעקב, יעקב מרגליות, פשמישל תרנ""ו"			פשמישל			"תרנ""ז"				"הספר מכיל עניינים שונים המחולקים לפרקים (למשל רשימת מצוות עשה ולא תעשה, מכתב מר' אברהם מקליסק ועוד). הפרק האחרון בספר נקרא ""גדולים מעשה צדיקים"" הוא קובץ חשוב של סיפורים מקוריים. מצורפת הסכמה מר' אברהם יעקב מסדיגורה.  המחבר, חסיד רוז'ין, הוא נינו של ר' יצחק, אחי ר' מאיר מרגליות (בעל המאיר נתיבים) תלמידו וידידו של הבעש""ט. בספר מובאות מסורות משפחתיות חשובות, כגון סיפורים אודות הסב, ר' שמואל, שהיה נער בבית הבעש""ט. בשל כך זכה הספר להערכה בידי ש""י עגנון (על פי עדות דב סדן, אצל נגאל, מלקטי הסיפור, עמ' 118) כמו כן מביא המחבר דברים ששמע מרבי ישראל מרוז'ין. ספר זה הוא המקור הראשון לסיפור הנער המחלל בחליל ביום הכיפורים בבית המדרש של הבעש""ט. ר' גם מור אלטשולר, קבוצת יעקב. הספר ראה אור בשינויים קלים בתרנ""ז. יצא לאור שוב על ידי שלמה טלינגטור כשהוא מצורף לקבצים נוספים הקשורים לבית רוז'ין (ישועות ישראל, תפארת ישראל, גדולים מעשה צדיקים, ירושלים תש""ה). בתש""ו הדפיס את הקובץ לבדו כספרון עצמאי (גדולים מעשה צדיקים).  סוגה (בהתייחס לפרק הסיפורים): ילקוט סיפורים, מסורת משפחתית. מוזכרים כמה מסרנים."		https://tablet.otzar.org/he/book/book.php?book=10536&width=0&scroll=0&udid=0			990020099820205171		ביקשנו מזכויות יוצרים בספריה		יעקב מרגליות		יעקב מרגליות	Yaacov Margaliot	קבוצת יעקב	424							כנראה heb							424					20		46		רשימת ספרי חסידות.xlsx - Editions (5).tsv
134	3689	https://www.nli.org.il/he/books/NNL_ALEPH001935040	נפלאות חדשות	1896	135738	42	A?	"?42A (אצל קיציס רשום תרנ""ז.  זה יכול להיות מתאים למה שרשום אצלנו, סוף שנת 1896.)"	finalize date	"נפלאות חדשות, יחיאל משה גרינוולד, פיוטרקוב תרנ""ז"	נפלאות חדשות	dedupmrg286509658_IE42273738		פיוטרקוב,Piotrkow,Piotrków		"תרנ""ז"	"תרנ""ז"		"עמ' 4-13: ""סדר היום הקצר"" (הנהגות טובות)."	"אוסף של שמועות ודברי תורה חסידיים וביניהם משובצים סיפורים ושיחות של צדיקים מבית פשיסחה, ובעיקר מהרבי מקוצק שהמחבר הוא קרובו (דודתו נשואה לר' דוד, בן ר' מנדל מקוצק). לספר הסכמות מאת ר' צדוק הכהן, ר' לייבלה איגר ורבנים חסידיים נוספים. ההסכמות חתומות בשנת תרמ""ז, וכנראה שהוצאת הספר התעכבה כעשר שנים. נוסף לספר ""סדר היום הקצר"" ובו קובץ הנהגות, וכן ""ליקוטים"" של דברי תורה. המחבר הוא רב חסידי קשיש בעיירה יאדימוב.  המשכו של ספר זה בכרך נוסף, ליקוטים חדשים, תרנ""ט (45).  "	http://hebrewbooks.org/3628		"... על תורה נביאים וכתובים. וכמה חידושים ... באגדות והלכות ... גם סדר היום הקצר. מהני ... הגאונים ... חברו ... ר' יחיאל משה שליט""א אבד""ק קאמאראווקע וק""ק יאדימאווע. נכד ... מו""ה צבי הירש זצלה""ה מאפאטשנע ... הובא לבית הדפוס ע""י בן ... המחבר ..."		990019350400205171			heb	יחיאל משה גרינוולד	גרינוואלד, יחיאל משה בן מ י	יחיאל משה גרינוולד	Yechiel Moshe Greenwald	נפלאות חדשות	250	NULL					"ר' שמואל צבי לערינמאן, קארוב, ו ראה תרמ""ז."	heb	Niflaot Chadashot	"24 ס""מ"	170465		TBD	TBD	250	Point(19.683333333 51.4)	19.68333333	51.4	NULL	112		47	אוסף דברי תורה, שיחות וסיפורים. ללא מסרנים.	רשימת ספרי חסידות.xlsx - Editions (5).tsv
135	3690		נפלאות חדשות	1899	327021						נפלאות חדשות			Piotrkow					בתאריך הלועזי שנדפס בשולי השער (1897), נמחקה הספרה האחרונה, ונותר: 189.				"... על תורה נביאים וכתובים. וכמה חידושים ... באגדות והלכות ... גם סדר היום הקצר מהני ... הגאונים ... חברו ... ר' יחיאל משה שליט""א אבד""ק קאמאראווקע וק""ק יאדימאווע. נכד ... מו""ה צבי הירש זצלה""ה מאפאטשנע ... הובא לבית הדפוס ע""י בן ... המחבר ..."				יש כבר סריקה מוקדמת	heb		גרינוואלד, יחיאל משה בן מ י				250	NULL					"ר' שמואל צבי לערינמאן, קארוב, ו ראה תרמ""ז."	heb			170465		TBD	TBD	250	Point(19.683333333 51.4)	19.68333333	51.4	NULL					רשימת ספרי חסידות.xlsx - Editions (5).tsv
136	3691	https://www.nli.org.il/he/books/NNL_ALEPH001747078/NLI	דרך האמונה ומעשה רב	1889	322532	43	A?	"?43A (אצל קיציס רשום תרנ""ח שזה מאוחר מהדפוס אצלנו)"	לבדוק	"דרך האמונה ומעשה רב, יעקב שלום דונר, וורשה תרנ""ח"	דרך האמונה ומעשה רב			ווארשא,Warsaw		"תרמ""ט"	"תרנ""ח"		אנתולוגיה של הגות וסיפורת חסידית.	"ילקוט נרחב של סיפורי צדיקים על דמויות חסידיות ולא חסידיות. הסיפורים לקוחים בעיקר מספרים קודמים ו""לא מפה לאוזן מקובצים"". הסיפורים מסודרים לפי נושאים על סדר הא""ב. כמה סיפורים נפלאים וסנסציונים, כמו מסורת סיפור על דיבוק בעיר שעפיש (שעפס, השוו ס' שבחי צדיקים תרמ""ג, 28, ובו מסורות מעיר זו) וכן עדות על נהר סמבטיון בשם החיד""א. סיפור אחד נמסר למחבר מאת קרובו רצ""י מיכלזאהן (בשם ר""י לווינשטיין). לימים יהיה אביו של המחבר, נתן נטע דונר, מסרן חשוב וסופר חסידי פעיל בחוג זה. למעשה, סביר כי הכותב האמתי של הספר הוא האב, וכך גם עולה מדבריו של האב בהקדמת ספרו שערי האמונה (55). זוהי עדות לתחילת פעילותו של חוג הסופרים הקשורים לרצ""י. התופעה של אישים רבניים הנעזרים בבניהם ומצניעים את שמם אפיינה את פעולתם של בני החוג. הספר נפוץ במהדורות רבות.  "			"כולל הרבה מאות סיפורים ... מקובצים מהרבה ספרים ... מתלמידי ... הבעש""ט ... מועתק בלשונם ([על ידי] ר' יעקב שלום הכהן) ... המו""ל ... יחיאל יוסף גוטמאן מגור קאלוואריע."		990017470780205171		HebrewBooks שנת 1898 	heb	יעקב שלום דונר	דונר, יעקב שלום בן נתן נטע הכהן	יעקב שלום דונר	Yaacov Shalom Duner	דרך האמונה ומעשה רב	953	NULL			אברהם יוסף קליימאן		TBD	heb	Derech Haemuna VeMaasei Rav		171190		TBD	אברהם יוסף קליימאן	953	Point(21.033333333 52.216666666)	21.03333333	52.21666667	NULL				"ילקוט סיפורים מתוך ספרים. מסודר לפי נושאים. סיפור אחד בשם רצ""י מיכלזאהן."	רשימת ספרי חסידות.xlsx - Editions (5).tsv
137	3692		דרך האמונה ומעשה רב	1898	125494						דרך האמונה ומעשה רב			Warsaw,ורשה		"תרנ""ח"			אנתולוגיה של הגות וסיפורת חסידית.		http://hebrewbooks.org/3626		"... המו""ל ... יחיאל יוסף גוטמאן מגור קאלוואריע ..."				יש סריקה מוקדמת של HebrewBooks	heb		דונר, יעקב שלום בן נתן נטע הכהן	יעקב שלום דונר	Yaacov Shalom Duner		953	NULL					TBD	heb	Derech Haemuna VeMaasei Rav	"24 ס""מ"	171190		TBD	TBD	953	Point(21.033333333 52.216666666)	21.03333333	52.21666667	NULL	114		48		רשימת ספרי חסידות.xlsx - Editions (5).tsv
138	3693		דרך האמונה ומעשה רב	1898	125496						דרך האמונה ומעשה רב			Warsaw					TBD				"כולל הרבה מאות סיפורים ... מקובצים מהרבה ספרים ... וביותר מתלמידי ... הבעש""ט ... מועתק בלשונם ([על ידי] ר' יעקב שלום הכהן) ...המו""ל ... יחיאל יוסף גוטמאן מגור קאלוואריע ..."				יש סריקה מוקדמת של HebrewBooks	heb		דונר, יעקב שלום בן נתן נטע הכהן				953	NULL	(Sikora i Mylner)				TBD	heb			171190		(Sikora i Mylner)	TBD	953	Point(21.033333333 52.216666666)	21.03333333	52.21666667	NULL					רשימת ספרי חסידות.xlsx - Editions (5).tsv
139	3587|3694|3696|3709|3710|3722|3730|3755|3770|3799		דרך האמונה ומעשה רב	1899	125497						דרך האמונה ומעשה רב			Warsaw					שמו של המדפיס באותיות קיריליות.				...				יש סריקה מוקדמת של HebrewBooks	heb		דונר, יעקב שלום בן נתן נטע הכהן				953	NULL			"אברהם יוסף קליימאן מו""ס מקאלביעל"		TBD	heb			171190		TBD	"אברהם יוסף קליימאן מו""ס מקאלביעל"	953	Point(21.033333333 52.216666666)	21.03333333	52.21666667	NULL					רשימת ספרי חסידות.xlsx - Editions (5).tsv
140	3695		דרך האמונה ומעשה רב	1925	125495						דרך האמונה ומעשה רב			Warsaw					TBD				...				יש סריקה מוקדמת של HebrewBooks	heb		דונר, יעקב שלום בן נתן נטע הכהן				953	NULL	J. Wagmeister		אברהם יוסף קליימאן		TBD	heb			171190		J. Wagmeister	אברהם יוסף קליימאן	953	Point(21.033333333 52.216666666)	21.03333333	52.21666667	NULL					רשימת ספרי חסידות.xlsx - Editions (5).tsv
141	3696	https://www.nli.org.il/he/books/NNL_ALEPH001855152/NLI	תולדות הנפלאות	1899	114212	44	A			"תולדות הנפלאות, ישראל משה ברומברג, וורשה תרנ""ט"	תולדות הנפלאות			Warsaw,ורשה		"תרנ""ט"	"תרנ""ט"		שמו של המדפיס באותיות קיריליות.	"מונוגרפיה על ר' חיים מאיר יחיאל ממוגלניצא, שנכתבה על ידי חסידו של הצדיק: ""אשר ראיתי בעיניי וגם אשר שמעתי מפיו הקדוש"". הספר מדגיש מעשי נסים ורוח הקודש. בסופו מצורפים כמה סיפורים בסגנון מעשיות נוראות. הספר יצא על ידי בן המחבר, יעקב אהרן (ייתכן יש קשר משפחתי לסופר החסידי אברהם יצחק ברומברג [ב""ר נתן], שהוציא לאור סדרת ספרי שבחים לאחר השואה). הכותב ערך ספר נוסף בסגנון דומה על רבו, שיחות חיים, תרע""ד (138).  "	http://hebrewbooks.org/3882		"מאת ... השרף ממאגלניצא מ' חיים מאיר יחיאל [שפירא] נכד הרב המגיד מקאזניץ [ר' ישראל ב""ר שבתי האפשטיין] מלוקט ומחובר ע""י ... ר' ישראל משה ז""ל מלאדז והובא לבית הדפוס ע""י בנו מהו""ר יעקב אהרן בראמבערג מעיר לאדז ..."		990018551520205171		HebrewBooks	heb	ישראל משה ברומברג	ברומברג, ישראל משה בן יהודה	ישראל משה ברומברג	Yisrael Moshe Brumberg	תולדות הנפלאות	953	NULL					TBD	heb	Toldot Haniflaot	8	168831		TBD	TBD	953	Point(21.033333333 52.216666666)	21.03333333	52.21666667	NULL	57	126	49	בעיני ראיתי, מונוגרפיה, סיפורי נפלאות. ללא מסרנים.	רשימת ספרי חסידות.xlsx - Editions (5).tsv
142	3697	https://www.nli.org.il/he/books/NNL_ALEPH001934710	ליקוטים חדשים	1899	135736	45	A			"ליקוטים חדשים, יחיאל משה גרינוולד, וורשה תרנ""ט"	ליקוטים חדשים	dedupmrg287191822_IE93392975		Warsaw,ורשה		"תרנ""ט"	"תרנ""ט"		"עמ' 53 ואילך: שאלות (בעניני הלכה) וחידושים בש""ס. עמ' 101 ואילך: ספורי מעשיות ... ששמעתי ממגידי אמת. סיפורי צדיקים."	" המשכו של הס' נפלאות חדשות, תרנ""ז (42). לקט דרשות מאת אדמו""רי בית פשיסחה ובסופו קובץ סיפורי מעשיות. בקובץ סיפורים על אישים חסידיים וחוץ חסידיים (הש""ך, ר' שמשון מאוסטרופוליא שנשמר על ידי אריה כשעזב שיירה במדבר, וסיפורים נוספים). כמה מסורות מאת סב המחבר על החוזה מלובלין.  סוגה (בקובץ הסיפורים): נספח לספר דרשות. ילקוט סיפורים, מעשיות נפלאות. כמה מהסיפורים מפי מסרן."	http://hebrewbooks.org/3671		"... על התורה נביאים וכתובים ופלפולים ... ואיזה שו""ת ... וספורים ... גם נשלם בזה מה שנחסר בהחיבור נפלאות חדשות, והטעותים משם ... גם ממה שחננו השי""ת. חברתי ... יחיאל משה ב""מ מ""י ז""ל אבד""ק יאדימאוו, נכד ... מו""ה צבי הירש (דישקעס) מאפאטשנע ... הובא לבית הדפוס ע""י בנו ... מו""ה יהודא ..."		990019347100205171			heb	יחיאל משה גרינוולד	גרינוואלד, יחיאל משה בן מ י	יחיאל משה גרינוולד	Yechiel Moshe Greenwald	ליקוטים חדשים	953	NULL					"ר' ירחמיאל ישעיה גינצבערג [צ""ל: מינצבערג], ליקאווא, ט אדר תרנ""ח."	heb	Likutim Chadashim	8	170465		TBD	TBD	953	Point(21.033333333 52.216666666)	21.03333333	52.21666667	NULL	112		50		רשימת ספרי חסידות.xlsx - Editions (5).tsv
143		https://www.nli.org.il/he/books/NNL_ALEPH002067057	נצר תאנה	1900	165632	46	A?	לבדוק	לבדוק		נצר תאנה	dedupmrg287011167_IE104187043		קרקוב,Tarnow,Krakow?		"תרנ""ט"	"תרנ""ט"								990020670570205171					ראבי, שמעון בן יוסף	שמשון רבי	Shimshon Rabi		765	NULL	Josef Pisz.	Yosef Fischer				heb	Notzer Teaina	"17 ס""מ"										32		51		רשימת ספרי חסידות.xlsx - Editions (5).tsv
144	3698	https://www.nli.org.il/he/books/NNL_ALEPH001872449/NLI	מים רבים	1899	125501	47	A			"מים רבים, נתן נטע דונר, וורשה תרנ""ט"	מים רבים			Warsaw,ורשה		"תרנ""ט"	"תרנ""ט"		"8 עמ': מגילת יוחסין ... משפחת ... מחותני זקיני הה""ק ר' יצחק שלמה מזעלעחאוו."	" אוסף דרשות המיוחסות לר' יחיאל מיכל מזלוטשוב (בדומה לס' נוסף מאת המחבר, מנרת זהב תרס""ד, ר' ערך). בסוף הספר קובץ של ""סיפורים נפלאים"", וכן ""כוונת המקווה"" מאת הבעש""ט ומאת ר' נחום מטשרנוביל. נוספה גם מגילת יוחסין למשפחת ר' יחיאל מיכל מזלוטושוב, שהמחבר מתייחס אליו.  הכותב הוא רב חסידי שהיה מסרן פעיל בחוגו של רצ""י. בספרים נוספים בחוג זה מובאות מסורות רבות משמו. כמו שאר בני החוג הוא נודע כמעתיק שמועה חשוב וכידען בענייני יוחסין ומשפחה.  "	http://hebrewbooks.org/3711		"לקוטי דברים ... על פסוקי תנ""ך מסודרים ואגדת חז""ל ... אשר יצאו מפום ... מרנא ורבנא יחיאל מיכל זצוקללה""ה מ""מ דק""ק זלאטשוב ... ומי""כ [צ""ל: ומנוחתו כבוד] ביאמפאלא ... בן ... המוכיח ר' יצחק ... מ""מ דק""ק הארחוב ושם מנ""כ ודק""ק דראהביטש, בהה""ק מוה' יוסף ... בהה""ק מו""ה משה מזווירש ... גם נמצא פה חידושי תורה מאביו ... ר' יצחק מדראביטש ומבני ... המגיד מזלאטשוב ... נעתק ונאסף ע""י הרב ... מו""ה נתן נטע הכהן האבד""ק קאלביעל ..."		990018724490205171		ביקשנו מזכויות יוצרים בספריה	heb	נתן נטע דונר	דונר, נתן נטע בן צבי הכהן	נתן נטע דונר	Natan Netah Doner	מים רבים	953	NULL					"ר' משה אליקום בריעה ברי""ש [יצחק שלמה], זעליחאוו, א של ראש חודש ניסן תרנ""ט."	heb	Maim Rabim	"23 ס""מ"	171191		TBD	TBD	953	Point(21.033333333 52.216666666)	21.03333333	52.21666667	NULL	152		52	נספח לספר דרשות. ילקוט סיפורים בעיקר מספרים קודמים, בציון המקורות.	רשימת ספרי חסידות.xlsx - Editions (5).tsv
145	3699		מים רבים	1905	125502						מים רבים			Warsaw					"בשער נשאר תאריך ההוצאה הראשונה, תרנ""ט."				...				יש סריקה מוקדמת של HebrewBooks	heb		דונר, נתן נטע בן צבי הכהן				953	NULL			אברהם יוסף קליימאן		TBD	heb			171191		TBD	אברהם יוסף קליימאן	953	Point(21.033333333 52.216666666)	21.03333333	52.21666667	NULL					רשימת ספרי חסידות.xlsx - Editions (5).tsv
146	3700	https://www.nli.org.il/he/books/NNL_ALEPH001937668/NLI	אמונת צדיקים	1900	136870	48	A			"אמונת צדיקים, אנונימי (יצחק דוב בער בן צבי הירש), וורשה תר""ס"	אמונת צדיקים			ורשה?,Warsaw?,Warsaw		"תר""ס"	"תר""ס"		"על המעטפת: ""קהל חסידים החדש"". בשם זה נקראו חלק מההוצאות הבאות של הספר."	" ילקוט של כמאתיים סיפורים על צדיקים חסידיים. כולל סיפורי נפלאות נובליים ארוכים. המחבר מעיד כי אסף סיפורים מספרים קודמים וביניהם רמתיים צופים (26), זכרון טוב (32) ואחרים. עם זאת ייתכן כי הספר מכיל חומר מקורי.  המחבר מציג את עצמו כנכדו של תלמיד הבעש""ט ר' יוסף, וכי בידו מסורות משפחתיות. בהקדמה מוזכר המחבר כ""איש זקן שקנה חכמה... ומחמת גודל ענותנותו לא רצה לפרסם שמו"", אך ייתכן שהסיבה להצנעת שמו היא היות עיקרו של הספר העתקות מספרים קודמים. עוד על הספר והמחבר ראו נגאל, מלקטי הסיפור, עמ' 148-137.  בתרס""ב הוציא המחבר מחדש את ספרו בלבוב בשם שונה: קהל חסידים החדש (59). כנראה משיקולים מסחריים, כדי לזהות את ספרו עם קהל חסידים של וולדן (תרכ""ה, 11), שהצליח מאוד.  "	http://hebrewbooks.org/3839		"... כולל שני מאות סיפורים ... אשר סיפרו ארבעה ... אנשי השם ... הראשון ... ר' יצחק אייזיק [ספרין] ... מקאמרני ... השני ... ר' יצחק [ב""ר מרדכי] זצלה""ה הרב מנעסחיז ... השלישי ... מו""ה משולם נתן מרגליות זצלה""ה ראבד""ק בארדיטשוב. מה ששמע מאביו ... ר' שמואל מרגליות זצלה""ה אבד""ק זאליטשיק שישב ... בבית רבינו הבעש""ט ... וסיפר לו ... מה שראו עיניו. ובנו ... מו""ה יעקב מרגליות ז""ל הראבד""ק בארדיטשוב בספרו קבוצת יעקב הדפיס שם כמה סיפורים מאלו ... הרביעי ... מו""ה שמואל משינאווי זצלה""ה אבד""ק נאשעלסק (חברו ... אחד מחסידי קשישאי ... שמו ... בר""ת ידב""ה [יצחק דוב בער ב""ר הירש]) ..."		990019376680205171		איןן סריקה	heb	אנונימי (יצחק דוב בער בן צבי הירש)	יצחק דוב בר בן צבי הירש	אנונימי- (יצחק דוב בער בן צבי הירש?)	Anonymous- (Yitzhak Dov Beer Ben Tzvi Hirsh?)	אמונת צדיקים	953	NULL					TBD	heb	Emunat Tzadikim	8			TBD	TBD	953	Point(21.033333333 52.216666666)	21.03333333	52.21666667	NULL	96	206	53	ילקוט סיפורים מתוך ספרים קודמים, כולל כמה סיפורי נפלאות, מסודר לפי אישים באופן חלקי. ללא מסרנים מלבד עדותו של המחבר כי ליקט מסורות משפחתיות.	רשימת ספרי חסידות.xlsx - Editions (5).tsv
147	3701	https://www.nli.org.il/he/books/NNL_ALEPH002059136/NLI	מבשר טוב	1900	161473	49	A			"מבשר טוב, גרשון קמלהר, פודגורזה תר""ס"	מבשר טוב			פאדגורזא,Podgorze		"תר""ס"	"תר""ס"		"עמ' 36: ""הרבה שאב אאמ""ו ז""ל ממקור... מו""ה נתן יהודא זצ""ל בן... מוהרמ""מ [ר' מנחם מענדלי טארום] מרומנוב, ע""כ אעלה זכרונו על ספר הזה. אלה הדברים אשר כתבם לי נכדו... מו""ה שלמה זלמן טארים נ""י מרומנוב""."	" הספר בנוי בשני חלקים: מונוגרפיה על ר' צבי הירש מרימנוב, וחלק נוסף ובו דברי תורה מאת הצדיק שאסף המחבר.  המונוגרפיה כתובה בשפה בהירה ומודרנית, והיא מכילה תיאור נרחב של אירועים מחיי הצדיק, אישיותו וארחות חייו. מצורפות הערות שוליים ובהם זיכרונות אישיים של המחבר, שמועות מפי מסרנים, וכן הערות מאת המו""ל, בן המחבר. מצורף גם קובץ סיפורים אודות בנו של ר' מנדל מרימנוב, ר' נתן יהודה, שנמסר כמכתב מנכדו של האחרון.  בחלק דברי התורה מופיעות רבות מן הדרשות בצירוף ההקשר ובציון הזמן הומקום בו נאמרו. בדרך כלל המחבר עצמו נכח בשעת האמירה.  נכתב על ידי חסיד מבוגר מגליציה, שהיה חסידו של הצדיק. יצא לאור על ידי בנו הסופר יקותיאל אריה קמלהר, מיד לאחר פטירת האב. רצ""י מיכלזאהן, ידידו של האב, ליווה את הוצאת הספר לאור (ר' עמ' 7-6 בחלק זה). ראה אור מחדש עם הערות והוספות בידי הנכד ישראל קמלהר בשנת תרצ""א (205). עוד על הספר ר' מונדשיין, הצופה לדורו, עמ' 37.  "	http://hebrewbooks.org/3696		"... דברי צדיקים (חידושי תורה)... מהרב... מנחם מענדלי [טארום] זללה""ה מרומנוב. ומכבוד... ר' צבי הירש הכהן זללה""ה מרומנוב. ועוד משאר צדיקים שהיו בדור ההוא. וגם תולדות... ר' צבי הירש הכהן... כתבם... אאמ""ו... מו""ה גרשון ז""ל (בהמנוח... יצחק שלמה) מק' טארנא ... ערכתים ותקנתים וסדרתי... והוצאתים לאור... בנו ותלמידו יקותיאל ארי' ק""ה [קאמעלהאר]... רישא..."		990020591360205171		אין סרוק	heb	גרשון קמלהר	קאמלהאר, גרשון בן יצחק שלמה	גרשון קמהלר	Gershon Kamalher	מבשר טוב	168	NULL					"הסכמה: (תעודה): ר' יוסף הכהן [פרידמאן] (חתום: שלמה זלמן טארים), רומנוב, כה למב""י [י אייר] תר""ס."	heb	Mevaser Tov	"23 ס""מ"	1471057		TBD	TBD	168	point(20.0177 50.0416)	20.0177	50.0416	NULL	40		54	מונוגרפיה, עדות אישית, אוסף דרשות, ללא מקורות, מוזכרים כמה מסרנים.	רשימת ספרי חסידות.xlsx - Editions (5).tsv
148	3702	https://www.nli.org.il/he/books/NNL_ALEPH002085498	מעשים טובים	1900	171142	51	A			"מעשים טובים, אלעזר שענקל, פאדגורזא תר""ס"	מעשים טובים	dedupmrg284976658_IE96809289		פאדגורזא,Podgorze		"תר""ס"	"תר""ס"		בכמה הוצאות מאוחרות הופיע הספר בשם: ארובות השמים.	"ספרון אגורה של מעשיות נפלאות, אודות אישים חסידיים ולא חסידיים. הסיפורים מתובלים בדברי מוסר ולקח. מחזור קצר של סיפורים על הרמב""ן. כולל סיפור בשם הרבי מבעלז על נטילת ידיים שהצילה ממות.  "	http://hebrewbooks.org/33915		"כולל (כ) מעשיות ... נקבצו ובאו מספרים קדמונים ומחכמים ... הובא לביהד""פ ע""י ... אלעזר שענקיל מטארנא."		990020854980205171			heb	אלעזר שענקל	שנקל, אלעזר בן יעקב	אלעזר שענקל	Elazar Shenkel	מעשים טובים	168	NULL					TBD	heb	Maasim Tovim	8	187059		TBD	TBD	168	point(20.0177 50.0416)	20.0177	50.0416	NULL	32	20	55	ספרון אגורה. מעשיות נפלאות. ללא מסרנים.	רשימת ספרי חסידות.xlsx - Editions (5).tsv
149	3703	https://www.nli.org.il/he/books/NNL_ALEPH002049804	פעולת הצדיקים	1900	160861	52	A			"פעולת הצדיקים, יצחק צינגר, פאדגורזא תר""ס"	פעולת הצדיקים	dedupmrg286257268_IE112838714		פאדגורזא,Podgorze		"תר""ס"	"תר""ס"		TBD	ספרון אגורה. ילקוט מעשיות נפלאות ומעשי נסים על אישים חסידיים ולא חסידיים, מועתקים ברובם מספרות קודמת. כמה סיפורים מועתקים מספרי בודק ללא ציון המקור. עוד על המחבר והספר ר' נגאל, מלקטי הסיפור, עמ' 151-149.	http://hebrewbooks.org/3801		"קבוצת מאמרים... סיפורים... חידושים וביאורים... להרבה מקראי קודש...הנובעים ממקור נאמן, רבנים גאונים... הובא לבית הדפוס ע""י... מו""ה יצחק צינגער נ""י... מעיר ראווא-רוסקא."		990020498040205171			heb	יצחק צינגר	צינגר, יצחק בן נחמן צבי	יצחק צינגר	Yitzhak Zinger	פעולת הצדיקים	168	NULL	דפוס שאול חנני' דייטשער				TBD	heb	Peulat Hatzadikim	8	248436		דפוס שאול חנני' דייטשער	TBD	168	point(20.0177 50.0416)	20.0177	50.0416	NULL	31	17	56	ילקוט סיפורי נפלאות. ספרון אגורה. ללא מקורות ומסרנים.	רשימת ספרי חסידות.xlsx - Editions (5).tsv
150	3704	https://www.nli.org.il/he/books/NNL_ALEPH001822053	ספר חסידים	1900	113169						ספר חסידים	dedupmrg287619449_IE22315793		ורשה?,Warsaw		"תר""ס"			"נשמת חסידים נדפס תחילה בתוך ""ממזרח וממערב"", כרך ד, תרנ""ט, עמ' 64-55. נדפס אחר-כך, בשינויים רבים בשם חדש (""משנת חסידים""), בתוך כתבי מיכה יוסף בן גריון, מאמרים, מערכה ב, חלק א, ליפסיה תרפ""ב."				"אגדות, פרצופים וחזיונות, עם מבוא: ""נשמת חסידים"", [מאת] מיכה יוסף ברדיטצבסקי ..."		990018220530205171			heb		ברדיצ'בסקי, מיכה יוסף בן משה אהרן	מיכה יוסף ברדצ'בסקי	Micha Yosef Berdyczewski		953	NULL			תושיה		TBD	heb	Sefer Chassidim	8	18850		TBD	תושיה	953	Point(21.033333333 52.216666666)	21.03333333	52.21666667	NULL	91		57		רשימת ספרי חסידות.xlsx - Editions (5).tsv
151	3705	https://www.nli.org.il/he/books/NNL_ALEPH000521162/NLI	רבי ישראל בעל שם טוב	1900	140961	147	B	"147B (קיציס מציין הוצאה מאוחרת משנת תרפ""ב)  כמו כן, לבדוק מקום הוצאה והדפסה!"	לבדוק	"רבי ישראל בעל שם טוב: חייו פעולותיו ותורתו, מתתיהו יחזקאל גוטמן, יאסי תרפ""ב"	רבי ישראל בעל שם טוב		יאסי	Zhytomyr,זיטומיר		"תרס""א"	"תרפ""ב"		טכסט גם על המעטפת.	" מונוגרפיה על הבעש""ט בסגנון מעין מדעי, משכילי ורציונליסטי. הספר מתאר את הבעש""ט במבט פילוסופי וכולל מעין ""הסבר רציונלי"" למופתים וליסוד האגדי בדמותו של הבעש""ט. הספר מכיל מראי מקום וכן מידע שאסף מאת רצ""י מיכלזאהן ור' יוסף לווינשטיין.  המחבר הוא רב ברומניה ואחר כך בגבעת עליה ביפו. היה סופר חסידי פורה ועסק רבות בשבחי החסידים. את ספרו הראשון הוציא עם אביו ר' שלום, רבה של יאסי (תפארת בית לוי, תר""ע, 103). לימים עסק בסיפורים ומסורות חסידיות גם אחיו, מנחם גוטמן (ערך כתב עת בשם ""מעיין החסידות"", ובו סיפורים ושמועות).  ספר דומה בגישתו אל הבעש""ט יצא כבר בתרס""א על ידי ההיסטוריון אברהם כהנא, בשם זהה כמעט: רבי ישראל בעל שם טוב: חייו שיטתו ופועלו. הספר ראה אור שוב בתל אביב תש""ט, לאחר עלייתו של גוטמן לארץ.  "			"<בעש""ט>, חייו, שטתו ופעולתו, [מאת] אברהם כהנא..."				אין סרוק	heb	מתתיהו יחזקאל גוטמן	כהנא, אברהם בן מרדכי	אברהם כהנא	Avraham Cahana	רבי ישראל בעל שם טוב: חייו פעולותיו ותורתו	957	NULL					TBD	heb	RabbiYisrael Baal Shem Tov: Chayav Shitato UFeulato		151668		TBD	TBD	957	Point(28.657777777 50.254444444)	28.65777778	50.25444444	NULL			58	מונוגרפיה היסטורית-פילוסופית, סגנון משכילי ספרותי. כולל ציון מקורות ומסרנים.	רשימת ספרי חסידות.xlsx - Editions (5).tsv
152	3706	https://www.nli.org.il/he/books/NNL_ALEPH002049802	שבע רצון	1900	313917	53	A?	"?53A (אצל קיציס רשום תרס""א.  זה יכול להיות מתאים למה שרשום אצלנו, סוף שנת 1900.)"	finalize date	"שבע רצון, יצחק צינגר, פודגורזה תרס""א"	שבע רצון	dedupmrg286257323_IE112841863		פאדגורזא,Podgorze		"תרס""א"	"תרס""א"		"דף [1] בסוף: אגרת מאת ר' אברהם גרשון מקיטוב לגיסו ר' ישראל בעל שם טוב, מיום יז מרחשוון תקי""ז."	" כמו ספרו הקודם (פעולת הצדיקים תר""ס, 52), ילקוט מעשיות נפלאות. ללא מקורות. קובץ סיפורים על ר' בעריש מאושפיצין ועל ר' ברוך ממז'יבוז'. מצורפת איגרת מכתב יד ר' גרשון מקיטוב. החומר מועתק מספריו של בודק ומס' שלושה עדרי צאן, תרל""ד (19). למרות זאת מזהיר הכותב בהקדמת הספר לבל יעתיקו ממנו. ר' נגאל, מלקטי הסיפור, עמ' 150. "	http://hebrewbooks.org/39105		"קבוצת מאמרים... [והם] סיפורים נוראים... גם יכלל בתוכו חידושים וביאורים... להרבה מקראי קודש... הנובעים ממקור... רבנים גאונים, קדושי עליונים... הובא לבית הדפוס ע""י... מו""ה יצחק צינגער... מעיר ראווא-רוסקא."		990020498020205171			heb	יצחק צינגר	צינגר, יצחק בן נחמן צבי	יצחק צינגר	Yitzhak Zinger	שבע רצון	168	NULL					TBD	heb	Se'va Ratzon	8	248436		TBD	TBD	168	point(20.0177 50.0416)	20.0177	50.0416	NULL	32		59	ילקוט סיפורי נפלאות מתוך ספרים קודמים. ללא ציון המקור.	רשימת ספרי חסידות.xlsx - Editions (5).tsv
153	3707	https://www.nli.org.il/he/books/NNL_ALEPH000400073/NLI	מפעלות צדיקים החדש	1901	144105	54	A			"מפעלות הצדיקים החדש, יוסף בר""א, פיוטרקוב תרס""א"	מפעלות צדיקים החדש			פיוטרקוב,Piotrkow,Piotrków		"תרס""א"	"תרס""א"		"עמ' 3: הקדמת ""הכותב"" (המחבר), יוסף בר""א. יתכן שהוא המו""ל ליבעסקינד עצמו, שנהג להעלים את שמו מחיבוריו."	"ספרון אגורה קטן (32 עמ'). לקט מעשיות נפלאות אודות הבעש""ט, ר' צבי הירש מזידיטשוב, ר' מאיר מפרימישלן, ר' שמלקה מניקלשבורג, ר' מנחם מנדל מוורקי, ר' מאיר יחיאל ממוגלניצא ור' ישראל מקוז'ניץ. וכן דמויות חוץ חסידיות וביניהם הגר""א, ר' יהונתן אייבשיץ ור' משה גלאנטי. רוב הסיפורים מועתקים מספרות קודמת ובפרט מס' אמונת צדיקים, תר""ס (48). הספרון הוא הפקה של בית מסחר הספרים ליבסקינד-צדרבוים, שבשנים אלו החלו לעסוק בספרות שבחים זולה. בנימין ליבסקינד היה המו""ל, ומרדכי צדרבוים הוא ""הנגיד"" בעל הדפוס.  "			"... סיפורים... ושיחות... אמרות... מהרב... משה גלאנטי... הבעש""ט... מהרב... ישראל... מ""מ [מגיד מישרים] דק""ק רוואצק, מהרב... יונתן... אייבשיטץ, מן נסתר אחד, מהרב... יהודה צבי [אייכענשטיין]... מהרב... מאיר מפרימישלאן... מהרב... שמעלקא [הורוויץ] מניקלשפארג... מהרב [ישראל האפשטיין] ... המגיד מקאזניץ ... מהרב... [אליהו] מווילנא... מהרב... מנחם מענדיל [קאליש]... מווארקע, מהרב... מאיר יחיאל [שפירא]... ממאגלניצע, ועוד מכמה גדולים (ר""י [ר' ישראל פרידמאן] מרוזין... מהרב... יחיאל ז""ל אביו של הרא""ש)... הובא לביה""ד בהוצאות של ר' בנימין נ""י ליבעסקינד..."		990004000730205171		HebrewBooks	heb	"יוסף בר""א"	יוסף בן א	"יוסף בר""א"	Yosef son of A?	מפעלות הצדיקים החדש	250	NULL			בנימין ליבעסקינד		TBD	heb	Mifalot Tzadikim Hachadash				TBD	בנימין ליבעסקינד	250	Point(19.683333333 51.4)	19.68333333	51.4	NULL			60	ספרון אגורה. ילקוט מעשיות נפלאות. הפקה של בית מסחר ספרים. ללא מקורות ומסרנים.	רשימת ספרי חסידות.xlsx - Editions (5).tsv
154		https://www.nli.org.il/he/books/NNL_ALEPH000400073/NLI		1891										Warsaw										שערי האמונה	990004000730205171		HebrewBooks אבל ההפניה הוא להוצאה משנת 1901							953								Shaarei Haemuna						953									רשימת ספרי חסידות.xlsx - Editions (5).tsv
155	3708	https://www.nli.org.il/he/books/NNL_ALEPH997008913890505171/NLI	שערי האמונה	1901	125509	55	A			"שערי האמונה, נתן נטע דונר, וורשה תרס""א"	שערי האמונה			Warsaw,ורשה		"תרס""א"	"תרס""א"		שם משפחת המחבר בשער, באותיות קיריליות: Duner.	" המשך לס' דרך האמונה ומעשה רב שהוציא לאור בנו יעקב שלום בתרנ""ח (43). לקט של שמועות, שיחות ודברי תורה של צדיקי החסידות, לקוחים מתוך ספרות קודמת בצירוף ציון המקור. הספר בנוי על פי נושאים על סדר הא""ב. בהקדמה מתייחס האב גם לספר הקודם כספרו. מה שמעיד על הפקה משותפת, שבה האב המשמש כדמות רבנית מסתתר מאחורי שם בנו, כפי שהיה נפוץ בין הסופרים שפעלו בשנים שאחר כך לצד רצ""י מיכלזאהן.  "	http://hebrewbooks.org/3629		"כולל חידושי תורה ... בלולים בספורים ... נאספו מהרבה ספרים ... ורובם מתלמידי ... הבעש""ט ... ומעוד גאוני וצדיקי יס""ע [יסודי עולם] ... ונמצא בו מנהגים ... ועצות ... לעבודת הש""י ... וסגולות (המאסף ... נתן נטע במוהר""ל הכהן ז""ל האבד""ק קאלביעל) ..."		997008913890505171		אוסף ליובאוויטש	heb	נתן נטע דונר	דונר, נתן נטע בן צבי הכהן	נתן נטע דונר	Natan Netah Doner	שערי האמונה	953	NULL					TBD	heb	Shaarei Haemuna		171191		TBD	TBD	953	Point(21.033333333 52.216666666)	21.03333333	52.21666667	NULL	96		61	"ילקוט שמועות ודרשות מספרות קודמת, בצירוף מקורות. מסודר לפי א""ב. ללא מסרנים."	רשימת ספרי חסידות.xlsx - Editions (5).tsv
156	3709		שערי האמונה	1901	125510						שערי האמונה			Warsaw					שמו של המדפיס באותיות קיריליות.				... בהוצאות ... אברהם ... יוסף קליימאן ...				יש סריקה מוקדמת של אוסף ליובאוויטש- עדיין צריך לבקש מהספרייה	heb		דונר, נתן נטע בן צבי הכהן				953	NULL					TBD	heb			171191		TBD	TBD	953	Point(21.033333333 52.216666666)	21.03333333	52.21666667	NULL					רשימת ספרי חסידות.xlsx - Editions (5).tsv
157	3587|3694|3696|3709|3710|3722|3730|3755|3770|3799		שערי האמונה	1903	125511						שערי האמונה			Warsaw					שמו של המדפיס באותיות קיריליות.				...				יש סריקה מוקדמת של אוסף ליובאוויטש- עדיין צריך לבקש מהספרייה	heb		דונר, נתן נטע בן צבי הכהן				953	NULL			"אברהם יוסף קליימאן מו""ס מיקאלבעל"		TBD	heb			171191		TBD	"אברהם יוסף קליימאן מו""ס מיקאלבעל"	953	Point(21.033333333 52.216666666)	21.03333333	52.21666667	NULL					רשימת ספרי חסידות.xlsx - Editions (5).tsv
158	3707	https://www.nli.org.il/he/books/NNL_ALEPH001205252/NLI	עין הבדולח	1901	זה בתוך ספר הנקרא 'עין הבדולח' וזה המספר שלו: 142164			לבדוק	מה זה ׳זה׳ שבהערה של שעיה?					פיוטרקוב,Piotrków		"תרס""א"					http://hebrewbooks.org/7280				990012052520205171		HebrewBooks בתוך ספר 'עין הבדולח'				צבי יחזקאל מיכלזאהן	Tzvi Yechezkel Michaelson		250							כנראה heb	Degan Shamaim						250							62		רשימת ספרי חסידות.xlsx - Editions (5).tsv
160		https://www.nli.org.il/he/books/NNL_ALEPH002167728/NLI	ספורי נפלאות	1901	לא מצאתי מספר BHB	56				"סיפורי נפלאות, ברוך רטנר, ז'יטומיר תרס""ב"				Zhytomyr,ז'יטומר		"תרס""ב"	"תרס""ב"			"ייחודי. אוסף נרחב של סיפורים ביידיש על אודות ר' ישראל דוב מווילדניק. נכתב על ידי אחד מחסידיו של הצדיק המביא מעשים שראה, נכח או ששמע מאנשים קרובים שנכחו בעת ההתרחשות. זהו אולי ספר השבחים הראשון ביידיש המכיל חומר מקורי רב, ואינו תרגום של ספר בעברית.  יהושע מונדשיין תרגם את הספר והוציא בעברית בשם זה, מאנסי תשנ""ו. "					990021677280205171		HebrewBooks יידיש		ברוך רטנר		ברוך רטנר	Baruch Retner	סיפורי נפלאות	957							yid	Sipurei Niflaot	8					957					104		64	בעיני ראיתי, מונוגרפיה. מסרנים מתוך חצר הצדיק.	רשימת ספרי חסידות.xlsx - Editions (5).tsv
161	3711	https://www.nli.org.il/he/books/NNL_ALEPH001883408	בית רבי	1902	137759	57	A			"בית רבי, חיים מאיר היילמאן, ברדיטשוב תרס""ב"	בית רבי	dedupmrg285366241_IE87480440		Berdychiv,Berdichev,ברדיטשוב		"תרס""ב"	"תרס""ב"		"פ' רושם בטעות: ב""ח, תר""ס."	" מונוגרפיה על אודות ר' שניאור זלמן מליאדי. הספר כתוב בשפה מעין מדעית, כולל הערות ביקורתיות, בסגנון שכונה ""הגיוגרפיה עם הערות שוליים"". נכתב בין השאר כתגובה לשבחי הרב ותולדות עמודי החב""ד של פרומקין (תרכ""ד, 7; תרל""ו, 23). הספר יצא במקביל ביידיש בשני חלקים: בית רבי – תולדות הרב, וילנא תרס""ד; בית רבי – תולדות אדמו""ר האמצעי והצ""צ (והצמח צדק), וילנה תרס""ה. לאחר צאת הספר היגר המחבר לארצות הברית ושם פרסם ""בית"" נוסף: בית ישראל (עברית ויידיש במשולב), ניו-יורק, תרס""ז (79). עוד על הספר ר' קרלינסקי, בית רבי.  "	http://hebrewbooks.org/3751		"כולל ג חלקים. הא' תולדות אדמו""ר הזקן (רבינו... שניאור זלמן נ""ע מלאזני ולאדי) בעל התניא והשו""ע... ובתוכו כלול גם תולדות... רמ""מ [מנחם מענדל] מהאראדאק [ומוויטעבסק] נ""ע... הב' תולדות בנו אדמו""ר האמצעי (ר' דובער) נ""ע... הג' תולדות נכדו... (רבינו מנחם מענדל [שניאורסאן]) בעל צ""צ [צמח צדק], גם מבניו ומנכדיו ... נ""ע... ומנכדיו... [מאת] חיים מאיר בא""א... ר' אברהם שמואל היילמאן נ""י מליעפלי (פלך וויטעבסק)..."		990018834080205171			heb	חיים מאיר היילמאן	היילמאן, חיים מאיר בן אברהם שמואל	חיים מאיר היילמאן	Haim Meyer Heillman	בית רבי	571	NULL					TBD	heb	Beit Rabi	"23 ס""מ"	262157		TBD	TBD	571	Point(28.6 49.891944444)	28.6	49.89194444	NULL	3 כרכים		65	מונגרפיה חסידית-היסטוריוגרפית. שבחים עם הערות שולים. ללא מקורות ומסרנים.	רשימת ספרי חסידות.xlsx - Editions (5).tsv
162	3712	https://www.nli.org.il/he/books/NNL_ALEPH001763936/NLI	קהל חסידים החדש	1902	136873	59	A			"קהל חסידים החדש, אנונימי (יצחק דוב בער), לבוב תרס""ב"	קהל חסידים החדש			Lvov,לבוב,Lviv		"תרס""ב"	"תרס""ב"		"הוא ספרו ""אמונת צדיקים"". נשמט הקולופון, המכיל ראשי-התיבות של המאסף."	"הוצאה בשם חדש של הס' אמונת צדיקים (תר""ס, 48). השם שונה כנראה משיקולים מסחריים כדי להידמות לספר הנפוץ קהל חסידים (11)."	http://hebrewbooks.org/43712		"... כולל שני מאות סיפורים ... אשר סיפרו ארבעה ... אנשי השם [אספם ר' יצחק דוב בער ב""ר צבי הירש] ..."		990017639360205171		HebrewBooks	heb	אנונימי (יצחק דוב בער)	יצחק דוב בר בן צבי הירש	יצחק דוב בער בן צבי הירש	Yitzhak Dov Ber Son of  Zvi Hirsh	קהל חסידים החדש	166	NULL			יעקב משולם ניק		TBD	heb	Kehal Chassidim Hachadash	"23 ס""מ"			TBD	יעקב משולם ניק	166	Point(24.014166666 49.83)	24.01416667	49.83	NULL	96	200	66		רשימת ספרי חסידות.xlsx - Editions (5).tsv
163	3713	https://www.nli.org.il/he/books/NNL_ALEPH001872451/NLI	מנרת זהב	1902	125504						מנרת זהב			Warsaw,ורשה		"תרס""ב"			שם המחבר בשער, באותיות קיריליות: N. Duner.		http://hebrewbooks.org/3695		"... נקבצו באו בו כל דברי ... רבינו משלם זיסל נ""ע המפורסם בשם ... הרבי ר' זושא ... מעיר אניפאליא, ושם מנוחתו כבוד יום ב לחדש שבט שנת תק""ס ... וצרפתי גם כן מה שמצאתי בשם בניו ... מו""ה צבי מענדל זצל""ה והרב ... ישראל אברהם זצל""ה ... וסדרתי הכל על סדר פרשיות התורה ... נתן נטע הכהן במוהר""צ ז""ל אבד""ק קאלביעל. ואפריון נמטי לידידי ... מו""ה שמעון מנחם מענדל [וואדניק] ... מגאוורטשוב, עבור עבודתו ... להיות סידור זה הספר בתכלית השלמות ..."		990018724510205171		HebrewBooks	heb		דונר, נתן נטע בן צבי הכהן	נתן נטע דונר	Natan Netah Doner		953	NULL			אברהם יוסף קליימאן		"ר' צבי יחזקאל מיכלזאהן, פלונסק, ג תרומה תרס""ב."	heb	Menorat Zahav	8	171191		TBD	אברהם יוסף קליימאן	953	Point(21.033333333 52.216666666)	21.03333333	52.21666667	NULL	68		67		רשימת ספרי חסידות.xlsx - Editions (5).tsv
164	3714	https://www.nli.org.il/he/books/NNL_ALEPH002069513/NLI	מעשיות ומאמרים יקרים	1902	160939	60	A			"מעשיות ומאמרים יקרים, ישעיה וולף ציקרניק, ז'יטומיר תרס""ב"	מעשיות ומאמרים יקרים			Zhytomyr,ז'יטומר		"תרס""ב (קישור לדפוס משנת תרס""ג)"	"תרס""ב"		בשולי השער שם משפחת המחבר באותיות קיריליות: Tsukernik.	" ספרון (30 עמ') ובו לקט מעשיות ערוך חלקית לפי אישים. בקובץ זה סיפורים על הבעש""ט ונכדיו. רוב החומר מועתק מספרים קודמים בציון המקור. המשכו בספרים הבאים מאת המחבר: סיפורים ומאמרים יקרים (תרס""ג, 61); סיפורים נחמדים (תרס""ג, 62) וסיפורים נפלאים ומאמרים יקרים (תרס""ח, 86). הכותב הוא חסיד סקווירה (צ'רנוביל) שהיה מקורב לאדמו""ר ר' יצחק טברסקי (נפ. תרמ""ה). הספר מכיל מסורות מקוריות מחצר זו, כולל דברים ששמע מאת רבו. ספריו של ציקרניק כונסו והוהדרו על ידי גדליה נגאל, סיפורי חסידות צ'רנוביל, ירושלים תשנ""ד. עוד על הכותב ועל רבו ר' הנ""ל, מלקטי הסיפור, עמ' 175-160.  "	http://hebrewbooks.org/3797		"... מהבעש""ט ומנכדיו... ר' משה חיים אפרים מסדילקוב ואחיו... ר' ברוך ממעזבוז... מאת המלקט והמאסף ישעיה וואלף ציקערניק."		990020695130205171		HebrewBooks	heb	ישעיה וולף ציקרניק	ציקרניק, ישעיה וולף	ישעיה וולף ציקרניק	Yeshaya Wolf Tsukernik	מעשיות ומאמרים יקרים	957	NULL					TBD	heb	Maasiot UMaamarim Yekarim	"18 ס""מ"	311683		TBD	TBD	957	Point(28.657777777 50.254444444)	28.65777778	50.25444444	NULL	32	42	68	ילקוט סיפורים מספרות קודמת בציון המקור, כולל מסורות חדשות. מסרנים: בעיקר ר' יצחק טברסקי.	רשימת ספרי חסידות.xlsx - Editions (5).tsv
165	3715	https://www.nli.org.il/he/books/NNL_ALEPH002217494/NLI	ספורים ומאמרים יקרים	1903	160940	61	A			"סיפורים ומאמרים יקרים, ישעיה וולף ציקרניק, וורשה תרס""ג"	ספורים ומאמרים יקרים			Warsaw,ורשה		"תרס""ג"	"תרס""ג"		TBD	"ספרון המשך למעשיות ומאמרים יקרים שיצא שנה קודם (60). בכרך זה סיפורים על ""ארבעה מיטיבי לכת"" הקשורים לשושלת צ'רנוביל: ר' דוד לייקס, ור' נחום מטשרנוביל ושני בניו. גם בחוברת זו בולטת נוכחותו של האדמו""ר ר' יצחק טברסקי כמסרן.  "	http://hebrewbooks.org/3804		"מארבעה מטיבי לכת ה""ה... ר' דוד לייקעס... ר' נחום מטשערנאביל ומבניו... ר' משה ואחיו... ר' מאטעלי מטשערנאביל... ועוד מכמה צדיקים... מאת המאסף והמלקט ישעיה וואלף ציקערניק."		990022174940205171		HebrewBooks	heb	ישעיה וולף ציקרניק	ציקרניק, ישעיה וולף	ישעיה וולף ציקרניק	Yeshaya Wolf Tsukernik	סיפורים ומאמרים יקרים	953	NULL	דפוס מאיר יחיאל האלטער ושותפו				TBD	heb	Sipurim UMaamarim Yekarim	"18 ס""מ"	311683		דפוס מאיר יחיאל האלטער ושותפו	TBD	953	Point(21.033333333 52.216666666)	21.03333333	52.21666667	NULL	32	31	69	ילקוט סיפורים מספרות קודמת בציון המקור, כולל גם מסורות חדשות. מסרנים: בעיקר ר' יצחק טברסקי.	רשימת ספרי חסידות.xlsx - Editions (5).tsv
166	3716	https://www.nli.org.il/he/books/NNL_ALEPH001890337/NLI	ספורים נחמדים	1903	160941	62	A			"סיפורים נחמדים, ישעיה וולף ציקרניק, ז'יטומיר תרס""ג"	ספורים נחמדים			Zhytomyr,ז'יטומר		"תרס""ג"	"תרס""ג"		מעבר לשער, באותיות קיריליות: דפוס N. A. Brodovich.	ספרון המשך לספריו הקודמים. בחוברת זו גם כמה מעשיות על אישים חוץ חסידיים, כולל כמה סיפורי נפלאות.	http://hebrewbooks.org/3802		"מהבעש""ט והרה""ק מהר""ל מפראג והרה""ק ר' ישכר בער מזלאטשוב, והרה""ק (חיים יוסף דוד) האזולאי, והרה""ק ר' ישעיה מדינעוויץ והרה""ק (ר' אברהם יהושע העשיל) מאפטא ועוד מכמה צדיקים... מאת המלקט והמאסף ישעיה וואלף ציקערניק."		990018903370205171		HebrewBooks	heb	ישעיה וולף ציקרניק	ציקרניק, ישעיה וולף	ישעיה וולף ציקרניק	Yeshaya Wolf Tsukernik	סיפורים נחמדים	957	NULL					TBD	heb	Sipurim Nechmadim	"19 ס""מ"	311683		TBD	TBD	957	Point(28.657777777 50.254444444)	28.65777778	50.25444444	NULL	32	35	70	ילקוט סיפורים מלוקט מספרות קודמת בציון המקור, סיפורי נפלאות, וגם כמה מסורות חדשות. מסרנים: ר' יצחק טברסקי.	רשימת ספרי חסידות.xlsx - Editions (5).tsv
167	3717	https://www.nli.org.il/he/books/NNL_ALEPH002085224	מעשיות מצדיקי יסודי עולם	1903	171139	63	A			"מעשיות מצדיקי יסודי עולם, אלעזר שענקל, פודגורזה תרס""ג"	מעשיות מצדיקי יסודי עולם	dedupmrg285862691_IE96800726		פאדגורזא,Podgorze		"תרס""ג"	"תרס""ג"		TBD	"ספרון אגורה ובו מעשיות נפלאות, רובם על אישים חוץ חסידיים, וביניהם גם סיפורים על הבעש""ט ועל ר' אברהם יהושע השל מאפטא. זהו קובץ אופייני נוסף של שענקל, שנעשה כנראה למטרות מסחריות בהוצאת הנגיד חנניה דייטשר שבפודגורזה. השוו למשל הנ""ל מעשים טובים, נפלאות גדולות (שניהם תר""ס, 51, 118). "	http://hebrewbooks.org/3795		כולל (יד) ספורים ... הוצאתיו לאור ... אליעזר[!] שענקעל.		990020852240205171			heb	אלעזר שענקל	שנקל, אלעזר בן יעקב	אליעזר שענקל	Eliezer Shenkel	מעשיות מצדיקי יסודי עולם	168	NULL	דפוס שאול חנני' דייטשער				TBD	heb	Maasiot MeTzadikei Yesodei Olam	8	187059		דפוס שאול חנני' דייטשער	TBD	168	point(20.0177 50.0416)	20.0177	50.0416	NULL	31	14	71	ספרון אגורה. מעשיות נפלאות. ללא מקורות ומסרנים.	רשימת ספרי חסידות.xlsx - Editions (5).tsv
168	3718	https://www.nli.org.il/he/books/NNL_ALEPH002085312	ספורי אנשי שם	1903	171152	64	A			"סיפורי אנשי שם, אלעזר שענקל, פאדגורזא תרס""ג"	ספורי אנשי שם	dedupmrg285969973_IE96808113		פאדגורזא,Podgorze		"תרס""ג"	"תרס""ג"		TBD	ספרון אגורה. המשך לספרון הקודם מאותה השנה. מעשיות נפלאות על אישים חסידיים וחוץ חסידיים.		https://tablet.otzar.org/he/book/book.php?book=156068&width=-17&scroll=0&udid=15703509092262252	... (כג) ספורים ... אשר סיפרו גדולי הדור ... הוצאתי לאור ... אליעזר[!] שענקעל.		990020853120205171			heb	אלעזר שענקל	שנקל, אלעזר בן יעקב	אליעזר שענקל	Eliezer  Shenkel	סיפורי אנשי שם	168	NULL	דפוס שאול חנני' דייטשער				TBD	heb	Sipurei Anshei Shem	8	187059		דפוס שאול חנני' דייטשער	TBD	168	point(20.0177 50.0416)	20.0177	50.0416	NULL	32	23	72	מעשיות נפלאות. ספרון אגורה. ללא מקורות ומסרנים.	רשימת ספרי חסידות.xlsx - Editions (5).tsv
169	3719	https://www.nli.org.il/he/books/NNL_ALEPH002014182	"תורת הרמ""ל השלם"	1903	150521	66	A			"תורת הרמ""ל עם עטרת זקנים, מנחם מנדל אב""ד זאבילטוב, סיגט תרס""ג"	"תורת הרמ""ל השלם"	dedupmrg285179054_IE102546615		Sighet,סיגט,Sighetu		"תרס""ג"	"תרס""ג"		"הנהגות ר' משה ליב נכללו כאן בתוך קונטרס שבעא ימי שבתא. עיין למעלה: חדושי הרמ""ל."	" דרשותיו של ר' משה לייב מססוב. בסופו של החיבור קובץ ובו סיפורים ואמרות קודש מאת ר' משה לייב. הקובץ עטרת זקנים מכיל אמרות קודש נוספות מאת צדיקים חסידיים נוספים, מרבותיו של המחבר. יצא לאור על ידי מנחם מנדל, נכד המחבר, בצירף הסכמות מאדמו""רי בית רוז'ין.  "	http://hebrewbooks.org/3827		"... מכ""ק אבי זקני... ר' משה יהודה ליב זצ""ל מסאסוב... מכתב יד... המחבר... בכמה הוספות... מחידושי תורתו המפוזרים בספרי תלמודיו... ונלוה עליו ספר... עטרת זקנים... דברים... משובצים בספורים מזקניי... רבו ותלמודיו... ר' שמעלקא [הורוויץ] ז""ל מניקלשבורג... מוהרצ""ה [צבי הירש אייכענשטיין] ז""ל מזידיטשוב, ואחיו... ר' משה ז""ל מסאמבור, ובנו... ר' יהודה צבי ז""ל מראזלי, והגה""ק ר' יצחק אייזיק [טויב] ז""ל מקאליב... ר' מנחם מענדיל ז""ל מקאסיב, ובנו... ר' חיים ז""ל מקאסיב, ואחיו... ר' דוד ז""ל מזאבילטוב, חתן המח'... ואחרון... מוהרי""א [ר' יצחק אייזיק אייכענשטיין] ז""ל מזידיטשוב... והוספתי... בסופו קונטרס ... שבעה ימי שבתא כולל הנהגות טובות... רבינו בית יוסף [ר' יוסף קארו] בס' מגיד משרים... הר' ישראל בעש""ט ז""ל בס' כש""ט [כתר שם טוב]... ר' שמעלקא ז""ל מניקלשבורג... תלמידו... ר' משה ליב ז""ל מסאסוב... ר' אלימלך ז""ל מליזענסק... תלמידו רבינו יעקב יצחק ז""ל מלובלין ואחרון... ר' מיכל [ב""ר יצחק] ז""ל מזלאטשיב... הק' משה בהה""ג מוהר""י [ר' ישראל בערגער] שליט""א וחתן... מו""ה יוסף הלוי איש הורוויטץ ז""ל אבד""ק אוסציא..."		990020141820205171			heb	"מנחם מנדל אב""ד זאבילטוב"	משה יהודה ליב בן יעקב מסאסוב	"מנחם מנדל אב""ד זאבילטוב, נכד הרמ""ל."	"Menachem Mendel Aba""d  Zabiletov, Grandson of the Rema""l."	"תורת הרמ""ל עם עטרת זקנים"	99	NULL					TBD	heb	"Torat HaRema""l with Ateret Zekanim"	8	181819		TBD	TBD	99	Point(23.89 47.93)	23.89	47.93	NULL	96		73	נספח סיפורים ואמרות קודש מלוקטים מספרים קודמים.	רשימת ספרי חסידות.xlsx - Editions (5).tsv
170	3720	https://www.nli.org.il/he/books/NNL_ALEPH002082690	קול שמחה	1903	176088			לבדוק מקום הוצאה והדפסה!	לבדוק		קול שמחה	dedupmrg285423044_IE103026615		Piotrkow,ורשה,Warsaw		"תרס""ג"			"עם ההסכמות מן ההוצאה הראשונה ועם ""אגרת מק""ק פרשיסחא"" (דף לז,ב) ובתוספת ""אגרת מה שהשיב מרן להגאון... ר' אליעזר חרל""פ ז""ל... אבד""ק שצוצין (שם)."				"השלם והמתוקן... הובא לדפוס פעם ראשונה בשנת תרי""ט... בעיר ברעסלא... ועתה נדפס... ובהגהה מדויקת...ובכמה הוספות (הן מאמרים שלימים והן... תשלום מאמרים אשר נשמטו ... ולא היו... בהנדפס והרהבתי להציג באיזה מקומות בשולי היריעה הצריך ביאור לדבריו) ע""י הרב ר' אהרן (בהר""ין [ר' ישעיהו נתן] זלה""ה) וואלדען נ""י מווארשא."		990020826900205171			heb		שמחה בונם בן צבי הירש מפשיסחה	אהרון וולדען	Ahron Walden		250	NULL					TBD	heb	Kol Simcha (with Likutei Kol Simcha)		272210		TBD	TBD	250	Point(19.683333333 51.4)	19.68333333	51.4	NULL			74		רשימת ספרי חסידות.xlsx - Editions (5).tsv
171	3721	https://www.nli.org.il/he/books/NNL_ALEPH001380364	דברים ערבים	1905-1903	121485	67	A	לבדוק	finalize date	"דברים ערבים (חלק ראשון), דוב בער עהרמן, מונקאץ' תרס""ג"	דברים ערבים	dedupmrg286594222_IE51059010		Mukachevo,Mukacevo,מונקאץ'		"תרס""ג"	"תרס""ג"		סיפורי-חסידים.	"אוסף סיפורים על הבעש""ט ועל כמה אדמו""רים נוספים מגדולי החסידות. את הסיפורים שמע ואסף המחבר מפי חסידים. מסודר לפי האישים: הבעש""ט; האחים ר' אלימלך ור' זושא; המגיד מקוז'ניץ; ר' לוי יצחק מברדיטשוב; ר' משה לייב מססוב; ר' יצחק מקאליב; ""החוזה מפוילין""; הרבי מרימנוב.  המחבר הוא חסיד מגליציה, שלעדותו אסף את הסיפורים לאורך למעלה מעשרים שנה. סיפורים רבים קשורים למסורות מאזור מגוריו. כמה סיפורים בשם ""אדמו""ר"", כנראה הכוונה לר' שמואל שפירא, הרבי ממונקאץ' . הספר מכיל חומר מקורי רב. ניכרת נטייה לסיפורי מופתים. סגנון הכתיבה דיבורי ומלא שגיאות כתיב וניסוח. בהקדמה הוא מאריך בחשיבות סיפורי החסידים וגם כיצד ניתן להתמודד עם סתירות בין גרסאות סיפור, וכן יוצא כנגד כתיבה בסגנון היסטורי, שלדעתו מאבדת את רוח הסיפור. חלק שני יצא בתרס""ה, (דברים ערבים – חלק שני, 72). עוד על הספר והמחבר ראו נגאל, מלקטי הסיפור, עמ' 190-187. "	http://hebrewbooks.org/3654		...סיפורים נפלאים מן ... גאונים וקדושי עליונים, שמעתי ... מפי אנשים נאמנים וחסידים ... נדפס ונסדר על ידי ... [דוב] ב[ר] עהרמאן פערבעניק ... חלק א-ב.	Devarim Arevim Part 1 (and 2)	990013803640205171	חלק א׳		heb	דוב בער עהרמן	ארמאן, דוב בר בן משה שמואל	דוב בער עהרמאן	Dov Ber Ehrman	דברים ערבים (חלק ראשון)	1638	NULL					TBD	heb	Devarim Arevim Part 1-2	2	248426		TBD	TBD	1638	point(22.71779 48.43919)	22.71779	48.43919	NULL		149	75	אוסף שמועות וסיפורים, מסודר חלקית לפי אישים. ללא מקורות. כמה מסרנים נודעים.	רשימת ספרי חסידות.xlsx - Editions (5).tsv
172	3722	https://www.nli.org.il/he/books/NNL_ALEPH004084515	צבי לצדיק	1903	143137	68	A			"צבי לצדיק עם בית צדיק, אברהם נתן איילברג עם צבי יחזקאל מיכלזאהן, פיוטרקוב תרס""ג"	צבי לצדיק	dedupmrg287560946_IE132257720		פיוטרקוב,Piotrkow,Piotrków		"תרס""ג, תר""ע (קישור לדפוס משנת תר""ע)"	"תרס""ג"		שמו של המדפיס באותיות קיריליות.	"ספר עיון תלמודי ודרשות מאת ר' צבי הירש אב""ד ברלין (שהמחבר מצאצאיו). נספח לו הקובץ בית צדיק המכיל שבחים, אמרות, מכתבים ועובדות שונות הנוגעות לר' צבי הירש וצאצאיו שנערך בידי ר' צבי יחזקאל מיכלזאהן (רצ""י), חותנו של המחבר, שגם הוא מצאצאי ר' צבי הירש.  על אף שהדמות בה עוסק החיבור אינה חסידית, זהו קובץ שבחים חסידי בצורתו, במרחב בו נוצר ובאופן יצירתו. בדומה לספרי השבחים הבאים מסוג זה, נספח השבחים שנעשה בשיתוף פעולה של חוג המסרנים החסידיים שסבבו את רצ""י, כולל ידיעות שנמסרו מזקן המסרנים ר' יוסף לווינשטיין וכן מסרנים נוספים מחוג זה.  "	http://hebrewbooks.org/6380		"הוא קובץ חידושים... על התורה ונ""כ וסוגיות הש""ס, ושו""ת ודרושים, מאת חו""ז [חותני זקני]... רבינו צבי הירש זצוקלל""ה, אב""ד... לונדון, הלברשטאט, מנהיים, ברלין... בן... מו""ה אריה ליב אבדק""ק אמשטרדם, חתן... ההכם צבי [אשכנזי]... ובסופו נלוה מחברת בית צדיק, כולל בתוכו תולדות ימי חייו של... המחבר זצ""ל, מאת כבוד חותני הרב... מוה' צבי יחזקאל מיכלזאהן שליט""א אבדק""ק פלונסק... כל אלה העתקתי וסדרתי... חתן נכדו של המחבר אברהם נתן בלאאמו""ר... מו""ה יחיאל איכל איילבערג שליט""א ראבדק""ק זגערש..."		990040845150205171			heb	אברהם נתן איילברג עם צבי יחזקאל מיכלזאהן	לווין, צבי הירש בן אריה ליב	אברהם נתן איילברג	Avraham Nathan Eillberg	צבי לצדיק עם בית צדיק	250	NULL			אברהם נתן איילבערג, נטע קראנענבערג ואברהם ראזענגארטען		"ר' שלום מרדכי הכהן [שוואדראן], ברעזאן, לז למב""י [כב אייר] תרס""ב."	heb	Tzvi  Latzadik with Beit Tzadik	2	83894		TBD	אברהם נתן איילבערג, נטע קראנענבערג ואברהם ראזענגארטען	250	Point(19.683333333 51.4)	19.68333333	51.4	NULL	196		76	"קובץ שבחים נספח לספר דרשות. ילקוט ידיעות מאת מסרנים מבני חוגו של רצ""י מיכלזאהן."	רשימת ספרי חסידות.xlsx - Editions (5).tsv
173	3723	https://www.nli.org.il/he/books/NNL_ALEPH001820062	ישועות ישראל	1904	139390	69	A			"ישועות ישראל (שני חלקים), אנונימי (ר' יוסף ראטה), פאדגורזא תרס""ד"	ישועות ישראל	dedupmrg286376556_IE141841272		פאדגורזא,Podgorze		"תרס""ד"	"תרס""ד"		"המחבר הוא ר' יוסף ראט. עיין: ספר מגדיל ישועות והוא מהדורה מורחבת של הספר ישועות ישראל, מאת ר' יוסף ראט, ירושלים תש""ן."	"ספר ייחודי, המכיל עדויות מכתב יד המיוחס לתלמידו ומשמשו של ר' ישראל מרוז'ין. חלקו הראשון עוסק בעיקר בסיפור הצלתו ובריחתו של ר' ישראל מרוז'ין מן השלטון הרוסי ומן המאסר. החלק השני מכיל סיפורים שונים הקשורים בר' ישראל. חלק גדול מן הטקסט כתוב בייידיש.  יצא לאור על ידי המו""ל אלעזר שענקל, לטענתו על פי כתב יד שנכתב בשנת תר""ד והובא לידיו. יצא לאור מחדש על ידי שלמה טלינגטור בתש""ה, כרוך עם ספרות שבחים רוז'ינאית נוספת (ישועות ישראל, עם תפארת ישראל, אבן ישראל, וגדולים מעשה צדיקים).  "		https://tablet.otzar.org/he/book/book.php?book=149591&width=-17&scroll=0&udid=15704259191601592	"... הובא לבית הדפוס ע""י ... אליעזר [צ""ל: אלעזר] שענקעל. חלק (א)-ב."		990018200620205171			heb	אנונימי (ר' יוסף ראטה)	ראט, יוסף	אנונימי (ר' יוסף ראטה)	Anonymous (R' Joseph Rahte)	ישועות ישראל (שני חלקים)	168	NULL					TBD	heb	Yeshuot Yisrael	8	251236		TBD	TBD	168	point(20.0177 50.0416)	20.0177	50.0416	NULL	2 כרכים		77	"עדות אישית, ""בעיני ראיתי"", אוסף סיפורים. ללא מסרנים מלבד הכותב לו מיוחס החיבור."	רשימת ספרי חסידות.xlsx - Editions (5).tsv
174	3724	https://www.nli.org.il/he/books/NNL_ALEPH001301030	ארובות השמים	1904	303370	70	A			"ארובות השמים, אנונימי (אלעזר שענקל), וורשה תרס""ד"	ארובות השמים	dedupmrg285658483_IE86295426		Warsaw,ורשה		"תרס""ד"	"תרס""ד"		"נדפס דף-על-דף כמו ""מעשים טובים"", פאדגארזע תר""ס. תוכן הענינים הושמט."	ספרון אגורה מסחרי ובו סיפורי נפלאות על דמויות חסידיות וחוץ חסידיות. יצא לאור ואולי אף הוזמן על ידי בית הוצאה לאור של אברהם ביאלקימין מוורשה. דומה בעריכתו בצורתו לשאר ספרוניו של המחבר.	http://hebrewbooks.org/3852		כולל (כ) מעשיות... ללמד את צעירי צאן קדשים לעשות מעשים טובים...		990013010300205171			heb	אנונימי (אליעזר שענקל)	שנקל, אלעזר בן יעקב	אנונימי (אליעזר שנעקל)	Anonymous (Eliezer Shnekel)	ארובות השמים	953	NULL			בית מסחר הספרים של אברהם ביאלאקאמין		TBD	heb	Arubot Hashamaim	"12 ס""מ"	187059		TBD	בית מסחר הספרים של אברהם ביאלאקאמין	953	Point(21.033333333 52.216666666)	21.03333333	52.21666667	NULL	32	20	78	ספרון אגורה, מעשיות נפלאות. ללא מקורות ומסרנים.	רשימת ספרי חסידות.xlsx - Editions (5).tsv
175	3725		ארובות השמים	1904	303373						ארובות השמים			Warsaw					שמו של המחבר הושמט.				כולל מעשיות... ללמד את צעירי צאן קדשים לעשות מעשים טובים...				יש סריקה מוקדמת	heb		שנקל, אלעזר בן יעקב				953	NULL			בית מסחר הספרים של ר' אברהם ביאלאקאמין		TBD	heb			187059		TBD	בית מסחר הספרים של ר' אברהם ביאלאקאמין	953	Point(21.033333333 52.216666666)	21.03333333	52.21666667	NULL					רשימת ספרי חסידות.xlsx - Editions (5).tsv
176	3726	https://www.nli.org.il/he/books/NNL_ALEPH001188052	סיפורי יעקב או סיפורים מצדיקים וקדושים?	1904-1912	153582	71	A	"71A (אצל קיציס רק מופיע תרס""ד. כשאצלנו זה משנת 1912-1904 . כמו כן, לבדוק מקום הוצאה והדפסה!"	לבדוק	"סיפורי יעקב (חלק ראשון), יעקב סופר, הוסיאטין תרס""ד"	ספורי יעקב	dedupmrg287338329_IE49238472		Lviv,הוסיטאן, לבוב,Husiatyn		"תרס""ד, תרע""ג"	"תרס""ד"		עמ' [6]: מפתחות. המפתחות הם של חלק א ונדפסו גם כאן. לחלק ב אין מפתחות.	" אוסף סיפורים נרחב ומקיף, בעיקר מעשיות נפלאות, על אישים חסידיים וחוץ חסידיים. המחבר הוא חסיד מבוגר והוא מביא גם סיפורים בשם מסרנים בלתי מוכרים, רובם חסידים מחבריו של המחבר. המשכו של הספר בחלק נוסף שראה אור בלבוב תרע""ג (133). גדליה נגאל ההדיר את הספר וצירף הערות (הנ""ל, סיפורי יעקב, ירושלים תשנ""ד).  "	http://hebrewbooks.org/3685		"ספורים... מצדיקים וקדושים... קדמונים ואחרונים... ששמעתי מצדיקי הדור... ומבניהם... אני יעקב סופר מדאבראמיל בן... מו""ה מאיר זאב ז""ל מחיראב, בנו של... ר' זושא מחיראב הקדוש, שנהרג על קידוש השם... חלק [א]-ב."	סיפורי יעקב	990011880520205171			heb	יעקב סופר	סופר, יעקב בן מאיר זאב	יעקב סופר	Yaacov Sofer	סיפורי יעקב (חלק ראשון)	336	NULL					"ר' יחיאל מיכל ב""ר דוד פינק, דיקלא, ז כסליו תרס""ה. - חלק ב"	heb	Sipurei Yaacov	"22 ס""מ"	248427		TBD	TBD	336	point(26.1848 49.0729)	26.1848	49.0729	NULL	2 כרכים	32	79	אוסף סיפורים נפלאים, חלקם מפי מסרנים מידידי המחבר.	רשימת ספרי חסידות.xlsx - Editions (5).tsv
177			דברים ערבים חלק שני	1905	חלק ב': 121485	72	B	"72B (קיציס מביא הוצאה מאוחרת יותר משנת תרס""ח לדברים ערבים ב', שזה תאריך יותר מאוחר ממה שאנחנו הבאנו בשורה 175, ששם הובא דברי ערבים א ו-ב' ביחד, אבל אולי החלק השני באמת נדפס מאוחר יותר.)"	finalize date	"דברים ערבים חלק שני, דוב בער עהרמן, מונקאץ' תרס""ה"				Mukachevo,מונקאץ'		"תרס""ה (קישור לדפוס משנת תרס""ג)"	"תרס""ה"			"המשך לחלק א' שיצא בתרס""ג (67). בהקדמה מעיד המחבר על ההצלחה הפרסומית של החלק הראשון. כדרכו בחלק הראשון נוטה המחבר לעסוק בסיפורים ארוכים יחסית, אך לאו דווקא בסיפורי נפלאות. בחלק זה אוסף סיפורים על רבי ישראל מרוז'ין, חלקם מועתקים מס' עירין קדישין (וורשה תרמ""ה) בציון המקור. חלק מהסיפורים מובאים בשם מסרנים שהמחבר הצניע את שמם בראשי תיבות או במחיקה מכוונת. מהדורה מלאה יצאה בירושלים תשל""ג תחת השם דברים ערבים השלם.  "	http://hebrewbooks.org/3853			דברים ערבים ב			חלק ב כלול בחלק א והבאנו את הפרטים בשורה 175		דוב בער עהרמן		דוב בער עהרמאן	Dov Ber Ehrman	דברים ערבים חלק שני	1638							heb	Devarim Arevim Part 2	2					1638					2 כרכים	98	80	אוסף סיפורים, ילקוט, כמה סיפורים נפלאים. כמה מסרנים אנונימיים.	רשימת ספרי חסידות.xlsx - Editions (5).tsv
178	3727	https://www.nli.org.il/he/books/NNL_ALEPH002070536/NLI	התגלות הצדיקים	1901	167063						התגלות הצדיקים			Warsaw		"תרס""א"			TBD				"וסיפורים נוראים ... מרבותינו הצדיקים (הבעש""ט [ותלמידיו]) ... ונלוה לזה דברי תורה ... מאאמו""ר ... ר' מרדכי זאב זצ""ל האבד""ק קאלביעל ... קבצתי .. אנכי ... שלמה גבריאל ..."		99002070536020517		HebrewBooks 1905	heb		רוזנטאל, שלמה גבריאל בן מרדכי זאב	שלמה גבריאל רוזנטל	Shlomo Gavriel Rosental		953	NULL	דפוס יעקב זאב אונטערהענדלער				TBD	heb	Hitgalut Hatzadikim		285131		דפוס יעקב זאב אונטערהענדלער	TBD	953	Point(21.033333333 52.216666666)	21.03333333	52.21666667	NULL					רשימת ספרי חסידות.xlsx - Editions (5).tsv
179	3727.0||3728.0		התגלות הצדיקים	1905	167064	73	B			"התגלות הצדיקים, שלמה גבריאל רוזנטל, וורשה תרס""ה"	התגלות הצדיקים			Warsaw,ורשה		"תרס""ה"	"תרס""ה"		TBD	"אוסף של סיפורים ארוכים ונובליים על אישים חסידיים וחוץ חסידיים. הספר נפתח בדרוש עיוני-הלכתי. רבים מהסיפורים שמע המחבר מאביו הרב הנודע ר' מרדכי זאב, אב""ד קליביעל. דברי תורה נוספים מפי האב משובצים בספר. סיפורים נוספים ממסרנים אחדים ועוד סיפורים המועתקים מספרים קודמים. התפרסם מספר זה סיפור על דין תורה שערך ר' אלימלך מליז'נסק עם הקדוש ברוך הוא. הספר מצוטט בספרות שבחים מאוחרת לו. יצא במהדורות רבות ותורגם ליידיש. המשכו בספר תפארת הצדיקים (תרס""ט, 158). בשער מופיעה לצד השנה העברית תרס""ה השנה הלועזית 1901, כנראה כדי לחמוק מתשלום מיסים או מן הצנזור. עוד על הספר והמחבר ראו נגאל, מלקטי הסיפור, עמ' 157-152.  "	http://hebrewbooks.org/33561		...			אולי לא דייקתי בכמות הסיפורים	יש סריקה מוקדמת של HebrewBooks	heb	שלמה גבריאל רוזנטל	רוזנטאל, שלמה גבריאל בן מרדכי זאב	שלמה גבריאל רוזנטל	Shlomo Gavriel Rosental	התגלות הצדיקים	953	NULL	דפוס יעקב זאב אונטערהענדלער		אברהם יוסף קליימאן, קאלביעל		TBD	heb	Hitgalut Hatzadikim	"8 (דפוס תרס""א)"	285131		דפוס יעקב זאב אונטערהענדלער	אברהם יוסף קליימאן, קאלביעל	953	Point(21.033333333 52.216666666)	21.03333333	52.21666667	NULL	" 72 (דפוס תרס""א)"	42	81	סיפורים נובליים, משובצים בדברי תורה. מפי מסרנים שונים.	רשימת ספרי חסידות.xlsx - Editions (5).tsv
180	3729	https://www.nli.org.il/he/books/NNL_ALEPH001025715/NLI	תפארת חיים	1900	177533						תפארת חיים			Warsaw		"תרס""א"			"בשולי עמ' אלה הערות בשם ""מגדנות נתן"", מאת ר' נתן נטע דונר."				"חידושי תורה... [מאת] ר' חיים מאיר יחיאל [שפירא], זצוקללה""ה... אבד""ק קאזניץ ומאגלניצא ... בן... ר' אביעזרא זעליג זצלה""ה אבד""ק גרעניץ, שהי' חתן ... המגיד... מקאזניץ [ר' ישראל האפשטיין]... ונלוה לזה קונטרס מי דעת, ח""ת [חידושי תורה]... מאת... ר' ירחמיאל [ב""ר יעקב יצחק ראבינאוויץ] זצלה""ה האבד""ק פרשיסחא, ומצורף לזה ח""ת מבנו... ר' נתן דוד זצללה""ה משידלאווצי... ונלוה עוד קונטרס... חזון ישעי' מכבוד... ר' ישעי' [ב""ר מאיר] זצללה""ה האבד""ק פרזעדבארז... קונ' דרך ישר מכבוד... ר' ישכר בער [ב""ר יצחק] זצללה""ה האבד""ק ראדשיץ... קונ' תפארת משה, מכבוד... ר' משה [ב""ר דוד בידערמאן] זצללה""ה מלעלוב. כ""ז נעתק ונאסף ע""י הרב... נתן נטע הכהן שליט""א האבד""ק קאלביעל [שערך והוסיף הערות רבות בשולי העמודים, ובהן ליקוטים מספרי צדיקים אחרים]. נדפס בהוצאות... אלעזר נ""י ב""ר יעקב ז""ל זילבערשטיין מקלאביעל."				אין סרוק	heb		דונר, נתן נטע בן צבי הכהן	נתן נטע דונר	Natan Netah Doner		953	NULL					"ר' ישראל ב""ר חמ""י [חיים מאיר יחיאל שפירא], גראדזיסק, ב וירא תר""ס."	heb	Tiferet Haim		171191		TBD	TBD	953	Point(21.033333333 52.216666666)	21.03333333	52.21666667	NULL					רשימת ספרי חסידות.xlsx - Editions (5).tsv
181	3587|3694|3696|3709|3710|3722|3730|3755|3770|3799		תפארת חיים	1905	177534						תפארת חיים			Warsaw,ורשה		"תרס""ה (קישור לדפוס משנת תרפ""ה)"			שמו של המדפיס באותיות קיריליות.			https://tablet.otzar.org/he/book/book.php?book=16545&width=-17&scroll=0&udid=15704259191601592	...				אין שדה 972	heb		דונר, נתן נטע בן צבי הכהן	נתן נטע דונר	Natan Netah Doner		953	NULL			אברהם יוסף קליימאן		TBD	heb	Tiferet Haim		171191		TBD	אברהם יוסף קליימאן	953	Point(21.033333333 52.216666666)	21.03333333	52.21666667	NULL			82		רשימת ספרי חסידות.xlsx - Editions (5).tsv
182	3731	https://www.nli.org.il/he/books/NNL_ALEPH001980206/NLI	דברים יקרים	1905	144098	74	A			"דברים יקרים עם סיפורים נפלאים, בנימין זאב ליבסקינד, פיוטרקוב תרס""ה"	דברים יקרים			פיוטרקוב,Piotrkow,Piotrków		"תרס""ה"	"תרס""ה"		"בעמ' האחרון: ""מחמת טעם כמוס, לא ניתן להדפיס כעת הדרוש בזה החלק. לכן יבא אי""ה בחלק השני עם כמה הוספות"". כנראה לא נדפס."	"ספרון אגורה קטן בן 8 דפים בלבד, ובו סיפורי נפלאות וכמה שמועות חסידיות ודברי תורה. המחבר הוא מו""ל חסידי בעל ההוצאה לאור ליבסקינד. "	http://hebrewbooks.org/5694		"והוא סיפורים נפלאים ושיחות ... מצדיקי יסודי עולם... גם נספח בסופו דרוש... מענין ביאת המשיח מכבוד... מו""ה ברוך צבי הירש ראזענבלום זצלה""ה אב""ד דק""ק פיעטרקוב... הובא לבה""ד בהוצאת ר' בנימין ליבעסקינד..."				אין סרוק	heb	בנימין זאב ליבסקינד	ליבסקינד, בנימין זאב בן אברהם יצחק	בנימין זאב ליבסקינד	Binyamin Zeev Libskind	דברים יקרים עם סיפורים נפלאים	250	NULL			ברוך ליבעסקינד		TBD	heb	Devarim Yekarim with Sipurim Niflaim	8	179517		TBD	ברוך ליבעסקינד	250	Point(19.683333333 51.4)	19.68333333	51.4	NULL	16	6	83	ספרון אגורה, אוסף סיפורים, מעשים נפלאים, שמועות חסידיות. ללא מקורות ומסרנים.	רשימת ספרי חסידות.xlsx - Editions (5).tsv
183	3732	https://www.nli.org.il/he/books/NNL_ALEPH001750964/NLI	שמן הטוב.	1905	147823	75	A			"שמן הטוב, אברהם חיים שמחה בונים מיכלזאהן, פיוטרקוב תרס""ה"	שמן הטוב.			פיוטרקוב,Piotrkow,Piotrków		"תרס""ה"	"תרס""ה"		"עמ' 127-154: קונטרס ""צפחת השמן"" מאת אאמו""ר ... ר' צבי יחזקאל שליט""א מיכלזאהן אבד""ק פלונסק. הערות והוספות."	" דברי תורה מאת ר' שמלקה מניקלשבורג, ונוסף לו חלק שני נרחב ובו סיפורים אודות ר' שמלקה ואישים קרובים לו. זהו הספר הראשון מסוג הילקוטים המפותחים שהפיקו בני חוגו של ר' צבי יחזקאל מיכלזאהן, המבוססים על איסוף שמועות מפי מסרנים נודעים וחשובים, בני חוגו של רצ""י.  הכותב הוא לכאורה בנו של רצ""י, שהיה בצאת הספר צעיר כבן תשע-עשרה. בפועל נכתב הספר כנראה בעזרתו הצמודה ובפיקוחו של האב, כפי שהפך מקובל בספרי שבחים שנכתבו על ידי אישים תלמידי חכמים, שדאגו להצניע את שמם תחת שם בנם או קרוב אחר (ראו למשל דרך האמונה ומעשה רב, 43; צבי לצדיק, 68). השמועות בחלק הסיפורים מופיעות כמסירות ומכתבים מבני החוג, וביניהם הרבנים והסופרים ר' יוסף לווינשטיין, ישראל ברגר, יקותיאל אריה קמלהר, נתן נטע דונר ור' אברהם אטינגא. עוד אודות המחבר וספריו ר' נגאל, מלקטי הסיפור, עמ' 201-197; קיציס, ספרות השבחים, עמ' 168-165.  "	http://hebrewbooks.org/50691		"כולל לקוטי ח""ת [חידושי תורה] על פסוקי תנ""ך ומדרשים ואגדות הש""ס ... וסיפורים ... מכ""ק [מכבוד קדושת] זקיני ... רבינו שמואל שמעלקי הלוי זצוקלה""ה איש הורוויץ אבד""ק ניקלשפורג ... מאחיו הוא זקיני ... ר' פנחס הלוי איש הורוויץ זצוקלה""ה אבד""ק פפדמיי""ן ... ומאבותיהם וקרוביהם ... ר' צבי הירש הלוי איש הורוויץ אבד""ק טשארטקוב. ומ' מאיר הלוי אבד""ק טיקטין ומ' יוקל הלוי אבד""ק גלוגא. ומ' יצחק הלוי אבד""ק המבורג ועוד מגאונים ... לקטתי וערכתי וסדרתי ... אברהם שמחה בונם חיים בן... ר' צבי יחזקאל שליט""א מיכלזאהן אבד""ק פלונסק ... יצא לאור בהוצאות ... ר' חנוך העניך ... זילבערשאץ בבענדין ..."		990017509640205171		HebrewBooks	heb	אברהם חיים שמחה בונים מיכלזאהן	מיכלסון, אברהם חיים שמחה בונם בן צבי יחזקאל	אברהם חיים שמחה בונים מיכלזהאן	Avraham Chaim Simcha Bunim Michaelson	שמן הטוב	250	NULL					TBD	heb	Shemen Hatov	8	373533		TBD	TBD	250	Point(19.683333333 51.4)	19.68333333	51.4	NULL	154	174	84	"נספח שבחים לספר דרשות, ילקוט מפותח בסגנון חוג רצ""י. מסרנים מחוג זה."	רשימת ספרי חסידות.xlsx - Editions (5).tsv
184	3733	https://www.nli.org.il/he/books/NNL_ALEPH001909741/NLI	כנסת ישראל	1906	132684	77	A			"כנסת ישראל, ראובן ז""ק, וורשה תרס""ו"	כנסת ישראל			Warsaw,ורשה		"תרס""ו"	"תרס""ו"		"בראשי העמודים: לקוטי מהר""י מרוזין ז""ל."	" אוסף סיפורים ואמירות אודות ר' ישראל מרוז'ין ובנו ר' אברהם יעקב מסדיגורה, ללא מסרנים ומקורות. המשכו בקובץ בית ישראל (תרע""ג, 132). הספר הפך למקור ידיעות מרכזי אודות רבי ישראל מרוז'ין.  "	http://hebrewbooks.org/3633		"... לקוטים יקרים ... מארי שבחבורה ... ישראל [פרידמאן] מרוזין ... ואחריו מבניו ... מו""ה שלום יוסף נ""ע ואחיו ... מוה' אברהם יעקב מס""ג [מסאדיגורה] והה""ק מלעווא [ר' דוב] ... מו""ה מנחם נחום משטיפענעשט והה""צ ... דוד משה מטשארטקוב והה""צ ... מרדכי שרגא מהוסיאטין ... נאסף ... ע""י ... מו""ה ראובן בהרב צבי דוד ז""ק מו""ט [צ""ל: מו""צ] באוסטילע ..."		990019097410205171		HebrewBooks	heb	"ראובן ז""ק"	"ז""ק, ראובן בן צבי דוד"	"ראובן ז""ק"	"Reuven Z""K"	כנסת ישראל	953	NULL					TBD	heb	Knesset Yisrael	"22 ס""מ"	1701659		TBD	TBD	953	Point(21.033333333 52.216666666)	21.03333333	52.21666667	NULL	146		85	אוסף סיפורים ואמירות. ללא מקורות ומסרנים.	רשימת ספרי חסידות.xlsx - Editions (5).tsv
185	3734	https://www.nli.org.il/he/books/NNL_ALEPH001852262	עשר קדושות	1906	333361	78	A			"עשר קדושות, ישראל ברגר, פיוטרקוב תרס""ו"	עשר קדושות	dedupmrg287324761_IE38260533		פיוטרקוב,Piotrkow,Piotrków		"תרס""ו (קישור לדפוס משנת תרס""ז)"	"תרס""ו"		"מכתביהם (הסכמותיהם) של ר' חיים מצאנז, ר' יקותיאל יהודה טייטעלבוים, ר' יצחק אהרן איטינגא ור' מנחם מענדיל פאנעט הועתקו, בשינויים, מספרו ""רצון ישראל"", מונקאטש תרנ""ז."	"הספר הראשון מסדרת הספרים האנתולוגית ""זכות ישראל"". הסדרה נקראה בפי העם ""עשרלך"" בשל כותרות הספרים המרכיבים את הסדרה, הנמשכת בספרים עשר אורות, תרס""ז (80), עשר צחצחות, תר""ע (96) ועשר עטרות, תר""ע (97). בכל ספר סידר המחבר עשר ""מערכות"", חטיבות, כל אחת על צדיק חסידי. כל מערכת מכילה פרקים מונגרפיים וליקוט ידיעות מתוך ספרים ומאת מסרנים מחברי המחבר. רבים מהם אישים רבניים מחוגו של רצ""י מיכלזאהן. אל רוב הצדיקים שבספר מתייחס המחבר כקרוב משפחה. בספר זה מתוארים עשרה צדיקים מבית קומרנא-זידיטשוב-סאמבור-ראדזיל. בהקדמה הסכמות מצדיקים חסידיים מסביבת המחבר וכן הסכמה ארוכה מאת רצ""י. המחבר הוא רב חסידי מיוחס, קרוב רחוק של רצ""י, ששימש ברבנות בבוקרשט. ברגר אף שימש מסרן מרכזי בחוג הסופרים החסידיים של רצ""י ושמו מופיע כמקור לידיעות רבות. ספריו של ברגר זכו לפרסום ולמהדורות רבות, למשל ירושלים תש""י, וכן מהדורה בצירוף מקורות ומפתחות ע""י חיים יוסף ולדמן, ירושלים תשס""א (תחת השם זכות ישראל). ידיעות מתוך ספרים אלו מופיעים בספרי שבחים חסידיים רבים. בעקבות ברגר נפוץ מבנה ה""מערכות"" בספרים רבים. השפעתו של ברגר ניכרת אפילו בחיקוי שמות ספריו, כמו למשל בספר עשר נפלאות של עזריאל חיים זמלונג, תרפ""ח (186). עוד על המחבר וספריו ראו נגאל, מלקטי הסיפור, עמ' 207-206; קיציס, ספרות השבחים, עמ' 170-168.  "		https://tablet.otzar.org/he/book/book.php?book=23367&width=-17&scroll=0&udid=15704259191601592&pagenum=1	"בו יבוא חידושים... שיחות [ומכתבים].. עם סיפורים ומעשיות... וגם הנהגות.. מן עשרה גאונים וקדושים, הקשורים במשפחתינו... דברי... ישראל בהרב ... יצחק שמחה זללה""ה ... בהוצאות ... ר' אברהם יוסף קליימאן מקאלביעל."		990018522620205171			heb	ישראל ברגר	ברגר, ישראל בן יצחק שמחה	ישראל ברגר	Yisrael Berger	עשר קדושות	250	NULL			אברהם יוסף קליימאן, קאלביעל		"ר' צבי יחזקאל מיכלזאהן, פלונסק, ו שלח תרס""ו."	heb	Esser Kedushot	8	168756		TBD	אברהם יוסף קליימאן, קאלביעל	250	Point(19.683333333 51.4)	19.68333333	51.4	NULL	118		86	"פרקים המכילים ילקוט מתוך ספרים ומסרנים. מונוגרפיות. בצירוף מקורות ומסרנים מחוגו של רצ""י."	רשימת ספרי חסידות.xlsx - Editions (5).tsv
186	3735|3736		עשר קדושות	1910	331427						עשר קדושות			Piotrkow					עמ' 107-118: מגלת יוחסין וסדר ההתקשרות.				"... בו יבוא חידושים ... שיחות [ומכתבים] ... עם סיפורים ומעשיות ... וגם הנהגות ... מן ... גאונים וקדושים, הקשורים במשפחתינו ... א. ... ר' יצחק אייזק [אייכנשטיין] מספרין, ב. בנו ... ר' צבי הירש [אייכנשטיין] מזידיטשוב, ג. בנו ... ר' משה [אייכנשטיין] מסאמבור, ד. בנו ... ר' [אלכסנדר] סענדר [אייכנשטיין] מקמארנא, ה. בנו ... ר' ישכר בעריש [אייכנשטיין] מזידיטשוב, ו. בנו ... ר' ליפא [אייכנשטיין] מסאמבור, ז. ... ר' יודא צבי [אייכנשטיין] מראזדל, ח. ... מוהרי""א [ר' יצחק אייזיק אייכנשטיין] מזידיטשוב, ט. ... מוהרי""א [ר' יצחק אייזיק יהודה יחיאל ספרין] מקמארנא, י. ... ר' יודא ליבוש מראזדל [ב""ר אברהם משה מאוסטראה]. סדרי התקשרותינו עם אלה הצדיקים, במגילת יחוסינו המה חקוקים ... דברי הק' ישראל [ברגר] ..."				יש סריקה מוקדמת	heb		ברגר, ישראל בן יצחק שמחה				250	NULL			אברהם יוסף קליימאן, ווארשא		ר' צבי יחזקאל מיכלזאהן.	heb			168756		TBD	אברהם יוסף קליימאן, ווארשא	250	Point(19.683333333 51.4)	19.68333333	51.4	NULL					רשימת ספרי חסידות.xlsx - Editions (5).tsv
187	3735|3736		עשר קדושות	1913	331456						עשר קדושות			Warsaw					עמ' 107-118: מגלת יוחסין וסדר ההתקשרות.				"... בו יבוא חידושים ... שיחות [ומכתבים] ... עם סיפורים ומעשיות ... וגם הנהגות ... מן ... גאונים וקדושים, הקשורים במשפחתינו ... א. ... ר' יצחק אייזק [אייכנשטיין] מספרין, ב. בנו ... ר' צבי הירש [אייכנשטיין] מזידיטשוב, ג. בנו ... ר' משה [אייכנשטיין] מסאמבור, ד. בנו ... ר' [אלכסנדר] סענדר [אייכנשטיין] מקמארנא, ה. בנו ... ר' ישכר בעריש [אייכנשטיין] מזידיטשוב, ו. בנו ... ר' ליפא [אייכנשטיין] מסאמבור, ז. ... ר' יודא צבי [אייכנשטיין] מראזדל, ח. ... מוהרי""א [ר' יצחק אייזיק אייכנשטיין] מזידיטשוב, ט. ... מוהרי""א [ר' יצחק אייזיק יהודה יחיאל ספרין] מקמארנא, י. ... ר' יודא ליבוש מראזדל [ב""ר אברהם משה מאוסטראה]. סדרי התקשרותינו עם אלה הצדיקים, במגילת יחוסינו המה חקוקים ... דברי הק' ישראל [ברגר] ..."				יש סריקה מוקדמת	heb		ברגר, ישראל בן יצחק שמחה				953	()			אברהם יוסף קליימאן		ר' צבי יחזקאל מיכלזאהן;	heb			168756		TBD	אברהם יוסף קליימאן	953	Point(21.033333333 52.216666666)	21.03333333	52.21666667	()					רשימת ספרי חסידות.xlsx - Editions (5).tsv
188	3737	https://www.nli.org.il/he/books/NNL_ALEPH004911204/NLI	בית ישראל	1907	137758	79	A			"בית ישראל, חיים מאיר היילמאן, ניו יורק תרס""ז"	בית ישראל			New York,ניו יורק		"תרס""ז (קישור לדפוס משנת תר""צ)"	"תרס""ז"		עברית ויידיש, זו למעלה מזו. אין זהות מוחלטת בין שתי הנוסחאות.	" ספרון אודות בריחתו של ר' ישראל מרוז'ין מן המאסר, כתוב עברית ויידיש בחציו של כל עמוד. ניכרת בספר נטייה אל התיאור הדרמטי והסנסציוני. הכותב מעיד כי מקור ידיעותיו הוא חסיד רוז'ין שסבו ר' יעקב התלווה אל הרבי מרוז'ין בבריחתו מרוסיה. הוא מבקש מן הקוראים לתקן שיבושים עובדתיים אפשריים בעדות זו. בכך דומה הספר ל""כתבים"" הגנוזים שפרסם שענקל בס' ישועות ישראל (תרס""ד, 69).  ספר זה הוא ככל הנראה ספר השבחים הראשון שהודפס על אדמת אמריקה, וניכר שהוא נועד לקהל רחוק מן ההוויה החסידית. ספר בעל שם זהה ותוכן שונה, העוסק גם הוא בר' ישראל מרוז'ין ראה אור בתרע""ג על ידי ראובן ז""ק (132).  "	http://hebrewbooks.org/2163		תולדות... הרב ר' ישראל מרוזין... אשר עבר עליו על ידי המלשינות... לפני הקיסר ניקאלאי הראשון... איין וואונדערליכע ערצעהלונג וועלכע האט פאסירט אין רוסלאנד... מאת חיים מאיר היילמאן...		990049112040205171		HebrewBooks	yid	חיים מאיר היילמאן		חיים מאיר היילמאן	Haim Meyer Heillman	בית ישראל	32	NULL					TBD	yid	Beit Yisrael				TBD	TBD	32	Point(-73.94 40.67)	-73.94	40.67	NULL			87	מונוגרפיה, אירוע סנסציוני. ללא מקורות ומסרנים (מלבד עדותו של המחבר ששמע את הסיפור ממקור מוסמך).	רשימת ספרי חסידות.xlsx - Editions (5).tsv
189	3738	https://www.nli.org.il/he/books/NNL_ALEPH001741704	עשר אורות	1907	331428	80	A			"עשר אורות, ישראל ברגר, פיוטרקוב תרס""ז"	עשר אורות	dedupmrg285761314_IE38534992		פיוטרקוב,Piotrkow,Piotrków		"תרס""ז"	"תרס""ז"		"יש טפסים המסתיימים בעמ' 156, בלי ה""הוספות למגילת היוחסין"". כמו כן יש טפסים המסתיימים בעמ' 157, בלי רשימת הפרנומרנטין."	" ספר שני בסדרה. עשר מערכות נוספות. המשך לעשר קדושות תרס""ו (78). בכרך זה מערכות אודות: המגיד ממזריטש, ר' לוי יצחק מברדיטשוב, החוזה מלובלין, ר' פנחס מקוריץ, ר' יצחק מראדוויל, המגיד מקוז'ניץ, ר' אברהם יהושע השל מאפטא, ר' ישראל מרוז'ין ושניים מבניו: האדמו""רים מסדיגורה ומצ'ורטקוב. עוד על המחבר ר' עשר קדושות (78). "	http://hebrewbooks.org/3621		"בו יבוא חידושים ... שיחות [ומכתבים] ... סיפורים ומעשיות ... וגם הנהגות ... מן ... גאונים וקדושים הקשורים במשפחתינו ... א. ... ר' דובער ממעזריטש, ב. ... ר' פנחס [שפירא] מקאריץ, ג. ... ר' לוי יצחק [ב""ר מאיר] מבארד[יצ'ב], ד. ... ר' יצחק [ב""ר יחיאל מיכל] מראדוויל, ה. ... ר' ישראל [הופשטיין] המגיד מקאזניץ, ו. ... ר' יעקב יצחק [הורוויץ] מלובלין, ז. ... רא""י [ר' אברהם יהושע] העשיל מאפטא, ח. ... ר' ישראל [פרידמאן] מריזין, ט. בנו ... ר' אברהם יעקב [פרידמאן] מס""ג [מסאדיגורה], י. בנו [של ר' ישראל] ... ר' ד""מ [דוד משה פרידמאן] מטשארטקוב ... דברי ... ישראל בהרב ... יצחק שמחה ... רב ... פה עיר בוקארעשט ... סדרתי בריש ספר זה ""פתיחתא רבתא"" ... מש""ס בבלי וירושלמי ... לעורר אמונה שלימה ..."		990017417040205171			heb	ישראל ברגר	ברגר, ישראל בן יצחק שמחה	ישראל ברגר	Yisrael Berger	עשר אורות	250	NULL			אברהם יוסף קליימאן מקאלביעל		"ר' שלום מרדכי הכהן, ברעזאן, לח למב""י [כג אייר] תרס""ז."	heb	Esser Orot	"23 ס""מ"	168756		TBD	אברהם יוסף קליימאן מקאלביעל	250	Point(19.683333333 51.4)	19.68333333	51.4	NULL	158	134	88	"ילקוט מתוך ספרים ומפי מסרנים, בעיקר מחוג רצ""י."	רשימת ספרי חסידות.xlsx - Editions (5).tsv
190	3739		עשר אורות	1913	331457						עשר אורות			Warsaw					יש טפסים בהם 156 עמ' בלבד.				"בו יבוא חידושים ... שיחות [ומכתבים] ... סיפורים ומעשיות ... וגם הנהגות ... מן ... גאונים וקדושים הקשורים במשפחתינו ... א. ... ר' דובער [ב""ר אברהם] ממעזריטש, ב. ... ר' פנחס [שפירא] מקאריץ, ג. ... ר' לוי יצחק [ב""ר מאיר] מבארד[יצ'ב], ד. ... ר' יצחק [ב""ר יחיאל מיכל] מראדוויל, ה. ... ר' ישראל [הופשטיין] המגיד מקאזניץ, ו. ... ר' יעקב יצחק [הורוויץ] מלובלין, ז. ... רא""י [ר' אברהם יהושע] העשיל מאפטא, ח. ... ר' ישראל [פרידמאן] מריזין, ט. בנו ... ר' אברהם יעקב [פרידמאן] מס""ג [מסאדיגורה], י. בנו [של ר' ישראל] ... ר' ד""מ [דוד משה פרידמאן] מטשארטקוב ... דברי ... ישראל בהרב ... יצחק שמחה ... רב ... פה עיר בוקארעשט ... סדרתי בריש ספר זה ""פתיחתא רבתא"" ... מש""ס בבלי וירושלמי ... לעורר אמונה שלימה ..."				יש סריקה מוקדמת	heb		ברגר, ישראל בן יצחק שמחה				953	()			אברהם יוסף קליימאן		"עם הסכמות ר' יוסף מאיר ווייס, ר' שלום מרדכי הכהן שוואדרון, ר' חיים חזקיאו מדיני, ר' חיים לערמאן ור' צבי יחזקאל מיכלזאהן, מהוצאת תרס""ז."	heb			168756		TBD	אברהם יוסף קליימאן	953	Point(21.033333333 52.216666666)	21.03333333	52.21666667	()					רשימת ספרי חסידות.xlsx - Editions (5).tsv
191		https://www.nli.org.il/he/books/NNL_ALEPH002006028	ספר אהבת שלום תנינא					לבדוק	לבדיקה			dedupmrg285555567_IE44871495												אהבת שלום תנינא	990020060280205171																																רשימת ספרי חסידות.xlsx - Editions (5).tsv
192	3740	https://www.nli.org.il/he/books/NNL_ALEPH000399598/NLI	אהבת שלום תנינא	1906	318386	81	A?	"?81A (אצל קיציס רשום תרס""ז.  זה יכול להיות מתאים למה שרשום אצלנו, סוף שנת 1906.)"	finalize date	"אהבת שלום תניינא עם דברי אלימלך, משה ברגר, סיגט תרס""ז"	אהבת שלום תנינא			Sighet,סיגט,Sighetu		"תרס""ז"	"תרס""ז"		טקסט על המעטפת השמאלית (דף כו).	" ספר דרשות של צדיקי בית קוסוב, ובסופו נספח בצורת ""מערכה"" של סיפורים ואמרות מאת ר' אלימלך מליז'נסק, ומערכה נוספת על ר' שלום מבעלז. החומר מלוקט ממקורות קודמים בציון המקור. הכותב הוא בנו של ישראל ברגר.  "	http://hebrewbooks.org/20912		"מכ""ק [מאת כבוד קדושת] אבי זקני הרב ... מנחם מענדיל זצ""ל מקאסיב, בנו של ... ר' יעקב קאפיל חסיד זצ""ל. תורת חיים תנינא, מכ""ק דודי זקני הרב ... חיים זצ""ל מקאסוב, בנו של ... ר' מנחם מענדיל זצ""ל הנזכר. ובשניהם שני חלקים, ח""א על פרשיות התורה, וח""ב על מועדי ה' ... העתקתי ... מכתב יד ... וכן כמה מאמרים קדושים ... גם ספחתי שני קונטרסים משני מאורות גדולים ... דברי אלימלך, מהה""ק [מהרב הקדוש] ... רבי אלימלך זללה""ה מליזענסק. דברי שלום, מהה""ק ... ר' שלום רוקח זללה""ה מבעלז. ובסופו קונטרס הנקרא השלמה לס' תורת הרמ""ל השלם, שהוצאתי לאור [בשנת] תרס""ג [בסיגעט] ... [מאת] אבי זקיני ... ר' משה ליב זללה""ה מסאסוב. כולל אמרים נעימים ... משובצים בספורים ... משה בן הינדא [בערגער] ... סטאניסלאב."		990003995980205171		HebrewBooks	heb	משה ברגר	האגר, מנחם מנדל בן יעקב קופל מקוסוב	משה ברגר	Moshe Berger	אהבת שלום תניינא עם דברי אלימלך	99	NULL					TBD	heb	Ahavat Shalom Tinyana with Divrei Elimelech		181247		TBD	TBD	99	Point(23.89 47.93)	23.89	47.93	NULL			89	נספח שבחים בסוף ספר דרשות. מלוקט מספרים קודמים.	רשימת ספרי חסידות.xlsx - Editions (5).tsv
193	3741	https://www.nli.org.il/he/books/NNL_ALEPH002013338/NLI	רשפי אש השלם	1907	149567	83	A			"רשפי אש (השלם) עם שבחי מוהר""ם, נתן נטע דונר עם שמעון מנחם מנדל מגאוורטשוב, פיוטרקוב תרס""ז"	רשפי אש השלם			פיוטרקוב,Piotrkow,Piotrków		"תרס""ז"	"תרס""ז"		"16 העמ' האחרונים, עם שער מיוחד: לקוטי שבחי מוהר""מ זלה""ה."	"הס' רשפי אש ובו דברי תורתו של ר' מרדכי מנשכיז נכתב במקורו על ידי יעקב מרדכי בן משה יוסילי, וראה אור בוורשה תרכ""ט ובמהדורות נוספות. במהדורה זו נערך מחדש והוגה על ידי המחברים, ונוסף לו הפרק שבחי מוהר""ם ובו שילוב של שבחים וייחוס משפחה. קטעים רבים בחלק זה מובאים מתוך הספר זכרון טוב, תרנ""ב (32). הובא לדפוס על ידי חתנו של דונר, יעקב דוד ויטלזאהן. ויטלזאהן הצעיר מוסיף אזהרות שלא לפגוע בזכויות היוצרים, למרות שאפילו חלקים רחבים מן ההקדמה עצמה מועתקים מספר שבחי צדיקים תרמ""ד (28). "	http://hebrewbooks.org/41963		"כתבי קודש אשר יצאו מפי ... ר' מרדכי זצוקלל""ה... מנעסכיאז... קמנו... להביאו מחדש לביה""ד וסדרנו אותו על סדר פרשיות התורה, ונו""כ... והוספנו... מחידושי תורתו המפוזרים בספרי צדיקים... בשם רבינו... וביותר מספרי תלמודיו [!]... אשר שמעו מפיו... ועל המאמרים הסתומים הצגנו ביאורים... מאת גדולי וגאוני זמנינו... וקצת מה שעלה בשכלינו ... ונלוה לזה בסופו קונטרוס שבחי מוהר""מ... נתן נטע הכהן במוהר""צ [צבי דאנער] אב""ד דק""ק קאלביעל... שמעון מנחם מענדל [וואדניק] מגאוורטשוב במוהרי""צ נ""י מקוטנא. נדפס בהוצאות ובהשתדלות הר'... יעקב דוד ויטטעלזאהן נ""י. חתן הרב הנ""ל מקאלביעל..."		990020133380205171		HebrewBooks	heb	נתן נטע דונר עם שמעון מנחם מנדל מגאוורטשוב	שפירא, מרדכי בן דוב בר מנסכיז	נתן נטע דונר עםשמעון מנחם מנדל מגאוורטשוב	Natan Netah Doner with Shimon Menachem Mendel from Gavretchov	"רשפי אש (השלם) עם שבחי מוהר""ם"	250	NULL					"ר' שלום ברמ""ב [צ""ל: ברב""מ - ברוך מרדכי פערלאוו] מקאיידנוב, בראין, א שמיני תרס""ב."	heb	"RishfeiAish with the booklet Shivchei Mohara""m"	4	181545		TBD	TBD	250	Point(19.683333333 51.4)	19.68333333	51.4	NULL	92		90	פרק שבחים ויוחסין בסוף ספר דרשות. לקוח מספרים קודמים, לא תמיד בצירוף המקור. ללא מסרנים.	רשימת ספרי חסידות.xlsx - Editions (5).tsv
194	3742		רשפי אש השלם	1907	149568						רשפי אש השלם			Piotrkow					בשער: 1907				"... נדפס בהוצאות ובהשתדלות הר'... יעקב דוד ויטטעלזאהן נ""י... ר' יחיאל מענדיל קליימאן..."				יש סריקה מוקדמת של HebrewBooks	heb		שפירא, מרדכי בן דוב בר מנסכיז				250	NULL					TBD	heb			181545		TBD	TBD	250	Point(19.683333333 51.4)	19.68333333	51.4	NULL					רשימת ספרי חסידות.xlsx - Editions (5).tsv
195	3743	https://www.nli.org.il/he/books/NNL_ALEPH002006782	אילנא דחיי	1908	300692	84	A			"אור הנר, יצחק מרדכי פאדווה, פיוטרקוב תרס""ח"	אילנא דחיי	dedupmrg287341555_IE102900807		פיוטרקוב,Piotrkow,Piotrków		"תרס""ח"	"תרס""ח"		עמ' 28-35: שאלות ותשובות.	" ספר ייחודי. נכתב על ידי אדמו""ר חסידי מבית פשיסחה. הספר בנוי במתכונת של ספר הנהגות, ובמרכזו רשימת הנהגות ואזהרות, ביניהם משובצים סיפורים אודות אבותיו הצדיקים של המחבר. נכתב כהמשך לס' קודם מאת המחבר, אילנא דחיי, פיוטרקוב תרע""ד, ובו פירוש על התורה על דרך הסוד המבוסס על דברי ר' מנדל מרימנוב והיהודי הקדוש. "	http://hebrewbooks.org/3697		"... אמרות... אשר יצאו... מפי... ר' מנחם מענדיל זצ""ל מרימנאוו... הובא לביה""ד ע""י... מו""ה יוסף ש""ץ נ""י מוכר ספרים מטאמאשאוו... (חלק [א]-ב)."		990020067820205171			heb	יצחק מרדכי פאדווה	טורם, מנחם מנדל בן יוסף מרימאנוב	יצחק מרדכי פאדוואה	Yitzhak Mirdechai Padua	אור הנר	250	NULL					TBD	heb	Or Haner (Second Part of Illana De-Haie)	"22 ס""מ"	91957		TBD	TBD	250	Point(19.683333333 51.4)	19.68333333	51.4	NULL	38		91	סיפורים משובצים בתוך ספר הנהגות ודרשות. ללא מסרנים ומקורות.	רשימת ספרי חסידות.xlsx - Editions (5).tsv
196	3744	https://www.nli.org.il/he/books/NNL_ALEPH002057814/NLI	מזכרת שם הגדולים	1908	164422	85	A			"מזכרת שם הגדולים, משה חיים קליינמן, פיוטרקוב תרס""ח"	מזכרת שם הגדולים			פיוטרקוב,Piotrkow,Piotrków		"תרס""ח"	"תרס""ח"		חלק מתוכן הספר נדפס שנית, בשינויים ובהוספות רבות, בספריו האחרים של המחבר.	" שמונה עשרה מערכות על דמויות של אדמו""רים חסידיים מדור תלמידי המגיד ממזריטש. מסודרים על פי סדר פטירתם. ילקוט של אמרות ומעשיות מתוך מקורות קודמים, בציון שם הספר ממנו נלקחה כל פסקה. כנראה ללא הוספות מקוריות. הכותב הוא חסיד סלונים מבריסק דליטא. תכנן להוציא ספרים נוספים בשם זה (הספר נקרא ""חלק ראשון"") אך לבסוף הוציא ספרים בשמות אחרים (זכרון לראשונים, תרע""ב, 127; לישרים תהלה, תרע""ח, 142; אור ישרים, תרפ""ד, 156). עוד על המחבר וספריו ר' נגאל, מלקטי הסיפור, עמ' 211-208.  "		https://tablet.otzar.org/he/book/book.php?book=144843&width=-17&scroll=0&udid=15705230306696682	"חלק ראשון. בו נקבצו ובאו זכרון בספר (ח""י... צדיקים) ... אנשי שם [בחסידות] (לכל צדיק וצדיק מדור בפ""ע [בפני עצמו])... לקוטי אמרים ... סיפורים נוראים (ופרשת גדולתם)... מהרבה ספרים... גם ימי חייהם ושנות פטירותיהם... רבותיהם ותלמידיהם (לכל דבר מראה מקום)... נאספו... על ידי ... משה חיים קליינמאן מבריסק דליטא בלא""א... מו""ה אברהם יוסף ז""ל בהרב... מו""ה אהרן זללה""ה הנקרא בפי כל ר' ארעלע קאמניצער."				אין סרוק	heb	משה חיים קליינמן	קליינמאן, משה חיים בן אברהם יוסף	משה חיים קליינמן	Moshe Haim Kleinman	מזכרת שם הגדולים	250	NULL					TBD	heb	Mazkeret Shem Hagedolim (Part 1)	"23 ס""מ"	275368		TBD	TBD	250	Point(19.683333333 51.4)	19.68333333	51.4	NULL			92	מערכות. ילקוט מתוך ספרות קודמת, בציון המקור. ללא מסרנים.	רשימת ספרי חסידות.xlsx - Editions (5).tsv
197	3745	https://www.nli.org.il/he/books/NNL_ALEPH002050272/NLI	ספורים נפלאים ומאמרים יקרים	1908	160942	86	A			"סיפורים נפלאים ומאמרים יקרים, ישעיה וולף ציקרניק, לבוב תרס""ח"	ספורים נפלאים ומאמרים יקרים			Lvov,למברג,Lviv		"תרס""ח"	"תרס""ח"		בשולי השער בגרמנית: Zuckernik	" הספרון הרביעי והאחרון של ציקרניק. ילקוט קטן של סיפורים מבית חסידות סקווירא-צ'רנוביל. ר' מעשיות ומאמרים יקרים, תרס""ב (60). "		https://tablet.otzar.org/he/book/book.php?book=52046&width=-17&scroll=0&udid=15705230306696682	"... מהאחים הקדושים בני המגיד ר' מאטעל [טברסקי] מטשערנאבול... הלא המה... ר' דוד מטאלנע... ר' אברהם מטריסק ... ר' יצחק מסקווירא... ומגדולי הדור... ר' פנחס [שפירא] מקארעץ ומהרה""ק ר' הירש ליב מהאליק... מאת המלקט והמאסף ישעיה וואלף ציקערניק."		990020502720205171		אוסף ליובאוויטש- עדיין צריך לבקש מהספרייה	heb	ישעיה וולף ציקרניק	ציקרניק, ישעיה וולף	ישעיה וולף ציקרניק	Yeshaya Wolf Zikirnik	סיפורים נפלאים ומאמרים יקרים	166	NULL			מאיר ציקערניק		TBD	heb	Sipurim Niiflaim UMaamarim Yekarim	"19 ס""מ"	311683		TBD	מאיר ציקערניק	166	Point(24.014166666 49.83)	24.01416667	49.83	NULL	16	16	93	ילקוט מספרות קודמת בציון המקור, כולל מסורות חדשות מבית צ'רנוביל, בעיקר מפי הרבי ר' יצחק טברסקי.	רשימת ספרי חסידות.xlsx - Editions (5).tsv
199	3746	https://www.nli.org.il/he/books/NNL_ALEPH001883894/NLI	עטרת צבי	1908	112318	87	A			"עטרת צבי עם תפארת צבי, צבי יחזקאל מיכלזאהן, פיוטרקוב תרס""ח"	עטרת צבי			פיוטרקוב,Piotrkow,Piotrków		"תרס""ח"	"תרס""ח"		"הדרושים נדפסו קודם לכן בשו""ת עטרת צבי, [למברג תקס""ד]."	" החלק עטרת צבי הוא דברי תורתו של ר' צבי הירש חריף מהלברשטט (דמות חוץ חסידית), ולצידו המונוגרפיה אודותיו ""תפארת צבי"", הבנויה כילקוט שבחים מפי חוג המסרנים של רצ""י, וביניהם הרבנים חיים דוב גרוס, לווינשטיין, פנחס הורוביץ, אטינגא ועוד.  "	http://hebrewbooks.org/34395		"דרושים ... אשר דרש בשבת הגדול, ושבת תשובה ... מרן צבי הירש חריף זצוקלה""ה אב""ד ור""מ דק""ק הלברשטאט והמדינה ... ונלוה לזה קונטרס תפארת צבי; כולל ... תולדות ימי חייו ... של דו""ז הגה""ק המחבר ... מאתי צבי יחזקאל מיכלזאהן אבדפ""ק פלונסק והגליל ... יצא לאור בהוצאות בית מסחר הספרים של ר' העניך זילבערשאץ נ""י מבענדין ובהשתדלות ר' אליעזר נ""י זעלקאוויץ מבענדין ..."		990018838940205171		HebrewBooks	heb	צבי יחזקאל מיכלזאהן	אשכנזי, צבי הירש בן נפתלי הירץ	צבי יחזקאל מיכלזאהן	Tzvi Yechezkel Michaelson	עטרת צבי עם תפארת צבי	250	NULL			חנוך פאלמאן ונתן נטע קראנענבערג		TBD	heb	Ateret Tzvi with the booklet Tiferet Tzvi	8	172041		TBD	חנוך פאלמאן ונתן נטע קראנענבערג	250	Point(19.683333333 51.4)	19.68333333	51.4	NULL	128		95	"מונוגרפיה. ילקוט סיפורים ומסורות. מתוך מקורות ומפי מסרנים מחוג רצ""י."	רשימת ספרי חסידות.xlsx - Editions (5).tsv
200	3747		נפלאות היהודי	1912-1908	136292	88	A	"88A (קיציס רשם רק תרס""ח. אצלנו זה משנת 1912-1908)"	לבדוק	"נפלאות היהודי עם בית צדיקים, יועץ קים קדיש רוקוץ, פיוטרקוב תרס""ח"	נפלאות היהודי			פיוטרקוב,Piotrkow,Piotrków		"תרס""ח"	"תרס""ח"		"עמ' 22: מכתב הרבי ר' משה""לי [בידערמאן] מלעלוב ... חתן היהודי הקדוש זי""ע, שכתב על הדרך בנסעו לארץ הקדושה, סאדעגארע, א דראש-חודש אלול תר""י."	" ילקוט דברי תורה וסיפורים אודות היהודי הקדוש מפשיסחה. ספר השבחים הראשון שהוציא הסופר והמלקט יועץ קים (אולי שיבוש שנשתגר של ""קיים"") קדיש. הספר יצא בחסות רצ""י, כפי שמעידה הקדמת המחבר. בסוף הספר קובץ מפותח שכתב רצ""י בשם בית צדיקים, הבנוי סביב ייחוס המחבר למשפחתו של ה""מאיר נתיבים"", ר' מאיר מרגליות. הספר כולל סיפורים בהערות שוליים, רבים מהם מאת מסרנים מחוג רצ""י. הספר יצא לאור שוב ביידיש על ידי אברהם יוסף קליינמן (אביו של משה חיים קליינמן, מחבר ספרי שבחים). עוד על המחבר ר' קיציס, ספרות השבחים, עמ' 172-170; מנדל הוניג, ספר פשיטיק, תל אביב תשל""ג, עמ' 351–354. "	http://hebrewbooks.org/3880		"... חידושים ... וסיפורים ... מאת ... מרנא ורבנא יעקב יצחק ... זי""ע, הנקרא ... היהודי הקדוש מפרשיסחא ... בן ... ר' אשר ... אב""ד ור""מ בק' פרשעדבורז ... ואבי אביו ... ר' אלחנן ... אבד""ק גריצא ... בן בתו של ... מוהר""י [יצחק] הלוי אחי הט""ז ... המאסף והמעתיק והמבלה""ד יועץ קים קדיש בר' יהושע העשיל יכונה העשקי נ""י לבית ראקאץ מפרשיטיק ... חלק [א]-ב."				אין שדה 972	heb	יועץ קים קדיש רוקוץ	יעקב יצחק בן אשר מפשיסחה	יועץ קים קדיש	Yoeitz Kim Kadish	נפלאות היהודי עם בית צדיקים	250	NULL					"הסכמה: ר' דוד זאהלער, ירושלים, ו פנחס תר""ע. - חלק ב"	heb	Niflaot Hayehudi with Beit Tzadikim	"23 ס""מ"	1442070		TBD	TBD	250	Point(19.683333333 51.4)	19.68333333	51.4	NULL	114		96	"ילקוט סיפורים ודרשות. מגילת יוחסין. ילקוט מאת רצ""י ובני חוגו."	רשימת ספרי חסידות.xlsx - Editions (5).tsv
201	3748	https://www.nli.org.il/he/books/NNL_ALEPH001936204	נפלאות היהודי	1909	136293						נפלאות היהודי	dedupmrg285748678_IE93436202		Piotrkow					"בשער גם הפרט: י'ג'ד'י'ל' ת'ו'ר'ה' [תרס""ח], מן ההוצאה הראשונה."				... [חלק א].		990019362040205171			heb		יעקב יצחק בן אשר מפשיסחה				250	NULL					TBD	heb			1442070		TBD	TBD	250	Point(19.683333333 51.4)	19.68333333	51.4	NULL					רשימת ספרי חסידות.xlsx - Editions (5).tsv
202				1908	זה מופיע רק כנספח ל'נפלאות היהודי'. ולא מצאתי לבד.			בדיקה נוספת	בדיקה נוספת					פיוטרקוב,Piotrków		"תרס""ח"											הפרטים כמו 'נפלאות היהודי'				צבי יחזקאל מיכלזאהן	Tzvi Yechezkel Michaelson		250							heb	Beit Tzadikim						250							97		רשימת ספרי חסידות.xlsx - Editions (5).tsv
203	3749	https://www.nli.org.il/he/books/NNL_ALEPH002074466/NLI	ויקהל שלמה	1908	168253	89	A?	"?89A (אצל קיציס רשום תרס""ט.  זה יכול להיות מתאים למה שרשום אצלנו, סוף שנת 1908.)"	finalize date	"ויקהל שלמה, שלמה זלמן רפופורט, פיוטרקוב תרס""ט"	ויקהל שלמה			פיוטרקוב,Piotrkow,Piotrków		"תרס""ט"	"תרס""ט"		"מתוך ההקדמה: ""תדעו, שהמאמרים אשר הם מהרה""ק... מבעלזא... העתקתי מהכ""י אשר מונח אצל בן בנו... ר' שמואל שמעלקי [רוקח] שליט""א אשר הוא בעצמו העתיק מהכ""י אשר נשאר מעזבון... זקנו... וגם סיפר לי איזה סיפורים""."	" לקט אמרות ומעשיות של אדמו""רי בית בעלז ופוריסוב, מאת חסיד פוריסוב תושב העיר קוז'ניץ. בספר חומר מקורי רב ששמע המחבר מאת רבותיו בחסידות פוריסוב. בהקדמה רומז המחבר על היותו עני ועל כוונתו להתפרנס בעזרת הספר. מניע זה משתקף גם בהסכמות הרבות שצירף, בהם מוזכרת הבקשה לתמוך בתלמיד חכם עני. נראה שהמחבר תכנן להוציא חלק נוסף לספר ולא השלים את המלאכה.  "	http://hebrewbooks.org/3674		"... מאמרים וספורים מקדושי ישראל ... ורובו ככולו מהני שלשה... ר' שלום [רוקח] נ""ע אב""ד מבעלזא. ומאת מחותנו... ר' אלעזר [ב""ר משה אליקים בריעה הופשטיין מקוזניץ]... ומאת מחותנו הרב... [ר' יעקב צבי ב""ר יהושע אשר רבינוביץ] אב""ד מפארסאב זי""ע... ונוסף לזה מהצדיקים שליט""א נכדי הרה""ק [ר' שלום] מבעלזא... וגם על סדר פרשות ודרשות חז""ל על דרך החסידות, ונתיסדו על המאמרים והספורים ... הנ""ל (אשר אסף וליקט... מו""ה שלמה זלמן ראפאפורט) פה קאזיניץ. חלק א."				אין סרוק	heb	שלמה זלמן רפופורט	רפאפורט, שלמה זלמן בן יצחק	שלמה זלמן רפפורט	Shlomo Zalman Rapaport	ויקהל שלמה	250	NULL					"ר' שלמה בר""נ [נחמן רובינשטיין], מאגנישאוו, יא מנחם-אב תרס""ז."	heb	VaYakhel Shlomo	"23 ס""מ"	326681		TBD	TBD	250	Point(19.683333333 51.4)	19.68333333	51.4	NULL	54		98	אוסף אמירות וסיפורים, מסורת חצר. ללא מקורות ומסרנים.	רשימת ספרי חסידות.xlsx - Editions (5).tsv
204	3750	https://www.nli.org.il/he/books/NNL_ALEPH002021673/NLI	סיפורי צדיקים החדש	1909-1910	153369	90	A	"A90 (אצל קיציס רק רשום תרס""ט. אצלנו מ1910-1909)"	finalize date	"סיפורי צדיקים החדש, אברהם יצחק סויבלמן, פיוטרקוב תרס""ט"	סיפורי צדיקים החדש			פיוטרקוב,Piotrkow,Piotrków		"תרס""ט (קישור לדפוס משנת תרפ""ב)"	"תרס""ט"		"[א]: תרס""ט. 46, [2] עמ'."	" אוסף סיפורים על צדיקי החסידות, וכן נובלות מפותחות וארוכות על אישים חסידיים וחוץ חסידיים. חלק גדול הוא חומר מקורי מפי מסרנים שונים, רובם ממכריו של המחבר ואינם אישים חסידיים ידועים (למשל ""ר' אליהו המשולח מטשרנוביל""). כולל מפתח מפורט בראש הספר, וכן קובץ דברי תורה על שתיית ""לחיים"", תעתיקי מסמכים שונים, צוואת הרבי מאלכסנדר ועוד. בקובץ מסורות ייחודיות של סיפורים חסידיים קודמים, למשל סיפור בריחתו של החוזה מלובלין מפיתויי היצר, כולל השוואה ליוסף ואשת פוטיפר, בהקדמה – אמירתו של ר' ישראל מרוז'ין למסרן מידידי המחבר, כי לקראת הגאולה היהדות תהיה תלויה בשערה, וכל שישאר הם סיפורי צדיקים, ועוד. המחבר הוא רבה הקשיש של עיירה הסמוכה לקמניץ. אביו היה מקורב לר' ישראל מרוז'ין. לאחר צאת הספר העביר המחבר את הזכויות לבית המסחר לספרים ליבסקינד מפיוטרקוב, שהדפיס שוב את הקובץ כחלק מהספר האוצר מסיפורי צדיקים, תרצ""ז (260).  "		https://tablet.otzar.org/he/book/book.php?book=102080&width=-17&scroll=0&udid=15705310967917902	"... אשר לא ראו עוד אור הדפוס... וגם... חידושים... ושיחות... צדיקים מפורסמים... נאסף ונסדר ע""י הרב... ר' אברהם יצחק (סויבלמאן) שליט""א אבד""ק זינקאוויץ. בן להרב... ר' אשר ענזיל זצלה""ה... כל הסיפורים והח""ת [והחידושי תורה]... שמע הרב המחבר... מפי זקנים... בשם כל אחד וא' מרבותיו... חלק [א]-ג."		990020216730205171		HebrewBooks	heb	אברהם יצחק סויבלמן	סויבלמאן, אברהם יצחק בן אשר אנזיל	אברהם יצחק סויבלמן	Avraham Yitzhak Soivlemen	סיפורי צדיקים החדש	250	NULL			בנימין ליבעסקינד		TBD	heb	Sipurei Tzadikim Hachadash	8	182386		TBD	בנימין ליבעסקינד	250	Point(19.683333333 51.4)	19.68333333	51.4	NULL	3 כרכים	93	99	נובלות. סיפורים נפלאים, אוסף סיפורים. משובץ בדברי תורה ובמסמכים. מפי מסרנים בלתי מוכרים.	רשימת ספרי חסידות.xlsx - Editions (5).tsv
205	3751		סיפורי צדיקים החדש	1913	153370						סיפורי צדיקים החדש			Piotrkow					שמם של המדפיסים באותיות קיריליות.				...				יש סריקה מוקדמת של HebrewBooks	heb		סויבלמאן, אברהם יצחק בן אשר אנזיל				250	NULL			בנימין ליבעסקינד		TBD	heb			182386		TBD	בנימין ליבעסקינד	250	Point(19.683333333 51.4)	19.68333333	51.4	NULL					רשימת ספרי חסידות.xlsx - Editions (5).tsv
206	3752|3753	https://www.nli.org.il/he/books/NNL_ALEPH002070545/NLI	תפארת הצדיקים	1908	167067	91	A?	"?91A (אצל קיציס רשום תרס""ט.  זה יכול להיות מתאים למה שרשום אצלנו, סוף שנת 1908.)"	finalize date	"תפארת הצדיקים, שלמה גבריאל רוזנטל, וורשה תרס""ט"	תפארת הצדיקים			Warsaw,ורשה		"תרס""ט"	"תרס""ט"		"עמ' 65-67: דברי תורה מאת ר' ישעיה קלמן ב""ר יעקב האלבערשטאט."	" המשכו של הילקוט התגלות הצדיקים, תרס""ה (73). לקט של דברי תורה וסיפורים, רבים מהם נובלות ארוכות ומפותחות. למשל סיפור הלוויתן שמובא בשם ר' ישראל מרוז'ין, שני הבדחנים ששכנעו את הקב""ה כי בנם הוא ""בנו של הקב""ה"" ועוד. כולל דברי תורה רבים מאביו הנודע של המחבר, ר' מרדכי זאב מקליביעל. מלוקט גם מפי מסרנים רבים, וביניהם גם בן עירו וקרוב משפחתו מצד אשתו (""מחותנו""), ר' נתן נטע דונר, שהחליף את אביו ברבנות הקהילה. הסיפורים מצטיינים בחן, בהומור ובכשרון ספרותי רב.  "	http://hebrewbooks.org/3862		"... ספורים ... וחדושי תורה ... ונלוה לזה קונטרס ... הגהות וחדושי הרמ""ז על ... ספר חסידים [לר' יהודה ב""ר שמואל החסיד, בולונייא רצ""ח] מאת ... אדוני אבי ... רבי מרדכי זאב זצוק""ל האבד""ק קאלביעל ... ועוד כמה דברי תורה ... ממנו ... המעתיק והמאסף והמלבה""ד ... שלמה גבריאל ראזענטאל מפה ווארשא."		990020705450205171		HebrewBooks	heb	שלמה גבריאל רוזנטל	רוזנטאל, שלמה גבריאל בן מרדכי זאב	שלמה גבריאל רוזנטל	Shlomo Gavriel Rosental	תפארת הצדיקים	953	NULL					TBD	heb	Tiferet Hatzadikin	"23 ס""מ"	285131		TBD	TBD	953	Point(21.033333333 52.216666666)	21.03333333	52.21666667	NULL	80	31	100	ילקוט של דברי תורה, סיפורים נובליים ואנקדוטות. מפי מסרנים שונים.	רשימת ספרי חסידות.xlsx - Editions (5).tsv
207	3752|3753		תפארת הצדיקים	1910	325019						תפארת הצדיקים			Warsaw					"בשער: תרס""ט. מהוצאה קודמת."				"... ספורים ... וחדושי תורה ... ונלוה לזה קונטרס ... הגהות וחדושי הרמ""ז על ... ספר חסידים [לר' יהודה ב""ר שמואל החסיד, בולונייא רצ""ח] מאת ... אדוני אבי ... רבי מרדכי זאב זצוק""ל האבד""ק קאלביעל ... ועוד כמה דברי תורה ... ממנו ... המעתיק והמאסף והמלבה""ד ... שלמה גבריאל ראזענטאל מפה ווארשא."				יש סריקה מוקדמת של HebrewBooks	heb		רוזנטאל, שלמה גבריאל בן מרדכי זאב				953	NULL			ירחמיאל מענדיל קלימאן מקאלאביעל		TBD	heb			285131		TBD	ירחמיאל מענדיל קלימאן מקאלאביעל	953	Point(21.033333333 52.216666666)	21.03333333	52.21666667	NULL					רשימת ספרי חסידות.xlsx - Editions (5).tsv
208	3754	https://www.nli.org.il/he/books/NNL_ALEPH001741670/NLI	דבש השדה	1909	114416						דבש השדה			Bilgoraj,בילגוריא,Biłgoraj		"תרס""ט"			עמ' 80-87: חידושי תורה מאת ר' משה מקאברין.		http://hebrewbooks.org/3675		"... חידושים ... וגם סיפורים ... של צדיקים והנהגותיהם, מהני אשלי רברבי ... ר' שמעלקא [הלוי הורוויץ] מניקלשבורג, הררלו""י [לוי יצחק] מברדיטשוב, הרבי [ר' יעקב יצחק הלוי הורוויץ] מלובלין, המגיד [ר' ישראל האפשטיין] מקאזניץ, הרמ""מ [מנחם מענדל] מרימנוב, הררי""י [יעקב יצחק] היהודי מפרשיסחא, הר""ר שלמה [הלוי] מקארלין, הר""ר נפתלי [הורוויץ] מראפשיטץ, הר""ר ישראלטשי [פרידמאן] מריזין, הר""ר אלעזר [ווייסבלום] מליזענסק, הר""ר שלום [רוקח] מבעלזא, הר""ר שמעון [מארילוס] מיערסלוב, הררא""ד [אברהם דוד וואהרמאן] מבוטשאטש, הר""ר חיים [האלברשטאם] מצאנז, הר""ר אלעזר [צ""ל: אליעזר הורוויץ] מדזיקוב, הררצ""ה [צבי הירש הכהן] מרינוב, הררא""ל [אריה ליב] אבד""ק לאנצהיט, הררצ""ה [צבי הירש אייכנשטיין] מזידיטשוב, הרר""מ [משה אייכנשטיין] מסאמבור, הררי""א [צ""ל: רא""י, אשר ישעיה רובין] מראפשיטץ, הרר""מ [מאיר] מפרימישלאן, הר""ר משה מקאברין, הר""ר דוד [שפירא] מדינוב, הר""ר צבי יוסף מרידניק, הר""ר אלימלך [ווייסבלום] מרידניק, הר""ר זאלקי מצאנז ועוד מכמה צדיקים ... אספם ... מו""ה דובעריש זצ""ל שו""ב בק' רישא ... שזכה לראות פני ששים צדיקי דורו ... ולשמוע תורתם ... הובא לביהד""פ ע""י הרב ... ר' צבי יחזקאל... מיכלזאהן אבד""ק פלונסק ..."				אין סרוק	heb		בריל, דוב בר	דוב בריש בריל	Dov Brish Beril		525	NULL			נתן נטע קראנענבערג		"ר' נתן נטע יעקב סג""ל דים, סאניק, יט סיון תרס""ט."	heb	Dvash Hasadeh	8	168954		TBD	נתן נטע קראנענבערג	525	Point(22.733333333 50.55)	22.73333333	50.55	NULL	88		101		רשימת ספרי חסידות.xlsx - Editions (5).tsv
209	3587|3694|3696|3709|3710|3722|3730|3755|3770|3799	https://www.nli.org.il/he/books/NNL_ALEPH001854124/NLI	דבש השדה	1910	177284						דבש השדה			Warsaw					שמו של המדפיס באותיות קיריליות.				...				אין סרוק	heb		בריל, דוב בר				953	NULL					TBD	heb			168954		TBD	TBD	953	Point(21.033333333 52.216666666)	21.03333333	52.21666667	NULL					רשימת ספרי חסידות.xlsx - Editions (5).tsv
210		https://www.nli.org.il/he/books/NNL_ALEPH001175214	שיחת חולין	1909	"לא מצאתי את המספר BHB של ההוצאה משנת תרס""ט"	92	לבדוק	לבדוק	לבדוק	"שיחת חולין של תלמידי חכמים החדש, אברהם סג""ל אטינגא, מונקאץ' תרס""ט"		dedupmrg286874072_IE38813419		Mukachevo,מונקאץ'		"תרס""ט"	"תרס""ט"			" קובץ של אמרות חכמה והומור מפי אישים חסידיים וחוץ חסידיים. הקובץ אינו מכיל סיפורי נפלאות ומדגיש את חכמתם וערמתם של גדולי ישראל. נוכחות רבה ניכרת לאישים מאזור מגוריו של המחבר, מן העיר ברודי ומגליציה בכלל. המחבר הוא רב חסידי שהיה שותף פעיל גם בחוג הכותבים של רצ""י מיכלזאהן, ובספרים אחרים מופיעות ידיעות רבות משמו. במקביל לכך, בספר זה הוא מביא ידיעות בשם רצ""י ומסרנים נוספים. בספר מופיע אפילו סיפור שבחים אודות רצ""י.  הספר מעיד בשמו על היותו המשך לספרו של צבי שלעז, שיחת חולין של תלמידי חכמים (וורשה תרל""ו), ובו שיחות ודברי חכמה של גדולי ישראל חוץ חסידיים. בספר זה כונסו דמויות חדשות, בעיקר מן העולם החסידי. הספר הצליח מאוד ויצא בהוצאה שניה בתרע""ב. בהמשך הוסיף המחבר כרך נוסף בשם דעת זקנים - שיחת חולין, תרע""א (121). עוד על המחבר ר' קיציס, ספרות השבחים, עמ' 176-175.  "	http://hebrewbooks.org/35155			שיחות חולין של תלמידי חכמים החדש	990011752140205171				"אברהם סג""ל אטינגא"		"אברהם סג""ל אטינגא"	"Avraham Sega""l Etinga"	שיחת חולין של תלמידי חכמים החדש	1638							heb	Sichot Chulin shel Talmidei Chachamim Hachadash						1638							102	אוסף של דברי חכמה והומור. כולל גם מקורות ומסרנים שונים.	רשימת ספרי חסידות.xlsx - Editions (5).tsv
212	3756	https://www.nli.org.il/he/books/NNL_ALEPH002059121	אם לבינה	1909	161476	93	A			"אם לבינה (בית מנחם), יקותיאל אריה קמלהר, למברג תרס""ט"	אם לבינה	dedupmrg286976000_IE49238754		Lvov,למברג,Lemberg (Lviv)		"תרס""ט"	"תרס""ט"		TBD	" הכרך עוסק באדמו""ר ר' מנחם מנדל מרימנוב, חלקו הראשון הוא דרשה על עניין הנסים והאמונה בהם. החלק השני הוא שבחי הצדיק. המחבר, שמשפחתו מחסידי רימנוב, אסף את ידיעותיו ממסרנים שונים מחבריו, כולל רצ""י, ר' ישראל ברגר ור' חיים גרוס, וכן מצאצאיו של הצדיק. הספר ראה אור בסיועם של שמעון ראבי ואלעזר שענקל, והוא מוזכר לעתים בשמו השני בית מנחם.  עוד על המחבר וספריו ר' מונדשיין, הצופה לדורו; קיציס, ספרות השבחים, עמ' 178-176. "		https://tablet.otzar.org/he/book/book.php?book=50851&width=-17&scroll=0&udid=15705310967917902	"מכיל בקרבו, א. בית מנחם, תולדות... הרבי ר' מנחם מענדל זצוקללה""ה מרומאנוב... שיחותיו... ומתלמידיו... ב. תפארת מנחם, קונטרס בפלפול וסברא, להצדיק... שלא יהיו דברי רבנו מופרכים מן הגמרא, ג. ראש אמנה, מאמר ע""ד [על דבר] האגדות שבש""ס ומדרשים, מסיפורי נסים... אשר חברתי... יקותיאל ארי' קאמעלהאר, כעת ר""מ דפה""ק סטאניסלאב. המוציאים לאור ר' אליעזר שענקעל... ר' שמעון ראבי... Tarnow ..."		990020591210205171			heb	יקותיאל אריה קמלהר	קאמלהאר, יקותיאל אריה בן גרשון	יקותיאל אריה קמלהאר	Yekutiel Aryei Kamlher	אם לבינה (בית מנחם)	166	NULL	E. Salat				TBD	heb	Eim Labina	"24 ס""מ"	1435231		E. Salat	TBD	166	Point(24.014166666 49.83)	24.01416667	49.83	NULL	88		104	ילקוט שמועות וסיפורים מפי מסרנים שונים.	רשימת ספרי חסידות.xlsx - Editions (5).tsv
213	3757	https://www.nli.org.il/he/books/NNL_ALEPH001984852/NLI	דברי מאיר	1909	145188	94	A			"דברי מאיר, מאיר הלוי ויצחק שאסטיק, בארטפלד תרס""ט"	דברי מאיר			Bardejov,בארטפלד		"תרס""ט"	"תרס""ט"		TBD	" אוסף דברי תורתו של ר' מאיר השני מפרימישלן ובסופו קובץ סיפורים קטן בשם מרגניתא דרבי מאיר. הקובץ עוסק באדמו""רים שחלקו על הצדיק ולבסוף השלימו עמו. הספר יצא בהונגריה, ולא במרכזי הדפסת השבחים עד אז.  "	http://hebrewbooks.org/3846		"על חמשה חומשי תורה ולקוטים על נ""כ וש""ס... [מאת] מהר""ר מאיר מפרימישלאן ... בהרב... מו""ה אהרן ארי' נ""ע בן... ר' מאיר הגדול בן... ר' יעקב... בן... ר' דוד... הובא לביהד""פ בהוצאת המאספים והמעתיקים... ר' מאיר הלוי [בלאנק] ראבד""ק מראמפילי וכעת חפק""ק נאדווארנא חתן נכד... המחבר... והרב... מו""ה יצחק שאסטיק נכד... ר' אהרן ארי' זללה""ה וחתן נכד אחי המחבר הק' ר' יצחק מקאליש זללה""ה..."		990019848520205171		HebrewBooks	heb	מאיר הלוי ויצחק שאסטיק	מאיר בן אהרן אריה ליב מפרמישלאן	מאיר הלוי מראמפלי ויצחק שאסטיק	Meyer Halevi Merampeli and Yitzchak Shastik	דברי מאיר	570	NULL	דפוס יוסף מאיר בלייער				TBD	heb	Divrei Meyer		1438394		דפוס יוסף מאיר בלייער	TBD	570	Point(21.275833333 49.295)	21.27583333	49.295	NULL			105	נספח סיפורים בסוף ספר דרשות. ללא מקורות ומסרנים.	רשימת ספרי חסידות.xlsx - Editions (5).tsv
214	3758	https://www.nli.org.il/he/books/NNL_ALEPH001851633	עשר צחצחות	1909	331429	96	A?	"?96A (אצל קיציס רשום תר""ע.  זה יכול להיות מתאים למה שרשום אצלנו, סוף שנת 1909.)"	finalize date	"עשר צחצחות (זכות ישראל), ישראל ברגר, פיוטרקוב תר""ע"	עשר צחצחות	dedupmrg287291812_IE42235194		פיוטרקוב,Piotrkow,Piotrków		"תר""ע"	"תר""ע"		"יש טפסים בהם נוסף בסוף הספר, אחרי עמ' 141, עמ' אחד: ""ספרי האויפלאגין שחלי"", רשימת ספרים בהוצאת א""י קליימאן."	" כרך נוסף מאת ברגר, ובו עשר מערכות אודות צדיקים חסידיים הקשורים למשפחתו של המחבר. המערכות בנויות כילקוט שמועות וסיפורים שאסף ברגר מספרים קודמים ומחבריו המסרנים, בעיקר מחוג רצ""י. בהקדמה הוא מקווה שהספר יהווה תיקון לנפשו והגנה על ילדיו מפני ההשכלה. עוד אודות הספר והמחבר ר' לעיל, עשר קדושות (78). בכרך זה: רבי אלימלך מליז'נסק, ר' משה לייב מססוב, ר' מנחם מנדל מקוסוב, ר' אייזיק מקאליב, ר' אורי מסטרליסק, ר' נפתלי מרופשיץ, ר' אשר מרופשיץ, ר' צבי אלימלך מדינוב, ר' חיים מצאנז ור' אברהם מסטרטין.  "	http://hebrewbooks.org/43372		"בו יבוא חידושים ... שיחות [ומכתבים] ... סיפורים ומעשיות ... וגם הנהגות ... מן ... גאונים וקדושים הקשורים במשפחתינו ... א. ... ר' אלימלך [ווייסבלום] מליזענסק, ב. ... ר' משה [יהודה] ליב [בן יעקב] מסאסוב, ג. ... ר' מנחם מענדל [האגר] מקאסוב, ד. ... ר' יצחק אייזיק [טויב] מקאלוב, ה. ... ר' אורי [ב""ר פינחס] מסטרעליסק, ו. ... ר' נפתלי צבי [הורוויץ] מרופשיטץ, ז. חתנו ... ר' אשר [ישעיה רובין] מרופשיטץ, ח. ... ר' צבי אלימלך [ב""ר פסח שפירא] מדינוב, ט. ... ר""ח [חיים] הלברשטאם מצאנז, י. ... ר' אברהם [בראנדוויין] מסטרעטין ... דברי הק' ישראל בהרב ... יצחק שמחה ... הרובץ תחת משא קהל ישורון פה עיר בוקארעשט ..."		990018516330205171	כללתי כל המסופר על הצדיקים אפילו דברי תורה.		heb	ישראל ברגר	ברגר, ישראל בן יצחק שמחה	ישראל ברגר	Yisrael Berger	עשר צחצחות (זכות ישראל)	250	NULL			אברהם יוסף קליימאן, ווארשוי		ר' שלום מרדכי הכהן [שוואדרון], ברעזאן.	heb	Esser Tzachtzachot	8	168756		TBD	אברהם יוסף קליימאן, ווארשוי	250	Point(19.683333333 51.4)	19.68333333	51.4	NULL	142	498	106	מערכות. ילקוט שבחים מספרים קודמים ומפי מסרנים.	רשימת ספרי חסידות.xlsx - Editions (5).tsv
215	3759	https://www.nli.org.il/he/books/NNL_ALEPH001851423	עשר עטרות	1910	331430	97	A			"עשר עטרות (זכות ישראל), ישראל ברגר, פיוטרקוב תר""ע"	עשר עטרות	dedupmrg286525856_IE41040055		פיוטרקוב,Piotrkow,Piotrków		"תר""ע"	"תר""ע"		בטפסים מן הסוג האחרון, בהסכמתו של הרב מיכלזאהן (בעמ' 7) יש חלל ריק, אך לא חסר מאומה מן הטקסט.	" הילקוט האחרון של ברגר בסדרת ה""עשרלך"". גם הוא בנוי כמערכות ובהם אוסף מקיף של ידיעות השאובות מספרים קודמים ומפי מסרנים מחבריו, בעיקר מחוג רצ""י. בקובץ זה גם כמה צדיקים פחות ידועים: ר' משה מדראניטשין, ר' אברהם מאולינאב, ר' שלמה לייב מלנטשנע, ר' משה צבי מסווראן, ר' מאיר מפרימישלן, ר' אברהם ממיקולייב, ר' דוד מזאבילטוב, ר' שמלקה מססוב, ר' ישעיה שור ור' יחיאל מיכל מזלוטשוב. בהקדמה מעיד המחבר כי הזכויות נמכרו לבית ההוצאה של אברהם יוסף קליימן מוורשה.  "		https://tablet.otzar.org/he/book/book.php?book=11702&width=-17&scroll=0&udid=15709450463583572	בו יבוא חידושים ... שיחות [ומכתבים] ... סיפורים ומעשיות ... וגם הנהגות ... מן ... גאונים וקדושים הקשורים במשפחתינו ... א. ... ר' משה מדראגיטשין, ב. ... ר' אברהם [אייזנברג] מאולינאב, ג. ... ר' שלמה ליב מלענטשנא, ד. ... ר' משה צבי [גוטרמאן] מסאווראן, ה. ר' מאיר מפרימישלאן, ו. ... ר' [חיים] אברהם [רדליך] ממיקאליוב, ז. ... ר' דוד [האגר] מזאבליטוב, ח. ... ר' שמעלקא מסאסוב, ט. ... ר' ישעי' שור, י. ... ר' יחיאל מיכל [ברגר] (אבי אבא מארי) ... דברי ... ישראל בהרב ... יצחק שמחה... הרובץ תחת משא קהל ישורון פה עיר בוקארעשט ...		990018514230205171			heb	ישראל ברגר	ברגר, ישראל בן יצחק שמחה	ישראל ברגר	Yisrael Berger	עשר עטרות (זכות ישראל)	250	NULL			אברהם יוסף קליימאן, ווארשוי		"הסכמות (הועתקו מספרו עשר צחצחות, פיעטרקוב תר""ע, 1909. המחבר שינה בלשון ההסכמות וכתב בהן את שם הספר הנוכחי): ר' יוסף מאיר ווייס מספינקא, ר' יהושע הורוויץ מדזיקוב, ר' אהרן מנחם מענדל אייכנשטיין מאלעסק, ר' צבי יחזקאל מיכלזאהן ור' שלום מרדכי הכהן שוואדראן."	heb	Esser Atarot	"22 ס""מ"	168756		TBD	אברהם יוסף קליימאן, ווארשוי	250	Point(19.683333333 51.4)	19.68333333	51.4	NULL	76		107	מערכות. ילקוט שבחים מספרים קודמים ומפי מסרנים.	רשימת ספרי חסידות.xlsx - Editions (5).tsv
216	3760		עשר עטרות	1911	331506						עשר עטרות			Piotrkow					"בשער: פיעטרקוב, פרט של שנת תר""ע והתאריך 1910. מההוצאה הראשונה, תר""ע."				בו יבוא חידושים ... שיחות [ומכתבים] ... סיפורים ומעשיות ... וגם הנהגות ... מן ... גאונים וקדושים הקשורים במשפחתינו ... א. ... ר' משה מדראגיטשין, ב. ... ר' אברהם [אייזנברג] מאולינאב, ג. ... ר' שלמה ליב מלענטשנא, ד. ... ר' משה צבי [גוטרמאן] מסאווראן, ה. ר' מאיר מפרימישלאן, ו. ... ר' [חיים] אברהם ממיקאליוב, ז. ... ר' דוד [האגר] מזאבליטוב, ח. ... ר' שמעלקא מסאסוב, ט. ... ר' ישעי' שור, י. ... ר' יחיאל מיכל [ברגר] (אבי אבא מארי) ... דברי ... ישראל [ברגר] ...				יש סריקה מוקדמת	heb		ברגר, ישראל בן יצחק שמחה				250	NULL			אברהם יוסף קליימאן, ווארשוי		TBD	heb			168756		TBD	אברהם יוסף קליימאן, ווארשוי	250	Point(19.683333333 51.4)	19.68333333	51.4	NULL					רשימת ספרי חסידות.xlsx - Editions (5).tsv
217	3761	https://www.nli.org.il/he/books/NNL_ALEPH001750936	שמחת ישראל	1911-1910	113920	98	A	"98A (קיציס רשם רק תר""ע. אצלנו רשום משנת 1911-1910)"	finalize date	"שמחת ישראל, ישראל ברגר, פיוטרקוב תר""ע"	שמחת ישראל	dedupmrg285106164_IE38460375		פיוטרקוב,Piotrkow,Piotrków		"תר""ע"	"תר""ע"		[1] עמ': פרסומת.	"ילקוט מקיף על ר' שמחה בונים מפשיסחה, עשוי בסגנון הילקוטים הקודמים של המחבר. מבוסס על עדויות רבות שאסף מפי מסרני חוג רצ""י.  "	http://hebrewbooks.org/3662		"מכ""ק ... מו""ה שמחה בונם זצללה""ה מפרשיסחא. ובו שלשה ספרים נפתחים: א. אור שמחה, כולל ממדרגת קדושתו, ודרכי עבודתו והנהגתו ... ב. מאמרי שמחה, כולל שיחות ... חולין ... ג. תורת שמחה, כולל הרבה חידושי תורה ... אספתים אני ... ישראל בהרב מו""ה יצחק שמחה זצללה""ה הרובץ תחת משא קהל ישורון פה""ק בוקארעשט ... בהוצאות ... אברהם יוסף קליימאן, ווארשא ..."		990017509360205171	כללתי רק את הסיפורים מהחלק 'אור שמחה', כי בהמשך הספרים המוקד זה מימרות מפיו.		heb	ישראל ברגר	ברגר, ישראל בן יצחק שמחה	ישראל ברגר	Yisrael Berger	שמחת ישראל	250	NULL			אברהם יוסף קליימאן, ווארשא		"ר' יקותיאל יודא גרינוואלד, סיגיט, ג משפטים תר""ע (בסוף הספר)."	heb	Simchat Yisrael	"22 ס""מ"	168756		TBD	אברהם יוסף קליימאן, ווארשא	250	Point(19.683333333 51.4)	19.68333333	51.4	NULL	148	116	108	ילקוט שבחים מספרים קודמים ומפי מסרנים.	רשימת ספרי חסידות.xlsx - Editions (5).tsv
218	3762	https://www.nli.org.il/he/books/NNL_ALEPH001998765/NLI	אהל אלימלך	1910	147815	99	A	לבדוק מקום הוצאה והדפסה! האם לא צריך להכפיל?	לבדוק	"אהל אלימלך, אברהם חיים שמחה בונים מיכלזאהן, פרמישלא (פשמישל) תר""ע"	אהל אלימלך			Przemysl,למברג (הקישור דפוס  מפרמישלה),Lemberg (Lviv)		"תר""ע"	"תר""ע"		יש טפסים שחסר בהם מקום הדפוס והמוציא לאור הוא ר' יצחק צינגער מעיר ראווע-ראסקא.	"ילקוט שבחים על רבי אלימלך מליז'נסק, מלוקט מספרים קודמים ומעדויות רבות מאבי המחבר רצ""י, ומשאר בני חוג המסרנים. מיד לאחר צאתו הפיק בית המסחר קליימן ספרון ביידיש ובו עיבוד של כמה מתוך הסיפורים, בשם נפלאות אלימלך, תר""ע (100).  "	http://hebrewbooks.org/3933		"... חידושי תורה ושיחות... עם סיפורים... והנהגות... מקובצים... מאת... ר' אלימלך... מליזענסק... ודרך אגב... כמה ענינים וסיפורים מהגאונים... ר' שמעלקא הלוי איש הורוויץ אב""ד ניקלשבורג... ר' נפתלי צבי אבד""ק ראפשיץ... ר' שלום רוקח אבד""ק בעלזא ושאר צדיקים... אספתי... אברהם חיים שמחה בונם בן... ר' צבי יחזקאל שליט""א מיכלזאהן אבד""ק פלונסק..."		990019987650205171		HebrewBooks	heb	אברהם חיים שמחה בונים מיכלזאהן	ווייסבלום, אלימלך בן אליעזר ליפמאן	אברהם חיים שמחה בונים מיכלזהאן	Avraham Chaim Simcha Bunim Michalson	אהל אלימלך	424	NULL			אמקרויט & פריינד		TBD	heb	Ohel Elimelech	"23 ס""מ"	43166		TBD	אמקרויט & פריינד	424	Point(22.766666666 49.783333333)	22.76666667	49.78333333	NULL	144	354	109	ילקוט שבחים מספרים קודמים ומפי מסרנים.	רשימת ספרי חסידות.xlsx - Editions (5).tsv
219	3763	https://www.nli.org.il/he/books/NNL_ALEPH002007848/NLI	עטרת מנחם	1910	148494	101	A			"עטרת מנחם, אברהם חיים שמחה בונים מיכלזאהן, בילגורייא תר""ע"	עטרת מנחם			Bilgoraj,בילגורייא,Biłgoraj		"תר""ע"	"תר""ע"		TBD	" ילקוט על ר' מנחם מנדל מרימנוב, עם הוספות על האחים ר' שמלקה מניקלשבורג ור' פנחס הורוביץ. מלוקט מספרים קודמים ומפי עדותם של בני החוג של אבי המחבר, רצ""י. ציטוטים גם מספרו של אהרן (ורוס) מרכוס, Der-Chassidismus, (פלעשן 1901). "	http://hebrewbooks.org/3928		"כולל לקוטי חידושי תורה. ושיחות...סיפורים ... והנהגות... מאת... ר' מנחם מענדיל זצוקל""ה מרימנוב, נפטר יט אייר תקע""ה... ודרך אגב הובא כמה ענינים מהגאונים... ר' שמעלקא הלוי איש הורוויץ... ומאחיו הוא זקני מ' פנחס הלוי אבד""ק פ""פדמיין... ומש""ב מ' יצחק הלוי [הורוויץ] אבד""ק אה""ו. והממגיד [!] מקאזניץ (ישראל ב""ר שבתי). ושאר צדיקים... אספתי ולקטתי... אברהם חיים שמחה בונם בן... ר' צבי יחזקאל שליט""א מיכלזאהן אבד""ק פלונסק... נדפס בהוצאות ר' משה ליפשיטץ... בווארשא..."		990020078480205171	כללתי את כל הסעיפים שמובאים בספר, כי מובלע בהם הרבה סיפורים בתוך הדברי תורה.	HebrewBooks	heb	אברהם חיים שמחה בונים מיכלזאהן	טורם, מנחם מנדל בן יוסף מרימאנוב	אברהם חיים שמחה בונים מיכלזהאן	Avraham Chaim Simcha Bunim Michalson	עטרת מנחם	525	NULL	דפוס נתן נטע קראנענבערג				TBD	heb	Ateret Menachem	8	91957		דפוס נתן נטע קראנענבערג	TBD	525	Point(22.733333333 50.55)	22.73333333	50.55	NULL	96	241	110	ילקוט שבחים מספרים קודמים ומפי מסרנים.	רשימת ספרי חסידות.xlsx - Editions (5).tsv
220	3764	https://www.nli.org.il/he/books/NNL_ALEPH002071220/NLI	דובר שלום	1910	147820	102	A			"דובר שלום עם אהל יהושע, אברהם חיים שמחה בונים מיכלזאהן, פשמישל תר""ע"	דובר שלום			Przemysl,Przemyśl,פשמישל		"תר""ע"	"תר""ע"		"דף עג,ב-עו,ב: יום ישועה; דרוש אשר דרש... רב שר שלום רוקח זי""ע מבעלזא לכבוד... הקיסר פראנץ יאזעף."	" ילקוט מקיף על ר' שלום מבעלז, כולל חטיבת סיפורים אהל יהושע אודות ר' יהושע מבעלז. מלוקט מתוך ספרים רבים ומפי מסרנים רבים מבני חוג רצ""י.  "	http://hebrewbooks.org/43689		"כולל לקוטי ח""ת [חידושי תורה] ושיחות... עם סיפורים... והנהגות טובות... מכבוד... ר' שלום רוקח נ""ע אבד""ק בעלזא. ונלוה לזה ספר אהל יהושע, [סיפורים] מבנו... יהושע [רוקח] זצוקל""ה אבד""ק בעלזא. ודרך אגב הובא כמה ענינים מהגה""ק... זקני הרבי ר' צבי הירש הלוי איש הורוויץ אבד""ק טשארטקוב, ובנו הוא זקני הרבי ר' שמעלקא אבד""ק ניקלשבורג, וש""ב [ושאר-בשרי] הר""ר אלעזר רוקח אבד""ק אמשטרדם, וש""ב הר""ר יעקב אורינשטיין אבד""ק לבוב... ושאר צדיקים... אספתי ... הצעיר אברהם חיים שמחה בונם בן... ר' צבי יחזקאל שליט""א מיכלזאהן..."		990020712200205171	"כנ""ל"	HebrewBooks	heb	אברהם חיים שמחה בונים מיכלזאהן	מיכלסון, אברהם חיים שמחה בונם בן צבי יחזקאל	אברהם חיים שמחה בונים מיכלזהאן	Avraham Chaim Simcha Bunim Michalson	דובר שלום עם אהל יהושע	424	NULL			אמקרויט & פריינד		TBD	heb	Dover Shalom with Ohel Yehoshua	"23 ס""מ"	373533		TBD	אמקרויט & פריינד	424	Point(22.766666666 49.783333333)	22.76666667	49.78333333	NULL	192	471	111	ילקוט שבחים מספרים קודמים ומפי מסרנים.	רשימת ספרי חסידות.xlsx - Editions (5).tsv
221	3765	https://www.nli.org.il/he/books/NNL_ALEPH001860134/NLI	תפארת בית לוי	1909	177364	103	A?	"?103A (אצל קיציס רשום תר""ע.  זה יכול להיות מתאים למה שרשום אצלנו, סוף שנת 1909.)"	finalize date	"תפארת בית לוי, שלום גוטמן עם מתתיהו יחזקאל גוטמן, יאסי תר""ע"	תפארת בית לוי			Iasi,יאסי,Iași		"תר""ע"	"תר""ע"		עמ' 21-35 (ספירה שניה): תורת יחזקאל. שני דרושים. [2] עמ': תורת שלום. על תקיעת שופר בראש השנה.	" אוסף של סיפורים ושמועות אודת ר' לוי יצחק מברדיטשוב. ר' שלום הוא רבה של יאסי, והוא הכותב רק את תחילתו של הספר. מי שלמעשה כתב את הספר תחת שם אביו הוא הבן מתתיהו יחזקאל, שהפך לימים לסופר חסידי פורה בתחום השבחים. סגנון כתיבתו של הבן רהוט וספרותי בסגנון נמלץ ומשכילי. הבן גם מוסיף חידושי תורה ודרשות משלו. אין הקפדה על הבאת המקורות, אך בספר נוכחים מסרנים מחוג רצ""י שהתכתבו עם המחבר הצעיר והרעיפו עליו מידיעותיהם.  "	http://hebrewbooks.org/3935		"... תולדות ... חו""ז (חותני זקיני)... רבי לוי יצחק זצללה""ה ... שהיה אבד""ק ברדיטשוב ... ונלוה אליו ספר ... תורת ישראל, כולל חי""ת [חידושי תורה] בפרד""ס מאת ... בנו חו""ז...רבי ישראל זצללה""ה ... שהי' אבד""ק פיקוב ואח""כ מילא מקום אביו ... בברדיטשוב ... הוצאתים לאורה ... שלום גוטמאן האבד""ק יאסי במדינת רומעניען."		990018601340205171		ביקשנו מזכויות יוצרים בספריה	heb	שלום גוטמן עם מתתיהו יחזקאל גוטמן	גוטמאן, מתתיהו יחזקאל בן שלום	שלום גוטמאן ובנו מתתיהו יחזקאל גוטמאן	Shalom Gutman and his son Matityahu Yechetzkel Gutman	תפארת בית לוי	TBD	NULL					TBD	heb	Tiferet Beit Levi	"23 ס""מ"	566041		TBD	TBD	14092????				NULL	70		112	אוסף סיפורים ושמועות אודות הצדיק, חלקם מפי מסרנים.	רשימת ספרי חסידות.xlsx - Editions (5).tsv
222	3766	https://www.nli.org.il/he/books/NNL_ALEPH001923250/NLI	דרכי הישר והטוב	1910	124084	104	A			"דרכי הישר והטוב, זאב וולף גולדברגר, מונקאץ' תר""ע"	דרכי הישר והטוב			Mukachevo,Mukacevo,מונקאץ'		"תר""ע"	"תר""ע"		עברית ויידיש בעירבוביה.	אוסף סיפורים ששמע המחבר מאת סבו, ר' צבי הירש, שהיה רבה של ליסקא שבגליציה ומקורב לצדיקי החסידות. הספר כתוב בשפה דיגלוסיבית, עברית ויידיש מתחלפות תדיר, וכך גם גודל האותיות וסוגן.		https://tablet.otzar.org/he/book/book.php?book=144624&width=-17&scroll=0&udid=15709531158188172	"... מקצת תולדות ... ודרכיו של ... מרן צבי הירש במו""ה אהרן [פרידמאן] זצללה""ה אבדק""ק ליסקא ... ומה ששמענו ממנו סיפורי מעשיות, דברים [דברי תורה, ועוד] ... וגם נוסף עליהם איזהו מכתבים בענינים הנוגעים לדת (אשר כתב ... בימי [ההכנה אל] הקונגרעס [של נבחרי היהודים בבודפסט, ב טבת תרכ""ט, ותשובה אחת בענייני מקוה, ועוד]) ... האבע איין טהייל ... איבער זעצט אויף יידיש דייטש ... אני נכדו ... זאב וואלף בלאאמ""ו ... מו""ה יוזעפף זצ""ל ..."				אין סרוק	yid	זאב וולף גולדברגר		זאב וולף גולדברגר	Ze'ev Wolf Goldberger	דרכי הישר והטוב	1638	NULL					TBD	yid	Darchei Hayashar VeHatov	8			TBD	TBD	1638	point(22.71779 48.43919)	22.71779	48.43919	NULL			113	אוסף סיפורים ממסורת משפחתית. מסרן: סב המחבר.	רשימת ספרי חסידות.xlsx - Editions (5).tsv
223	3767		"הרב מלאדי ומפלגת חב""ד"	1910-1913	134500	105	A	"105A (אצל קיציס כתוב רק תר""ע. אצלנו כתוב 1913-1910)"	finalize date	"הרב מלאדי ומפלגת חב""ד: חלק א – תולדותיו, מרדכי טייטלבוים, וורשה תר""ע"	"הרב מלאדי ומפלגת חב""ד"			Warsaw,ורשה		"תר""ע-תרע""ג"	"תר""ע"		Werke und System sowie die Geschichte der Sekte Chabad ... von M. Teitelbaum ...	" מונוגרפיה היסטורית-חסידית מקיפה אודות ר' שניאור זלמן מליאדי, כולל תעודות ומסמכים מתורגמים מרוסית ומיידיש, בעיקר אודות ההלשנות, המאסר, וכן פרשיות נוספות. הספר כתוב בסגנון מדעי והוא כולל הערות שוליים רבות. את הפקתו יזם ר' לוי יצחק שניאורסון, מנכדיו של בעל התניא ואביו של הרבי מלובביץ', במטרה להציג את החסידות באור בהיר ומדעי לציבור הרחב. יצא לאור בהוצאת תושיה.  בתרע""ג נוסף גם כרך נוסף: הרב מליאדי ומפלגת חב""ד: חלק ב' -שיטתו. כרך זה עוסק בדמותו של הרב מליאדי כהוגה חסידי וכמקובל המפרש את תורת האר""י. כולל קובץ ובו תיאור בקיאותו של הרב בחוכמת התכונה. גם הוא הודפס בוורשה בהוצאת תושיה. במהדורות מאוחרות יותר הודפסו שני הכרכים בכרך אחד. "	http://hebrewbooks.org/5843		"חיי הרב, ספריו ושיטתו וקורות מפלגת חב""ד <עם תמונת הרב והפקסימיליה שלו>, מאת מרדכי טייטלבוים ... חלק א-ב."				לא מצאתי סריקה- גדי אמר שאין צורך לבקש מהספרייה	heb	מרדכי טייטלבוים	טייטלבוים, מרדכי	מרדכי טייטלבוים	Mordechai Teitelboim	"הרב מלאדי ומפלגת חב""ד: חלק א – תולדותיו"	953	NULL			תושיה		TBD	heb	"Harav MeLadi UMifleget Chaba""d- Toldotav VeShitato"	8			TBD	תושיה	953	Point(21.033333333 52.216666666)	21.03333333	52.21666667	NULL	2 כרכים		114	מונוגרפיה היסטוריוגרפית, בצירוף תעודות ומסמכים, ללא הזכרת מקורות אחרים או מסרנים.	רשימת ספרי חסידות.xlsx - Editions (5).tsv
224	3768		"הרב מלאדי ומפלגת חב""ד"	1910-1913	134501						"הרב מלאדי ומפלגת חב""ד"			Warsaw					"חלק ב: דפוס ה. אפלברג, תרע""ג. VI, 242; 52 עמ'."				NULL				לא מצאתי סריקה- גדי אמר שאין צורך לבקש מהספרייה	heb		טייטלבוים, מרדכי				953	NULL			תושיה		TBD	heb					TBD	תושיה	953	Point(21.033333333 52.216666666)	21.03333333	52.21666667	NULL					רשימת ספרי חסידות.xlsx - Editions (5).tsv
225	3769		"הרב מלאדי ומפלגת חב""ד"	1913	134502						"הרב מלאדי ומפלגת חב""ד"			Warsaw					עמ' []183-266: הוספה שניה.				NULL				לא מצאתי סריקה- גדי אמר שאין צורך לבקש מהספרייה	heb		טייטלבוים, מרדכי				953	NULL			תושיה		TBD	heb					TBD	תושיה	953	Point(21.033333333 52.216666666)	21.03333333	52.21666667	NULL					רשימת ספרי חסידות.xlsx - Editions (5).tsv
226	3770		"הרב מלאדי ומפלגת חב""ד"	1914	134503						"הרב מלאדי ומפלגת חב""ד"			Warsaw					שמו של המדפיס באותיות קיריליות.				... חלק א-ב.				לא מצאתי סריקה- גדי אמר שאין צורך לבקש מהספרייה	heb		טייטלבוים, מרדכי				953	NULL			תושיה		TBD	heb					TBD	תושיה	953	Point(21.033333333 52.216666666)	21.03333333	52.21666667	NULL					רשימת ספרי חסידות.xlsx - Editions (5).tsv
227	3771	https://www.nli.org.il/he/books/NNL_ALEPH001998765/NLI	אהל נפתלי	1910	147817	106	A?	"?106A (אצל קיציס רשום תרע""א.  זה יכול להיות מתאים למה שרשום אצלנו, סוף שנת 1910.)"	finalize date	"אהל נפתלי, אברהם חיים שמחה בונים מיכלזאהן, למברג תרע""א"	אהל נפתלי			Lvov,למברג,Lemberg (Lviv)		"תרע""א"	"תרע""א"		ראינו טופס שממנו נשמטו מקום הדפוס, שם המדפיס ושנת הדפוס שמעבר לשער.	"ילקוט מקיף אודות ר' נפתלי מרופשיץ, מלוקט מתוך ספרות קודמת ומסרנים מחוגו של רצ""י, אבי המחבר. המסרן ר' אברהם אטינגא סייע במיוחד בהכנתו של הספר, אולי בשל קרבתו לסביבת גליציה בה פעל הצדיק.  "	http://hebrewbooks.org/3934		"כולל לקוטי ח""ת [חידושי תורה]. ושיחות... סיפורים... והנהגות טובות... ממקורים נאמנים... מאת ש""ב [שאר בשרי] הרב... ר' נפתלי צבי הורוויץ זצ""ל אבד""ק ראפשיץ... ונלוה לזה ספר זכרון יצחק, תולדות וקורות חיי זקינו... מו""ה יצחק הלוי איש הורוויץ אבד""ק אה""ו <הנקרא ר' יצחק-יל המבורגער> ואבותיו ויו""ח [ויוצאי חלציו]... אספתי... הצעיר אברהם חיים שמחה בונם מיכלזאהן... בן... ר' צבי יחזקאל שליט""א אבד""ק פלונסק והגליל..."		990019987650205171		HebrewBooks	heb	אברהם חיים שמחה בונים מיכלזאהן	מיכלסון, אברהם חיים שמחה בונם בן צבי יחזקאל	אברהם חיים שמחה בונים מיכלזהאן	Avraham Chaim Simcha Bunim Michaelson	אהל נפתלי	166	NULL			בן ציון זיידמאן עט יצחק צבי אויסשניט		TBD	heb	Ohel Naftali	"22 ס""מ"	373533		TBD	בן ציון זיידמאן עט יצחק צבי אויסשניט	166	Point(24.014166666 49.83)	24.01416667	49.83	NULL	148		115	ילקוט מספרים קודמים ומפי מסרנים.	רשימת ספרי חסידות.xlsx - Editions (5).tsv
228	3772		אהל נפתלי	1911	147818						אהל נפתלי			Warsaw					TBD				...				אין שדה 972	heb		מיכלסון, אברהם חיים שמחה בונם בן צבי יחזקאל				953	[]					TBD	heb			373533		חסר שם מדפיס	TBD	953	Point(21.033333333 52.216666666)	21.03333333	52.21666667	[]					רשימת ספרי חסידות.xlsx - Editions (5).tsv
229	3773	https://www.nli.org.il/he/books/NNL_ALEPH001092036/NLI	אהל אברהם	1911	147813	107	A			"אהל אברהם, אברהם חיים שמחה בונים מיכלזאהן, פיוטרקוב תרע""א"	אהל אברהם			פיוטרקוב,Piotrkow,Piotrków		"תרע""א"	"תרע""א"		TBD	"ילקוט דברי תורה וסיפורים אודות ר' אברהם אביש אב""ד פרנקפורט, דמות חוץ-חסידית מאבותיו של המחבר. השמועות בספר מתוך ספרים ומפי המסרנים מחוג רצ""י, שגם מוסיף לספר תשובה הלכתית. דבר זה מעיד שוב על נוכחותו כמפיק הספר המסתתר מאחורי שם בנו. הזכויות על הספר נמכרו לסופר אחר מבני החוג, יועץ קים קדיש.  "	http://hebrewbooks.org/57962		"כולל לקוטי ח""ת [חידושי תורה], ושיחות... עם סיפורים... והנהגות טובות... ותולדות... רבינו אברהם אביש זצ""ל אב""ד ... פראנקפורט דמיין... רצוף מכתב א' אשר שלח... ר' חיים מצאנז אל הבאראן ראטשילד. אספתי... אברהם חיים שמחה בונם מיכלזאהן... בן... ר' צבי יחזקאל ..."		990010920360205171		HebrewBooks	heb	אברהם חיים שמחה בונים מיכלזאהן	מיכלסון, אברהם חיים שמחה בונם בן צבי יחזקאל	אברהם חיים שמחה בונים מיכלזהאן	Avraham Chaim Simcha Bunim Michaelson	אהל אברהם	250	NULL	דפוס מרדכי צעדערבוים				TBD	heb	Ohel Avraham	8	373533		דפוס מרדכי צעדערבוים	TBD	250	Point(19.683333333 51.4)	19.68333333	51.4	NULL	62		116	ילקוט דברי תורה וסיפורים, מספרים קודמים ומפי מסרנים.	רשימת ספרי חסידות.xlsx - Editions (5).tsv
230	3774	https://www.nli.org.il/he/books/NNL_ALEPH001999133/NLI	מקור חיים	1912	147822	128	A			"מקור חיים, אברהם חיים שמחה בונים מיכלזאהן, בילגוריא תרע""ב"	מקור חיים			Bilgoraj,בילגורייא,Biłgoraj		"תרע""א (קישור לדפוס משנת תרע""ב)"	"תרע""ב"		עמ' 69-82; 129-142: קונטרס זכרון יחזקאל; לזכרון יחזקאל.	" ילקוט מקיף אודות ר' חיים מצאנז, מלוקט מספרים קודמים ומפי המסרנים בני חוגו של רצ""י, אבי המחבר. ספרו האחרון של אחש""ב, אף הוא נכתב בחסותו של אביו. אחרי ספר זה פנה המחבר לעיסוקים אחרים ולא עסק עוד בתחום זה.  "		https://tablet.otzar.org/he/book/book.php?book=19122&width=-17&scroll=0&udid=15709531158188172	"כולל לקוטי ח""ת [חידושי תורה]. ושיחות... סיפורים... והנהגות טובות... ממקורים נאמנים מקובצים... מכבוד ש""ב [שאר בשרי]... הר""ר חיים הלברשטאם זצוקל""ה אבד""ק צאנז... ונלוה לזה ספר זכרון יחזקאל מבנו... הר""ר יחזקאל שרגא זצ""ל אבד""ק שינאווא... אספתי... הצעיר אברהם חיים שמחה בונם מיכלזאהן... בן... מוהר""ר צבי יחזקאל שליט""א אבד""ק פלונסק והגליל..."				אין סרוק	heb	אברהם חיים שמחה בונים מיכלזאהן	מיכלסון, אברהם חיים שמחה בונם בן צבי יחזקאל	אברהם חיים שמחה בונים מיכלזהאן	Avraham Chaim Simcha Bunim Michaelson	מקור חיים	525	NULL			דוד ראטה בלעמבערג		TBD	heb	Mekor Haim	"23 ס""מ (דפוס תרע""ב)"	373533		TBD	דוד ראטה בלעמבערג	525	Point(22.733333333 50.55)	22.73333333	50.55	NULL	"157 (דפוס תרע""ב)"		117	ילקוט מספרים קודמים ומפי מסרנים.	רשימת ספרי חסידות.xlsx - Editions (5).tsv
231	3775		מאורות הגדולים	1911	201164	108	A			"מאורות הגדולים, אהרן ציילינגולד, בילגוריא תרע""א"	מאורות הגדולים			Bilgoraj,בילגורייא,Biłgoraj		"תרע""א"	"תרע""א"		לפי ספירת העמודים נראה שהספר תוכנן להופיע (ואולי גם הופיע למעשה) בצורת חוברות-חוברות.	" ילקוט קצר ובו חמישים וחמישה סיפורים על עשרה אישים חסידיים שונים.  עוד על הספר ר' נגאל, מלקטי הסיפור, עמ' 223-221 (לטענתו, רבים מסיפורי הספר מתרחשים על רקע קודר של שחיתות מוסרית ומינית). גדליה נגאל גם ההדיר מחדש את הספר בתוספת מבוא ומפתחות, ירושלים תשנ""ז.  "			"ספורים... מהני עשר רברבי... ר' ישראל בעש""ט... ר' דוב בער המגיד הגדול ממעזעריטש... ר' לוי יצחק מבארדיטשוב... ר' שלמה מקארלין...ר' זאב מזיטאמער... ר' ברוך ז""ל ממעזיבעז ... ר' אברהם יהושע העשיל מאפטא ... ר' אשר מסטאלין ... ר' ישראל מרוזין ... ר' אהרן מקארלין ... הובא לבית הדפוס ע""י ר' אהרן ציילינגאלד ..."				אין שדה 972	heb	אהרן ציילינגולד		אהרן ציילינגולד	Ahron Tzeilengold	מאורות הגדולים	525	NULL					TBD	heb	Meorot Hagedolim				TBD	TBD	525	Point(22.733333333 50.55)	22.73333333	50.55	NULL			118	ילקוט סיפורים.	רשימת ספרי חסידות.xlsx - Editions (5).tsv
232	3776	https://www.nli.org.il/he/books/NNL_ALEPH001833673	פאר וכבוד	1911	121487	109	A			"פאר וכבוד, דוב בער עהרמן, מונקאץ' תרע""א"	פאר וכבוד	dedupmrg286685565_IE113004262		Mukachevo,Mukacevo,מונקאץ'		"תרע""א"	"תרע""א"		"פ' רושם: תר""ע."	" ילקוט סיפורים נרחב, בעיקר על בעל ה""ייטב לב"", ר' יקותיאל יהודה טייטלבוים. סיפורים רבים מפי בני משפחתו של הרבי, כולל אדמו""רים ממשפחת טייטלבוים ומחצר בעלז. הסגנון דומה לספריו הקודמים של המחבר, דברים ערבים חלקים א-ב (תרס""א, 67, תרס""ג, 72).  "		https://tablet.otzar.org/he/book/book.php?book=10594&width=-17&scroll=0&udid=15709531158188172	"9$4 במערכת ספר דברים ערבים, וגם לרבות מלתא דבדיחותא ושיחות חולין של ת""ח ... איזה גרגרים ח""ת ... [מאת] ב' עהרמאן, פערבעניק ..."		990018336730205171			heb	דוב בער עהרמן	ארמאן, דוב בר בן משה שמואל	דוב בער עהרמאן	Dov Ber Ehrman	פאר וכבוד	1638	NULL					TBD	heb	Pe'er VeChavod	8	248426		TBD	TBD	1638	point(22.71779 48.43919)	22.71779	48.43919	NULL			119	ילקוט סיפורים, ללא מקורות, מפי מסרנים.	רשימת ספרי חסידות.xlsx - Editions (5).tsv
233	3777		פאר וכבוד	1912	111838						פאר וכבוד			Mukacevo					TBD				NULL				יש סריקה מוקדמת	heb		ארמאן, דוב בר בן משה שמואל				1638	NULL	דפוס אהרן דוב מייזעלס עט חיים גארטענבערג				TBD	heb			248426		דפוס אהרן דוב מייזעלס עט חיים גארטענבערג	TBD	1638	point(22.71779 48.43919)	22.71779	48.43919	NULL					רשימת ספרי חסידות.xlsx - Editions (5).tsv
234	3778	https://www.nli.org.il/he/books/NNL_ALEPH002047228	עטרת תפארת	1910	159969	111	A?	"?111A (אצל קיציס רשום תרע""א.  זה יכול להיות מתאים למה שרשום אצלנו, סוף שנת 1910.)"	finalize date	"עטרת תפארת, יהודה אריה תאומים פרנקל, וורשה תרע""א"	עטרת תפארת	dedupmrg286498204_IE94827612		Warsaw,ורשה		"תרע""א"	"תרע""א"		TBD	" ילקוט של העתקות מתוך ספרים קודמים, בעיקר מספרי חוג רצ""י. בנוי כמערכות בדומה לספרי ברגר. וראו ספריו מנורה הטהורה ואהלי שם שיצאו בסמוך. "	http://hebrewbooks.org/3929		"בו נלקטו ונאספו חיד""ת ושיחות ... וסיפורים... מרבותינו הצדיקים... ר' צבי הירש [אייכנשטיין] מזידיטשוב... ר' משה [אייכנשטיין] מסאמבאר... ר' יצחק אייזיק [ספרין] מקאמארנא... ר' יודא צבי [אייכנשטיין] מראזלא... ר' חיים האלבערשטאם מצאנז... ר' אשר [רובין] מראפשיץ... ר' אברהם ממיקאליוב... ר' דוד [האגר] מזאבליטוב... ר' ישעי' שור מיסאססי. המאסף... יהודה ארי' לבית תאומים פרענקיל.."		990020472280205171	כללתי את כל הסעיפים שמובאים בספר, כי מובלע בהם הרבה סיפורים בתוך הדברי תורה.		heb	יהודה אריה תאומים פרנקל	פרנקל-תאומים, יהודה אריה	יהודה אריה (תאומים) פרנקל	Yehuda Arye (Teomim) Frankel	עטרת תפארת	953	NULL	דפוס נתן נטע קראנענבערג, בילגורייא		אברהם יוסף קליימאן		TBD	heb	Ateret Tiferet	8	4985368		דפוס נתן נטע קראנענבערג, בילגורייא	אברהם יוסף קליימאן	953	Point(21.033333333 52.216666666)	21.03333333	52.21666667	NULL	80	337	120	ילקוט העתקות מתוך ספרים קודמים.	רשימת ספרי חסידות.xlsx - Editions (5).tsv
235	3779	https://www.nli.org.il/he/books/NNL_ALEPH001900819/NLI	נפלאות הרבי	1911	130149	113	A	לבדוק מקום הוצאה והדפסה! האם לא צריך להכפיל?	לבדוק	"נפלאות הרבי, משה מנחם וודלן, פיוטרקוב תרע""א"	נפלאות הרבי			Bilgoraj,פיוטרקוב,Piotrków		"תרע""א  (הקישור והפרטים מדפוס בילגורייא)"	"תרע""א"		בשולי השער: דפוס Varshava ,G. Piment i Ia. Shvabe.	" ילקוט על החוזה מלובלין, מלוקט מספרים קודמים ומפי מסרנים רבים, בעיקר רצ""י מיכלזאהן ובני חוגו. והמשכו בספר אהל הרבי, תרע""ג (134). הספר מכיל למעשה כתיבה מאת רצ""י, כולל מכתבים ארוכים ממנו המובאים במלואם, ודברים משלו בענייני דרוש ואגדה. המחבר מוסיף לדברי רצ""י רק הערות שוליים ובהם השוואות לגירסאות סיפור נוספות. המחבר הוא בנו של המו""ל החסידי אהרן וולדן ובעצמו חלק מחוג רצ""י.  ראה אור עוד בשנת הוצאתו (תרע""א) גם בבילגוריה וורשה. יצא שוב עם הוספות על ידי מכון בני משה, בני ברק תשס""ה.  "	http://hebrewbooks.org/3622		כולל לקוטי סיפורים ... והנהגות ... וכמה חידושי תורה ... מאת ... ר' יעקב יצחק הלוי הורוויץ ... הנקרא ... הרבי מלובלין ... העתקתי וסדרתי ... מהרבה ספרים ... ומהם אשר לא ראו עוד אור הדפוס. אשר כתבו אלי גאוני וצדיקי דורנו ... משה מנחם בהרב ... אהרן וואלדען מווארשא ...		990019008190205171	"כנ""ל"	HebrewBooks	heb	משה מנחם וולדן	וואלדן, משה מנחם מנדל בן אהרן	משה מנחם ולדען	Moshe Menachem Walden	נפלאות הרבי	525	NULL					"ר' מנחם מענדיל מרגליות, אטיניא, יג תמוז תרע""א."	heb	Niflaot Harabi	8	381025		TBD	TBD	525	Point(22.733333333 50.55)	22.73333333	50.55	NULL	134	385	121	ילקוט מקיף מספרים ומפי מסרנים.	רשימת ספרי חסידות.xlsx - Editions (5).tsv
236	3780		נפלאות הרבי	1913	130150						נפלאות הרבי			Warsaw					8 עמ': הספד מר.				NULL				יש סריקה מוקדמת של HebrewBooks	heb		וואלדן, משה מנחם מנדל בן אהרן				953	NULL					TBD	heb			381025		TBD	TBD	953	Point(21.033333333 52.216666666)	21.03333333	52.21666667	NULL					רשימת ספרי חסידות.xlsx - Editions (5).tsv
237		https://www.nli.org.il/he/books/NNL_ALEPH002148344	נפלאות בעל שם טוב	1911	לא מצאתי את המספר BHB כי זה ביידיש	114	A	לבדוק	לבדוק	"נפלאות בעל שם טוב, אנונימי, פיוטרקוב תרע""א"		dedupmrg286431239_IE170954274		פיוטרקוב,Piotrków		"תרע""א (קישור לדפוס משנת תרצ""ה)"	"תרע""א"			ספרון אגורה ביידיש, יצא לאור בהפקת דפוס ליבסקינד. בעיקר סיפורי נפלאות. המחבר האנונימי הוסיף לכמה סיפורים את מקור השמועה, מפי נכד של המגיד מזלוטשוב, ומסרנים נוספים שאינם אישים מפורסמים. ראה אור עוד באותה השנה (1911) גם בלמברג.		https://tablet.otzar.org/he/book/book.php?book=195910&width=-17&scroll=0&udid=15718327897047032		נפלאות בעל שם טוב	990021483440205171				אנונימי		אנונימי	Anonymous	נפלאות בעל שם טוב	250							yid	Niflaot Ba'al Shem Tov	8					250					14		122	ספרון אגורה אנונימי ביידיש. סיפורי נפלאות. ללא מקורות ומפי כמה מסרנים.	רשימת ספרי חסידות.xlsx - Editions (5).tsv
238		https://www.nli.org.il/he/books/NNL_ALEPH002207735/NLI	נפלאות בית לוי	1911	לא מצאתי מספר BHB	116		לבדוק	לבדוק	"נפלאות בית לוי, אנונימי, פיוטרקוב תרע""א"				פיוטרקוב,Piotrków		"תרע""א"	"תרע""א"			" ספרון אגורה ביידיש, הודפס יחד עם סיפורי בעל שם טוב מאותה השנה. הספר שאל חומרים בעיקר מתפארת בית לוי, תר""ע (103). המוציא לאור הוא אברהם יוסף קליימן.  "				נפלאות בית הלוי	990022077350205171		לא ניתן להוריד- לבקש מהספרייה		אנונימי		אנונימי	Anonymous	נפלאות בית לוי	250							yid	Niflaot Beit Halevi	"22 ס""מ"					250					49			ספרון אגורה ביידיש, סיפורים מעובדים מספר עברי קודם. ללא מקורות ומסרנים.	רשימת ספרי חסידות.xlsx - Editions (5).tsv
239	3781	https://www.nli.org.il/he/books/NNL_ALEPH001769405/NLI	נפלאות הצדיקים	1911	144944	118	A	לבדוק אם לא צריך להכפיל	לבדוק אם לא צריך להכפיל	"נפלאות הצדיקים, יקותיאל זלמן למברגר, פיוטרקוב תרע""א"	נפלאות הצדיקים			פיוטרקוב,Piotrkow,Piotrków		"תרע""א  (קישור לדפוס משנת תרפ""ד ביידיש)"	"תרע""א"		"שם המחבר על-פי עדותו בהקדמת ספרו ""מגדיל ישועות מלכו"": חברתי ס' מסיפורי מעשה צדיקים אשר נדפס לא כבר בפיעטרקוב ע""י ... מו""ה אברהם יוסף קליימאן נ""י מווארשא, ונקרא בשם ""נפלאות הצדיקים""."	" קובץ סיפורים אודות צדיקים חסידיים, רבים מהם עיבוד של סיפורים שהופיעו בספרים קודמים. ניכרת נטייה לסיפורי נפלאות ארוכים. כמה מהסיפורים מקרוב משפחתו של המחבר, רב חסידי הקשור לבית נשכיז, ר' יעקב אריה מטורבין.  הספר הודפס בדפוס פאלמאן. ראה אור גם בתרגום ליידיש על ידי בית המסחר כהנא, וורשה תרפ""ד. מהדורת צילום של המהדורה העברית יצאה שוב בירושלים תשי""ט.  "	http://hebrewbooks.org/43360		"והוא סיפורים חדשים עם מאמרים ... וחדושי תורה ... מהני (כח) אשלי רברבי ... אשר נקובים ... מעבר לדף ... בעש""ט ... ותלמידיו ... (אשר שמעתי מפי אנשים נאמנים [יקותיאל זלמן למברגר])."				אין סרוק	heb	יקותיאל זלמן למברגר	למברגר, יקותיאל זלמן בן חיים יהושע השל	יקותיאל זלמן למברגר	Yekutiel Zalman Lamberger	נפלאות הצדיקים	250	NULL			אברהם יוסף קליימאן, ווארשא		TBD	heb	Nflaot Hatzadikim	"23 ס""מ"	325088		TBD	אברהם יוסף קליימאן, ווארשא	250	Point(19.683333333 51.4)	19.68333333	51.4	NULL	34		123	ילקוט סיפורים. עיבוד מספרים קודמים ומפי מסרנים.	רשימת ספרי חסידות.xlsx - Editions (5).tsv
240	3782		נפלאות הצדיקים	1913	144945						נפלאות הצדיקים			Warsaw					בעמ' 34-35 שני סיפורים נוספים.				...				אין שדה 972	heb		למברגר, יקותיאל זלמן בן חיים יהושע השל				953	NULL			אברהם יוסף קליימאן		TBD	heb			325088		TBD	אברהם יוסף קליימאן	953	Point(21.033333333 52.216666666)	21.03333333	52.21666667	NULL					רשימת ספרי חסידות.xlsx - Editions (5).tsv
241	3783	https://www.nli.org.il/he/books/NNL_ALEPH001175212	דעת זקנים	1911	109131	120	A			"דעת זקנים – שיחת חולין, אברהם סג""ל אטינגא, סאניק תרע""א"	דעת זקנים	dedupmrg286251323_IE86504168		סאנייק,Sanok		"תרע""א"	"תרע""א"		TBD	" דברי חכמה של גדולי ישראל, חסידיים ולא חסידיים. אמירות של גדולי ישראל בילדותם, הספדים שנאמרו על ידי המחבר, מליצות שונות ועוד. מסודר על פי פרקים. בהקדמה דרישה מכל מי שיכול לעסוק בספרות שתוכיח את חכמת אבותינו ותעצור את השטף להשכלה ולחילון. החומר מלוקט מפי מסרנים רבים, ובולט ביניהם ר' פנחס הלוי איש הורוביץ, רב גליציאי מידידי המחבר, וכן מסרנים מחוג רצ""י (ר""י לווינשטיין, יקותיאל אריה קמלאהר ורצ""י עצמו) ומסרנים נוספים. עוד על המחבר ר' שיחות חולין של תלמידי חכמים החדש (92). "	http://hebrewbooks.org/3647		"ובו שיחת חולין של ת""ח ... גם חידושים יפים ... על מקראי קודש ודברי חז""ל ... ונלוה אליו קונטריס קרית ארבע כולל ארבעה מאמרים ... על ארבע פרשיות [שקלים, זכור, פרה, החודש] ... אשר חנני ... אברהם סג""ל איטינגא המכונה עטינגער ... יושב פה דוקלא בן ... מוהר""ר יונה הלוי איטינגא זצ""ל מבראדי ובן בתו של הרב ... מו""ה חיים יהודא קלוגר ז""ל בנו של ... רבינו שלמה קלוגר זצ""ל מבראדי ... נדפס בהוצאות ... מו' בן-ציון קאבער נ""י מבאקאווסק ..."		990011752120205171			heb	"אברהם סג""ל אטינגא"	איטינגא, אברהם בן יונה הלוי	"אברהם סג""ל אטינגא"	"Avraham Sega""l Etinga"	דעת זקנים – שיחת חולין	106	NULL	דפוס מענדיל מאשעל				"עם ""אגרת אהבה"" [הסכמה], מאת ר' יקותיאל יהודא גרינוואלד, מ. סיגוט."	heb	Daat Zekainim- Sichat Chulin	8	164677		דפוס מענדיל מאשעל	TBD	106	Point(22.216666666 49.55)	22.21666667	49.55	NULL	90		124	ילקוט של אמרות חכמה ושיחות חכמים יהודים, מפי מסרנים שונים.	רשימת ספרי חסידות.xlsx - Editions (5).tsv
242		https://www.nli.org.il/he/books/NNL_ALEPH001065721/NLI	סיפורי קדושים	1866	לא מצאתי מספר BHB כי זה ביידיש	121	B	"121B (אצל קיציס ההוצאה היא משנת תרע""א. אצלנו רשום משנת 1866)"	בירור נוסף	"סיפורי קדושים, אנונימי, פיוטרקוב תרע""א"				פיוטרקוב,Piotrków		"תרע""א"	"תרע""א"			" ספרון אגורה ובו סיפורים על צדיקים שונים, חסידיים וחוץ חסידיים. כמה מהסיפורים בשמם של מסרנים בלתי ידועים. החומר מעובד מתוך ספרים קודמים (אולי מסיפורי צדיקים החדש, תרס""ט, 90). לכל סיפור כותרת נמלצת בסגנון ה""וואונדרליכע"": ""א שיינע געשיכטע"", ""א מעשה נורא"" וכיוצא באלו. בהוצאת בית המסחר ליבסקינד ובית הדפוס פאלמאן. אין לבלבל עם סיפורי קדושים  של בודק, תרכ""ו (17).  "	http://hebrewbooks.org/52682			ספורי קדושים	990010657210205171		Hebrewbooks		אנונימי		בנימין זאב ליבסקינד	Binyamin Zeev Libskind	סיפורי קדושים	250							yid	Sipurei Kedoshim	8					250						15	125	ספרון אגורה ביידיש, מעובד מתוך ספרים קודמים. ללא מקורות ומסרנים.	רשימת ספרי חסידות.xlsx - Editions (5).tsv
243		https://www.nli.org.il/he/books/NNL_ALEPH002150523/NLI	עטרת זקנים	1911	לא מצאתי מספר BHB כי זה ביידיש	122		לבדוק	בירור נוסף	"עטרת זקנים, אנונימי, בילגורייא תרע""א"				בילגורייא,Biłgoraj		"תרע""א"	"תרע""א"			" חוברת ביידיש קלה ומנקודת בסגנון סיפורי הנפלאות ""וואונדרליכע זאכין"", ללא מקורות ומסרנים. הופק על ידי בית המסחר אמקורט והודפס בשנית על ידי בית המסחר פריינד בוורשה, ששיתף פעולה תדיר עם אמקורט. אין לבלבל עם עטרת זקנים הנספח לתורת הרמ""ל, תרס""ג (66). "				עטרת צדיקים	990021505230205171		Hebrewbooks		אנונימי		אנונימי	Anonymous	עטרת זקנים	525							yid	Ateret Zekainim	"22 ס""מ"					525					56		126	ספרון אגורה ביידיש, ילקוט סיפורים מעובדים מספרות קודמת. ללא מקורות ומסרנים.	רשימת ספרי חסידות.xlsx - Editions (5).tsv
244		https://www.nli.org.il/he/books/NNL_ALEPH001010700/NLI	אהלי צדיק	1911	לא מצאתי מספר BHB כי זה ביידיש	123	A	לבדוק	בירור נוסף	"אהלי צדיק, אנונימי, פשמישל תרע""א"				Przemyśl,פשמישל		"תרע""א"	"תרע""א"			" ספרון אגורה ביידיש קלה ופשוטה. לקט של סיפורי נפלאות על הבעש""ט, ר' וולף קיצעס וצדיקים חסידיים נוספים, מעובדים מספרות קודמת. ייתכן שנועד לתלמידים, לנוער או נשים. הפקה נוספת של בית המסחר אמקורט עם שמחה פריינד.  "	http://hebrewbooks.org/52683			אהלי צדיק	990010107000205171		ביקשנו מזכויות יוצרים בספריה		אנונימי		אנונימי	Anonymous	אהלי צדיק	424							yid	Ohalei Tzadik	"22 ס""מ"					424					48	10	127	ספרון אגורה ביידיש, סיפורי נפלאות, עיבוד מתוך ספרים קודמים. ללא מקורות ומסרנים.	רשימת ספרי חסידות.xlsx - Editions (5).tsv
245		https://www.nli.org.il/he/books/NNL_ALEPH001372610/NLI	תפארת מנחם	1911	לא מצאתי מספר BHB	124		"124 (אצל קיציס רשום הוצאה משנת תרע""א עם סימן שאלה-?. אצלנו לא רשום תאריך.)"	finalize date	"תפארת מנחם, אנונימי, פשמישל תרע""א(?)"				Przemyśl,פשמישל		"תרע""א"	"תרע""א(?)"			"ספרון יידיש אודות ר' מנחם מנדל מרימנוב, נטייה לסיפורי נפלאות. רוב החומר מעובד מתוך עטרת מנחם שיצא שנה קודם (101). גם בכותרות העמודים הראשונים הספר נקרא ""עטרת מנחם"" (!). הפקה מסחרית נוספת של בתי המסחר אמקורט-פריינד. בשער לא מפורשת שנת ההוצאה, אלא רק ""תר-"", כדי לחסוך בהכנת סדר דפוס חדש לשערי הספרים הבאים ולאפשר שימוש חוזר. "				תפארת מנחם	990013726100205171		ביקשנו מזכויות יוצרים בספריה		אנונימי		אנונימי	Anonymous	תפארת מנחם	424							yid	Tiferet Menachem	"22 ס""מ"					424					48		128	ספרון אגורה ביידיש, סיפורי נפלאות. מעובד מתוך ספרות קודמת. ללא מקורות ומסרנים.	רשימת ספרי חסידות.xlsx - Editions (5).tsv
246	3784	https://www.nli.org.il/he/books/NNL_ALEPH002015310/NLI	בוצינא קדישא	1912	125498	125	A			"בוצינא קדישא, נתן נטע דונר, פיוטרקוב תרע""ב"	בוצינא קדישא			פיוטרקוב,Piotrkow,Piotrków		"תרע""ב"	"תרע""ב"		שם מחבר הספר נשמט מן השער. עיין להלן בהוצאה הבאה.	" ילקוט קטן (40 עמ') של דברי תורה וסיפורים אודות ר' זושא מאניפולי. מצוטט מתוך ספרים קודמים ללא הבאת המקור המלא (רק שם הספר), כולל מתוך ספרו הקודם של המחבר (מנרת זהב, תרס""ד, ר' ערך). הספר מסודר מעט כמונוגרפיה, כולל מפתח עניינים. הכותב הוא אחד המסרנים בחוגו של רצ""י מיכלזאהן, אך בספר זה אין הופעה של מסרנים אחרים.  "	http://hebrewbooks.org/53542		"שבח מלין ... ודברים ... מעשים ... חידושים ... מקדוש עליון ... ר' משולם זיסל המפורסם ... בשם ... הרבי ר' זושא ... מאניפאליע . נלקט ונאסף ... מפי סופרים וספרים ונסדרו בסדר ... מן ימי נעוריו ... בצל ... המגיד ... (מו""ה דוב בער) ממעזריטש ... והסתופפו בצל ... אחיו ... הרר""א [ר' אלימלך] מליזענסק ... עד יום ב ... שבט ... תק""ס שעלה למרום ... [מאת ר' נתן נטע הכהן]."		990020153100205171		Hebrewbooks	heb	נתן נטע דונר	דונר, נתן נטע בן צבי הכהן	"נתן נטע הכהן אב""ד קאלביעל"	"Nathan Neta Aba""d Kalbiyal"	בוצינא קדישא	250	NULL			אברהם יוסף קליימאן, ווארשא		TBD	heb	Butzina Kadisha	8	171191		TBD	אברהם יוסף קליימאן, ווארשא	250	Point(19.683333333 51.4)	19.68333333	51.4	NULL	50	91	129	ילקוט דברי תורה וסיפורים, מונוגרפיה. ציטוטים מספרים קודמים, ללא מסרנים.	רשימת ספרי חסידות.xlsx - Editions (5).tsv
247	3661|3677|3785		בוצינא קדישא	1913	125499						בוצינא קדישא			Warsaw					מקום הדפוס ושמו של המדפיס באותיות קיריליות.				...				יש סריקה מוקדמת של HebrewBooks	heb		דונר, נתן נטע בן צבי הכהן				953	()					TBD	heb			171191		TBD	TBD	953	Point(21.033333333 52.216666666)	21.03333333	52.21666667	()					רשימת ספרי חסידות.xlsx - Editions (5).tsv
248	3786		זכרון לראשונים	1912	184485	126	A			"זכרון לראשונים, משה חיים קליינמן, פיוטרקוב תרע""ב"	זכרון לראשונים			פיוטרקוב,Piotrkow,Piotrków		"תרע""ב"	"תרע""ב"		מעבר לשער, באותיות קיריליות: דפוס Varshava ,B. Tursh.	" ספרון ובו מערכות אודות ""ארבעה מיטיבי לכת"": ר' יצחק מדרוהוביטש, ר' אהרן מקרלין, ר' יחיאל מיכל מזלוטשוב ור' לוי יצחק מברדיטשוב. הודפס בדפוס פאלמאן.  הכותב הוא תושב בריסק דליטא, והוציא בעבר את מזכרת שם הגדולים, תרס""ח (85). ספר זה הוא כנראה מעין השלמה. הספר מלוקט מתוך ספרים שונים, שהמחבר מציין את שמם ללא המקור המדוייק. אין לבלבל עם ספר אחר בשם זה (יקותיאל יהודה גרינוולד, סאטמאר תרס""ט).  "		https://tablet.otzar.org/he/book/book.php?book=100734&width=-17&scroll=0&udid=15718338377547532	"חלק ראשון, ארבעה מטיבי לכת (ר' יצחק מ""מ [מגיד מישרים] מדראביטש ... ר' אהרן הגדול מקארלין ... ר' יחיאל מיכל מזלאטשוב ... ר' לוי יצחק מבארדיטשוב) ... תוכו רצוף... מעשה תקפם ... ופרשת גדולתם... ספורים... וחדושי תורה ... מאמרים ... הנהגות טובות... ימי חייהם ושנות פטירותיהם... רבותיהם ותלמידיהם... נאספו ונקבצו... על ידי ... משה חיים קליינמאן מבריסק דליטא... בלא""א... מו""ה אברהם יוסף ז""ל בהרב... ר' אהרן זללה""ה הנקרא בפי כל ר' ארעלע קאמניצער."				אין שדה 972	heb	משה חיים קליינמן	קליינמאן, משה חיים בן אברהם יוסף	משה חיים קליינמן	Moshe Chaim Kleinman	זכרון לראשונים	250	NULL			אלי' וואלף ראזענבערג, ווארשא		TBD	heb	Zichron LaRishonim	"23 ס""מ"	275368		TBD	אלי' וואלף ראזענבערג, ווארשא	250	Point(19.683333333 51.4)	19.68333333	51.4	NULL	138		130	מערכות. ילקוט מתוך ספרים קודמים. ללא מסרנים.	רשימת ספרי חסידות.xlsx - Editions (5).tsv
249		https://www.nli.org.il/he/books/NNL_ALEPH001936311/NLI	תפארת היהודי	1912	"יש במאגר רק את הנתונים מתר""ץ (1930) כמו בhebrewbooks"	127		לבדוק	לבדוק	"תפארת היהודי, יועץ קים קדיש רוקוץ, פיוטרקוב תרע""ב"				פיוטרקוב,Piotrków		"תרע""ב (קישור לדפוס משנת תר""צ)"	"תרע""ב"			" המשך לס' נפלאות היהודי, תרס""ח (88). ילקוט על היהודי הקדוש מפשיסחה, מתוך ספרים קודמים ומפי מסרנים. הודפס בדפוס פאלמאן. בין המסרנים רצ""י מיכלזאהן, שהמחבר הוא שותף לחוג הסופרים שפועל בהשראתו, ר' נתן נטע דונר ועוד. מסרנים נוספים הם אדמו""רים מצאצאי היהודי הקדוש, וביניהם הרבנים מפוריסוב ושידלובצה ונכדים נוספים של הצדיק. בהקדמה אוסר המחבר להדפיס את הספר ביידיש, כדי להשאיר את הזכויות בידיו. בכך הוא מעיד על השוק הפרוץ של העיבודים ליידיש שפעל באותן השנים.  "	http://hebrewbooks.org/3881			תפארת היהודי		כללתי את כל הסעיפים שמובאים בספר, כי מובלע בהם הרבה סיפורים בתוך הדברי תורה.	אין סרוק (רק הפנייה לHB למהדורה אחרת)		יועץ קים קדיש רוקוץ		יועץ קים קדיש	Yoeitz Kim Kadish	תפארת היהודי	250							heb	Tiferet HaYehudi	8					250					82	198	131	ילקוט מספרים קודמים ומפי מסרנים.	רשימת ספרי חסידות.xlsx - Editions (5).tsv
250	3787|3788	https://www.nli.org.il/he/books/NNL_ALEPH001934708/NLI	דרך צדיקים	1912	302276	129	A			"דרך צדיקים, אברהם ילין, פיוטרקוב תרע""ב"	דרך צדיקים			פיוטרקוב,Piotrkow,Piotrków		"תרע""ב"	"תרע""ב"		"עמ' 61-71: ""קונטרס דברי הרי""מ מרבינו... יצחק מאיר [אלטר] מגור זצללה""ה"". כולל סיפורים עליו, דברי תורה, שיר (פותח: שפת עבר, תבל וצאצאיה עת נבראו) ו""וכוח היצר והאדם בדרך מליצה"". עמ' 69-70: ""שיר... מרבינו... חנוך העניך הכהן [לווין] ז""ל מאלכסנדר"". פותח: חכמה מאסו. לאב אחד עזבו. ויחמס אך אפדנו."	" ילקוט של הנהגות וסיפורים על צדיקים חסידיים רבים, מובאים ממקורות שונים, מפי מסרנים אחדים ואף דברים שהמחבר שמע בעצמו או שאירעו לו במחיצת הרבי מאיר שלום מפוריסוב. הודפס בדפוס פאלמאן.  הספר מסודר לפי רשימת אישים. בסוף הספר מסמכים וביניהם שיר, וכן טקסטים נוספים המיוחסים לרי""ם מגור. הספר הודפס בד' פאלמאן (פולמן) שבפיוטרקוב, כמו רוב ספרי השבחים באותה העת.  "		https://tablet.otzar.org/he/book/book.php?book=10553&width=-17&scroll=0&udid=15718342323583572	"והוא הנהגות טובות והדרכות ישרות בעבודת הש""י מלוקטות ומקובלות מהרבה צדיקים ... הנקובים בשמותם כאן בסדר א""ב ... נאסף ונסדר (ובצירוף הערות ... ויוסף אברהם) ע""י ... אברהם יעלין מווענגראב ..."		990019347080205171		HebrewBooks	heb	אברהם ילין	ילין, אברהם בן אריה זאב	אברהם ילין	Avraham Yalin	דרך צדיקים	250	NULL					TBD	heb	Derech Haאzadikim	8	248424		TBD	TBD	250	Point(19.683333333 51.4)	19.68333333	51.4	NULL			132	ילקוט דברי תורה, הנהגות וסיפורים. חלק מהחומר בצירוף מקורות ומסרנים.	רשימת ספרי חסידות.xlsx - Editions (5).tsv
251	3788		דרך צדיקים	1913	135840						דרך צדיקים			Piotrkow					"כנראה הטופס שראינו הוא ד""ס של הוצאת תרע""ג."				"והוא הנהגות טובות והדרכות ישרות בעבודת הש""י מלוקטות ומקובלות מהרבה צדיקים ... הנקובים בשמותם כאן בסדר א""ב ... נאסף ונסדר (ובצירוף הערות ... ויוסף אברהם) ע""י ... אברהם יעלין מווענגראב ..."				יש סריקה מוקדמת של HebrewBooks	heb		ילין, אברהם בן אריה זאב				250	NULL					TBD	heb			248424		TBD	TBD	250	Point(19.683333333 51.4)	19.68333333	51.4	NULL					רשימת ספרי חסידות.xlsx - Editions (5).tsv
252			דרך צדיקים	1913	302277						דרך צדיקים			Piotrkow					TBD				...				יש סריקה מוקדמת של HebrewBooks	heb		ילין, אברהם בן אריה זאב				250	NULL	דפוס העניך פאלמאן (דפוס ((Cyrillic text) (Varshava ,V. Tursh				TBD	heb			248424		דפוס העניך פאלמאן (דפוס ((Cyrillic text) (Varshava ,V. Tursh	TBD	250	Point(19.683333333 51.4)	19.68333333	51.4	NULL					רשימת ספרי חסידות.xlsx - Editions (5).tsv
253	3790|3791	https://www.nli.org.il/he/books/NNL_ALEPH002069902	"תפארת מהרא""ל"	1912	318161	130	A			"תפארת מהרא""ל, יהודה יודיל רוזנברג, פיוטרקוב תרע""ב"	"תפארת מהרא""ל"	dedupmrg287274706_IE96448440		פיוטרקוב,Piotrkow,Piotrków		"תרע""ב (קישור לדפוס משנת תשי""א)"	"תרע""ב"		כולל בעיקר סיפורים ומעשים.	" סיפורי נובלה ארוכים אודות הסבא משפולה. הודפס בדפוס פאלמאן.  כמו בספרו נפלאות המהר""ל (תרס""ט), הסיפורים ברובם המכריע הם פרי דמיונו של המחבר, המציג עצמו כמלקט שמועות חסידיות, ואף מזכיר את רצ""י מיכלזאהן ור' אברהם אטינגא כמסרנים שעליהם הסתמך (ומתכוון כנראה למכתבים מהנ""ל המצורפים לספר). חלק מהסיפורים זכה לפרסום ולעיבודים שונים.  עוד על המחבר ר' יסיף, הגולם מפראג.  "		https://tablet.otzar.org/he/book/book.php?book=167521&width=-17&scroll=0&udid=15712926852282272	"(מרן אריה ליב) משפאלי הנקרא ""דער שפאלער זיידע"" ... תולדתו, צדקתו ... ומופתיו ... לקטתי וקבצתי ... אנכי ... יהודה יודל ב""ר ישראל יצחק ז""ל ראזענבערג החונה ... בעיר לאדז לפנים רב בק""ק טארלא ..."		990020699020205171			heb	יהודה יודיל רוזנברג	רוזנברג, יהודה יודל בן ישראל יצחק	יהודה יודיל רוזנברג	Yehuda Yudil Rozenberg	"תפארת מהרא""ל"	250	NULL			אברהם פשעמיראווער, לאדז		TBD	heb	"Tiferet Maharaa""l"	"23 ס""מ"	113310		TBD	אברהם פשעמיראווער, לאדז	250	Point(19.683333333 51.4)	19.68333333	51.4	NULL			133	סיפורים נובליים.	רשימת ספרי חסידות.xlsx - Editions (5).tsv
254	3790|3791		"תפארת מהרא""ל"	1914	166996						"תפארת מהרא""ל"			Piotrkow					כולל בעיקר סיפורים ומעשים.				"(מרן אריה ליב) משפאלי הנקרא ""דער שפאלער זיידע"" ... תולדתו, צדקתו ... ומופתיו ... לקטתי וקבצתי ... אנכי ... יהודה יודל ב""ר ישראל יצחק ז""ל ראזענבערג החונה ... בעיר לאדז לפנים רב בק""ק טארלא ..."				יש כבר סריקה מוקדמת	heb		רוזנברג, יהודה יודל בן ישראל יצחק				250	NULL			אברהם פשעמיראווער, לאדז		TBD	heb			113310		TBD	אברהם פשעמיראווער, לאדז	250	Point(19.683333333 51.4)	19.68333333	51.4	NULL					רשימת ספרי חסידות.xlsx - Editions (5).tsv
255	3792		דגל מחנה יהודה	1912	113812	131	A			דגל מחנה יהודה, אליעזר (וחיים) ברנדוויין, למברג 1912	דגל מחנה יהודה			Lvov,למברג,Lemberg (Lviv)		"תרע""ג (קישור לדפוס משנת תשי""ז)"	1912		"חידושים על התורה נדפסו גם מר' נחום [ב""ר אליעזר בראנדוויין] שליט""א מבורשטין, מר' יהודה צבי במהר""א [ב""ר אורי לאנגנער] מראהטין ומר' יוסף אביו של המסדר."	" אוסף מקיף של סיפורי חסידות סטרטין שאספו נכדי האדמו""ר ר' יהודה צבי מסטרטין. בעיקר סיפורי נפלאות, מופתים וניסים, ובסופו גם קובץ סגולות ומנהגי בית סטרטין. בראשית הספר מצורף מפתח הסיפורים.  מהדורה מורחבת ראתה אור בירושלים תשי""ז. גדליה נגאל ההדיר את הספר והוסיף מבוא ומפתחות, ירושלים תשנ""ח.  "		https://tablet.otzar.org/he/book/book.php?book=153619&width=-17&scroll=0&udid=15712926852282272	"ובו שלשה ספרים נפתחים, א. ... ספר תולדות אדם ... דברי ... רבינו יהודא צבי [בראנדוויין] מסטרעטין זלל""ה (מאמרים וחידושי התורה [לפי סדר הפרשיות]) גם ... מבניו (ר' אברהם ... מסטרעטין ... ר' אליעזר מאזיפאלע) ... ב. סדר הדורות וספורים ... מהני שלשה אבות הלא המה ... (רבינו יהודא צבי) הנ""ל ... ר' שמואל זיינוויל זלל""ה אבד""ק זוואליב בן ... ר' מרדכי פעשיס זלל""ה בן ... ר' אברהם בן אברהם זלל""ה. גם ספורים ... ושבחו של ... (רבינו יהודא צבי) הנ""ל ובניו ... ר' חיים זלל""ה ... ר' אברהם מסטרעטין זלל""ה ואא""ז ... ר' שמואל זיינוויל מסטרעטין זלל""ה והה""ק ... ר' אליעזר מאזיפאלע ... ג. סגולות ורפואות ... מכ""ק אא""ז (רבינו יהודא צבי) הנ""ל (ובניו) ... גם מנהגים ונוסח התפלה מכל השנה (נוסח סטרעטין) ... גם עשיתי פתיחתא רבתא והוא דרוש ... למעלות התורה ומעלות הצדקה ... (המוציא לאור והמסדר) אליעזר ... בראנדוויין בן ... יוסף ... אבד""ק סאהל ..."				אין סרוק	heb	אליעזר (וחיים) ברנדוויין	בראנדוויין, אליעזר בן יוסף	אליעזר (וחיים) ברנדוויין	Eliezer (Ve-Haim) Brendwein	דגל מחנה יהודה	166	()					"ר' אברהם [לאנגנער], קנעניטש, ג בהעלותך תרע""ב."	heb	Degel Machanei Yehuda	8	375894		TBD	TBD	166	Point(24.014166666 49.83)	24.01416667	49.83	()		123	134	אוסף סיפורים, ספרות חצר, ספרות נכדים, ללא מקורות ומסרנים.	רשימת ספרי חסידות.xlsx - Editions (5).tsv
256	3793	https://www.nli.org.il/he/books/NNL_ALEPH001909731/NLI	בית ישראל	1912	132682	132	A			"בית ישראל, ראובן ז""ק, פיוטרקוב תרע""ג 1912"	בית ישראל			פיוטרקוב,Piotrkow,Piotrków		"תרע""ג"	"תרע""ג 1912"		"מהקדמת המלקט, עמ' 3-4: ""הקרה ה' לפני כתבי קודש מכבוד ... רא""י מס""ג (ר' אברהם יעקב מסאדאגארא) ... וה' אנה לידי להוציאם ממחבואם. ולסדר אותם ... על סדר פרשיות התורה (בשם אמת ליעקב, עמ' 41-135)"". שאר הספר ליקוטי סיפורים ודברי תורה ממקורות שונים."	" חלק שני של הס' כנסת ישראל, תרס""ו (77). פרקים על אודות אדמו""רי בית רוז'ין. מסורות רבות מופיעות בסגנון ""שמעתי"" ללא הבאת המסרנים בשמם. הפיוט ""ידידי רועי"" מופיע בספר כפיוט שחיבר ר' ישראל מרוז'ין (ולא ר' ישראל נג'ארה). כולל חידושי תורה מהרבי מסדיגורה.  "	http://hebrewbooks.org/3632		"הוא קובץ אמרות ... וחידושי תורה ... מכבוד ... מו""ה ישראל [פרידמאן] ... מרוז'ין זצוקל""ה ... ואחרי' שיח ... בני' הקדושים זרע ישראל ... חלק שני מספר ""כנסת ישראל"" [ווארשא תרס""ו] אשר יצא לאור ע""י המלקט מו""ה ראובן ז""ק מאוסטילא ..."		990019097310205171		Hebrewbooks	heb	"ראובן ז""ק"	"ז""ק, ראובן בן צבי דוד"	"ראובן ז""ק"	"Reuven Z""K"	בית ישראל	250	NULL					TBD	heb	Beit Yisrael		1701659		TBD	TBD	250	Point(19.683333333 51.4)	19.68333333	51.4	NULL	164		135	דברי תורה, אמירות וסיפורים, ללא מקורות ומסרנים.	רשימת ספרי חסידות.xlsx - Editions (5).tsv
257	3794	https://www.nli.org.il/he/books/NNL_ALEPH001900874/NLI	אהל הרבי	1913	130144	134	A			"אהל הרבי, משה מנחם וולדן, פיוטרקוב תרע""ג"	אהל הרבי			פיוטרקוב,Piotrkow,Piotrków		"תרע""ג"	"תרע""ג"		"בסוף הספר, עמ' 42-50: מכתבי תנחומין לר' משה מנחם מענדל וואלדען, מאת ר' אברהם סג""ל איטינגא ור' יוסף לעווענשטיין."	"המשך לנפלאות הרבי, תרע""א (114). הודפס בדפוס ליבסקינד. אוסף אמירות וסיפורים אודות החוזה מלובלין מפי מסרנים, בעיקר בני חוג רצ""י. שם הספר מעיד על קרבתו הסגנונית לסדרת הספרים שהוציא ידידו וקרובו אחש""ב מיכלזאהן, הכוללת את אהל אלימלך (99); אהל נפתלי (106); ואהל אברהם (107). הספר כולל מודעה ובקשה למשלוח חומרים לספר אהל יצחק (תרע""ד, 137) אודות ר' יצחק מוורקי שאיתו בכתובים. בסוף הספר הספדים לאביו ר' אהרן וולדן מכמה רבנים, כולל המסרנים ר' אברהם אטינגא ור' יוסף לווינשטיין.  "	http://hebrewbooks.org/3623		"כולל שלשה ספרים ... א. אור התורה על סדר פרשיות התורה ... ב. אור החכמה לקוטים ... ג. אור הנפלאות סיפורים ... ממקורים נאמנים ... כל אלה מאת ... ר' יעקב יצחק הלוי הורוויץ זצלה""ה ... הרבי מלובלין. כל אלה העתקתי וסדרתי ... משה מנחם מענדל בהר""ר ... אהרן זצ""ל ... וואלדען מווארשא ... ובסוף הספר נדפס הספד מר על פטירת מר אבי ... מאת הה""ג (משה נחום ירושלימסקי) ... שליט""א מקיעלץ ..."		990019008740205171	כל הספורים מהחלק 'אור הנפלאות'	Hebrewbooks	heb	משה מנחם וולדן	וואלדן, משה מנחם מנדל בן אהרן	משה מנחם ולדען	Moshe Menachem Walden	אהל הרבי	250	NULL					"ר' [ניסן] יהודה ליב ב""ר דוד טווערסקי ממאקארעוו, וולדאווא, שבט תרע""ג [לקוחה מאמצע הספר]."	heb	Ohel Harabi	8	381025		TBD	TBD	250	Point(19.683333333 51.4)	19.68333333	51.4	NULL	144	94	136	ילקוט דברי תורה, אמירות וסיפורים. מתוך ספרים קודמים ומפי מסרנים.	רשימת ספרי חסידות.xlsx - Editions (5).tsv
258	3795		מעשה נחמי[ה]	1913	166211	135	A			"מעשה נחמיה, מנחם מנדל רבינוביץ', פראמפול תרע""ג"	מעשה נחמי[ה]			פראמפאל,Frampol		"תרע""ג"	"תרע""ג"		"בראש הספר השני ""מכתבי ידידות"" מאת אביו ודודו הנ""ל,בהם סיפורי מעשיות על זקינם הנ""ל. מכתב דודו כולל שיר."	" מונוגרפיה מקיפה על ר' נחמיה יחיאל מביחוב, בנו של היהודי הקדוש. המלקט הוא נינו של הרבי והספר מכיל אוסף נרחב של מסורות מחוג המשפחה, בעיקר מאבי המחבר, מדודו, ואף מן המשמש הזקן של סבו. הספר כולל גם מכתבים שאסף מבני המשפחה ובהם רשימות של מידע וסיפורים.  בירושלים תשט""ז הוציא לאור צבי מושקוביץ מהדורה ובה תיקון שיבושים רבים.  "	http://hebrewbooks.org/3773		"כולל תולדות (זקני) ... מרן נחמי' יחיאל זצוקל""ה (מבעחיווע) בהגה""ק ... רבינו יעקב יצחק היהודי ... מפרשיסחא. וספורי נפלאות רבים ... יגעתי וקבצתי ... מנחם מענדיל (ראבינאוויטש מיאנוב) באאמו""ר ... ר' נתן ארי' (ליב ראבינאוויטש ... מאיזביצא) שליט""א בהרה""צ ... ר' חיים גדלי' מבעחיווי, בנו של ... ר' נחמי' יחיאל ... בהוצאת הרב מנחם מענדיל ראבינאוויטש ... חלק א."				אין שדה 972	heb	מנחם מנדל רבינוביץ'	רבינוביץ, מנחם מנדל בן נתן אריה ליב	מנחם מנדל רבינוביץ	Menachem Mendel Rabinowitz	מעשה נחמיה	421	NULL					TBD	heb	Maasei Nechemia	8			TBD	TBD	421	Point(22.666666666 50.683333333)	22.66666667	50.68333333	NULL			137	מונוגרפיה, אוסף סיפורים, ספרות חצר, מסורת משפחתית. מפי מסרנים מתוך החצר.	רשימת ספרי חסידות.xlsx - Editions (5).tsv
259	3796	https://www.nli.org.il/he/books/NNL_ALEPH002765550/NLI	צרור החיים השלם	1913	144125	136	A			"צרור החיים השלם, חיים ליברזון עם נתן נטע דונר, בילגורייא תרע""ג"	צרור החיים השלם			Bilgoraj,בילגורייא,Biłgoraj		"תרע""ג"	"תרע""ג"		עם ההסכמה מן ההוצאה הראשונה.	" ילקוט של שתים עשרה מערכות קצרות של שיחות צדיקים וסיפורים על אישים חסידיים. מערכה מרכזית בספר עוסקת בסבו של המלקט, ר' ליבר מברדיטשוב, כולל תפילות שחיבר ודרשות שאמר.  המלקט הוסיף גם שמועות מבני משפחתו וידידיו, אך בעיקר העתיק מספרי דרוש קודמים ללא אזכור מקורותיו. המו""ל הוא הרב דונר, מסרן וותיק בחוג רצ""י שהוסיף משלו גם כמה שמועות וידיעות.  "		https://tablet.otzar.org/he/book/book.php?book=200322&width=-17&scroll=0&udid=15712971613593582	"... הוגה בדיוק ונסדר בהוספות הרבה ונדפס בהוצאות הרב ... מו""ה נתן נטע הכהן שליט""א אבד""ק קאלביעל ..."				אין סרוק	heb	חיים ליברזון עם נתן נטע דונר	ליברזון, חיים בן ישעיה	"חיים ליברזון (מלקט) נתן נטע דונר (עורך ומו""ל)"	Haim Liverzon (Compiler) Nathan Netah Doner (Editor&Publisher)	צרור החיים השלם	525	NULL					TBD	heb	Tzror Hachaim HaShalem	"22 ס""מ"	383260		TBD	TBD	525	Point(22.733333333 50.55)	22.73333333	50.55	NULL	84		138	ילקוט מערכות, בעיקר מועתק מספרים קודמים ללא אזכור המקורות. מעט מסרנים, מעט מסורות משפחתיות.	רשימת ספרי חסידות.xlsx - Editions (5).tsv
260		https://www.nli.org.il/he/books/NNL_ALEPH001188052	סיפורי יעקב – חלק שני	1913	זה אותו מספר כמו 'ספורי יעקב' א': 153582	133	B	133B (קיציס מציין הוצאה משנת 1913. אנחנו כללנו את זה בסיפורי יעקב א'. החלק השני יצא בשנה הזאת.)	לבדוק	"סיפורי יעקב – חלק שני, יעקב סופר, לבוב תרע""ג"		dedupmrg287338329_IE49238472 (1) הורד לפני כן		לבוב,Lviv		"תרע""ג"	"תרע""ג"			" ר' חלק ראשון, תרס""ד (71)."		https://tablet.otzar.org/he/book/book.php?book=156069&width=-17&scroll=0&udid=15712971613593582		סיפורי יעקב ב	990011880520205171				יעקב סופר		יעקב סופר	Yaacov Sofer	סיפורי יעקב – חלק שני	166							heb	Sipurei Yaacov Part 2	"22 ס""מ"					166							139		רשימת ספרי חסידות.xlsx - Editions (5).tsv
261	3797	https://www.nli.org.il/he/books/NNL_ALEPH001127721/NLI	אהל יצחק	1914	130142	137	A			"אהל יצחק, משה מנחם וולדן, פיוטרקוב תרע""ד"	אהל יצחק			פיוטרקוב,Piotrkow,Piotrków		"תרע""ד"	"תרע""ד"		רובו של הספר איגרות אל המאסף מאת ר' צבי יחזקאל מיכלזאהן, ר' יוסף לעוונשטיין ואחרים.	"ילקוט מקיף אודות ר' יצחק מוורקי. הודפס בדפוס בנימין ליבסקינד. הספר כולל ליקוטים מספרות חסידית קודמת ומפי מסרנים מבני חוג רצ""י מיכלזאהן, וביניהם אחש""ב מיכלזאהן, ר' יהונתן הלוי אייבשיץ, ר' יוסף לווינשטיין ואחרים. כמו בספריו הקודמים של המחבר (נפלאות הרבי, 114; אהל הרבי, 134), גם ספר זה נכתב בחסותו ובפיקוחו של רצ""י, עד שייתכן שהסופר אינו אלא סופרו של רצ""י.  "	http://hebrewbooks.org/20920		"כולל ספורים ... והנהגת ... וחדושי תורה ... מאת ... הר' (ישראל) יצחק [קאליש] זצלה""ה אדמו""ר הזקן מווארקי ... העתקתי וסדרתי מהרבה ספרים ... ואשר כתבו אלי גאוני ... דורנו ... משה מנחם בהרב ... אהרן וואלדען ..."		990011277210205171	כללתי את כל הסעיפים שמובאים בספר, כי מובלע בהם הרבה סיפורים בתוך דברי תורה.	HebrewBooks	heb	משה מנחם וולדן	וואלדן, משה מנחם מנדל בן אהרן	משה מנחם ולדען	Moshe Menachem Walden	אהל יצחק	250	NULL					TBD	heb	Ohel Yitzchak	"22 ס""מ"	381025		TBD	TBD	250	Point(19.683333333 51.4)	19.68333333	51.4	NULL	135	296	140	ילקוט דברי תורה, שמועות וסיפורים, מפי סופרים ומסרנים.	רשימת ספרי חסידות.xlsx - Editions (5).tsv
262	3798	https://www.nli.org.il/he/books/NNL_ALEPH001898821	דור ודור ודורשיו	1899	143398						דור ודור ודורשיו	dedupmrg287160072_IE101483126		Warsaw,ורשה		"תר""ס"			"ביקורת על החיבור: ישעיהו זלוטניק, כיצד כותבים אצלנו היסטוריה וכרונולוגיה, הצופה לחכמת ישראל, יב, תרפ""ח, עמ' 319-321."				"... קובץ סדר זמן ושנות פטירת חכמי ומנהיגי ישראל מכל דור... מאת הרב... יוסף לעווינשטיין, הגאבד""ק סעראצק..."		990018988210205171			heb		לווינשטיין, יוסף בן אברהם אבוש	יוסף לוינשטיין	Yoseph Levinshtein		953	NULL					TBD	heb	Dor Ve-Dor Ve-Dorshav		252105		TBD	TBD	953	Point(21.033333333 52.216666666)	21.03333333	52.21666667	NULL					רשימת ספרי חסידות.xlsx - Editions (5).tsv
263	3587|3694|3696|3709|3710|3722|3730|3755|3770|3799		דור ודור ודורשיו	1914	143399						דור ודור ודורשיו			Warsaw,ורשה		"תרע""ד"			שמו של המדפיס באותיות קיריליות.		http://hebrewbooks.org/29050		...				יש כבר סריקה מוקדמת	heb		לווינשטיין, יוסף בן אברהם אבוש	יוסף לוינשטיין	Yoseph Levinshtein		953	NULL			יענטע אלמנת מרדכי קנאסטער		TBD	heb	Dor Ve-Dor Ve-Dorshav	"23 ס""מ"	252105		TBD	יענטע אלמנת מרדכי קנאסטער	953	Point(21.033333333 52.216666666)	21.03333333	52.21666667	NULL			141		רשימת ספרי חסידות.xlsx - Editions (5).tsv
264			דור ודור ודורשיו	1914	143400						דור ודור ודורשיו			Warsaw					TBD				...				יש כבר סריקה מוקדמת	heb		לווינשטיין, יוסף בן אברהם אבוש				953	NULL	(Sikora i Mylner)		י. קנאסטער		TBD	heb			252105		(Sikora i Mylner)	י. קנאסטער	953	Point(21.033333333 52.216666666)	21.03333333	52.21666667	NULL					רשימת ספרי חסידות.xlsx - Editions (5).tsv
265	3801	https://www.nli.org.il/he/books/NNL_ALEPH001198923/NLI	שיחות חיים	1914	114358	138	A			"שיחות חיים, שלמה זלמן ברייטשטיין, פיוטרקוב תרע""ד"	שיחות חיים			פיוטרקוב,Piotrkow,Piotrków		"תרע""ד"	"תרע""ד"		"כפי הנראה המו""ל, ר' יהודה ליב אשלאק (אשלג), הוא עורך הספר. ראה על הספר: יונתן מאיר, גילויים חדשים על ר' יהודה ליב אשלג, קבלה, כ, תשס""ט, עמ' 351 הערה 26."	" אוסף סיפורים ודברי תורה מאת הרבי חיים מאיר יחיאל ממוגלניצה. הודפס בדפוס בנימין ליבסקינד. נכתב על ידי ר' יוסל, משמשו של הרבי, ונשמר במשפחתו של המחבר. הספר מלא בחומר מקורי רב ובעדויות ייחודיות שנשמרו במשפחת הכותב. נושאים טעונים מפורטים בספר, כגון מחלוקתם של החוזה והיהודי הקדוש ועימותים פנים חסידיים נוספים. אולי בשל כך נותרו הדברים בכתב יד שנים רבות. בספר גם מסורות אודות הרבי מרוז'ין ואישים אחרים. נוכחותה של היידיש בולטת במסורות ובסיפורים.  ברייטשטיין הוא נינו של ר' יוסל, והוא מסר את כתב היד ואת הזכויות עליו לרב אשליאק (מי שנודע לימים כר' יהודה לייב אשלג, בעל פירוש הסולם על הזוהר) להוציאו לאור. הס' מזכיר מעט במבנהו ובתכניו את תולדות הנפלאות, תרנ""ט (44), ובו מסורות אחרות שנשמרו בידי חסיד נוסף של הרבי ממוגלניצא.  "		https://tablet.otzar.org/he/book/book.php?book=6438&width=-17&scroll=0&udid=15712971613593582	"... מפה ... ר' חיים מאיר יחיאל [שפירא] ממאגלינצע זצלל""ה ... בן ... [ר' אבי עזרי זעליג שפירא] אב""ד דק""ק גרעניץ ... חתן [ר' ישראל האפשטיין] המגיד ... מקאזניץ ... נחלק לשני חלקים. בחלק הראשון נאספו אמרות ... אשר סיפר ... ומעשיות פליאות אשר ראה ואשר היה לו ... בחלק השני נאספו אמרות ... בחידושין דאורייתא (רשמתי ... שלמה זלמן בן ... מו""ה יוסף עזרא ז""ל ברייטשטיין). בהוצאות הרב ר' יהודה ליב אשלאק מ""ץ בווארשא ..."		990011989230205171		ביקשנו מזכויות יוצרים בספריה	heb	שלמה זלמן ברייטשטיין	ברייטשטיין, שלמה זלמן בן יוסף עזרא	"שלמה זלמן ברייטשטיין עם יהודה ליב אשליעק (אשלג) (מו""ל)"	Shlomo Zalman Breiteshtien with Yehuda Lev Ashliyak (Ashlag) (Publisher)	שיחות חיים	250	NULL					ר' יחזקאל הלוי [העלשטאק], אינאוולאדז.	heb	Sichot Haim				TBD	TBD	250	Point(19.683333333 51.4)	19.68333333	51.4	NULL	71		142	אוסף שמועות, דברי תורה וסיפורים, מסורת משפחתית. מסרנים מתוך המשפחה.	רשימת ספרי חסידות.xlsx - Editions (5).tsv
266			ספרן של צדיקים	1914	"יש במאגר רק את הנתונים מ1928 (תרפ""ט)"	140	A			"ספרן של צדיקים, אלעזר דוב גימן, וורשה תרע""ד"				ורשה,Warsaw		"תרע""ד (קישור לדפוס משנת תרפ""ט)"	"תרע""ד"			" אוסף מעשיות על הרבה מאישי החסידות מסודרים במערכות על פי סדר כרונולוגי. על פי השער וההקדמה, רבות מן השמועות שמע המחבר מרבו, האדמו""ר ר' ירחמיאל משה מקוז'ניץ, שנפטר כמה שנים קודם לכן. בספר מופיעים גם כמה מסרנים, בעיקר מחסידות קוז'ניץ.  יצא במהדורות נוספות בלובלין תרפ""ט, ירושלים תשי""ט ומהדורות נוספות. "		https://tablet.otzar.org/he/book/book.php?book=106198&width=-17&scroll=0&udid=15712971613593582					לא מצאתי סריקה- לבקש מהספרייה		אלעזר דוב גימן		אליעזר דוב גימן	Eliezer Dov Giman	ספרן של צדיקים	953							heb	Sifran shel Tzadikim	8					953					96		143	מערכות ומונגרפיות קצרות, אוסף סיפורים, מסורת חצר. ללא מקורות. מעט מסרנים.	רשימת ספרי חסידות.xlsx - Editions (5).tsv
267	3802		מעשיות נוראים	1914	325423	141	A	לבדוק מקום הוצאה והדפסה!	לבדוק	"מעשיות נוראים, משה אהרן ברגמן, פיוטרקוב תרע""ד"	מעשיות נוראים			פיוטרקוב,Piotrków,Warsaw		"תרע""ד"	"תרע""ד"		בשער גם, בהבלטה: פיעטרקוב.	" ספרון ביידיש אודות הצדיק ר' יעקב אריה מרדזימין, כפי ששמע המחבר ""ממקורבים וממשמשים"". יצא בהוצאת בית המסחר של אברהם יוסף קליימן מוורשה.  "	http://hebrewbooks.org/52022		פון הייליגען צדיק ... יעקב ארי' פון ראדזמין ... הנקרא בפי כל ר' יעקילע ראדזמינער ... געשריבען דורך ר' משה אהרן בערגמאן פון ראדזמין ...					yid	משה אהרן ברגמן		משה אהרן ברגמן	Moshe Ahron Bergman	מעשיות נוראים	953	NULL			אברהם יוסף קליימאן		TBD	yid	Maasiot Norayim	"23 ס""מ"			TBD	אברהם יוסף קליימאן	953	Point(21.033333333 52.216666666)	21.03333333	52.21666667	NULL			144	ספרון אגורה ביידיש, ספרות חצר. ללא מקורות. ללא מסרנים ספציפיים.	רשימת ספרי חסידות.xlsx - Editions (5).tsv
