story_id	edition	women_tier	tags
Shivhei-Habesht_0001	Shivhei-Habesht	mention_only	characters-and-roles:demons|characters-and-roles:elijah_the_prophet|characters-and-roles:the_family_of_the_tsaddik|ethics-and-emotions:anger|ethics-and-emotions:fear|ethics-and-emotions:joy|ethics-and-emotions:lying|ethics-and-emotions:punishment|experience:dream|experience:revelation|folkloristics:story_type_birth_of_the_tsaddik|folkloristics:story_type_prognostication|folkloristics:story_type_protection|folkloristics:story_type_virtues|knowledge:esoteric|knowledge:practical_kabbalah|practice:music|practice:protection|practice:solitude|practice:study|social:conflict|social:marital_relationship|social:marriage|social:relations_with_non_jews|social:relations_with_the_authorities|social:retrospective_recognition|spaces:beth_midrash|supernatural:communicating_with_the_invisible|supernatural:magic|supernatural:miracle|supernatural:perception|supernatural:pregnancy|supernatural:prognostication|times:birth|times:death|times:inauguration
Shivhei-Habesht_0002	Shivhei-Habesht	minor	characters-and-roles:angels|characters-and-roles:hidden_righteous|characters-and-roles:the_family_of_the_tsaddik|ethics-and-emotions:lying|ethics-and-emotions:punishment|ethics-and-emotions:shame|experience:dream|experience:revelation|folkloristics:story_type_inauguration|folkloristics:story_type_rapprochement|kabbalah:kabbalistic_terms_kavvanot|knowledge:esoteric|knowledge:practical_kabbalah|knowledge:secret_texts|practice:asceticism|practice:drinking_alcohol|practice:fasting|practice:meditation|practice:music|practice:pidyon_nefesh|practice:pilgrimage_to_the_graves_of_tsaddikim|practice:protection|practice:recitation_of_psalms|practice:releasing_agunot|practice:solitude|practice:study|social:conflict|social:inter_hasidic_master_disciple_relationship|social:marital_relationship|social:marriage|social:poverty|social:relations_with_non_jews|social:relations_with_sinners|social:relations_with_the_authorities|social:retrospective_recognition|spaces:beth_midrash|supernatural:magic|supernatural:miracle|supernatural:perception|supernatural:prognostication|times:death|times:inauguration
Shivhei-Habesht_0003	Shivhei-Habesht	minor	characters-and-roles:hidden_righteous|characters-and-roles:the_family_of_the_tsaddik|ethics-and-emotions:punishment|ethics-and-emotions:repentance|practice:healing_of_the_soul|practice:solitude|social:relations_with_sinners|spaces:the_land_of_israel|supernatural:contraction_of_the_road|supernatural:magic|supernatural:perception|supernatural:reincarnation
Shivhei-Habesht_0004	Shivhei-Habesht	minor	characters-and-roles:hidden_righteous|characters-and-roles:preacher|characters-and-roles:the_family_of_the_tsaddik|ethics-and-emotions:anger|ethics-and-emotions:awe|ethics-and-emotions:fear|ethics-and-emotions:prohibitions|experience:devekut|experience:revelation|experience:visions|folkloristics:story_type_advent|folkloristics:story_type_inauguration|folkloristics:story_type_rapprochement|folkloristics:story_type_revelation|folkloristics:story_type_virtues|knowledge:esoteric|knowledge:practical_kabbalah|knowledge:secret_texts|practice:clothing|practice:devekut|practice:prayer|practice:sermon|practice:solitude|practice:study|practice:tefillin|practice:tvilah|ritual|ritual:debate|social:conflict|social:disobedience|social:inter_hasidic|social:inter_hasidic_master_disciple_relationship|social:marital_relationship|social:retrospective_recognition|spaces:mikveh|supernatural:light_or_fire_as_a_sign_of_righteousness|supernatural:miracle|supernatural:perception|supernatural:prognostication|times:holidays|times:inauguration|times:shabbat
Shivhei-Habesht_0005A	Shivhei-Habesht	none	characters-and-roles:ritual_slaughterer|characters-and-roles:scribe|ethics-and-emotions:fear|experience:journey_to_heaven|experience:visions|knowledge:esoteric|practice:healing|practice:storytelling|practice:use_of_holy_names|ritual:third_meal|spaces:heaven|supernatural:magic
Shivhei-Habesht_0005B	Shivhei-Habesht	minor	characters-and-roles:demons|characters-and-roles:melamed|characters-and-roles:scribe|characters-and-roles:tavern_keeper|characters-and-roles:the_family_of_the_tsaddik|ethics-and-emotions:fear|ethics-and-emotions:prohibitions|ethics-and-emotions:punishment|experience:revelation|folkloristics:story_type_advent|folkloristics:story_type_revelation|folkloristics:story_type_virtues|knowledge:esoteric|knowledge:practical_kabbalah|practice:asceticism|practice:fasting|practice:healing|practice:magic:make_it_rain|practice:prayer|practice:protection|practice:ritual_bathing, practice:prayer|practice:solitude|practice:tvilah|practice:use_of_holy_names|social:conflict|social:marital_relationship|social:marriage|social:poverty|social:relations_with_non_jews|social:retrospective_recognition|spaces:mikveh|supernatural:communicating_with_the_invisible|supernatural:magic|supernatural:miracle|supernatural:perception|supernatural:prognostication|times:shabbat
Shivhei-Habesht_0006	Shivhei-Habesht	minor	characters-and-roles:demons|characters-and-roles:magician|characters-and-roles:scribe|practice:writing_amulets|supernatural:communicating_with_the_invisible|supernatural:magic
Shivhei-Habesht_0007	Shivhei-Habesht	mention_only	characters-and-roles:angel_of_death|ethics-and-emotions:repentance|folkloristics:story_type_prognostication|social:marriage|social:retrospective_recognition|supernatural:communicating_with_the_invisible|supernatural:perception|supernatural:prognostication
Shivhei-Habesht_0008A	Shivhei-Habesht	none	ethics-and-emotions:prohibitions|practice:prayer|practice:study|supernatural:perception
Shivhei-Habesht_0008B	Shivhei-Habesht	none	characters-and-roles:preacher|characters-and-roles:ritual_slaughterer|practice:healing|practice:ritual_slaughtering|social:competition|social:conflict|supernatural:perception|supernatural:prognostication
Shivhei-Habesht_0008	Shivhei-Habesht	mention_only	ethics-and-emotions:fear|experience:visions|folkloristics:story_type_prognostication|supernatural:perception|supernatural:prognostication
Shivhei-Habesht_0009	Shivhei-Habesht	none	kabbalah|practice:prayer|spaces:beth_midrash|supernatural:perception
Shivhei-Habesht_0010	Shivhei-Habesht	major	characters-and-roles:elijah_the_prophet|characters-and-roles:tavern_keeper|characters-and-roles:the_family_of_the_tsaddik|ethics-and-emotions:punishment|experience:dream|experience:gilui_eliyahu|experience:revelation|practice:prayer|practice:ritual_slaughtering|social:marital_relationship|social:poverty|social:relations_with_non_jews|supernatural:magic
Shivhei-Habesht_0011	Shivhei-Habesht	none	folkloristics:story_type_prognostication|social:retrospective_recognition|supernatural:prognostication
Shivhei-Habesht_0012	Shivhei-Habesht	minor	characters-and-roles:hidden_righteous|characters-and-roles:the_family_of_the_tsaddik|experience:devekut|experience:revelation|folkloristics:story_type_advent|folkloristics:story_type_rapprochement|folkloristics:story_type_revelation|practice:devekut|practice:recitation_of_psalms|practice:solitude|social:inter_hasidic_master_disciple_relationship|social:marital_relationship|social:retrospective_recognition|supernatural:light_or_fire_as_a_sign_of_righteousness
Shivhei-Habesht_0013	Shivhei-Habesht	none	ethics-and-emotions:fear|ethics-and-emotions:sadness|experience:dream|folkloristics:story_type_rapprochement|practice:sermon|social:inter_hasidic_master_disciple_relationship|social:relations_with_non_hasidim|social:retrospective_recognition|supernatural:perception
Shivhei-Habesht_0014	Shivhei-Habesht	major	experience:revelation|folkloristics:story_type_prognostication|folkloristics:story_type_rapprochement|kabbalah|knowledge:esoteric|knowledge:practical_kabbalah|practice:magic,besht_as_kabbalist|social:marital_relationship|social:relations_with_non_hasidim|social:relations_with_non_jews|social:retrospective_recognition|supernatural:light_or_fire_as_a_sign_of_righteousness|supernatural:perception|supernatural:prognostication|times:shabbat
Shivhei-Habesht_0015	Shivhei-Habesht	none	characters-and-roles:preacher|characters-and-roles:ritual_slaughterer|ethics-and-emotions:awe|ethics-and-emotions:fear|ethics-and-emotions:shame|experience:devekut|experience:enthusiasm|experience:revelation|experience:trembling|experience:visions|folkloristics:story_type_protection|practice:coping_with_alien_thoughts|practice:prayer|practice:prayer,experience:shaking_during_prayer|social:conflict|social:retrospective_recognition|spaces:beth_midrash|supernatural:communicating_with_the_invisible|supernatural:light_or_fire_as_a_sign_of_righteousness|supernatural:miracle|supernatural:perception|times:holidays
Shivhei-Habesht_0016	Shivhei-Habesht	catalyst	characters-and-roles:angels|experience:dream|experience:trembling|experience:visions|practice:prayer|social:marriage|supernatural:communicating_with_the_invisible|supernatural:perception|supernatural:prognostication|times:death
Shivhei-Habesht_0017	Shivhei-Habesht	mention_only	characters-and-roles:angels|characters-and-roles:messiah|characters-and-roles:sabbatai_zevi|ethics-and-emotions:anger|ethics-and-emotions:awe|ethics-and-emotions:lying|ethics-and-emotions:sadness|experience:journey_to_heaven|folkloristics:story_type_protection|practice:prayer|practice:protection|practice:sermon|practice:storytelling|social:converts_and_conversion|social:inter_hasidic_master_disciple_relationship|spaces:beth_midrash|supernatural:communicating_with_the_invisible|supernatural:perception|times:eschatology|times:historical_event|times:holidays
Shivhei-Habesht_0018	Shivhei-Habesht	none	ethics-and-emotions:anger|ethics-and-emotions:punishment|folkloristics:story_type_prognostication|social:relations_with_non_jews|supernatural:prognostication|times:historical_event
Shivhei-Habesht_0019	Shivhei-Habesht	none	folkloristics:story_type_prognostication|supernatural:prognostication|times:historical_event
Shivhei-Habesht_0020	Shivhei-Habesht	none	characters-and-roles:the_family_of_the_tsaddik|ethics-and-emotions:fear|experience:enthusiasm|experience:revelation|experience:trembling|experience:visions|kabbalah:kabbalistic_terms_kavvanot|kabbalah:kabbalistic_terms_yihudim|knowledge:esoteric|knowledge:practical_kabbalah|practice:healing_of_the_soul|practice:meditation|practice:prayer|social:retrospective_recognition|spaces:the_land_of_israel|supernatural:communicating_with_the_invisible|supernatural:miracle|supernatural:perception|times:death|times:shabbat
Shivhei-Habesht_0021	Shivhei-Habesht	none	characters-and-roles:preacher|ethics-and-emotions:anger|ethics-and-emotions:prohibitions|ethics-and-emotions:repentance|ethics-and-emotions:sadness|folkloristics:story_type_prognostication|folkloristics:story_type_rapprochement|practice:sermon|practice:smoking|practice:travel_to_the_tsaddik|social:conflict|social:inter_hasidic|social:inter_hasidic_master_disciple_relationship|social:relations_with_non_hasidim|social:retrospective_recognition|spaces:the_land_of_israel|supernatural:communicating_with_the_invisible|supernatural:perception|supernatural:prognostication|times:shabbat
Shivhei-Habesht_0022	Shivhei-Habesht	minor	characters-and-roles:preacher|ethics-and-emotions:joy|ethics-and-emotions:prohibitions|ethics-and-emotions:sadness|experience:devekut|folkloristics:story_type_virtues|practice:asceticism|practice:devekut|practice:fasting|social:inter_hasidic_master_disciple_relationship|supernatural:perception
Shivhei-Habesht_0023	Shivhei-Habesht	none	ethics-and-emotions:anger|ethics-and-emotions:punishment|practice:prayer|practice:protection|social:inter_hasidic_master_disciple_relationship|social:relations_with_non_hasidim|spaces:the_land_of_israel|supernatural:perception|supernatural:prognostication|times:historical_event
Shivhei-Habesht_0024	Shivhei-Habesht	none	ethics-and-emotions:anger|folkloristics:story_type_protection|practice:prayer|practice:protection|practice:recitation_of_psalms|practice:tefillin|social:relations_with_non_jews|supernatural:miracle|supernatural:perception|supernatural:prognostication|times:historical_event
Shivhei-Habesht_0025	Shivhei-Habesht	none	ethics-and-emotions:charity|practice:prayer|practice:study|social:poverty|supernatural:prognostication
Shivhei-Habesht_0026	Shivhei-Habesht	none	characters-and-roles:elijah_the_prophet|ethics-and-emotions:prohibitions|experience:revelation|folkloristics:story_type_revelation|practice:protection|practice:tvilah|supernatural:miracle
Shivhei-Habesht_0027	Shivhei-Habesht	mention_only	ethics-and-emotions:anger|ethics-and-emotions:prohibitions|ethics-and-emotions:repentance|kabbalah:kabbalistic_terms_yihudim|practice:asceticism|practice:halakhah|practice:meditation|practice:sexual_abstinence|social:conflict|social:marital_relationship|spaces:the_land_of_israel|supernatural:perception|times:birth
Shivhei-Habesht_0028	Shivhei-Habesht	none	practice:fasting|practice:prayer|practice:sermon|spaces:beth_midrash|spaces:the_land_of_israel|supernatural:miracle|supernatural:prognostication
Shivhei-Habesht_0029	Shivhei-Habesht	none	ethics-and-emotions:fear|ethics-and-emotions:lying|ethics-and-emotions:punishment|practice:protection|social:conflict|social:excommunication|social:inter_hasidic_master_disciple_relationship|spaces:the_land_of_israel|supernatural:perception|supernatural:prognostication
Shivhei-Habesht_0030	Shivhei-Habesht	major	characters-and-roles:the_family_of_the_tsaddik|ethics-and-emotions:punishment|social:marital_relationship|spaces:the_land_of_israel|supernatural:miracle
Shivhei-Habesht_0031	Shivhei-Habesht	catalyst	ethics-and-emotions:anger|practice:healing|practice:prayer|practice:recitation_of_psalms|supernatural:miracle|supernatural:pregnancy|times:birth|times:shabbat
Shivhei-Habesht_0032	Shivhei-Habesht	minor	ethics-and-emotions:fear|ethics-and-emotions:prohibitions|experience:enthusiasm|folkloristics:story_type_protection|kabbalah|knowledge:esoteric|practice:prayer|practice:protection|practice:tvilah|social:relations_with_non_jews|social:relations_with_the_authorities|spaces:mikveh|supernatural:perception|supernatural:prognostication|times:death|times:shabbat
Shivhei-Habesht_0033	Shivhei-Habesht	major	characters-and-roles:the_family_of_the_tsaddik|practice:dance|practice:drinking_alcohol|social:marital_relationship|supernatural:light_or_fire_as_a_sign_of_righteousness
Shivhei-Habesht_0034	Shivhei-Habesht	none	characters-and-roles:angels|characters-and-roles:preacher|ethics-and-emotions:anger|ethics-and-emotions:awe|ethics-and-emotions:fear|ethics-and-emotions:sadness|experience:revelation|experience:trembling|experience:visions|folkloristics:story_type_advent|folkloristics:story_type_rapprochement|folkloristics:story_type_revelation|kabbalah|knowledge:esoteric|knowledge:practical_kabbalah|practice:asceticism|practice:fasting|practice:healing|practice:recitation_of_psalms|practice:study|practice:tvilah|social:inter_hasidic|social:inter_hasidic_master_disciple_relationship|social:relations_with_non_hasidim|social:retrospective_recognition|spaces:mikveh|supernatural:communicating_with_the_invisible|supernatural:miracle|supernatural:perception
Shivhei-Habesht_0035	Shivhei-Habesht	mention_only	characters-and-roles:sabbatai_zevi|ethics-and-emotions:anger|ethics-and-emotions:punishment|experience:dream|experience:revelation|experience:visions|folkloristics:story_type_prognostication|knowledge:esoteric|practice:healing_of_the_soul|social:conflict|social:relations_with_sinners|social:retrospective_recognition|spaces:hell|spaces:the_land_of_israel|supernatural:communicating_with_the_invisible|supernatural:perception|supernatural:prognostication|times:death|times:holidays|times:shabbat
Shivhei-Habesht_0036	Shivhei-Habesht	minor	ethics-and-emotions:prohibitions|ethics-and-emotions:punishment|social:conflict|social:disobedience|supernatural:perception|supernatural:prognostication
Shivhei-Habesht_0037	Shivhei-Habesht	none	ethics-and-emotions:prohibitions|ethics-and-emotions:punishment
Shivhei-Habesht_0038	Shivhei-Habesht	none	kabbalah|knowledge:esoteric|supernatural:perception|times:historical_event
Shivhei-Habesht_0039	Shivhei-Habesht	none	characters-and-roles:ritual_slaughterer|practice:ritual_slaughtering|supernatural:perception
Shivhei-Habesht_0040	Shivhei-Habesht	none	characters-and-roles:the_family_of_the_tsaddik|ethics-and-emotions:fear|ethics-and-emotions:sadness|experience:dream|experience:revelation|folkloristics:story_type_death_of_the_tsaddik|practice:prayer|practice:storytelling|practice:tvilah|social:conflict|social:inter_hasidic_inheritance_of_leadership|spaces:beth_midrash|spaces:mikveh|supernatural:communicating_with_the_invisible|supernatural:perception|times:death
Shivhei-Habesht_0041	Shivhei-Habesht	none	ethics-and-emotions:awe|ethics-and-emotions:fear|practice:circumcision|practice:prayer|social:inter_hasidic_master_disciple_relationship
Shivhei-Habesht_0042	Shivhei-Habesht	none	ethics-and-emotions:awe|ethics-and-emotions:fear|practice:circumcision
Shivhei-Habesht_0043	Shivhei-Habesht	major	characters-and-roles:the_family_of_the_tsaddik|ethics-and-emotions:sadness|ethics-and-emotions:shame|experience:dream|experience:revelation|experience:visions|practice:lifesaving|practice:music|practice:sexual_abstinence|practice:study|social:disobedience|social:marital_relationship|social:marriage|social:retrospective_recognition|spaces:beth_midrash|spaces:heaven|supernatural:communicating_with_the_invisible|supernatural:perception|supernatural:prognostication|times:death
Shivhei-Habesht_0044	Shivhei-Habesht	mention_only	ethics-and-emotions:adultery|ethics-and-emotions:prohibitions|ethics-and-emotions:punishment|ethics-and-emotions:repentance|social:divorce|social:inter_hasidic_master_disciple_relationship|social:relations_with_non_jews|social:relations_with_the_authorities|supernatural:perception|supernatural:prognostication
Shivhei-Habesht_0045	Shivhei-Habesht	none	ethics-and-emotions:fear|folkloristics:story_type_prognostication|practice:reception_of_hasidim|social:relations_with_non_jews|social:relations_with_the_authorities|social:retrospective_recognition|spaces:institutions_hassidic_court|supernatural:perception|supernatural:prognostication
Shivhei-Habesht_0046	Shivhei-Habesht	none	experience:journey_to_heaven|spaces:heaven|supernatural:communicating_with_the_invisible
Shivhei-Habesht_0047	Shivhei-Habesht	none	ethics-and-emotions:humility|kabbalah|knowledge:esoteric|practice:storytelling|social:inter_hasidic_master_disciple_relationship
Shivhei-Habesht_0048	Shivhei-Habesht	none	ethics-and-emotions:anger|folkloristics:story_type_protection|folkloristics:story_type_rapprochement|practice:healing|practice:lifesaving|practice:smoking|social:relations_with_non_hasidim|social:retrospective_recognition|supernatural:perception|supernatural:prognostication|times:shabbat
Shivhei-Habesht_0049	Shivhei-Habesht	mention_only	practice:sermon|supernatural:reincarnation
Shivhei-Habesht_0050A	Shivhei-Habesht	minor	characters-and-roles:demons|ethics-and-emotions:fear|ethics-and-emotions:lust|ethics-and-emotions:prohibitions|experience:visions|folkloristics:story_type_protection|practice:music|practice:protection|practice:study|supernatural:communicating_with_the_invisible|supernatural:magic|supernatural:perception
Shivhei-Habesht_0050B	Shivhei-Habesht	catalyst	kabbalah:kabbalistic_terms_kavvanot|practice:healing|practice:meditation|practice:pidyon_nefesh|practice:tvilah|social:conflict|spaces:mikveh
Shivhei-Habesht_0051	Shivhei-Habesht	none	social:relations_with_non_jews|supernatural:magic|supernatural:perception
Shivhei-Habesht_0052	Shivhei-Habesht	mention_only	characters-and-roles:hidden_righteous|ethics-and-emotions:virtues|practice:prayer|practice:recitation_of_psalms|supernatural:perception
Shivhei-Habesht_0053	Shivhei-Habesht	none	ethics-and-emotions:fear|ethics-and-emotions:humility|ethics-and-emotions:pride|ethics-and-emotions:prohibitions|experience:revelation|social:inter_hasidic_master_disciple_relationship|supernatural:communicating_with_the_invisible|supernatural:prognostication
Shivhei-Habesht_0054	Shivhei-Habesht	none	characters-and-roles:angels|ethics-and-emotions:awe|ethics-and-emotions:prohibitions|ethics-and-emotions:shame|experience:dream|spaces:heaven|spaces:hell|supernatural:perception
Shivhei-Habesht_0055	Shivhei-Habesht	none	characters-and-roles:angel_of_death|characters-and-roles:angels|ethics-and-emotions:prohibitions|ethics-and-emotions:punishment|experience:dream|experience:journey_to_heaven|folkloristics:story_type_prognostication|practice:pidyon_shvuyim|social:relations_with_non_jews|spaces:heaven|supernatural:communicating_with_the_invisible|supernatural:perception
Shivhei-Habesht_0056	Shivhei-Habesht	none	characters-and-roles:angel_of_death|practice:healing|practice:lifesaving|practice:prayer|social:inter_hasidic_master_disciple_relationship|spaces:beth_midrash|supernatural:communicating_with_the_invisible|supernatural:perception|times:holidays
Shivhei-Habesht_0057	Shivhei-Habesht	none	ethics-and-emotions:charity|experience:visions|kabbalah|knowledge:esoteric|practice:study|social:inter_hasidic_master_disciple_relationship|social:retrospective_recognition|spaces:heaven|supernatural:communicating_with_the_invisible|supernatural:perception|times:death
Shivhei-Habesht_0058	Shivhei-Habesht	none	characters-and-roles:preacher|ethics-and-emotions:shame|practice:tefillin|social:competition|social:conflict|supernatural:perception|times:shabbat
Shivhei-Habesht_0059	Shivhei-Habesht	none	practice:tefillin|supernatural:perception
Shivhei-Habesht_0060	Shivhei-Habesht	major	ethics-and-emotions:adultery|ethics-and-emotions:charity|ethics-and-emotions:humility|ethics-and-emotions:shame|ethics-and-emotions:virtues|experience:revelation|folkloristics:story_type_revelation|folkloristics:story_type_virtues|practice:healing|social:poverty|social:retrospective_recognition|supernatural:light_or_fire_as_a_sign_of_righteousness|supernatural:miracle|supernatural:perception|supernatural:prognostication|times:shabbat
Shivhei-Habesht_0061	Shivhei-Habesht	mention_only	practice:healing|practice:pidyon_shvuyim|social:inter_hasidic_master_disciple_relationship|supernatural:pregnancy|times:birth
Shivhei-Habesht_0062	Shivhei-Habesht	minor	characters-and-roles:demons|characters-and-roles:magician|characters-and-roles:tavern_keeper|characters-and-roles:the_family_of_the_tsaddik|characters-and-roles:witch|folkloristics:story_type_protection|practice:prayer|practice:protection|social:competition|social:conflict|social:relations_with_non_jews|supernatural:communicating_with_the_invisible|supernatural:magic|supernatural:perception
Shivhei-Habesht_0063	Shivhei-Habesht	mention_only	practice:drinking_alcohol|practice:joke|practice:prayer|supernatural:perception|supernatural:prognostication
Shivhei-Habesht_0064	Shivhei-Habesht	none	characters-and-roles:the_family_of_the_tsaddik|ethics-and-emotions:anger|ethics-and-emotions:fear|ethics-and-emotions:sadness|experience:revelation|experience:visions|knowledge:esoteric|practice:study|social:inter_hasidic_master_disciple_relationship|supernatural:communicating_with_the_invisible|supernatural:perception|times:shabbat
Shivhei-Habesht_0065	Shivhei-Habesht	none	kabbalah|knowledge:esoteric|practice:asceticism|practice:fasting|practice:smoking|practice:tvilah|social:inter_hasidic_master_disciple_relationship|spaces:mikveh|supernatural:communicating_with_the_invisible|supernatural:perception|supernatural:prognostication
Shivhei-Habesht_0066	Shivhei-Habesht	none	experience:visions|supernatural:light_or_fire_as_a_sign_of_righteousness|supernatural:perception|times:shabbat
Shivhei-Habesht_0067	Shivhei-Habesht	none	ethics-and-emotions:anger|ethics-and-emotions:fear|ethics-and-emotions:lying|knowledge:practical_kabbalah|practice:protection|practice:tvilah|social:relations_with_non_jews|social:relations_with_the_authorities|supernatural:perception
Shivhei-Habesht_0068	Shivhei-Habesht	none	experience:devekut|practice:devekut|social:inter_hasidic_master_disciple_relationship
Shivhei-Habesht_0069	Shivhei-Habesht	minor	ethics-and-emotions:fear|ethics-and-emotions:sadness|folkloristics:story_type_prognostication|folkloristics:story_type_protection|practice:healing|practice:lifesaving|practice:prayer|practice:tvilah|social:retrospective_recognition|spaces:mikveh|supernatural:communicating_with_the_invisible|supernatural:magic|supernatural:miracle|supernatural:perception
Shivhei-Habesht_0070	Shivhei-Habesht	none	practice:prayer|social:inter_hasidic_master_disciple_relationship|supernatural:magic
Shivhei-Habesht_0071	Shivhei-Habesht	catalyst	folkloristics:story_type_prognostication|practice:writing_amulets|social:inter_hasidic_master_disciple_relationship|social:marital_relationship|supernatural:magic|supernatural:perception|supernatural:pregnancy|supernatural:prognostication|times:birth
Shivhei-Habesht_0072	Shivhei-Habesht	none	characters-and-roles:preacher|ethics-and-emotions:punishment|experience:dream|practice:healing_of_the_soul|practice:ritual_slaughtering|social:inter_hasidic_master_disciple_relationship|supernatural:communicating_with_the_invisible|supernatural:reincarnation|times:death|times:shabbat
Shivhei-Habesht_0073	Shivhei-Habesht	none	experience:enthusiasm|practice:dance|practice:prayer|practice:tvilah|social:inter_hasidic_master_disciple_relationship|spaces:beth_midrash|spaces:mikveh
Shivhei-Habesht_0074	Shivhei-Habesht	none	practice:prayer
Shivhei-Habesht_0075	Shivhei-Habesht	none	ethics-and-emotions:anger|practice:prayer|social:conflict|social:relations_with_non_hasidim|spaces:beth_midrash
Shivhei-Habesht_0076	Shivhei-Habesht	none	practice:prayer|practice:study
Shivhei-Habesht_0077	Shivhei-Habesht	minor	characters-and-roles:elijah_the_prophet|characters-and-roles:the_family_of_the_tsaddik|ethics-and-emotions:fear|experience:enthusiasm|experience:revelation|folkloristics:story_type_death_of_the_tsaddik|practice:solitude|practice:storytelling|social:inter_hasidic_master_disciple_relationship|supernatural:communicating_with_the_invisible|supernatural:light_or_fire_as_a_sign_of_righteousness|supernatural:perception|times:death
Shivhei-Habesht_0078	Shivhei-Habesht	none	folkloristics:story_type_prognostication|practice:prayer|practice:tvilah|social:inter_hasidic_master_disciple_relationship|spaces:mikveh|supernatural:perception|supernatural:prognostication|times:death
Shivhei-Habesht_0079	Shivhei-Habesht	minor	ethics-and-emotions:punishment|experience:dream|practice:prayer|practice:recitation_of_psalms|social:conflict|social:excommunication|spaces:heaven|spaces:hell|supernatural:communicating_with_the_invisible|supernatural:perception|times:shabbat
Shivhei-Habesht_0080	Shivhei-Habesht	catalyst	ethics-and-emotions:anger|practice:protection|supernatural:perception
Shivhei-Habesht_0081	Shivhei-Habesht	mention_only	ethics-and-emotions:adultery|ethics-and-emotions:prohibitions|practice:sexual_abstinence|social:inter_hasidic_master_disciple_relationship|social:marital_relationship|social:relations_with_sinners|supernatural:perception
Shivhei-Habesht_0082	Shivhei-Habesht	mention_only	folkloristics:story_type_prognostication|practice:healing|practice:tvilah|social:inter_hasidic_master_disciple_relationship|spaces:mikveh|supernatural:perception|supernatural:prognostication
Shivhei-Habesht_0083	Shivhei-Habesht	none	folkloristics:story_type_prognostication|supernatural:communicating_with_the_invisible|supernatural:perception|supernatural:prognostication
Shivhei-Habesht_0084	Shivhei-Habesht	mention_only	ethics-and-emotions:punishment|ethics-and-emotions:shame|folkloristics:story_type_parable|practice:storytelling|social:relations_with_the_authorities|supernatural:communicating_with_the_invisible|supernatural:reincarnation
Shivhei-Habesht_0085	Shivhei-Habesht	none	social:relations_with_the_authorities
Shivhei-Habesht_0086	Shivhei-Habesht	mention_only	ethics-and-emotions:anger|ethics-and-emotions:charity|folkloristics:story_type_protection|folkloristics:story_type_virtues|practice:drinking_alcohol|practice:joke|practice:pidyon_shvuyim|practice:study|social:marriage|social:relations_with_non_jews|social:relations_with_the_authorities|social:retrospective_recognition|supernatural:perception
Shivhei-Habesht_0087	Shivhei-Habesht	none	characters-and-roles:angels|experience:dream|experience:journey_to_heaven|folkloristics:story_type_revelation|knowledge:esoteric|practice:pidyon_shvuyim|practice:prayer|practice:sermon|practice:tvilah|social:conflict|social:inter_hasidic_master_disciple_relationship|social:relations_with_non_hasidim|social:retrospective_recognition|spaces:heaven|spaces:mikveh|supernatural:communicating_with_the_invisible|supernatural:perception|times:shabbat
Shivhei-Habesht_0088	Shivhei-Habesht	none	characters-and-roles:magician|folkloristics:story_type_protection|practice:prayer|practice:protection|social:competition|social:relations_with_non_jews|social:relations_with_the_authorities|supernatural:magic
Shivhei-Habesht_0089	Shivhei-Habesht	none	practice:sermon|supernatural:perception
Shivhei-Habesht_0090	Shivhei-Habesht	none	folkloristics:story_type_death_of_the_tsaddik|social:inter_hasidic_master_disciple_relationship|supernatural:perception|times:death
Shivhei-Habesht_0091	Shivhei-Habesht	none	characters-and-roles:preacher|ethics-and-emotions:anger|ethics-and-emotions:joy|folkloristics:story_type_death_of_the_tsaddik|kabbalah|practice:coping_with_alien_thoughts|practice:pilgrimage_to_the_graves_of_tsaddikim|practice:prayer|practice:study|practice:tefillin|social:conflict|social:inter_hasidic_conflict_between_tsaddikim|social:inter_hasidic_master_disciple_relationship|spaces:the_land_of_israel|supernatural:communicating_with_the_invisible|supernatural:perception|times:death|times:shabbat
Shivhei-Habesht_0092	Shivhei-Habesht	none	ethics-and-emotions:humility|practice:asceticism|practice:prayer|practice:smoking|practice:tefillin|social:inter_hasidic|social:inter_hasidic_master_disciple_relationship
Shivhei-Habesht_0093	Shivhei-Habesht	none	ethics-and-emotions:humility|social:inter_hasidic_master_disciple_relationship
Shivhei-Habesht_0094	Shivhei-Habesht	none	practice:asceticism|practice:coping_with_alien_thoughts|practice:tvilah|spaces:mikveh
Shivhei-Habesht_0095	Shivhei-Habesht	none	ethics-and-emotions:humility|ethics-and-emotions:sadness|experience:enthusiasm|practice:coping_with_alien_thoughts|practice:prayer
Shivhei-Habesht_0096A	Shivhei-Habesht	mention_only	characters-and-roles:angel_of_death|characters-and-roles:demons|characters-and-roles:preacher|ethics-and-emotions:pride|ethics-and-emotions:punishment|experience:dream|experience:revelation|experience:visions|folkloristics:story_type_protection|folkloristics:story_type_rapprochement|practice:clothing|practice:healing|practice:lifesaving|practice:prayer|practice:recitation_of_psalms|practice:sermon|practice:smoking|social:inter_hasidic_master_disciple_relationship|social:retrospective_recognition|spaces:beth_midrash|supernatural:communicating_with_the_invisible|supernatural:magic|supernatural:miracle|supernatural:perception|supernatural:prognostication|times:death|times:shabbat
Shivhei-Habesht_0096B	Shivhei-Habesht	mention_only	practice:healing|supernatural:perception
Shivhei-Habesht_0097	Shivhei-Habesht	minor	characters-and-roles:the_family_of_the_tsaddik|ethics-and-emotions:fear|ethics-and-emotions:prohibitions|ethics-and-emotions:sadness|experience:revelation|experience:visions|knowledge:esoteric|practice:failure|practice:prayer|practice:protection|practice:redemption_of_captives|practice:tvilah|social:conflict|social:inter_hasidic_master_disciple_relationship|social:relations_with_non_jews|spaces:heaven|spaces:hell|spaces:mikveh|supernatural:communicating_with_the_invisible|supernatural:light_or_fire_as_a_sign_of_righteousness|supernatural:perception|supernatural:prognostication|supernatural:reincarnation|times:death|times:historical_event|times:shabbat
Shivhei-Habesht_0098	Shivhei-Habesht	catalyst	characters-and-roles:agunah|ethics-and-emotions:adultery|ethics-and-emotions:prohibitions|ethics-and-emotions:repentance|practice:lifesaving|practice:tvilah|social:relations_with_non_jews|spaces:mikveh|supernatural:magic|supernatural:perception
Shivhei-Habesht_0099	Shivhei-Habesht	minor	ethics-and-emotions:fear|folkloristics:story_type_protection|kabbalah|practice:protection|social:retrospective_recognition|supernatural:perception
Shivhei-Habesht_0100	Shivhei-Habesht	none	characters-and-roles:ritual_slaughterer|practice:ritual_slaughtering|practice:smoking|social:inter_hasidic_master_disciple_relationship|supernatural:perception
Shivhei-Habesht_0101	Shivhei-Habesht	none	ethics-and-emotions:virtues|practice:prayer|practice:protection|social:inter_hasidic_master_disciple_relationship|social:relations_with_non_jews
Shivhei-Habesht_0102	Shivhei-Habesht	none	practice:prayer|social:inter_hasidic_master_disciple_relationship|social:relations_with_non_jews|supernatural:magic
Shivhei-Habesht_0103	Shivhei-Habesht	none	ethics-and-emotions:virtues|practice:prayer|practice:tefillin
Shivhei-Habesht_0104	Shivhei-Habesht	mention_only	ethics-and-emotions:humility|practice:prayer
Shivhei-Habesht_0105	Shivhei-Habesht	mention_only	ethics-and-emotions:sadness|times:death
Shivhei-Habesht_0106	Shivhei-Habesht	none	characters-and-roles:messiah|times:eschatology
Shivhei-Habesht_0107	Shivhei-Habesht	none	folkloristics:story_type_death_of_the_tsaddik|supernatural:reincarnation|times:death
Shivhei-Habesht_0108	Shivhei-Habesht	none	ethics-and-emotions:prohibitions|supernatural:perception
Shivhei-Habesht_0109	Shivhei-Habesht	none	ethics-and-emotions:prohibitions|supernatural:perception
Shivhei-Habesht_0110	Shivhei-Habesht	minor	ethics-and-emotions:fear|folkloristics:story_type_protection|practice:business_advice|practice:drinking_alcohol|practice:smoking|practice:travel_to_the_tsaddik|practice:tvilah|social:disobedience|social:relations_with_non_jews|social:relations_with_the_authorities|spaces:mikveh|supernatural:miracle|supernatural:perception|supernatural:prognostication
Shivhei-Habesht_0111	Shivhei-Habesht	mention_only	folkloristics:story_type_prognostication|practice:study|social:conflict|supernatural:perception|supernatural:prognostication
Shivhei-Habesht_0112	Shivhei-Habesht	none	characters-and-roles:baal_shem|ethics-and-emotions:pride|experience:dream|experience:journey_to_heaven|experience:revelation|experience:visions|folkloristics:story_type_advent|folkloristics:story_type_rapprochement|folkloristics:story_type_revelation|knowledge:esoteric|knowledge:practical_kabbalah|practice:sermon|social:conflict|social:disobedience|social:retrospective_recognition|spaces:heaven|supernatural:communicating_with_the_invisible|supernatural:miracle|supernatural:perception|supernatural:prognostication|times:death|times:eschatology|times:shabbat
Shivhei-Habesht_0113	Shivhei-Habesht	none	experience:dream|folkloristics:story_type_rapprochement|practice:study|social:relations_with_non_hasidim|social:retrospective_recognition|spaces:heaven
Shivhei-Habesht_0114	Shivhei-Habesht	mention_only	folkloristics:story_type_prognostication|supernatural:prognostication
Shivhei-Habesht_0115	Shivhei-Habesht	mention_only	folkloristics:story_type_prognostication|supernatural:perception|supernatural:prognostication
Shivhei-Habesht_0116	Shivhei-Habesht	none	folkloristics:story_type_prognostication|supernatural:communicating_with_the_invisible|supernatural:prognostication
Shivhei-Habesht_0117	Shivhei-Habesht	none	ethics-and-emotions:repentance|practice:healing
Shivhei-Habesht_0118	Shivhei-Habesht	mention_only	ethics-and-emotions:prohibitions|supernatural:perception
Shivhei-Habesht_0119	Shivhei-Habesht	none	characters-and-roles:demons|ethics-and-emotions:prohibitions|knowledge:esoteric|social:inter_hasidic_master_disciple_relationship|supernatural:communicating_with_the_invisible
Shivhei-Habesht_0120	Shivhei-Habesht	none	characters-and-roles:the_family_of_the_tsaddik|ethics-and-emotions:charity
Shivhei-Habesht_0121	Shivhei-Habesht	none	ethics-and-emotions:charity
Shivhei-Habesht_0122	Shivhei-Habesht	minor	characters-and-roles:the_family_of_the_tsaddik|ethics-and-emotions:charity|social:poverty|supernatural:perception
Shivhei-Habesht_0123	Shivhei-Habesht	mention_only	characters-and-roles:demons|characters-and-roles:the_family_of_the_tsaddik|characters-and-roles:witch|ethics-and-emotions:fear|folkloristics:story_type_rapprochement|practice:protection|social:inter_hasidic_master_disciple_relationship|social:relations_with_non_hasidim|supernatural:communicating_with_the_invisible|supernatural:magic
Shivhei-Habesht_0124	Shivhei-Habesht	none	characters-and-roles:the_family_of_the_tsaddik|ethics-and-emotions:fear|folkloristics:story_type_ joke|practice:failure
Shivhei-Habesht_0125	Shivhei-Habesht	none	characters-and-roles:demons|ethics-and-emotions:fear|ethics-and-emotions:shame|social:inter_hasidic_master_disciple_relationship|supernatural:perception
Shivhei-Habesht_0126	Shivhei-Habesht	none	characters-and-roles:preacher|ethics-and-emotions:anger|ethics-and-emotions:fear|ethics-and-emotions:prohibitions|supernatural:perception
Shivhei-Habesht_0127	Shivhei-Habesht	none	experience:dream|experience:visions|practice:protection|practice:storytelling|social:relations_with_non_jews|spaces:heaven|spaces:hell|times:shabbat
Shivhei-Habesht_0128	Shivhei-Habesht	none	folkloristics:story_type_protection|practice:protection|social:relations_with_non_jews|supernatural:perception
Shivhei-Habesht_0129	Shivhei-Habesht	none	characters-and-roles:demons|social:relations_with_non_jews|supernatural:perception
Shivhei-Habesht_0130	Shivhei-Habesht	none	experience:revelation|social:inter_hasidic_inheritance_of_leadership|social:inter_hasidic_master_disciple_relationship|supernatural:perception|times:death
Shivhei-Habesht_0131	Shivhei-Habesht	none	characters-and-roles:messiah|spaces:the_land_of_israel|times:death|times:eschatology
Shivhei-Habesht_0132	Shivhei-Habesht	none	ethics-and-emotions:adultery|ethics-and-emotions:prohibitions|supernatural:perception|supernatural:pregnancy
Shivhei-Habesht_0133	Shivhei-Habesht	minor	characters-and-roles:the_family_of_the_tsaddik|ethics-and-emotions:joy|experience:dream|practice:prayer|practice:protection|social:relations_with_non_jews|spaces:the_land_of_israel|supernatural:communicating_with_the_invisible|times:historical_event|times:holidays
Shivhei-Habesht_0134	Shivhei-Habesht	none	experience:revelation|folkloristics:story_type_protection|practice:lifesaving|practice:protection|practice:tefillin|supernatural:communicating_with_the_invisible
Shivhei-Habesht_0135	Shivhei-Habesht	none	ethics-and-emotions:anger|ethics-and-emotions:fear|ethics-and-emotions:humility|ethics-and-emotions:pride|ethics-and-emotions:prohibitions|ethics-and-emotions:punishment|ethics-and-emotions:repentance|ethics-and-emotions:sadness|ethics-and-emotions:shame|ethics-and-emotions:virtues|folkloristics:story_type_rapprochement|knowledge:esoteric|practice:sermon|practice:smoking|practice:study|social:competition|social:conflict|social:inter_hasidic_master_disciple_relationship|supernatural:miracle|supernatural:perception|times:shabbat
Shivhei-Habesht_0136	Shivhei-Habesht	none	characters-and-roles:angels|folkloristics:story_type_protection|practice:prayer|practice:protection|social:relations_with_non_jews|supernatural:perception|supernatural:prognostication|times:historical_event
Shivhei-Habesht_0137	Shivhei-Habesht	mention_only	ethics-and-emotions:prohibitions|supernatural:perception
Shivhei-Habesht_0138	Shivhei-Habesht	none	characters-and-roles:ritual_slaughterer|ethics-and-emotions:charity|ethics-and-emotions:virtues|experience:visions|practice:storytelling|social:poverty|spaces:beth_midrash|supernatural:perception|supernatural:prognostication
Shivhei-Habesht_0139	Shivhei-Habesht	none	characters-and-roles:ritual_slaughterer|practice:ritual_slaughtering|social:converts_and_conversion|supernatural:perception
Shivhei-Habesht_0140	Shivhei-Habesht	minor	characters-and-roles:ritual_slaughterer|practice:ritual_slaughtering
Shivhei-Habesht_0141	Shivhei-Habesht	none	supernatural:perception|times:death
Shivhei-Habesht_0142	Shivhei-Habesht	none	ethics-and-emotions:anger|social:relations_with_non_jews|social:relations_with_the_authorities|supernatural:magic
Shivhei-Habesht_0143	Shivhei-Habesht	none	supernatural:perception|times:death
Shivhei-Habesht_0144	Shivhei-Habesht	major	ethics-and-emotions:punishment|practice:prayer|social:relations_with_non_hasidim|supernatural:magic|times:shabbat
Shivhei-Habesht_0145	Shivhei-Habesht	mention_only	ethics-and-emotions:prohibitions|ethics-and-emotions:punishment|social:disobedience|supernatural:prognostication|times:holidays
Shivhei-Habesht_0146	Shivhei-Habesht	catalyst	practice:circumcision|supernatural:perception
Shivhei-Habesht_0147	Shivhei-Habesht	none	kabbalah:kabbalistic_terms_kavvanot|practice:meditation|practice:prayer|practice:protection|social:inter_hasidic_master_disciple_relationship|supernatural:magic|supernatural:perception|times:shabbat
Shivhei-Habesht_0148	Shivhei-Habesht	none	supernatural:perception
Shivhei-Habesht_0149	Shivhei-Habesht	none	practice:asceticism|practice:tvilah|practice:writing_amulets|spaces:mikveh|supernatural:perception
Shivhei-Habesht_0150	Shivhei-Habesht	minor	social:inter_hasidic_master_disciple_relationship|supernatural:perception
Shivhei-Habesht_0151	Shivhei-Habesht	none	ethics-and-emotions:prohibitions|supernatural:perception
Shivhei-Habesht_0152	Shivhei-Habesht	none	ethics-and-emotions:repentance|ethics-and-emotions:shame|experience:revelation|experience:visions|practice:study|social:inter_hasidic_master_disciple_relationship|spaces:heaven|supernatural:communicating_with_the_invisible|supernatural:perception|times:death
Shivhei-Habesht_0153	Shivhei-Habesht	none	characters-and-roles:angels|experience:revelation
Shivhei-Habesht_0154	Shivhei-Habesht	minor	social:relations_with_non_jews|supernatural:perception
Shivhei-Habesht_0155	Shivhei-Habesht	none	practice:prayer|spaces:the_land_of_israel|supernatural:perception|times:shabbat
Shivhei-Habesht_0156	Shivhei-Habesht	none	practice:storytelling
Shivhei-Habesht_0157	Shivhei-Habesht	catalyst	characters-and-roles:angels|characters-and-roles:demons|folkloristics:story_type_protection|practice:protection|supernatural:communicating_with_the_invisible
Shivhei-Habesht_0158	Shivhei-Habesht	catalyst	ethics-and-emotions:prohibitions|ethics-and-emotions:punishment|social:disobedience
Shivhei-Habesht_0159	Shivhei-Habesht	none	folkloristics:story_type_prognostication|supernatural:prognostication
Shivhei-Habesht_0160	Shivhei-Habesht	none	characters-and-roles:preacher|practice:failure|practice:prayer|social:conflict|supernatural:communicating_with_the_invisible|supernatural:perception
Shivhei-Habesht_0161	Shivhei-Habesht	none	ethics-and-emotions:anger|ethics-and-emotions:sadness|practice:prayer|practice:sermon|spaces:beth_midrash|supernatural:perception|times:holidays
Shivhei-Habesht_0162	Shivhei-Habesht	none	social:inter_hasidic_master_disciple_relationship
Shivhei-Habesht_0163	Shivhei-Habesht	none	practice:circumcision
Shivhei-Habesht_0164	Shivhei-Habesht	mention_only	kabbalah:kabbalistic_terms_kavvanot|kabbalah:kabbalistic_terms_yihudim|practice:meditation|practice:pidyon_haben|practice:worship_through_corporeality
Shivhei-Habesht_0165	Shivhei-Habesht	catalyst	characters-and-roles:the_family_of_the_tsaddik|folkloristics:story_type_birth_of_the_tsaddik|folkloristics:story_type_prognostication|knowledge:practical_kabbalah|practice:healing|social:inter_hasidic_master_disciple_relationship|spaces:beth_midrash|supernatural:perception|supernatural:pregnancy|supernatural:prognostication|times:birth|times:shabbat
Shivhei-Habesht_0166	Shivhei-Habesht	none	knowledge:esoteric|social:inter_hasidic_master_disciple_relationship
Shivhei-Habesht_0167	Shivhei-Habesht	none	experience:visions|practice:tvilah|spaces:mikveh|supernatural:perception
Shivhei-Habesht_0168	Shivhei-Habesht	none	supernatural:perception|times:death
Shivhei-Habesht_0169	Shivhei-Habesht	mention_only	practice:prayer|social:inter_hasidic_master_disciple_relationship
Shivhei-Habesht_0170	Shivhei-Habesht	none	characters-and-roles:preacher|characters-and-roles:ritual_slaughterer|ethics-and-emotions:anger|ethics-and-emotions:lust|ethics-and-emotions:prohibitions|ethics-and-emotions:punishment|ethics-and-emotions:repentance|ethics-and-emotions:shame|experience:dream|practice:asceticism|practice:fasting|practice:healing_of_the_soul|practice:sermon|practice:study|social:excommunication|social:retrospective_recognition|spaces:heaven|spaces:hell|supernatural:communicating_with_the_invisible|supernatural:perception|times:death
Shivhei-Habesht_0171	Shivhei-Habesht	mention_only	folkloristics:story_type_protection|practice:protection|supernatural:perception|supernatural:prognostication|times:historical_event|times:shabbat
Shivhei-Habesht_0172	Shivhei-Habesht	major	characters-and-roles:ritual_slaughterer|ethics-and-emotions:anger|ethics-and-emotions:fear|ethics-and-emotions:lying|ethics-and-emotions:punishment|ethics-and-emotions:shame|experience:visions|folkloristics:story_type_prognostication|practice:failure|practice:prayer|practice:ritual_slaughtering|social:conflict|social:marital_relationship|social:relations_with_non_hasidim|social:relations_with_the_authorities|social:retrospective_recognition|spaces:the_land_of_israel|supernatural:contraction_of_the_road|supernatural:miracle|supernatural:perception|supernatural:prognostication
Shivhei-Habesht_0173A	Shivhei-Habesht	mention_only	folkloristics:story_type_prognostication|practice:healing|practice:prayer|supernatural:contraction_of_the_road|supernatural:magic|supernatural:perception|supernatural:prognostication
Shivhei-Habesht_0173B	Shivhei-Habesht	major	ethics-and-emotions:fear|folkloristics:story_type_prognostication|social:conflict|social:relations_with_the_authorities|supernatural:prognostication
Shivhei-Habesht_0174	Shivhei-Habesht	none	practice:prayer|practice:protection|social:relations_with_non_jews|supernatural:perception
Shivhei-Habesht_0175	Shivhei-Habesht	none	ethics-and-emotions:punishment|knowledge:esoteric|supernatural:perception|supernatural:reincarnation
Shivhei-Habesht_0176	Shivhei-Habesht	minor	folkloristics:story_type_prognostication|supernatural:light_or_fire_as_a_sign_of_righteousness|supernatural:perception|supernatural:prognostication
Shivhei-Habesht_0177	Shivhei-Habesht	none	supernatural:perception
Shivhei-Habesht_0178	Shivhei-Habesht	none	practice:smoking|supernatural:perception
Shivhei-Habesht_0179	Shivhei-Habesht	none	ethics-and-emotions:sadness|practice:prayer|social:inter_hasidic_master_disciple_relationship|supernatural:perception|times:holidays
Shivhei-Habesht_0180	Shivhei-Habesht	none	practice:protection|social:relations_with_non_jews|supernatural:perception
Shivhei-Habesht_0181	Shivhei-Habesht	none	ethics-and-emotions:awe|ethics-and-emotions:pride|ethics-and-emotions:prohibitions|experience:revelation|folkloristics:story_type_prognostication|folkloristics:story_type_rapprochement|practice:halakhah|social:conflict|social:relations_with_non_hasidim|social:retrospective_recognition|supernatural:perception|supernatural:prognostication
Shivhei-Habesht_0182	Shivhei-Habesht	major	characters-and-roles:the_family_of_the_tsaddik|practice:dance|supernatural:pregnancy|times:birth|times:holidays
Shivhei-Habesht_0183	Shivhei-Habesht	mention_only	characters-and-roles:demons|ethics-and-emotions:sadness|experience:revelation|folkloristics:story_type_prognostication|practice:lifesaving|supernatural:pregnancy|supernatural:prognostication
Shivhei-Habesht_0184	Shivhei-Habesht	mention_only	ethics-and-emotions:joy|ethics-and-emotions:punishment|experience:revelation|folkloristics:story_type_prognostication|folkloristics:story_type_rapprochement|practice:business_advice|practice:healing|practice:music|social:disobedience|social:relations_with_non_hasidim|social:relations_with_non_jews|social:retrospective_recognition|supernatural:miracle|supernatural:perception|supernatural:pregnancy|supernatural:prognostication|times:birth|times:shabbat
Shivhei-Habesht_0185	Shivhei-Habesht	minor	folkloristics:story_type_rapprochement|practice:healing|practice:lifesaving|practice:prayer|practice:study|social:conflict|social:relations_with_non_hasidim|times:shabbat
Shivhei-Habesht_0186	Shivhei-Habesht	none	ethics-and-emotions:humility|ethics-and-emotions:pride|social:inter_hasidic|social:inter_hasidic_master_disciple_relationship|supernatural:perception
Shivhei-Habesht_0187	Shivhei-Habesht	mention_only	experience:journey_to_heaven|practice:reception_of_hasidim|practice:sexual_abstinence|social:inter_hasidic|social:inter_hasidic_master_disciple_relationship|social:marital_relationship|spaces:heaven|supernatural:communicating_with_the_invisible|supernatural:perception
Shivhei-Habesht_0188	Shivhei-Habesht	none	folkloristics:story_type_advent|knowledge:esoteric|social:inter_hasidic_master_disciple_relationship|social:relations_with_non_hasidim|social:retrospective_recognition|supernatural:perception|supernatural:reincarnation
Shivhei-Habesht_0189	Shivhei-Habesht	none	ethics-and-emotions:joy|ethics-and-emotions:shame|social:inter_hasidic_master_disciple_relationship|supernatural:magic|supernatural:perception|times:shabbat
Shivhei-Habesht_0190	Shivhei-Habesht	none	practice:storytelling|social:conflict|social:inter_hasidic_conflict_between_tsaddikim|social:inter_hasidic_master_disciple_relationship|social:relations_with_non_hasidim
Shivhei-Habesht_0191	Shivhei-Habesht	minor	ethics-and-emotions:anger|ethics-and-emotions:punishment|knowledge:esoteric|practice:healing|practice:use_of_holy_names|social:conflict|social:relations_with_non_hasidim
Shivhei-Habesht_0192	Shivhei-Habesht	catalyst	ethics-and-emotions:fear|ethics-and-emotions:pride|ethics-and-emotions:punishment|folkloristics:story_type_protection|practice:healing|social:conflict|social:relations_with_non_jews|social:relations_with_the_authorities|supernatural:magic|supernatural:miracle|supernatural:perception|supernatural:prognostication
Shivhei-Habesht_0193	Shivhei-Habesht	minor	ethics-and-emotions:anger|ethics-and-emotions:prohibitions|ethics-and-emotions:punishment|ethics-and-emotions:repentance|ethics-and-emotions:shame|ethics-and-emotions:virtues|experience:revelation|practice:fasting|social:disobedience|social:relations_with_sinners|social:retrospective_recognition|supernatural:perception|supernatural:prognostication|times:death
Shivhei-Habesht_0194	Shivhei-Habesht	catalyst	ethics-and-emotions:charity|practice:sermon|supernatural:perception|supernatural:prognostication
Shivhei-Habesht_0195	Shivhei-Habesht	mention_only	folkloristics:story_type_protection|practice:protection|social:relations_with_non_jews|supernatural:perception|times:holidays
Shivhei-Habesht_0196	Shivhei-Habesht	none	practice:prayer|practice:protection|social:relations_with_non_jews|supernatural:perception
Shivhei-Habesht_0197	Shivhei-Habesht	none	ethics-and-emotions:awe|ethics-and-emotions:fear|experience:devekut|experience:enthusiasm|experience:revelation|experience:visions|folkloristics:story_type_virtues|kabbalah|kabbalah:kabbalistic_terms_kavvanot|kabbalah:kabbalistic_terms_yihudim|knowledge:esoteric|practice:meditation|practice:use_of_holy_names|social:inter_hasidic_master_disciple_relationship|supernatural:light_or_fire_as_a_sign_of_righteousness|supernatural:miracle|supernatural:perception
Shivhei-Habesht_0198	Shivhei-Habesht	catalyst	ethics-and-emotions:adultery|ethics-and-emotions:anger|ethics-and-emotions:lust|ethics-and-emotions:lying|ethics-and-emotions:repentance|experience:dream|experience:revelation|folkloristics:story_type_protection|folkloristics:story_type_virtues|practice:pidyon_nefesh|practice:smoking|social:conflict|social:converts_and_conversion|social:marriage|social:relations_with_non_jews|social:relations_with_sinners|social:retrospective_recognition|supernatural:communicating_with_the_invisible|supernatural:contraction_of_the_road|supernatural:miracle|supernatural:perception
Shivhei-Habesht_0199	Shivhei-Habesht	mention_only	ethics-and-emotions:lust|ethics-and-emotions:prohibitions|folkloristics:story_type_protection|knowledge:practical_kabbalah|practice:prayer|practice:protection|social:conflict|social:relations_with_non_jews|spaces:beth_midrash|supernatural:perception|times:holidays
Shivhei-Habesht_0200	Shivhei-Habesht	none	ethics-and-emotions:fear|experience:visions|social:inter_hasidic_master_disciple_relationship|supernatural:perception|times:holidays
Shivhei-Habesht_0201	Shivhei-Habesht	none	experience:dream|experience:revelation|social:inter_hasidic_master_disciple_relationship|supernatural:perception
Shivhei-Habesht_0202	Shivhei-Habesht	none	ethics-and-emotions:awe|ethics-and-emotions:fear|practice:drinking_alcohol
Shivhei-Habesht_0203	Shivhei-Habesht	none	ethics-and-emotions:lying|ethics-and-emotions:pride|experience:revelation|folkloristics:story_type_prognostication|folkloristics:story_type_rapprochement|folkloristics:story_type_virtues|kabbalah:kabbalistic_terms_kavvanot|kabbalah:kabbalistic_terms_yihudim|knowledge:esoteric|practice:asceticism|practice:coping_with_alien_thoughts|practice:fasting|practice:prayer|social:inter_hasidic_master_disciple_relationship|social:relations_with_non_hasidim|social:retrospective_recognition|supernatural:communicating_with_the_invisible|supernatural:perception|supernatural:prognostication
Shivhei-Habesht_0204	Shivhei-Habesht	mention_only	ethics-and-emotions:anger|practice:circumcision|practice:healing|practice:lifesaving|supernatural:magic|supernatural:miracle|supernatural:pregnancy|supernatural:prognostication
Shivhei-Habesht_0205	Shivhei-Habesht	minor	ethics-and-emotions:shame|knowledge:esoteric|practice:healing|social:competition|social:conflict|social:relations_with_non_jews|social:relations_with_the_authorities|supernatural:perception
Shivhei-Habesht_0206	Shivhei-Habesht	minor	characters-and-roles:demons|characters-and-roles:ritual_slaughterer|ethics-and-emotions:prohibitions|ethics-and-emotions:repentance|practice:prayer|practice:ritual_slaughtering|supernatural:magic|supernatural:perception|times:shabbat
Shivhei-Habesht_0207	Shivhei-Habesht	minor	characters-and-roles:angels|experience:revelation|experience:visions|folkloristics:story_type_death_of_the_tsaddik|folkloristics:story_type_prognostication|kabbalah:kabbalistic_terms_kavvanot|knowledge:esoteric|knowledge:practical_kabbalah|practice:meditation|practice:prayer|practice:sermon|practice:study|social:conflict|social:inter_hasidic_master_disciple_relationship|spaces:heaven|spaces:mikveh|supernatural:communicating_with_the_invisible|supernatural:light_or_fire_as_a_sign_of_righteousness|supernatural:perception|supernatural:prognostication|times:death|times:historical_event|times:holidays
Shivhei-Habesht_0208	Shivhei-Habesht	mention_only	characters-and-roles:the_family_of_the_tsaddik|ethics-and-emotions:sadness|folkloristics:story_type_death_of_the_tsaddik|kabbalah:kabbalistic_terms_kavvanot|knowledge:esoteric|practice:asceticism|practice:sexual_abstinence|practice:study|practice:use_of_holy_names|social:marital_relationship|supernatural:perception|supernatural:pregnancy|times:death
Shivhei-Habesht_0209	Shivhei-Habesht	none	ethics-and-emotions:punishment|ethics-and-emotions:sadness|knowledge:esoteric|practice:prayer|practice:sermon|practice:travel_to_the_tsaddik|practice:tvilah|social:inter_hasidic_master_disciple_relationship|supernatural:perception|supernatural:reincarnation|times:shabbat
Shivhei-Habesht_0210	Shivhei-Habesht	none	characters-and-roles:angels|characters-and-roles:the_family_of_the_tsaddik|ethics-and-emotions:fear|experience:journey_to_heaven|experience:revelation|experience:visions|folkloristics:story_type_protection|practice:lifesaving|social:inter_hasidic_master_disciple_relationship|social:relations_with_non_hasidim|spaces:heaven|supernatural:communicating_with_the_invisible|supernatural:magic|supernatural:miracle|supernatural:perception|supernatural:reincarnation|times:death
Sipurei-Zadikim_0001	Sipurei-Zadikim	none	characters-and-roles:hidden_righteous|characters-and-roles:preacher|ethics-and-emotions:charity|ethics-and-emotions:prohibitions|ethics-and-emotions:virtues|folkloristics:story_type_virtues|knowledge:esoteric|practice:healing_of_the_soul|practice:recitation_of_psalms|practice:tvilah|social:relations_with_non_jews|social:relations_with_the_authorities|social:retrospective_recognition|supernatural:communicating_with_the_invisible|supernatural:contraction_of_the_road|supernatural:magic|supernatural:perception|times:death|times:shabbat
Sipurei-Zadikim_0002	Sipurei-Zadikim	mention_only	ethics-and-emotions:fear|ethics-and-emotions:lying|ethics-and-emotions:punishment|folkloristics:story_type_prognostication|folkloristics:story_type_protection|practice:protection|social:disobedience|social:relations_with_non_jews|social:relations_with_the_authorities|social:retrospective_recognition|supernatural:prognostication
Sipurei-Zadikim_0003	Sipurei-Zadikim	none	social:retrospective_recognition|supernatural:magic|supernatural:perception
Sipurei-Zadikim_0004	Sipurei-Zadikim	major	ethics-and-emotions:lying|experience:dream|experience:revelation|folkloristics:story_type_prognostication|folkloristics:story_type_virtues|practice:releasing_agunot|practice:study|social:inter_hasidic_master_disciple_relationship|social:marital_relationship|social:marriage|social:relations_with_non_hasidim|social:retrospective_recognition|supernatural:communicating_with_the_invisible|supernatural:perception|supernatural:prognostication|times:death
Sipurei-Zadikim_0005	Sipurei-Zadikim	none	characters-and-roles:hidden_righteous|ethics-and-emotions:charity|ethics-and-emotions:punishment|practice:solitude|practice:study|practice:travel_to_the_tsaddik|social:inter_hasidic|social:inter_hasidic_master_disciple_relationship|social:marital_relationship|social:relations_with_non_hasidim|supernatural:perception|times:death
Sipurei-Zadikim_0006	Sipurei-Zadikim	none	characters-and-roles:the_family_of_the_tsaddik|ethics-and-emotions:anger|ethics-and-emotions:pride|ethics-and-emotions:prohibitions|ethics-and-emotions:punishment|ethics-and-emotions:sadness|ethics-and-emotions:shame|practice:prayer|social:conflict|social:disobedience|social:inter_hasidic|social:inter_hasidic_master_disciple_relationship|spaces:institutions_hassidic_court|times:holidays
Sipurei-Zadikim_0007	Sipurei-Zadikim	mention_only	characters-and-roles:hidden_righteous|characters-and-roles:ritual_slaughterer|ethics-and-emotions:anger|folkloristics:story_type_advent|practice:pidyon_nefesh|practice:releasing_agunot|practice:study|practice:travel_to_the_tsaddik|social:conflict|social:inter_hasidic|social:inter_hasidic_master_disciple_relationship|social:relations_with_non_hasidim|supernatural:magic|supernatural:perception|times:birth
Sipurei-Zadikim_0008	Sipurei-Zadikim	none	ethics-and-emotions:awe|ethics-and-emotions:charity|ethics-and-emotions:humility|ethics-and-emotions:virtues|experience:enthusiasm|folkloristics:story_type_virtues|kabbalah:kabbalistic_terms_yihudim|practice:dance|practice:meditation|practice:prayer|supernatural:perception|times:holidays
Sipurei-Zadikim_0009	Sipurei-Zadikim	none	ethics-and-emotions:awe|experience:devekut|folkloristics:story_type_virtues|practice:dance|practice:devekut|practice:travel_to_the_tsaddik|social:inter_hasidic|social:retrospective_recognition|supernatural:perception
Sipurei-Zadikim_0010	Sipurei-Zadikim	catalyst	characters-and-roles:agunah|ethics-and-emotions:anger|ethics-and-emotions:punishment|ethics-and-emotions:sadness|folkloristics:story_type_prognostication|practice:releasing_agunot|social:disobedience|social:retrospective_recognition|supernatural:miracle|supernatural:perception|supernatural:prognostication
Sipurei-Zadikim_0011	Sipurei-Zadikim	minor	characters-and-roles:hidden_righteous|characters-and-roles:preacher|characters-and-roles:the_family_of_the_tsaddik|ethics-and-emotions:anger|ethics-and-emotions:fear|ethics-and-emotions:joy|experience:enthusiasm|experience:revelation|experience:visions|folkloristics:story_type_advent|folkloristics:story_type_rapprochement|folkloristics:story_type_virtues|practice:prayer|practice:recitation_of_psalms|practice:study|practice:tvilah|social:conflict|social:inter_hasidic|social:inter_hasidic_master_disciple_relationship|social:relations_with_non_hasidim|social:retrospective_recognition|supernatural:communicating_with_the_invisible|supernatural:magic|supernatural:perception|times:birth|times:inauguration
Sipurei-Zadikim_0012	Sipurei-Zadikim	none	characters-and-roles:the_family_of_the_tsaddik|ethics-and-emotions:repentance|folkloristics:story_type_death_of_the_tsaddik|practice:pilgrimage_to_the_graves_of_tsaddikim|practice:recitation_of_psalms|times:death
Sipurei-Zadikim_0013	Sipurei-Zadikim	none	characters-and-roles:hidden_righteous|ethics-and-emotions:awe|ethics-and-emotions:fear|experience:revelation|folkloristics:story_type_prognostication|folkloristics:story_type_virtues|social:inter_hasidic_inheritance_of_leadership|social:retrospective_recognition|supernatural:communicating_with_the_invisible|supernatural:perception|supernatural:prognostication|times:death|times:inauguration|times:shabbat
Sipurei-Zadikim_0014	Sipurei-Zadikim	none	
Shivhei-Harav_0001	Shivhei-Harav	minor	characters-and-roles:the_family_of_the_tsaddik|ethics-and-emotions:lying|experience:enthusiasm|practice:dance|practice:prayer|practice:recitation_of_psalms|practice:study|practice:travel_to_the_tsaddik|social:conflict|social:inter_hasidic|social:poverty|social:relations_with_non_hasidim|times:birth
Shivhei-Harav_0002	Shivhei-Harav	none	ethics-and-emotions:lying|practice:prayer|social:conflict|social:relations_with_non_hasidim|social:relations_with_the_authorities
Shivhei-Harav_0003	Shivhei-Harav	none	ethics-and-emotions:fear|ethics-and-emotions:prohibitions|practice:recitation_of_psalms|practice:tefillin|social:relations_with_the_authorities|supernatural:magic|supernatural:miracle|supernatural:perception
Shivhei-Harav_0004	Shivhei-Harav	none	ethics-and-emotions:fear|knowledge:esoteric|social:relations_with_the_authorities|supernatural:perception|supernatural:prognostication
Shivhei-Harav_0005	Shivhei-Harav	none	ethics-and-emotions:fear|social:relations_with_the_authorities
Shivhei-Harav_0006	Shivhei-Harav	none	experience:revelation|experience:trembling|knowledge:esoteric|practice:sermon|social:inter_hasidic_master_disciple_relationship|supernatural:communicating_with_the_invisible|supernatural:perception|times:holidays
Shivhei-Harav_0007	Shivhei-Harav	none	social:conflict|social:relations_with_non_jews|social:relations_with_the_authorities
Shivhei-Harav_0008	Shivhei-Harav	none	social:relations_with_non_jews|social:relations_with_the_authorities|supernatural:perception|supernatural:prognostication
Shivhei-Harav_0009	Shivhei-Harav	minor	practice:recitation_of_psalms|practice:tefillin|social:conflict|social:inter_hasidic|social:relations_with_non_hasidim
Shivhei-Harav_0010	Shivhei-Harav	none	social:conflict|social:relations_with_non_hasidim
Shivhei-Harav_0011	Shivhei-Harav	mention_only	characters-and-roles:the_family_of_the_tsaddik|ethics-and-emotions:adultery|ethics-and-emotions:anger|ethics-and-emotions:fear|ethics-and-emotions:lust|ethics-and-emotions:lying|ethics-and-emotions:prohibitions|ethics-and-emotions:punishment|ethics-and-emotions:shame|experience:revelation|folkloristics:story_type_protection|practice:recitation_of_psalms|practice:study|social:conflict|social:inter_hasidic|social:inter_hasidic_master_disciple_relationship|social:relations_with_non_hasidim|social:relations_with_non_jews|social:relations_with_the_authorities|social:retrospective_recognition|supernatural:miracle|supernatural:perception|supernatural:prognostication|times:death|times:historical_event|times:holidays
Shivhei-Harav_0012	Shivhei-Harav	major	ethics-and-emotions:lying|practice:study|practice:tvilah|social:conflict|social:inter_hasidic_inheritance_of_leadership|social:marriage|social:retrospective_recognition|supernatural:perception|times:death
Shivhei-Harav_0013	Shivhei-Harav	minor	ethics-and-emotions:lust|ethics-and-emotions:lying|knowledge:esoteric|practice:study|social:inter_hasidic|social:inter_hasidic_master_disciple_relationship|social:retrospective_recognition|supernatural:perception
Shivhei-Harav_0014	Shivhei-Harav	none	characters-and-roles:preacher|ethics-and-emotions:awe|ethics-and-emotions:humility|experience:enthusiasm|folkloristics:story_type_rapprochement|folkloristics:story_type_virtues|kabbalah|knowledge:esoteric|practice:clothing|practice:prayer|practice:recitation_of_psalms|practice:study|practice:tefillin|practice:tvilah|social:conflict|social:inter_hasidic|social:inter_hasidic_master_disciple_relationship|social:relations_with_non_hasidim|social:retrospective_recognition|times:death
Shivhei-Harav_0015	Shivhei-Harav	none	practice:storytelling|social:conflict|social:inter_hasidic|social:inter_hasidic_inheritance_of_leadership|social:inter_hasidic_master_disciple_relationship|social:relations_with_non_hasidim|supernatural:perception|times:death|times:shabbat
Shivhei-Harav_0016	Shivhei-Harav	catalyst	practice:clothing|practice:protection|practice:sermon|practice:storytelling|social:converts_and_conversion|social:inter_hasidic_master_disciple_relationship|supernatural:magic|supernatural:perception
Shivhei-Harav_0017	Shivhei-Harav	catalyst	characters-and-roles:the_family_of_the_tsaddik|ethics-and-emotions:charity|ethics-and-emotions:fear|ethics-and-emotions:punishment|ethics-and-emotions:sadness|practice:business_advice|practice:healing|practice:pilgrimage_to_the_graves_of_tsaddikim|practice:reception_of_hasidim|practice:tefillin|practice:tvilah|social:disobedience|social:inter_hasidic|social:inter_hasidic_conflict_between_tsaddikim|social:inter_hasidic_master_disciple_relationship|social:relations_with_non_hasidim|spaces:the_land_of_israel|supernatural:perception
Shivhei-Harav_0018	Shivhei-Harav	none	characters-and-roles:the_family_of_the_tsaddik|ethics-and-emotions:joy|ethics-and-emotions:sadness|experience:devekut|practice:devekut|practice:prayer|practice:study|practice:tefillin|social:inter_hasidic|social:inter_hasidic_master_disciple_relationship|social:relations_with_non_jews|social:relations_with_the_authorities|supernatural:light_or_fire_as_a_sign_of_righteousness|supernatural:magic|supernatural:prognostication|times:death|times:historical_event|times:holidays|times:shabbat
Shivhei-Harav_0019	Shivhei-Harav	mention_only	characters-and-roles:demons|characters-and-roles:the_family_of_the_tsaddik|ethics-and-emotions:fear|ethics-and-emotions:sadness|experience:dream|experience:enthusiasm|kabbalah|practice:dance|practice:healing|practice:pilgrimage_to_the_graves_of_tsaddikim|practice:prayer|practice:reception_of_hasidim|practice:sermon|practice:smoking|practice:storytelling|practice:study|practice:tefillin|practice:travel_to_the_tsaddik|social:inter_hasidic_inheritance_of_leadership|social:inter_hasidic_master_disciple_relationship|social:marriage|social:relations_with_non_hasidim|supernatural:light_or_fire_as_a_sign_of_righteousness|supernatural:perception|times:death
Adat-Zadikim_0001	Adat-Zadikim	major	characters-and-roles:the_family_of_the_tsaddik|ethics-and-emotions:fear|ethics-and-emotions:joy|ethics-and-emotions:virtues|experience:revelation|folkloristics:story_type_birth_of_the_tsaddik|practice:dance|practice:prayer|practice:smoking|social:inter_hasidic_master_disciple_relationship|social:marital_relationship|social:poverty|social:retrospective_recognition|supernatural:miracle|supernatural:perception|supernatural:pregnancy|supernatural:prognostication|times:birth|times:shabbat
Adat-Zadikim_0002	Adat-Zadikim	mention_only	ethics-and-emotions:charity|folkloristics:story_type_prognostication|practice:storytelling|practice:the_travels_of_the_tsaddik|supernatural:perception|supernatural:prognostication|times:death
Adat-Zadikim_0003	Adat-Zadikim	minor	characters-and-roles:elijah_the_prophet|characters-and-roles:the_family_of_the_tsaddik|ethics-and-emotions:joy|experience:revelation|knowledge:practical_kabbalah|practice:storytelling|practice:use_of_holy_names|social:conflict|social:disobedience|social:relations_with_non_jews|social:retrospective_recognition|spaces:beth_midrash|spaces:the_land_of_israel|supernatural:communicating_with_the_invisible|supernatural:magic|supernatural:miracle|supernatural:perception|supernatural:pregnancy|supernatural:prognostication|times:holidays
Adat-Zadikim_0004	Adat-Zadikim	catalyst	characters-and-roles:hidden_righteous|characters-and-roles:magician|ethics-and-emotions:anger|ethics-and-emotions:fear|ethics-and-emotions:lying|ethics-and-emotions:prohibitions|ethics-and-emotions:punishment|ethics-and-emotions:repentance|folkloristics:story_type_prognostication|folkloristics:story_type_protection|folkloristics:story_type_rapprochement|folkloristics:story_type_revelation|knowledge:practical_kabbalah|practice:circumcision|practice:healing|practice:lifesaving|practice:music|practice:pidyon_nefesh|social:competition|social:conflict|social:inter_hasidic_master_disciple_relationship|social:marital_relationship|social:marriage|social:relations_with_non_jews|social:retrospective_recognition|supernatural:communicating_with_the_invisible|supernatural:contraction_of_the_road|supernatural:magic|supernatural:miracle|supernatural:perception|supernatural:prognostication|times:shabbat
Adat-Zadikim_0005	Adat-Zadikim	none	ethics-and-emotions:virtues|folkloristics:story_type_virtues|supernatural:perception
Adat-Zadikim_0006	Adat-Zadikim	minor	characters-and-roles:angels|ethics-and-emotions:charity|ethics-and-emotions:virtues|experience:revelation|folkloristics:story_type_virtues|practice:pidyon_shvuyim|social:inter_hasidic_master_disciple_relationship|social:relations_with_non_jews|social:relations_with_the_authorities|social:retrospective_recognition|supernatural:perception|times:historical_event
Adat-Zadikim_0007	Adat-Zadikim	minor	ethics-and-emotions:charity|ethics-and-emotions:virtues|folkloristics:story_type_virtues|practice:pidyon_nefesh|practice:prayer|practice:storytelling|social:retrospective_recognition|supernatural:perception
Adat-Zadikim_0008	Adat-Zadikim	minor	ethics-and-emotions:anger|ethics-and-emotions:charity|ethics-and-emotions:fear|ethics-and-emotions:repentance|ethics-and-emotions:sadness|experience:dream|folkloristics:story_type_rapprochement|practice:music|practice:pidyon_nefesh|practice:pilgrimage_to_the_graves_of_tsaddikim|practice:protection|practice:recitation_of_psalms|practice:storytelling|social:conflict|social:converts_and_conversion|social:inter_hasidic_master_disciple_relationship|social:relations_with_non_jews|social:relations_with_sinners|social:relations_with_the_authorities|social:retrospective_recognition|supernatural:communicating_with_the_invisible|supernatural:perception|supernatural:prognostication|times:death|times:shabbat
Adat-Zadikim_0009	Adat-Zadikim	minor	characters-and-roles:preacher|ethics-and-emotions:adultery|ethics-and-emotions:anger|ethics-and-emotions:fear|ethics-and-emotions:lust|ethics-and-emotions:pride|ethics-and-emotions:prohibitions|ethics-and-emotions:punishment|ethics-and-emotions:repentance|ethics-and-emotions:sadness|ethics-and-emotions:shame|ethics-and-emotions:virtues|experience:revelation|folkloristics:story_type_prognostication|practice:healing_of_the_soul|practice:prayer|practice:sermon|practice:travel_to_the_tsaddik|practice:writing_amulets|social:conflict|social:inter_hasidic_master_disciple_relationship|social:retrospective_recognition|supernatural:communicating_with_the_invisible|supernatural:perception|supernatural:prognostication|supernatural:reincarnation|times:holidays
Adat-Zadikim_0010	Adat-Zadikim	minor	characters-and-roles:preacher|characters-and-roles:ritual_slaughterer|ethics-and-emotions:lying|ethics-and-emotions:prohibitions|practice:ritual_slaughtering|practice:sermon|social:conflict|social:relations_with_the_authorities|social:retrospective_recognition|supernatural:contraction_of_the_road|supernatural:perception
Adat-Zadikim_0011	Adat-Zadikim	none	characters-and-roles:elijah_the_prophet|experience:revelation|practice:sermon|practice:smoking|social:inter_hasidic_master_disciple_relationship|supernatural:perception|times:shabbat
Adat-Zadikim_0012	Adat-Zadikim	none	ethics-and-emotions:fear|ethics-and-emotions:humility|ethics-and-emotions:joy|ethics-and-emotions:pride|ethics-and-emotions:prohibitions|ethics-and-emotions:sadness|ethics-and-emotions:virtues|experience:trembling|practice:clothing|practice:prayer|practice:reception_of_hasidim|practice:smoking|practice:storytelling|practice:study|practice:travel_to_the_tsaddik|social:inter_hasidic|social:inter_hasidic_master_disciple_relationship|supernatural:perception|supernatural:prognostication|times:inauguration|times:shabbat
Adat-Zadikim_0013	Adat-Zadikim	major	characters-and-roles:hidden_righteous|characters-and-roles:the_family_of_the_tsaddik|ethics-and-emotions:adultery|ethics-and-emotions:anger|ethics-and-emotions:fear|ethics-and-emotions:lust|ethics-and-emotions:lying|ethics-and-emotions:pride|ethics-and-emotions:prohibitions|ethics-and-emotions:punishment|ethics-and-emotions:repentance|ethics-and-emotions:sadness|ethics-and-emotions:shame|experience:dream|experience:revelation|folkloristics:story_type_revelation|knowledge:esoteric|knowledge:practical_kabbalah|practice:pilgrimage_to_the_graves_of_tsaddikim|practice:recitation_of_psalms|social:conflict|social:disobedience|social:divorce|social:marital_relationship|social:retrospective_recognition|supernatural:communicating_with_the_invisible|supernatural:magic|supernatural:miracle|supernatural:perception|times:death|times:shabbat
Adat-Zadikim_0014	Adat-Zadikim	mention_only	ethics-and-emotions:fear|ethics-and-emotions:lust|ethics-and-emotions:lying|ethics-and-emotions:prohibitions|ethics-and-emotions:punishment|ethics-and-emotions:repentance|ethics-and-emotions:sadness|experience:dream|practice:healing_of_the_soul|social:conflict|social:relations_with_non_jews|spaces:beth_midrash|spaces:rabbinical_court|supernatural:communicating_with_the_invisible|supernatural:magic|supernatural:perception
Adat-Zadikim_0015	Adat-Zadikim	major	characters-and-roles:preacher|ethics-and-emotions:anger|ethics-and-emotions:prohibitions|ethics-and-emotions:punishment|ethics-and-emotions:repentance|ethics-and-emotions:virtues|experience:revelation|folkloristics:story_type_prognostication|practice:travel_to_other_tsaddik|practice:travel_to_the_tsaddik|social:inter_hasidic|social:inter_hasidic_master_disciple_relationship|social:marital_relationship|social:marriage|social:retrospective_recognition|supernatural:communicating_with_the_invisible|supernatural:magic|supernatural:miracle|supernatural:perception|supernatural:prognostication|times:death
Adat-Zadikim_0016	Adat-Zadikim	catalyst	ethics-and-emotions:adultery|ethics-and-emotions:anger|ethics-and-emotions:fear|ethics-and-emotions:prohibitions|ethics-and-emotions:repentance|ethics-and-emotions:virtues|experience:dream|practice:prayer|practice:tvilah|social:conflict|social:relations_with_non_jews|social:relations_with_sinners|social:relations_with_the_authorities|social:retrospective_recognition|supernatural:communicating_with_the_invisible|supernatural:perception|times:death
Adat-Zadikim_0017	Adat-Zadikim	mention_only	characters-and-roles:angels|ethics-and-emotions:lust|ethics-and-emotions:repentance|experience:revelation|folkloristics:story_type_advent|folkloristics:story_type_rapprochement|practice:healing|practice:healing_of_the_soul|practice:prayer|practice:reception_of_hasidim|practice:recitation_of_psalms|practice:travel_to_the_tsaddik|social:inter_hasidic_master_disciple_relationship|social:relations_with_non_hasidim|social:relations_with_non_jews|social:relations_with_the_authorities|social:retrospective_recognition|supernatural:miracle|supernatural:perception|supernatural:prognostication
Adat-Zadikim_0018	Adat-Zadikim	none	characters-and-roles:angels|ethics-and-emotions:awe|experience:visions|folkloristics:story_type_rapprochement|kabbalah|knowledge:esoteric|practice:storytelling|practice:study|practice:travel_to_the_tsaddik|social:inter_hasidic_master_disciple_relationship|social:retrospective_recognition|supernatural:light_or_fire_as_a_sign_of_righteousness|supernatural:perception
Adat-Zadikim_0019	Adat-Zadikim	none	characters-and-roles:messiah|ethics-and-emotions:joy|ethics-and-emotions:repentance|ethics-and-emotions:sadness|experience:journey_to_heaven|experience:revelation|experience:visions|kabbalah:kabbalistic_terms_yihudim|knowledge:esoteric|practice:meditation|practice:study|practice:use_of_holy_names|social:inter_hasidic_master_disciple_relationship|spaces:heaven|supernatural:communicating_with_the_invisible|supernatural:perception|times:eschatology
Adat-Zadikim_0020	Adat-Zadikim	none	folkloristics:story_type_prognostication|social:inter_hasidic|social:inter_hasidic_master_disciple_relationship|social:retrospective_recognition|supernatural:perception|supernatural:prognostication|times:death|times:holidays
Adat-Zadikim_0021	Adat-Zadikim	mention_only	ethics-and-emotions:fear|folkloristics:story_type_revelation|social:inter_hasidic|social:marriage|supernatural:light_or_fire_as_a_sign_of_righteousness
Adat-Zadikim_0022	Adat-Zadikim	mention_only	ethics-and-emotions:anger|ethics-and-emotions:fear|folkloristics:story_type_inauguration|practice:fasting|practice:storytelling|social:competition|social:conflict|social:relations_with_non_jews|social:retrospective_recognition|times:inauguration
Adat-Zadikim_0023	Adat-Zadikim	mention_only	characters-and-roles:angels|characters-and-roles:elijah_the_prophet|characters-and-roles:hidden_righteous|ethics-and-emotions:humility|ethics-and-emotions:lying|ethics-and-emotions:pride|ethics-and-emotions:prohibitions|ethics-and-emotions:virtues|experience:revelation|folkloristics:story_type_revelation|folkloristics:story_type_virtues|practice:recitation_of_psalms|practice:study|social:inter_hasidic|social:marital_relationship|social:marriage|social:retrospective_recognition|supernatural:communicating_with_the_invisible|supernatural:perception|times:death
Adat-Zadikim_0024	Adat-Zadikim	minor	characters-and-roles:agunah|ethics-and-emotions:adultery|ethics-and-emotions:lust|ethics-and-emotions:prohibitions|ethics-and-emotions:punishment|practice:protection|practice:releasing_agunot|supernatural:communicating_with_the_invisible|supernatural:perception|times:death
Maase-Zadikim_0001	maase-zadikim	major	characters-and-roles:the_family_of_the_tsaddik|ethics-and-emotions:awe|ethics-and-emotions:fear|ethics-and-emotions:punishment|ethics-and-emotions:repentance|ethics-and-emotions:virtues|experience:revelation|knowledge:esoteric|practice:study|social:inter_hasidic_master_disciple_relationship|social:marital_relationship|social:poverty|social:relations_with_non_hasidim|social:retrospective_recognition|supernatural:perception|supernatural:reincarnation|times:death
Maase-Zadikim_0002	maase-zadikim	mention_only	ethics-and-emotions:joy|ethics-and-emotions:prohibitions|ethics-and-emotions:punishment|ethics-and-emotions:sadness|practice:halakhah|social:marriage|spaces:heaven|supernatural:perception|supernatural:reincarnation
Maase-Zadikim_0003	maase-zadikim	catalyst	folkloristics:story_type_advent|practice:healing|practice:protection|practice:solitude|social:relations_with_non_jews|social:relations_with_the_authorities|supernatural:perception
Maase-Zadikim_0004	maase-zadikim	none	ethics-and-emotions:awe|ethics-and-emotions:fear|folkloristics:story_type_rapprochement|practice:healing_of_the_soul|practice:prayer|social:relations_with_non_hasidim|social:retrospective_recognition
Maase-Zadikim_0005	maase-zadikim	major	characters-and-roles:the_family_of_the_tsaddik|ethics-and-emotions:joy|ethics-and-emotions:sadness|experience:enthusiasm|experience:journey_to_heaven|practice:drinking_alcohol|practice:prayer|practice:protection|practice:recitation_of_psalms|social:relations_with_non_jews|social:retrospective_recognition|spaces:the_land_of_israel|supernatural:perception|times:holidays
Maase-Zadikim_0006	maase-zadikim	minor	characters-and-roles:hidden_righteous|ethics-and-emotions:adultery|ethics-and-emotions:lust|ethics-and-emotions:prohibitions|ethics-and-emotions:punishment|ethics-and-emotions:repentance|ethics-and-emotions:resisting_temptation|ethics-and-emotions:virtues|experience:revelation|folkloristics:story_type_protection|folkloristics:story_type_revelation|folkloristics:story_type_virtues|knowledge:esoteric|practice:drinking_alcohol|practice:pidyon_shvuyim|practice:protection|social:inter_hasidic_master_disciple_relationship|social:relations_with_non_jews|social:retrospective_recognition|supernatural:miracle|supernatural:perception
Maase-Zadikim_0007	maase-zadikim	minor	characters-and-roles:the_family_of_the_tsaddik|ethics-and-emotions:anger|ethics-and-emotions:fear|experience:devekut|experience:enthusiasm|folkloristics:story_type_rapprochement|kabbalah:kabbalistic_terms_yihudim|practice:circumcision|practice:devekut|practice:meditation|practice:study|practice:travel_to_other_tsaddik|practice:travel_to_the_tsaddik|practice:tvilah|social:inter_hasidic|social:inter_hasidic_conflict_between_tsaddikim|social:inter_hasidic_master_disciple_relationship|supernatural:light_or_fire_as_a_sign_of_righteousness|supernatural:perception
Maase-Zadikim_0008	maase-zadikim	none	ethics-and-emotions:humility|ethics-and-emotions:virtues|experience:devekut|experience:enthusiasm|folkloristics:story_type_parable|folkloristics:story_type_rapprochement|folkloristics:story_type_virtues|practice:devekut|practice:music|practice:storytelling|practice:study|social:inter_hasidic|social:inter_hasidic_master_disciple_relationship|social:relations_with_non_hasidim
Maase-Zadikim_0009	maase-zadikim	none	ethics-and-emotions:virtues|folkloristics:story_type_rapprochement|practice:reception_of_hasidim|practice:sermon|practice:study|practice:travel_to_the_tsaddik|social:inter_hasidic|social:inter_hasidic_master_disciple_relationship|social:relations_with_non_hasidim|supernatural:perception
Maase-Zadikim_0010	maase-zadikim	none	ethics-and-emotions:humility|ethics-and-emotions:pride|ethics-and-emotions:prohibitions|ethics-and-emotions:virtues|social:relations_with_non_hasidim
Maase-Zadikim_0011	maase-zadikim	none	practice:asceticism|practice:fasting|practice:study|social:conflict|social:relations_with_non_hasidim|social:relations_with_non_jews|social:relations_with_the_authorities|supernatural:perception
Maase-Zadikim_0012	maase-zadikim	none	ethics-and-emotions:awe|ethics-and-emotions:fear|ethics-and-emotions:prohibitions|practice:asceticism|practice:fasting|practice:reception_of_hasidim|practice:travel_to_other_tsaddik|practice:travel_to_the_tsaddik|social:inter_hasidic|social:inter_hasidic_conflict_between_tsaddikim|social:inter_hasidic_inheritance_of_leadership|social:inter_hasidic_master_disciple_relationship
Maase-Zadikim_0013	maase-zadikim	none	ethics-and-emotions:awe|ethics-and-emotions:fear|ethics-and-emotions:virtues|folkloristics:story_type_virtues
Maase-Zadikim_0014	maase-zadikim	none	ethics-and-emotions:repentance|experience:enthusiasm|practice:coping_with_alien_thoughts|practice:healing_of_the_soul|practice:reception_of_hasidim|practice:torat_ha_tsaddik|practice:travel_to_the_tsaddik|social:inter_hasidic|social:inter_hasidic_master_disciple_relationship|social:relations_with_non_hasidim|supernatural:perception
Maase-Zadikim_0015	maase-zadikim	minor	characters-and-roles:hidden_righteous|ethics-and-emotions:adultery|ethics-and-emotions:fear|ethics-and-emotions:lust|ethics-and-emotions:prohibitions|ethics-and-emotions:punishment|ethics-and-emotions:repentance|ethics-and-emotions:sadness|experience:enthusiasm|folkloristics:story_type_prognostication|folkloristics:story_type_virtues|practice:reception_of_hasidim|practice:recitation_of_psalms|practice:study|practice:travel_to_the_tsaddik|social:inter_hasidic|social:inter_hasidic_master_disciple_relationship|social:relations_with_non_jews|social:retrospective_recognition|spaces:heaven|supernatural:miracle|supernatural:perception|supernatural:prognostication|times:death
Maase-Zadikim_0016	maase-zadikim	minor	characters-and-roles:the_family_of_the_tsaddik|ethics-and-emotions:anger|ethics-and-emotions:awe|ethics-and-emotions:charity|ethics-and-emotions:fear|ethics-and-emotions:joy|ethics-and-emotions:punishment|ethics-and-emotions:repentance|experience:enthusiasm|folkloristics:story_type_prognostication|folkloristics:story_type_virtues|practice:storytelling|practice:study|practice:tvilah|social:conflict|social:disobedience|social:inter_hasidic|social:inter_hasidic_master_disciple_relationship|social:poverty|social:relations_with_sinners|social:relations_with_the_authorities|social:retrospective_recognition|spaces:beth_midrash|spaces:heaven|supernatural:miracle|supernatural:perception|supernatural:pregnancy|supernatural:prognostication|times:birth|times:holidays
Maase-Zadikim_0017	maase-zadikim	none	experience:devekut|practice:devekut|practice:prayer
Maase-Zadikim_0018	maase-zadikim	mention_only	characters-and-roles:hidden_righteous|ethics-and-emotions:charity|ethics-and-emotions:joy|ethics-and-emotions:lying|ethics-and-emotions:virtues|folkloristics:story_type_virtues|practice:healing|practice:pidyon_nefesh|practice:prayer|social:relations_with_non_jews|social:retrospective_recognition|supernatural:magic|supernatural:perception
Maase-Zadikim_0019	maase-zadikim	none	ethics-and-emotions:lying|ethics-and-emotions:virtues|folkloristics:story_type_virtues|practice:tvilah|social:relations_with_non_hasidim
Maase-Zadikim_0020	maase-zadikim	mention_only	practice:prayer|practice:protection|social:relations_with_non_jews|social:relations_with_the_authorities|supernatural:perception|times:shabbat
Maase-Zadikim_0021	maase-zadikim	none	ethics-and-emotions:humility|ethics-and-emotions:virtues|practice:halakhah
Maase-Zadikim_0022	maase-zadikim	mention_only	ethics-and-emotions:virtues|practice:prayer|times:holidays
Maase-Zadikim_0023	maase-zadikim	none	ethics-and-emotions:virtues|folkloristics:story_type_virtues
Maase-Zadikim_0024	maase-zadikim	none	ethics-and-emotions:charity|ethics-and-emotions:virtues|folkloristics:story_type_virtues
Maase-Zadikim_0025	maase-zadikim	catalyst	characters-and-roles:hidden_righteous|ethics-and-emotions:virtues|practice:drinking_alcohol|practice:healing|supernatural:perception
Maase-Zadikim_0026	maase-zadikim	none	practice:travel_to_other_tsaddik|practice:travel_to_the_tsaddik|social:inter_hasidic|social:inter_hasidic_master_disciple_relationship|supernatural:prognostication|times:death
Maase-Zadikim_0027	maase-zadikim	none	kabbalah:kabbalistic_terms_yihudim|practice:dance|practice:healing|practice:meditation|supernatural:light_or_fire_as_a_sign_of_righteousness|times:shabbat
Maase-Zadikim_0028	maase-zadikim	catalyst	practice:prayer|practice:travel_to_the_tsaddik|social:inter_hasidic_master_disciple_relationship|supernatural:perception
Maase-Zadikim_0029	maase-zadikim	none	ethics-and-emotions:virtues|practice:healing
Maase-Zadikim_0030	maase-zadikim	none	ethics-and-emotions:humility|ethics-and-emotions:pride|ethics-and-emotions:prohibitions|folkloristics:story_type_virtues|social:conflict
Maase-Zadikim_0031	maase-zadikim	mention_only	ethics-and-emotions:adultery|ethics-and-emotions:repentance|ethics-and-emotions:virtues|folkloristics:story_type_rapprochement|practice:reception_of_hasidim|practice:travel_to_other_tsaddik|practice:travel_to_the_tsaddik|social:inter_hasidic|social:inter_hasidic_inheritance_of_leadership|social:inter_hasidic_master_disciple_relationship|social:relations_with_non_hasidim|social:relations_with_sinners|supernatural:perception|times:death
Maase-Zadikim_0032	maase-zadikim	major	ethics-and-emotions:repentance|ethics-and-emotions:shame|ethics-and-emotions:virtues|experience:revelation|social:relations_with_sinners|supernatural:perception
Maase-Zadikim_0033	maase-zadikim	mention_only	ethics-and-emotions:adultery|ethics-and-emotions:repentance|supernatural:perception
Maase-Zadikim_0034	maase-zadikim	none	ethics-and-emotions:awe|ethics-and-emotions:humility|folkloristics:story_type_rapprochement|practice:prayer|practice:reception_of_hasidim|practice:travel_to_the_tsaddik|social:inter_hasidic_master_disciple_relationship|spaces:beth_midrash|supernatural:perception|times:death
Maase-Zadikim_0035	maase-zadikim	none	experience:revelation|folkloristics:story_type_death_of_the_tsaddik|kabbalah|supernatural:perception|times:death
Maase-Zadikim_0036	maase-zadikim	none	ethics-and-emotions:virtues|social:relations_with_non_hasidim|supernatural:perception
Maase-Zadikim_0037	maase-zadikim	minor	characters-and-roles:the_family_of_the_tsaddik|social:conflict|social:marital_relationship|spaces:rabbinical_court
Maase-Zadikim_0038	maase-zadikim	none	ethics-and-emotions:virtues
Maase-Zadikim_0039	maase-zadikim	none	ethics-and-emotions:virtues
Maase-Zadikim_0040	maase-zadikim	none	practice:sermon
Maase-Zadikim_0041	maase-zadikim	none	ethics-and-emotions:lying|ethics-and-emotions:virtues|folkloristics:story_type_virtues
Peer-MiKdoshim_0001	PeerMikdoshim	catalyst	ethics-and-emotions:anger|ethics-and-emotions:charity|ethics-and-emotions:fear|ethics-and-emotions:humility|ethics-and-emotions:pride|ethics-and-emotions:prohibitions|ethics-and-emotions:punishment|ethics-and-emotions:repentance|ethics-and-emotions:virtues|folkloristics:story_type_rapprochement|knowledge:esoteric|practice:pidyon_nefesh|practice:releasing_agunot|practice:storytelling|practice:travel_to_the_tsaddik|social:conflict|social:inter_hasidic|social:retrospective_recognition|spaces:heaven|supernatural:miracle|supernatural:perception|supernatural:prognostication|supernatural:reincarnation|times:death
Peer-MiKdoshim_0002	PeerMikdoshim	none	practice:solitude|practice:study|social:relations_with_the_authorities|supernatural:communicating_with_the_invisible|supernatural:magic|supernatural:perception|supernatural:reincarnation
Peer-MiKdoshim_0003	PeerMikdoshim	none	ethics-and-emotions:prohibitions|social:retrospective_recognition|supernatural:magic|supernatural:perception|supernatural:reincarnation
Peer-MiKdoshim_0004	PeerMikdoshim	catalyst	ethics-and-emotions:anger|ethics-and-emotions:fear|ethics-and-emotions:prohibitions|ethics-and-emotions:punishment|experience:dream|practice:fasting|social:conflict|social:relations_with_non_jews|spaces:rabbinical_court|supernatural:perception|supernatural:reincarnation
Peer-MiKdoshim_0005	PeerMikdoshim	mention_only	characters-and-roles:demons|ethics-and-emotions:fear|ethics-and-emotions:prohibitions|ethics-and-emotions:sadness|folkloristics:story_type_virtues|practice:fasting|practice:healing_of_the_soul|practice:prayer|practice:protection|practice:sermon|practice:study|social:conflict|social:marriage|social:relations_with_non_jews|social:retrospective_recognition|supernatural:communicating_with_the_invisible|supernatural:magic|supernatural:miracle
Peer-MiKdoshim_0006	PeerMikdoshim	catalyst	characters-and-roles:the_family_of_the_tsaddik|ethics-and-emotions:charity|ethics-and-emotions:fear|ethics-and-emotions:lying|ethics-and-emotions:prohibitions|ethics-and-emotions:punishment|ethics-and-emotions:virtues|folkloristics:story_type_prognostication|folkloristics:story_type_virtues|practice:recitation_of_psalms|practice:releasing_agunot|practice:storytelling|practice:study|practice:torat_ha_tsaddik|practice:travel_to_the_tsaddik|social:converts_and_conversion|social:inter_hasidic_master_disciple_relationship|social:marriage|social:retrospective_recognition|supernatural:miracle|supernatural:perception|supernatural:prognostication|times:death
Peer-MiKdoshim_0007	PeerMikdoshim	none	ethics-and-emotions:anger|ethics-and-emotions:fear|ethics-and-emotions:lying|ethics-and-emotions:pride|ethics-and-emotions:prohibitions|ethics-and-emotions:repentance|ethics-and-emotions:shame|ethics-and-emotions:virtues|experience:trembling|folkloristics:story_type_rapprochement|folkloristics:story_type_revelation|folkloristics:story_type_virtues|practice:reception_of_hasidim|practice:travel_to_the_tsaddik|social:conflict|social:inter_hasidic_master_disciple_relationship|social:relations_with_non_hasidim|social:relations_with_sinners|social:retrospective_recognition|supernatural:perception
Peer-MiKdoshim_0008	PeerMikdoshim	none	characters-and-roles:elijah_the_prophet|ethics-and-emotions:anger|ethics-and-emotions:charity|ethics-and-emotions:fear|ethics-and-emotions:prohibitions|ethics-and-emotions:punishment|ethics-and-emotions:repentance|ethics-and-emotions:sadness|ethics-and-emotions:virtues|experience:revelation|folkloristics:story_type_virtues|practice:lifesaving|practice:prayer|practice:protection|practice:reception_of_hasidim|practice:travel_to_the_tsaddik|social:retrospective_recognition|spaces:heaven|supernatural:communicating_with_the_invisible|supernatural:miracle|supernatural:perception
Peer-MiKdoshim_0009	PeerMikdoshim	catalyst	characters-and-roles:agunah|ethics-and-emotions:adultery|ethics-and-emotions:anger|ethics-and-emotions:joy|ethics-and-emotions:lust|ethics-and-emotions:lying|ethics-and-emotions:pride|ethics-and-emotions:prohibitions|ethics-and-emotions:punishment|ethics-and-emotions:sadness|experience:revelation|folkloristics:story_type_prognostication|folkloristics:story_type_virtues|practice:releasing_agunot|practice:study|practice:travel_to_the_tsaddik|social:conflict|social:disobedience|social:divorce|social:inter_hasidic_master_disciple_relationship|social:marital_relationship|social:marriage|social:relations_with_the_authorities|social:retrospective_recognition|spaces:rabbinical_court|supernatural:perception|supernatural:prognostication
Peer-MiKdoshim_0010	PeerMikdoshim	major	ethics-and-emotions:charity|ethics-and-emotions:fear|ethics-and-emotions:lust|ethics-and-emotions:prohibitions|ethics-and-emotions:resisting_temptation|ethics-and-emotions:virtues|folkloristics:story_type_virtues|practice:releasing_agunot|practice:study|social:marital_relationship|social:marriage|social:retrospective_recognition|spaces:rabbinical_court|supernatural:miracle|times:death
Peer-MiKdoshim_0011	PeerMikdoshim	catalyst	ethics-and-emotions:joy|ethics-and-emotions:lying|ethics-and-emotions:sadness|practice:circumcision|practice:recitation_of_psalms|social:conflict|social:relations_with_non_jews|social:relations_with_the_authorities|social:retrospective_recognition|supernatural:miracle
Peer-MiKdoshim_0012	PeerMikdoshim	major	
Peer-MiKdoshim_0013	PeerMikdoshim	none	ethics-and-emotions:prohibitions|practice:halakhah|practice:storytelling|spaces:heaven
Peer-MiKdoshim_0014	PeerMikdoshim	minor	characters-and-roles:tavern_keeper|ethics-and-emotions:fear|experience:dream|folkloristics:story_type_prognostication|folkloristics:story_type_protection|folkloristics:story_type_virtues|practice:protection|practice:travel_to_the_tsaddik|social:relations_with_non_jews|supernatural:communicating_with_the_invisible|supernatural:miracle|supernatural:perception|supernatural:prognostication
Peer-MiKdoshim_0015	PeerMikdoshim	major	characters-and-roles:demons|characters-and-roles:tavern_keeper|ethics-and-emotions:anger|ethics-and-emotions:fear|ethics-and-emotions:lying|ethics-and-emotions:punishment|ethics-and-emotions:repentance|ethics-and-emotions:sadness|folkloristics:story_type_prognostication|folkloristics:story_type_virtues|practice:business_advice|practice:travel_to_the_tsaddik|social:conflict|social:marriage|social:relations_with_non_jews|social:relations_with_the_authorities|social:retrospective_recognition|supernatural:magic|supernatural:miracle|supernatural:perception|supernatural:prognostication|times:death
Peer-MiKdoshim_0016	PeerMikdoshim	minor	ethics-and-emotions:charity|ethics-and-emotions:joy|ethics-and-emotions:virtues|folkloristics:story_type_virtues|practice:releasing_agunot|practice:storytelling|practice:study|social:inter_hasidic|social:marital_relationship|social:marriage|social:poverty|social:retrospective_recognition|supernatural:miracle
Peer-MiKdoshim_0017	PeerMikdoshim	none	ethics-and-emotions:anger|practice:drinking_alcohol|practice:protection|supernatural:perception|times:holidays
Peer-MiKdoshim_0018	PeerMikdoshim	mention_only	folkloristics:story_type_virtues|practice:business_advice|practice:drinking_alcohol|practice:pidyon_nefesh|social:relations_with_non_jews|supernatural:prognostication
Khal-Kdoshim_0001	Khal-Kdoshim	mention_only	ethics-and-emotions:sadness|practice:drinking_alcohol|practice:lifesaving|practice:prayer|practice:reception_of_hasidim|practice:travel_to_the_tsaddik|social:disobedience|social:inter_hasidic|social:inter_hasidic_master_disciple_relationship|social:marital_relationship|supernatural:perception|supernatural:prognostication
Khal-Kdoshim_0002	Khal-Kdoshim	none	characters-and-roles:hidden_righteous|folkloristics:story_type_protection|practice:fasting|practice:prayer|practice:protection|social:relations_with_non_jews|supernatural:prognostication
Khal-Kdoshim_0003	Khal-Kdoshim	minor	ethics-and-emotions:fear|experience:revelation|folkloristics:story_type_protection|practice:protection|practice:recitation_of_psalms|social:conflict|social:relations_with_non_jews|social:relations_with_the_authorities|social:retrospective_recognition
Khal-Kdoshim_0004	Khal-Kdoshim	mention_only	characters-and-roles:demons|social:conflict|social:marriage|supernatural:perception
Khal-Kdoshim_0005	Khal-Kdoshim	none	characters-and-roles:hidden_righteous|ethics-and-emotions:prohibitions|kabbalah|knowledge:esoteric|knowledge:practical_kabbalah|practice:study|practice:tvilah|social:relations_with_non_jews|supernatural:magic|supernatural:miracle|supernatural:prognostication|times:death|times:holidays
Khal-Kdoshim_0006	Khal-Kdoshim	none	characters-and-roles:the_family_of_the_tsaddik|ethics-and-emotions:fear|ethics-and-emotions:joy|practice:dance|practice:drinking_alcohol|practice:healing|practice:lifesaving|practice:music|social:inter_hasidic|social:inter_hasidic_master_disciple_relationship|times:holidays
Khal-Kdoshim_0007	Khal-Kdoshim	minor	characters-and-roles:demons|social:conflict|social:marriage|supernatural:perception
Khal-Kdoshim_0008	Khal-Kdoshim	none	ethics-and-emotions:humility|ethics-and-emotions:pride|ethics-and-emotions:prohibitions|ethics-and-emotions:virtues|folkloristics:story_type_virtues|times:death
Khal-Kdoshim_0009	Khal-Kdoshim	none	ethics-and-emotions:fear|practice:prayer|social:relations_with_the_authorities|social:retrospective_recognition|supernatural:miracle|supernatural:perception
Khal-Kdoshim_0010	Khal-Kdoshim	mention_only	ethics-and-emotions:anger|ethics-and-emotions:fear|ethics-and-emotions:prohibitions|ethics-and-emotions:punishment|kabbalah|knowledge:esoteric|practice:prayer|practice:protection|practice:storytelling|practice:study|social:excommunication|social:relations_with_non_jews|social:relations_with_the_authorities|social:retrospective_recognition|supernatural:communicating_with_the_invisible|supernatural:perception
Khal-Kdoshim_0011	Khal-Kdoshim	minor	ethics-and-emotions:fear|ethics-and-emotions:prohibitions|ethics-and-emotions:punishment|ethics-and-emotions:repentance|ethics-and-emotions:sadness|ethics-and-emotions:virtues|experience:dream|experience:revelation|folkloristics:story_type_virtues|kabbalah:kabbalistic_terms_kavvanot|knowledge:esoteric|practice:asceticism|practice:fasting|practice:meditation|practice:pilgrimage_to_the_graves_of_tsaddikim|practice:prayer|practice:study|social:marital_relationship|social:retrospective_recognition|spaces:heaven|supernatural:communicating_with_the_invisible|supernatural:perception|times:death
Khal-Kdoshim_0012	Khal-Kdoshim	minor	ethics-and-emotions:adultery|ethics-and-emotions:lust|ethics-and-emotions:prohibitions|ethics-and-emotions:repentance|practice:fasting|practice:sermon|supernatural:magic|supernatural:perception|supernatural:prognostication
Mifalot-HaZadikim_0001	Mifalot-HaZadikim	major	characters-and-roles:agunah|ethics-and-emotions:lying|ethics-and-emotions:repentance|experience:revelation|practice:releasing_agunot|practice:the_travels_of_the_tsaddik|social:converts_and_conversion|social:divorce|supernatural:miracle|supernatural:perception|supernatural:prognostication|times:historical_event
Mifalot-HaZadikim_0002	Mifalot-HaZadikim	none	experience:dream|knowledge:esoteric
Mifalot-HaZadikim_0003	Mifalot-HaZadikim	none	folkloristics:story_type_rapprochement|practice:prayer|practice:travel_to_the_tsaddik|social:inter_hasidic_master_disciple_relationship|supernatural:perception
Mifalot-HaZadikim_0004	Mifalot-HaZadikim	none	practice:travel_to_the_tsaddik|social:inter_hasidic_master_disciple_relationship
Mifalot-HaZadikim_0005	Mifalot-HaZadikim	none	practice:prayer
Mifalot-HaZadikim_0006	Mifalot-HaZadikim	minor	characters-and-roles:elijah_the_prophet|characters-and-roles:hidden_righteous|characters-and-roles:preacher|characters-and-roles:the_family_of_the_tsaddik|ethics-and-emotions:anger|ethics-and-emotions:charity|ethics-and-emotions:fear|ethics-and-emotions:joy|ethics-and-emotions:prohibitions|ethics-and-emotions:sadness|ethics-and-emotions:shame|ethics-and-emotions:virtues|experience:revelation|folkloristics:story_type_prognostication|knowledge:esoteric|practice:drinking_alcohol|practice:music|practice:prayer|practice:recitation_of_psalms|practice:releasing_agunot|practice:sermon|practice:study|social:marital_relationship|social:marriage|social:poverty|social:retrospective_recognition|supernatural:communicating_with_the_invisible|supernatural:light_or_fire_as_a_sign_of_righteousness|supernatural:magic|supernatural:miracle|supernatural:perception|supernatural:pregnancy|supernatural:prognostication|times:birth|times:death
Mifalot-HaZadikim_0007	Mifalot-HaZadikim	none	characters-and-roles:preacher|characters-and-roles:ritual_slaughterer|ethics-and-emotions:joy|folkloristics:story_type_virtues|practice:ritual_slaughtering|practice:the_travels_of_the_tsaddik|social:inter_hasidic|social:inter_hasidic_master_disciple_relationship|social:retrospective_recognition|supernatural:perception|supernatural:prognostication|times:shabbat
Mifalot-HaZadikim_0008	Mifalot-HaZadikim	minor	characters-and-roles:angels|experience:dream|practice:pidyon_nefesh|practice:prayer|practice:protection|practice:the_travels_of_the_tsaddik|practice:torat_ha_tsaddik|social:inter_hasidic|social:inter_hasidic_master_disciple_relationship|spaces:heaven|supernatural:communicating_with_the_invisible|supernatural:perception
Mifalot-HaZadikim_0009	Mifalot-HaZadikim	none	ethics-and-emotions:awe|ethics-and-emotions:fear|ethics-and-emotions:virtues|experience:enthusiasm|folkloristics:story_type_protection|practice:drinking_alcohol|practice:protection|social:inter_hasidic|social:inter_hasidic_master_disciple_relationship|spaces:beth_midrash|spaces:institutions_hassidic_court|supernatural:perception
Mifalot-HaZadikim_0010	Mifalot-HaZadikim	none	practice:the_travels_of_the_tsaddik|social:inter_hasidic|social:inter_hasidic_conflict_between_tsaddikim|social:inter_hasidic_master_disciple_relationship
Mifalot-HaZadikim_0011	Mifalot-HaZadikim	none	ethics-and-emotions:anger|ethics-and-emotions:prohibitions|experience:enthusiasm|practice:sermon|practice:travel_to_other_tsaddik|practice:travel_to_the_tsaddik|social:inter_hasidic|social:inter_hasidic_master_disciple_relationship
Mifalot-HaZadikim_0012	Mifalot-HaZadikim	none	ethics-and-emotions:humility|practice:storytelling|practice:study|social:relations_with_non_jews|supernatural:perception|times:shabbat
Mifalot-HaZadikim_0013	Mifalot-HaZadikim	minor	ethics-and-emotions:lust|ethics-and-emotions:prohibitions
Mifalot-HaZadikim_0014	Mifalot-HaZadikim	mention_only	characters-and-roles:elijah_the_prophet|characters-and-roles:hidden_righteous|characters-and-roles:preacher|ethics-and-emotions:fear|ethics-and-emotions:joy|experience:revelation|folkloristics:story_type_advent|social:relations_with_non_jews|social:retrospective_recognition|supernatural:communicating_with_the_invisible|supernatural:light_or_fire_as_a_sign_of_righteousness|supernatural:miracle|supernatural:perception|supernatural:prognostication
Mifalot-HaZadikim_0015	Mifalot-HaZadikim	minor	characters-and-roles:hidden_righteous|characters-and-roles:the_family_of_the_tsaddik|ethics-and-emotions:prohibitions|experience:enthusiasm|kabbalah:kabbalistic_terms_yihudim|practice:meditation|practice:prayer|practice:tefillin|practice:travel_to_the_tsaddik|practice:worship_through_corporeality|social:inter_hasidic|social:retrospective_recognition|spaces:institutions_hassidic_court
Mifalot-HaZadikim_0016	Mifalot-HaZadikim	none	ethics-and-emotions:joy|ethics-and-emotions:prohibitions|ethics-and-emotions:repentance|ethics-and-emotions:sadness|practice:asceticism|practice:travel_to_the_tsaddik|social:inter_hasidic_master_disciple_relationship|supernatural:perception|times:shabbat
Mifalot-HaZadikim_0017	Mifalot-HaZadikim	minor	characters-and-roles:the_family_of_the_tsaddik|practice:asceticism|practice:study|social:poverty|supernatural:magic
Mifalot-HaZadikim_0018	Mifalot-HaZadikim	mention_only	characters-and-roles:angel_of_death|characters-and-roles:demons|characters-and-roles:the_family_of_the_tsaddik|ethics-and-emotions:humility|ethics-and-emotions:lying|ethics-and-emotions:pride|ethics-and-emotions:prohibitions|ethics-and-emotions:punishment|ethics-and-emotions:resisting_temptation|experience:revelation|folkloristics:story_type_protection|kabbalah:kabbalistic_terms_kavvanot|kabbalah:kabbalistic_terms_yihudim|knowledge:esoteric|knowledge:practical_kabbalah|practice:protection|practice:use_of_holy_names|social:conflict|social:inter_hasidic|supernatural:communicating_with_the_invisible|supernatural:magic|supernatural:miracle|supernatural:perception
Mifalot-HaZadikim_0019	Mifalot-HaZadikim	mention_only	characters-and-roles:baal_shem|ethics-and-emotions:prohibitions|ethics-and-emotions:punishment|knowledge:esoteric|knowledge:practical_kabbalah|practice:healing|practice:protection|practice:tvilah|practice:use_of_holy_names|practice:writing_amulets|social:conflict|social:relations_with_non_hasidim|social:retrospective_recognition|supernatural:magic|supernatural:miracle|supernatural:perception|times:shabbat
Mifalot-HaZadikim_0020	Mifalot-HaZadikim	none	practice:the_travels_of_the_tsaddik|practice:tvilah|spaces:mikveh
Mifalot-HaZadikim_0021	Mifalot-HaZadikim	none	ethics-and-emotions:prohibitions|ethics-and-emotions:repentance|ethics-and-emotions:shame|ethics-and-emotions:virtues|folkloristics:story_type_virtues|practice:protection|practice:storytelling|practice:the_travels_of_the_tsaddik|practice:travel_to_the_tsaddik|social:inter_hasidic|social:inter_hasidic_master_disciple_relationship|social:relations_with_non_jews|social:retrospective_recognition|supernatural:perception
Mifalot-HaZadikim_0022	Mifalot-HaZadikim	none	characters-and-roles:hidden_righteous|ethics-and-emotions:charity|experience:devekut|experience:journey_to_heaven|knowledge:esoteric|practice:devekut|practice:fasting|practice:pidyon_shvuyim|practice:redemption_of_captives|practice:study|social:inter_hasidic|social:inter_hasidic_master_disciple_relationship|supernatural:perception
Mifalot-HaZadikim_0023	Mifalot-HaZadikim	minor	characters-and-roles:demons|characters-and-roles:the_family_of_the_tsaddik|social:marital_relationship|social:poverty|supernatural:communicating_with_the_invisible|supernatural:perception
Mifalot-HaZadikim_0024	Mifalot-HaZadikim	minor	knowledge:esoteric|social:inter_hasidic|supernatural:perception|supernatural:reincarnation
Mifalot-HaZadikim_0025	Mifalot-HaZadikim	mention_only	characters-and-roles:demons|characters-and-roles:hidden_righteous|ethics-and-emotions:adultery|ethics-and-emotions:lust|ethics-and-emotions:repentance|practice:lifesaving|practice:tvilah|social:marital_relationship|social:relations_with_non_jews|supernatural:communicating_with_the_invisible|supernatural:miracle|supernatural:perception|times:holidays
Mifalot-HaZadikim_0026	Mifalot-HaZadikim	none	characters-and-roles:hidden_righteous|characters-and-roles:preacher|ethics-and-emotions:fear|ethics-and-emotions:lying|experience:enthusiasm|folkloristics:story_type_rapprochement|folkloristics:story_type_revelation|folkloristics:story_type_virtues|knowledge:esoteric|practice:reception_of_hasidim|practice:smoking|practice:travel_to_the_tsaddik|social:inter_hasidic|social:inter_hasidic_master_disciple_relationship|social:retrospective_recognition|spaces:institutions_hassidic_court|supernatural:perception|supernatural:prognostication|times:death
Mifalot-HaZadikim_0027	Mifalot-HaZadikim	major	characters-and-roles:hidden_righteous|ethics-and-emotions:anger|ethics-and-emotions:fear|ethics-and-emotions:joy|ethics-and-emotions:lying|ethics-and-emotions:prohibitions|ethics-and-emotions:punishment|ethics-and-emotions:sadness|ethics-and-emotions:shame|ethics-and-emotions:virtues|experience:revelation|folkloristics:story_type_revelation|knowledge:esoteric|knowledge:practical_kabbalah|practice:pidyon_nefesh|practice:prayer|practice:storytelling|practice:tvilah|social:conflict|social:inter_hasidic|social:inter_hasidic_master_disciple_relationship|social:relations_with_non_jews|social:retrospective_recognition|supernatural:communicating_with_the_invisible|supernatural:contraction_of_the_road|supernatural:light_or_fire_as_a_sign_of_righteousness|supernatural:miracle|supernatural:perception|times:shabbat
Mifalot-HaZadikim_0028	Mifalot-HaZadikim	major	ethics-and-emotions:lust|ethics-and-emotions:prohibitions|ethics-and-emotions:resisting_temptation|practice:meditation
Mifalot-HaZadikim_0029	Mifalot-HaZadikim	minor	ethics-and-emotions:lust|ethics-and-emotions:prohibitions|ethics-and-emotions:punishment|ethics-and-emotions:resisting_temptation|practice:study
Mifalot-HaZadikim_0030	Mifalot-HaZadikim	none	ethics-and-emotions:repentance|ethics-and-emotions:sadness|experience:devekut|experience:enthusiasm|practice:devekut|practice:meditation|practice:reception_of_hasidim|practice:torat_ha_tsaddik|practice:travel_to_the_tsaddik|social:inter_hasidic|social:inter_hasidic_master_disciple_relationship
Mifalot-HaZadikim_0031	Mifalot-HaZadikim	none	practice:sermon
Mifalot-HaZadikim_0032	Mifalot-HaZadikim	none	practice:protection|practice:sermon
Mifalot-HaZadikim_0033	Mifalot-HaZadikim	none	
Mifalot-HaZadikim_0034	Mifalot-HaZadikim	none	ethics-and-emotions:repentance|practice:sermon
Mifalot-HaZadikim_0035	Mifalot-HaZadikim	none	ethics-and-emotions:repentance|practice:sermon
Mifalot-HaZadikim_0036	Mifalot-HaZadikim	none	practice:sermon
Mifalot-HaZadikim_0037	Mifalot-HaZadikim	none	practice:sermon
Mifalot-HaZadikim_0038	Mifalot-HaZadikim	none	practice:prayer|practice:sermon
Mifalot-HaZadikim_0039	Mifalot-HaZadikim	none	practice:sermon
Mifalot-HaZadikim_0040	Mifalot-HaZadikim	none	practice:prayer|practice:sermon
Mifalot-HaZadikim_0041	Mifalot-HaZadikim	none	practice:sermon|times:shabbat
Mifalot-HaZadikim_0042	Mifalot-HaZadikim	none	ethics-and-emotions:anger|ethics-and-emotions:pride|kabbalah:kabbalistic_terms_yihudim|knowledge:esoteric|practice:meditation|practice:sermon|practice:study|practice:travel_to_other_tsaddik|social:inter_hasidic|social:inter_hasidic_master_disciple_relationship|social:retrospective_recognition
Mifalot-HaZadikim_0043	Mifalot-HaZadikim	none	ethics-and-emotions:repentance|folkloristics:story_type_death_of_the_tsaddik|practice:sermon|social:inter_hasidic_master_disciple_relationship|times:death
Mifalot-HaZadikim_0044	Mifalot-HaZadikim	none	ethics-and-emotions:pride|ethics-and-emotions:prohibitions|practice:study|practice:travel_to_other_tsaddik|practice:travel_to_the_tsaddik|social:inter_hasidic_master_disciple_relationship
Mifalot-HaZadikim_0045	Mifalot-HaZadikim	none	ethics-and-emotions:awe|ethics-and-emotions:fear|ethics-and-emotions:humility|ethics-and-emotions:joy|ethics-and-emotions:pride|ethics-and-emotions:prohibitions|ethics-and-emotions:shame|ethics-and-emotions:virtues|folkloristics:story_type_virtues|practice:reception_of_hasidim|practice:study|practice:travel_to_the_tsaddik|social:inter_hasidic_master_disciple_relationship|supernatural:perception|times:shabbat
Mifalot-HaZadikim_0046	Mifalot-HaZadikim	none	practice:ritual_slaughtering|practice:study|practice:travel_to_the_tsaddik|social:conflict|social:inter_hasidic_master_disciple_relationship|social:relations_with_non_hasidim
Mifalot-HaZadikim_0047	Mifalot-HaZadikim	none	experience:dream|practice:reception_of_hasidim|practice:travel_to_the_tsaddik|social:inter_hasidic_master_disciple_relationship
Mifalot-HaZadikim_0048	Mifalot-HaZadikim	none	ethics-and-emotions:punishment|ethics-and-emotions:repentance|practice:prayer|practice:sermon|practice:study
Mifalot-HaZadikim_0049	Mifalot-HaZadikim	none	ethics-and-emotions:sadness|folkloristics:story_type_death_of_the_tsaddik|social:inter_hasidic|social:inter_hasidic_inheritance_of_leadership|social:inter_hasidic_master_disciple_relationship|times:death
Mifalot-HaZadikim_0050	Mifalot-HaZadikim	none	ethics-and-emotions:sadness|folkloristics:story_type_death_of_the_tsaddik|social:inter_hasidic_inheritance_of_leadership|social:inter_hasidic_master_disciple_relationship|supernatural:perception|times:death
Mifalot-HaZadikim_0051	Mifalot-HaZadikim	none	practice:sermon|times:shabbat
Mifalot-HaZadikim_0052	Mifalot-HaZadikim	none	ethics-and-emotions:shame|social:conflict|social:inter_hasidic_master_disciple_relationship
Mifalot-HaZadikim_0053	Mifalot-HaZadikim	minor	ethics-and-emotions:prohibitions|ethics-and-emotions:virtues|practice:clothing|social:inter_hasidic|supernatural:magic|supernatural:miracle|supernatural:perception
Mifalot-HaZadikim_0054	Mifalot-HaZadikim	none	characters-and-roles:preacher|ethics-and-emotions:humility|ethics-and-emotions:pride|ethics-and-emotions:repentance|ethics-and-emotions:shame|practice:the_travels_of_the_tsaddik|social:conflict
Khal-Hasidim_0001	Khal-Hasidim	mention_only	characters-and-roles:demons|characters-and-roles:elijah_the_prophet|characters-and-roles:hidden_righteous|characters-and-roles:the_family_of_the_tsaddik|ethics-and-emotions:anger|ethics-and-emotions:fear|ethics-and-emotions:joy|ethics-and-emotions:lust|ethics-and-emotions:lying|ethics-and-emotions:virtues|experience:dream|experience:revelation|folkloristics:story_type_birth_of_the_tsaddik|folkloristics:story_type_prognostication|folkloristics:story_type_protection|folkloristics:story_type_virtues|knowledge:practical_kabbalah|practice:music|practice:pidyon_nefesh|practice:protection|practice:solitude|practice:study|social:conflict|social:marital_relationship|social:relations_with_non_jews|social:relations_with_the_authorities|social:retrospective_recognition|spaces:beth_midrash|supernatural:communicating_with_the_invisible|supernatural:magic|supernatural:miracle|supernatural:perception|supernatural:pregnancy|supernatural:prognostication|times:birth|times:death|times:inauguration
Khal-Hasidim_0002	Khal-Hasidim	minor	characters-and-roles:angels|characters-and-roles:hidden_righteous|characters-and-roles:the_family_of_the_tsaddik|ethics-and-emotions:lying|ethics-and-emotions:punishment|ethics-and-emotions:shame|experience:dream|experience:revelation|folkloristics:story_type_advent|folkloristics:story_type_inauguration|folkloristics:story_type_virtues|kabbalah:kabbalistic_terms_kavvanot|knowledge:esoteric|knowledge:practical_kabbalah|knowledge:secret_texts|practice:asceticism|practice:drinking_alcohol|practice:fasting|practice:meditation|practice:music|practice:pidyon_nefesh|practice:pilgrimage_to_the_graves_of_tsaddikim|practice:protection|practice:recitation_of_psalms|practice:releasing_agunot|practice:solitude|practice:study|social:conflict|social:disobedience|social:inter_hasidic_master_disciple_relationship|social:marital_relationship|social:marriage|social:poverty|social:relations_with_non_jews|social:relations_with_sinners|social:relations_with_the_authorities|social:retrospective_recognition|spaces:beth_midrash|supernatural:magic|supernatural:miracle|supernatural:perception|supernatural:prognostication|times:death|times:inauguration|times:shabbat
Khal-Hasidim_0003	Khal-Hasidim	minor	characters-and-roles:hidden_righteous|characters-and-roles:the_family_of_the_tsaddik|ethics-and-emotions:punishment|ethics-and-emotions:repentance|practice:healing_of_the_soul|practice:solitude|social:relations_with_sinners|spaces:the_land_of_israel|supernatural:contraction_of_the_road|supernatural:magic|supernatural:perception|supernatural:reincarnation
Khal-Hasidim_0004	Khal-Hasidim	minor	characters-and-roles:hidden_righteous|characters-and-roles:preacher|characters-and-roles:the_family_of_the_tsaddik|ethics-and-emotions:anger|ethics-and-emotions:awe|ethics-and-emotions:fear|experience:devekut|experience:revelation|experience:visions|folkloristics:story_type_advent|folkloristics:story_type_inauguration|folkloristics:story_type_rapprochement|folkloristics:story_type_revelation|folkloristics:story_type_virtues|knowledge:esoteric|knowledge:secret_texts|practice:devekut|practice:prayer|practice:sermon|practice:solitude|practice:tefillin|practice:tvilah|social:inter_hasidic|social:inter_hasidic_master_disciple_relationship|social:marital_relationship|social:retrospective_recognition|spaces:mikveh|supernatural:light_or_fire_as_a_sign_of_righteousness|supernatural:miracle|supernatural:perception|supernatural:prognostication|times:holidays|times:inauguration|times:shabbat
Khal-Hasidim_0005	Khal-Hasidim	none	experience:devekut|practice:devekut|practice:solitude|practice:tvilah
Khal-Hasidim_0006	Khal-Hasidim	catalyst	practice:healing|practice:prayer|practice:protection|social:relations_with_non_jews|social:relations_with_the_authorities|supernatural:perception
Khal-Hasidim_0007	Khal-Hasidim	none	ethics-and-emotions:awe|ethics-and-emotions:fear|folkloristics:story_type_rapprochement|practice:healing_of_the_soul|practice:prayer|social:relations_with_non_hasidim|social:retrospective_recognition
Khal-Hasidim_0008	Khal-Hasidim	none	characters-and-roles:ritual_slaughterer|ethics-and-emotions:fear|experience:journey_to_heaven|experience:visions|knowledge:esoteric|practice:healing|practice:storytelling|practice:use_of_holy_names|spaces:heaven|supernatural:magic
Khal-Hasidim_0009	Khal-Hasidim	minor	characters-and-roles:demons|characters-and-roles:hidden_righteous|characters-and-roles:the_family_of_the_tsaddik|ethics-and-emotions:fear|ethics-and-emotions:lying|ethics-and-emotions:prohibitions|ethics-and-emotions:punishment|experience:revelation|folkloristics:story_type_advent|folkloristics:story_type_revelation|knowledge:esoteric|knowledge:practical_kabbalah|practice:fasting|practice:healing|practice:prayer|practice:protection|practice:solitude|practice:tvilah|practice:use_of_holy_names|social:conflict|social:inter_hasidic|social:marital_relationship|social:poverty|social:relations_with_non_jews|social:retrospective_recognition|spaces:mikveh|supernatural:communicating_with_the_invisible|supernatural:magic|supernatural:miracle|supernatural:perception|supernatural:prognostication
Khal-Hasidim_0010	Khal-Hasidim	minor	characters-and-roles:demons|characters-and-roles:scribe|practice:protection|practice:writing_amulets|supernatural:communicating_with_the_invisible|supernatural:magic
Khal-Hasidim_0011	Khal-Hasidim	minor	characters-and-roles:angel_of_death|ethics-and-emotions:repentance|folkloristics:story_type_prognostication|social:retrospective_recognition|supernatural:communicating_with_the_invisible|supernatural:perception|supernatural:prognostication
Khal-Hasidim_0012	Khal-Hasidim	minor	characters-and-roles:elijah_the_prophet|characters-and-roles:the_family_of_the_tsaddik|ethics-and-emotions:joy|experience:revelation|knowledge:practical_kabbalah|practice:storytelling|practice:use_of_holy_names|social:conflict|social:relations_with_non_jews|social:retrospective_recognition|spaces:heaven|spaces:the_land_of_israel|supernatural:communicating_with_the_invisible|supernatural:magic|supernatural:miracle|supernatural:perception|supernatural:pregnancy|supernatural:prognostication|times:holidays
Khal-Hasidim_0013	Khal-Hasidim	major	characters-and-roles:the_family_of_the_tsaddik|ethics-and-emotions:joy|ethics-and-emotions:sadness|experience:enthusiasm|experience:journey_to_heaven|practice:drinking_alcohol|practice:prayer|practice:protection|practice:recitation_of_psalms|social:relations_with_non_jews|social:retrospective_recognition|spaces:the_land_of_israel|supernatural:perception|times:holidays
Khal-Hasidim_0014	Khal-Hasidim	none	characters-and-roles:ritual_slaughterer|ethics-and-emotions:anger|ethics-and-emotions:prohibitions|practice:healing|practice:prayer|practice:ritual_slaughtering|practice:study|social:competition|social:conflict|social:retrospective_recognition|supernatural:perception
Khal-Hasidim_0015	Khal-Hasidim	mention_only	ethics-and-emotions:fear|folkloristics:story_type_prognostication|supernatural:perception|supernatural:prognostication
Khal-Hasidim_0016	Khal-Hasidim	none	kabbalah|practice:prayer|supernatural:perception
Khal-Hasidim_0017	Khal-Hasidim	major	ethics-and-emotions:awe|ethics-and-emotions:fear|ethics-and-emotions:punishment|ethics-and-emotions:repentance|ethics-and-emotions:virtues|experience:revelation|folkloristics:story_type_rapprochement|knowledge:esoteric|practice:study|social:inter_hasidic_master_disciple_relationship|social:marital_relationship|social:poverty|social:relations_with_non_hasidim|social:retrospective_recognition|supernatural:perception|supernatural:reincarnation|times:death
Khal-Hasidim_0018	Khal-Hasidim	none	ethics-and-emotions:joy|ethics-and-emotions:prohibitions|ethics-and-emotions:punishment|ethics-and-emotions:sadness|practice:halakhah|social:marriage|spaces:heaven|supernatural:perception|supernatural:reincarnation
Khal-Hasidim_0019	Khal-Hasidim	minor	characters-and-roles:elijah_the_prophet|characters-and-roles:the_family_of_the_tsaddik|ethics-and-emotions:punishment|experience:dream|experience:revelation|practice:prayer|practice:ritual_slaughtering|social:marital_relationship|social:poverty|social:relations_with_non_jews|supernatural:magic
Khal-Hasidim_0020	Khal-Hasidim	none	folkloristics:story_type_prognostication|social:retrospective_recognition|supernatural:prognostication
Khal-Hasidim_0021	Khal-Hasidim	minor	characters-and-roles:preacher|characters-and-roles:ritual_slaughterer|characters-and-roles:the_family_of_the_tsaddik|experience:revelation|folkloristics:story_type_advent|folkloristics:story_type_rapprochement|folkloristics:story_type_revelation|knowledge:esoteric|practice:devekut|practice:recitation_of_psalms|practice:solitude|social:inter_hasidic_master_disciple_relationship|social:marital_relationship|social:retrospective_recognition|supernatural:light_or_fire_as_a_sign_of_righteousness|supernatural:perception
Khal-Hasidim_0022	Khal-Hasidim	none	ethics-and-emotions:fear|ethics-and-emotions:sadness|experience:dream|folkloristics:story_type_rapprochement|practice:sermon|social:inter_hasidic_master_disciple_relationship|social:relations_with_non_hasidim|social:retrospective_recognition|supernatural:perception
Khal-Hasidim_0023	Khal-Hasidim	catalyst	ethics-and-emotions:lying|ethics-and-emotions:prohibitions|folkloristics:story_type_protection|folkloristics:story_type_revelation|knowledge:practical_kabbalah|practice:healing|practice:lifesaving|practice:pidyon_nefesh|social:conflict|social:marriage|social:retrospective_recognition|supernatural:communicating_with_the_invisible|supernatural:contraction_of_the_road|supernatural:magic|supernatural:miracle|supernatural:perception
Khal-Hasidim_0024	Khal-Hasidim	mention_only	characters-and-roles:magician|ethics-and-emotions:fear|ethics-and-emotions:punishment|ethics-and-emotions:repentance|folkloristics:story_type_protection|knowledge:practical_kabbalah|practice:circumcision|practice:healing|practice:lifesaving|practice:pidyon_nefesh|practice:study|social:competition|social:conflict|social:inter_hasidic_master_disciple_relationship|social:relations_with_non_jews|social:relations_with_the_authorities|social:retrospective_recognition|supernatural:magic|supernatural:miracle|supernatural:prognostication
Khal-Hasidim_0025	Khal-Hasidim	catalyst	folkloristics:story_type_prognostication|kabbalah|knowledge:esoteric|social:marital_relationship|social:relations_with_non_hasidim|social:retrospective_recognition|supernatural:perception|supernatural:prognostication|times:shabbat
Khal-Hasidim_0026	Khal-Hasidim	none	characters-and-roles:ritual_slaughterer|ethics-and-emotions:anger|ethics-and-emotions:awe|ethics-and-emotions:fear|ethics-and-emotions:shame|experience:devekut|experience:enthusiasm|experience:revelation|experience:trembling|experience:visions|practice:coping_with_alien_thoughts|practice:prayer|social:retrospective_recognition|spaces:beth_midrash|supernatural:light_or_fire_as_a_sign_of_righteousness|supernatural:perception|times:holidays
Khal-Hasidim_0027	Khal-Hasidim	catalyst	characters-and-roles:angels|experience:dream|experience:visions|practice:prayer|social:marriage|supernatural:communicating_with_the_invisible
Khal-Hasidim_0028	Khal-Hasidim	minor	characters-and-roles:angels|characters-and-roles:messiah|characters-and-roles:sabbatai_zevi|ethics-and-emotions:anger|ethics-and-emotions:awe|ethics-and-emotions:lying|ethics-and-emotions:sadness|experience:journey_to_heaven|folkloristics:story_type_protection|practice:prayer|practice:protection|practice:sermon|practice:storytelling|social:converts_and_conversion|social:inter_hasidic_master_disciple_relationship|spaces:beth_midrash|supernatural:communicating_with_the_invisible|supernatural:perception|times:eschatology|times:historical_event|times:holidays
Khal-Hasidim_0029	Khal-Hasidim	none	ethics-and-emotions:anger|ethics-and-emotions:punishment|folkloristics:story_type_prognostication|social:relations_with_non_jews|supernatural:prognostication|times:eschatology|times:historical_event
Khal-Hasidim_0030	Khal-Hasidim	mention_only	ethics-and-emotions:charity|experience:revelation|folkloristics:story_type_prognostication|practice:storytelling|practice:the_travels_of_the_tsaddik|supernatural:perception|supernatural:prognostication|times:death
Khal-Hasidim_0031	Khal-Hasidim	none	characters-and-roles:the_family_of_the_tsaddik|ethics-and-emotions:awe|ethics-and-emotions:fear|experience:revelation|experience:trembling|experience:visions|kabbalah:kabbalistic_terms_kavvanot|kabbalah:kabbalistic_terms_yihudim|knowledge:esoteric|practice:healing_of_the_soul|practice:meditation|practice:prayer|spaces:the_land_of_israel|supernatural:communicating_with_the_invisible|supernatural:miracle|supernatural:perception|times:death|times:shabbat
Khal-Hasidim_0032	Khal-Hasidim	none	characters-and-roles:preacher|ethics-and-emotions:anger|ethics-and-emotions:prohibitions|ethics-and-emotions:repentance|ethics-and-emotions:sadness|folkloristics:story_type_prognostication|folkloristics:story_type_rapprochement|practice:sermon|practice:smoking|practice:travel_to_the_tsaddik|social:conflict|social:inter_hasidic|social:inter_hasidic_master_disciple_relationship|social:relations_with_non_hasidim|social:retrospective_recognition|spaces:the_land_of_israel|supernatural:communicating_with_the_invisible|supernatural:perception|supernatural:prognostication|times:shabbat
Khal-Hasidim_0033	Khal-Hasidim	none	ethics-and-emotions:virtues|folkloristics:story_type_virtues|supernatural:perception
Khal-Hasidim_0034	Khal-Hasidim	minor	ethics-and-emotions:fear|ethics-and-emotions:prohibitions|experience:enthusiasm|folkloristics:story_type_protection|kabbalah|knowledge:esoteric|practice:prayer|practice:protection|practice:tvilah|social:relations_with_non_jews|social:relations_with_the_authorities|spaces:mikveh|supernatural:perception|supernatural:prognostication|times:death|times:shabbat
Khal-Hasidim_0035	Khal-Hasidim	mention_only	characters-and-roles:sabbatai_zevi|ethics-and-emotions:anger|ethics-and-emotions:punishment|experience:dream|experience:revelation|experience:visions|folkloristics:story_type_prognostication|knowledge:esoteric|practice:healing_of_the_soul|social:conflict|social:relations_with_sinners|social:retrospective_recognition|spaces:hell|spaces:the_land_of_israel|supernatural:communicating_with_the_invisible|supernatural:perception|supernatural:prognostication|times:death|times:holidays|times:shabbat
Khal-Hasidim_0036	Khal-Hasidim	minor	ethics-and-emotions:anger|ethics-and-emotions:charity|ethics-and-emotions:fear|ethics-and-emotions:repentance|ethics-and-emotions:sadness|experience:dream|folkloristics:story_type_prognostication|folkloristics:story_type_rapprochement|practice:music|practice:pidyon_nefesh|practice:pilgrimage_to_the_graves_of_tsaddikim|practice:protection|practice:recitation_of_psalms|practice:storytelling|social:conflict|social:converts_and_conversion|social:inter_hasidic_master_disciple_relationship|social:relations_with_non_jews|social:relations_with_sinners|social:retrospective_recognition|supernatural:communicating_with_the_invisible|supernatural:perception|supernatural:prognostication|times:death|times:shabbat
Khal-Hasidim_0037	Khal-Hasidim	none	folkloristics:story_type_rapprochement|practice:healing|practice:smoking|social:relations_with_non_hasidim|social:retrospective_recognition
Khal-Hasidim_0038	Khal-Hasidim	none	ethics-and-emotions:anger|ethics-and-emotions:fear|folkloristics:story_type_protection|knowledge:practical_kabbalah|practice:lifesaving|practice:prayer|practice:protection|social:relations_with_non_hasidim|social:retrospective_recognition|supernatural:perception|supernatural:prognostication
Khal-Hasidim_0039	Khal-Hasidim	mention_only	practice:sermon|supernatural:reincarnation
Khal-Hasidim_0040	Khal-Hasidim	none	characters-and-roles:demons|ethics-and-emotions:fear|ethics-and-emotions:lust|ethics-and-emotions:prohibitions|experience:visions|folkloristics:story_type_protection|practice:music|practice:protection|practice:study|supernatural:communicating_with_the_invisible|supernatural:magic|supernatural:perception
Khal-Hasidim_0041	Khal-Hasidim	catalyst	kabbalah:kabbalistic_terms_kavvanot|practice:healing|practice:meditation|practice:pidyon_nefesh|practice:tvilah|social:conflict|spaces:mikveh
Khal-Hasidim_0042	Khal-Hasidim	none	social:relations_with_non_jews|supernatural:magic|supernatural:prognostication
Khal-Hasidim_0043	Khal-Hasidim	none	characters-and-roles:hidden_righteous|ethics-and-emotions:virtues|practice:prayer|practice:recitation_of_psalms|supernatural:perception
Khal-Hasidim_0044	Khal-Hasidim	none	ethics-and-emotions:fear|ethics-and-emotions:humility|ethics-and-emotions:pride|ethics-and-emotions:prohibitions|experience:revelation|social:inter_hasidic_master_disciple_relationship|supernatural:communicating_with_the_invisible|supernatural:prognostication
Khal-Hasidim_0045	Khal-Hasidim	minor	characters-and-roles:preacher|ethics-and-emotions:adultery|ethics-and-emotions:anger|ethics-and-emotions:fear|ethics-and-emotions:lust|ethics-and-emotions:prohibitions|ethics-and-emotions:punishment|ethics-and-emotions:repentance|ethics-and-emotions:sadness|ethics-and-emotions:shame|ethics-and-emotions:virtues|experience:revelation|folkloristics:story_type_prognostication|practice:healing_of_the_soul|practice:prayer|practice:sermon|practice:travel_to_the_tsaddik|practice:writing_amulets|social:conflict|social:inter_hasidic_master_disciple_relationship|social:retrospective_recognition|supernatural:communicating_with_the_invisible|supernatural:perception|supernatural:prognostication|supernatural:reincarnation|times:holidays
Khal-Hasidim_0046	Khal-Hasidim	none	characters-and-roles:angel_of_death|practice:healing|practice:lifesaving|practice:prayer|social:inter_hasidic_master_disciple_relationship|spaces:beth_midrash|supernatural:communicating_with_the_invisible|supernatural:perception|times:holidays
Khal-Hasidim_0047	Khal-Hasidim	none	ethics-and-emotions:charity|experience:visions|kabbalah|knowledge:esoteric|practice:study|social:inter_hasidic_master_disciple_relationship|spaces:heaven|supernatural:communicating_with_the_invisible|supernatural:perception|times:death
Khal-Hasidim_0048	Khal-Hasidim	none	characters-and-roles:preacher|ethics-and-emotions:shame|practice:tefillin|social:competition|social:conflict|supernatural:perception|times:shabbat
Khal-Hasidim_0049	Khal-Hasidim	none	practice:tefillin|supernatural:perception
Khal-Hasidim_0050	Khal-Hasidim	major	characters-and-roles:the_family_of_the_tsaddik|ethics-and-emotions:adultery|ethics-and-emotions:charity|ethics-and-emotions:humility|ethics-and-emotions:shame|ethics-and-emotions:virtues|experience:revelation|folkloristics:story_type_virtues|practice:healing|social:poverty|supernatural:communicating_with_the_invisible|supernatural:light_or_fire_as_a_sign_of_righteousness|supernatural:miracle|supernatural:perception|supernatural:prognostication|times:shabbat
Khal-Hasidim_0051	Khal-Hasidim	mention_only	practice:healing|practice:pidyon_shvuyim|social:inter_hasidic|social:inter_hasidic_master_disciple_relationship|supernatural:pregnancy|times:birth
Khal-Hasidim_0052	Khal-Hasidim	minor	characters-and-roles:demons|characters-and-roles:magician|characters-and-roles:tavern_keeper|characters-and-roles:the_family_of_the_tsaddik|characters-and-roles:witch|practice:prayer|practice:protection|social:competition|social:conflict|social:relations_with_non_jews|supernatural:communicating_with_the_invisible|supernatural:magic|supernatural:perception
Khal-Hasidim_0053	Khal-Hasidim	mention_only	characters-and-roles:preacher|practice:drinking_alcohol|practice:joke|practice:prayer|supernatural:perception|supernatural:prognostication
Khal-Hasidim_0054	Khal-Hasidim	none	characters-and-roles:the_family_of_the_tsaddik|ethics-and-emotions:anger|ethics-and-emotions:fear|ethics-and-emotions:sadness|experience:revelation|experience:visions|knowledge:esoteric|practice:study|social:inter_hasidic_master_disciple_relationship|supernatural:communicating_with_the_invisible|supernatural:perception|times:shabbat
Khal-Hasidim_0055	Khal-Hasidim	none	kabbalah|knowledge:esoteric|practice:asceticism|practice:fasting|practice:smoking|practice:tvilah|social:inter_hasidic_master_disciple_relationship|spaces:mikveh|supernatural:communicating_with_the_invisible|supernatural:perception|supernatural:prognostication
Khal-Hasidim_0056	Khal-Hasidim	none	experience:visions|knowledge:esoteric|supernatural:light_or_fire_as_a_sign_of_righteousness|supernatural:perception|times:shabbat
Khal-Hasidim_0057	Khal-Hasidim	none	ethics-and-emotions:anger|ethics-and-emotions:fear|ethics-and-emotions:lying|practice:protection|practice:tvilah|social:relations_with_non_jews|social:relations_with_the_authorities|supernatural:perception
Khal-Hasidim_0058	Khal-Hasidim	none	experience:devekut|practice:devekut|social:inter_hasidic_master_disciple_relationship
Khal-Hasidim_0059	Khal-Hasidim	minor	ethics-and-emotions:fear|ethics-and-emotions:sadness|folkloristics:story_type_protection|practice:healing|practice:lifesaving|practice:prayer|practice:tvilah|social:retrospective_recognition|spaces:mikveh|supernatural:communicating_with_the_invisible|supernatural:magic|supernatural:miracle|supernatural:perception
Khal-Hasidim_0060	Khal-Hasidim	none	practice:prayer|social:inter_hasidic_master_disciple_relationship|supernatural:magic
Khal-Hasidim_0061	Khal-Hasidim	catalyst	folkloristics:story_type_prognostication|practice:writing_amulets|social:inter_hasidic_master_disciple_relationship|social:marital_relationship|supernatural:magic|supernatural:perception|supernatural:pregnancy|supernatural:prognostication|times:birth
Khal-Hasidim_0062	Khal-Hasidim	minor	characters-and-roles:preacher|characters-and-roles:ritual_slaughterer|ethics-and-emotions:lying|ethics-and-emotions:prohibitions|practice:ritual_slaughtering|practice:sermon|social:conflict|social:relations_with_the_authorities|social:retrospective_recognition|supernatural:contraction_of_the_road|supernatural:perception
Khal-Hasidim_0063	Khal-Hasidim	none	characters-and-roles:preacher|ethics-and-emotions:punishment|experience:dream|practice:healing_of_the_soul|practice:ritual_slaughtering|social:inter_hasidic_master_disciple_relationship|supernatural:communicating_with_the_invisible|supernatural:reincarnation|times:death|times:shabbat
Khal-Hasidim_0064	Khal-Hasidim	none	experience:enthusiasm|practice:dance|practice:prayer|practice:tvilah|social:inter_hasidic_master_disciple_relationship|spaces:beth_midrash|spaces:mikveh
Khal-Hasidim_0065	Khal-Hasidim	none	practice:prayer
Khal-Hasidim_0066	Khal-Hasidim	none	ethics-and-emotions:anger|ethics-and-emotions:pride|practice:prayer|social:conflict|social:relations_with_non_hasidim|spaces:beth_midrash
Khal-Hasidim_0067	Khal-Hasidim	none	characters-and-roles:elijah_the_prophet|experience:revelation|practice:sermon|practice:smoking|social:inter_hasidic_master_disciple_relationship|supernatural:perception|times:shabbat
Khal-Hasidim_0068	Khal-Hasidim	minor	characters-and-roles:elijah_the_prophet|characters-and-roles:the_family_of_the_tsaddik|ethics-and-emotions:fear|experience:enthusiasm|experience:revelation|folkloristics:story_type_death_of_the_tsaddik|practice:solitude|practice:storytelling|social:inter_hasidic_master_disciple_relationship|supernatural:communicating_with_the_invisible|supernatural:light_or_fire_as_a_sign_of_righteousness|supernatural:perception
Khal-Hasidim_0069	Khal-Hasidim	none	folkloristics:story_type_prognostication|practice:prayer|practice:tvilah|social:inter_hasidic_master_disciple_relationship|spaces:mikveh|supernatural:perception|supernatural:prognostication|times:death
Khal-Hasidim_0070	Khal-Hasidim	minor	ethics-and-emotions:punishment|experience:dream|practice:prayer|practice:recitation_of_psalms|social:conflict|social:excommunication|spaces:heaven|spaces:hell|supernatural:communicating_with_the_invisible|supernatural:perception|times:shabbat
Khal-Hasidim_0071	Khal-Hasidim	catalyst	ethics-and-emotions:anger|practice:protection|supernatural:perception
Khal-Hasidim_0072	Khal-Hasidim	mention_only	ethics-and-emotions:adultery|ethics-and-emotions:prohibitions|practice:sexual_abstinence|social:inter_hasidic_master_disciple_relationship|social:marital_relationship|social:relations_with_sinners|supernatural:perception
Khal-Hasidim_0073	Khal-Hasidim	none	folkloristics:story_type_prognostication|practice:healing|practice:tvilah|social:inter_hasidic_master_disciple_relationship|spaces:mikveh|supernatural:perception
Khal-Hasidim_0074	Khal-Hasidim	none	folkloristics:story_type_prognostication|supernatural:communicating_with_the_invisible|supernatural:perception|supernatural:prognostication
Khal-Hasidim_0075	Khal-Hasidim	mention_only	ethics-and-emotions:anger|folkloristics:story_type_virtues|practice:drinking_alcohol|practice:joke|practice:pidyon_shvuyim|practice:study|social:marriage|social:relations_with_non_jews|social:relations_with_the_authorities|social:retrospective_recognition|supernatural:perception
Khal-Hasidim_0076	Khal-Hasidim	none	characters-and-roles:angels|experience:dream|experience:visions|folkloristics:story_type_revelation|knowledge:esoteric|practice:pidyon_shvuyim|practice:prayer|practice:sermon|practice:tvilah|social:conflict|social:inter_hasidic_master_disciple_relationship|social:relations_with_non_hasidim|social:retrospective_recognition|spaces:heaven|spaces:mikveh|supernatural:communicating_with_the_invisible|supernatural:perception|times:shabbat
Khal-Hasidim_0077	Khal-Hasidim	none	characters-and-roles:magician|folkloristics:story_type_protection|practice:prayer|practice:protection|social:competition|social:relations_with_non_jews|social:relations_with_the_authorities|supernatural:magic
Khal-Hasidim_0078	Khal-Hasidim	none	practice:sermon|supernatural:perception
Khal-Hasidim_0079	Khal-Hasidim	none	folkloristics:story_type_death_of_the_tsaddik|social:inter_hasidic_master_disciple_relationship|supernatural:perception|times:death
Khal-Hasidim_0080	Khal-Hasidim	none	characters-and-roles:preacher|ethics-and-emotions:anger|ethics-and-emotions:joy|folkloristics:story_type_death_of_the_tsaddik|kabbalah|practice:coping_with_alien_thoughts|practice:pilgrimage_to_the_graves_of_tsaddikim|practice:prayer|practice:study|practice:tefillin|social:conflict|social:inter_hasidic_conflict_between_tsaddikim|social:inter_hasidic_master_disciple_relationship|spaces:the_land_of_israel|supernatural:communicating_with_the_invisible|supernatural:perception|times:death|times:shabbat
Khal-Hasidim_0081	Khal-Hasidim	major	characters-and-roles:the_family_of_the_tsaddik|ethics-and-emotions:joy|ethics-and-emotions:virtues|experience:revelation|folkloristics:story_type_birth_of_the_tsaddik|practice:dance|practice:prayer|practice:smoking|social:inter_hasidic_master_disciple_relationship|social:marital_relationship|social:poverty|social:retrospective_recognition|supernatural:miracle|supernatural:perception|supernatural:pregnancy|supernatural:prognostication|times:birth|times:shabbat
Khal-Hasidim_0082	Khal-Hasidim	minor	characters-and-roles:the_family_of_the_tsaddik|ethics-and-emotions:fear|ethics-and-emotions:prohibitions|ethics-and-emotions:sadness|experience:journey_to_heaven|experience:revelation|knowledge:esoteric|practice:failure|practice:prayer|practice:protection|practice:redemption_of_captives|practice:tvilah|social:conflict|social:inter_hasidic_master_disciple_relationship|social:relations_with_non_jews|spaces:heaven|spaces:hell|spaces:mikveh|supernatural:communicating_with_the_invisible|supernatural:light_or_fire_as_a_sign_of_righteousness|supernatural:perception|supernatural:prognostication|supernatural:reincarnation|times:death|times:historical_event|times:shabbat
Khal-Hasidim_0083	Khal-Hasidim	catalyst	folkloristics:story_type_rapprochement|social:retrospective_recognition|supernatural:perception
Khal-Hasidim_0084	Khal-Hasidim	minor	ethics-and-emotions:fear|kabbalah|practice:protection|social:retrospective_recognition|supernatural:perception
Khal-Hasidim_0085	Khal-Hasidim	minor	ethics-and-emotions:joy|ethics-and-emotions:prohibitions|folkloristics:story_type_prognostication|practice:dance|practice:halakhah|practice:music|practice:study|social:inter_hasidic_master_disciple_relationship|social:marriage|supernatural:perception|supernatural:prognostication
Khal-Hasidim_0086	Khal-Hasidim	none	characters-and-roles:baal_shem|ethics-and-emotions:pride|experience:dream|experience:journey_to_heaven|experience:revelation|folkloristics:story_type_advent|folkloristics:story_type_prognostication|folkloristics:story_type_rapprochement|folkloristics:story_type_revelation|knowledge:esoteric|knowledge:practical_kabbalah|practice:sermon|social:conflict|social:disobedience|social:inter_hasidic_master_disciple_relationship|social:retrospective_recognition|spaces:heaven|supernatural:communicating_with_the_invisible|supernatural:miracle|supernatural:perception|supernatural:prognostication|times:death|times:eschatology
Khal-Hasidim_0087	Khal-Hasidim	none	experience:dream|folkloristics:story_type_advent|folkloristics:story_type_rapprochement|practice:study|social:relations_with_non_hasidim|social:retrospective_recognition|spaces:heaven
Khal-Hasidim_0088	Khal-Hasidim	none	ethics-and-emotions:anger|ethics-and-emotions:fear|ethics-and-emotions:humility|ethics-and-emotions:pride|ethics-and-emotions:prohibitions|ethics-and-emotions:punishment|ethics-and-emotions:repentance|ethics-and-emotions:sadness|ethics-and-emotions:shame|ethics-and-emotions:virtues|folkloristics:story_type_rapprochement|knowledge:esoteric|practice:sermon|practice:smoking|practice:study|social:competition|social:conflict|social:inter_hasidic_master_disciple_relationship|social:retrospective_recognition|supernatural:perception|times:shabbat
Khal-Hasidim_0089	Khal-Hasidim	none	characters-and-roles:ritual_slaughterer|ethics-and-emotions:charity|ethics-and-emotions:virtues|experience:visions|practice:storytelling|social:poverty|supernatural:perception|supernatural:prognostication
Khal-Hasidim_0090	Khal-Hasidim	none	characters-and-roles:ritual_slaughterer|practice:ritual_slaughtering|social:converts_and_conversion|supernatural:perception
Khal-Hasidim_0091	Khal-Hasidim	none	practice:prayer|spaces:the_land_of_israel|supernatural:perception|times:shabbat
Khal-Hasidim_0092	Khal-Hasidim	catalyst	characters-and-roles:the_family_of_the_tsaddik|folkloristics:story_type_birth_of_the_tsaddik|folkloristics:story_type_prognostication|knowledge:practical_kabbalah|practice:healing|social:inter_hasidic_master_disciple_relationship|spaces:beth_midrash|supernatural:perception|supernatural:pregnancy|supernatural:prognostication|times:birth|times:shabbat
Khal-Hasidim_0093	Khal-Hasidim	none	practice:prayer|practice:protection|social:relations_with_non_jews|supernatural:perception
Khal-Hasidim_0094	Khal-Hasidim	none	ethics-and-emotions:punishment|supernatural:perception|supernatural:reincarnation
Khal-Hasidim_0095	Khal-Hasidim	minor	folkloristics:story_type_prognostication|supernatural:light_or_fire_as_a_sign_of_righteousness|supernatural:perception|supernatural:prognostication
Khal-Hasidim_0096	Khal-Hasidim	none	supernatural:perception
Khal-Hasidim_0097	Khal-Hasidim	none	ethics-and-emotions:sadness|practice:prayer|social:inter_hasidic_master_disciple_relationship|supernatural:perception|times:holidays
Khal-Hasidim_0098	Khal-Hasidim	none	practice:protection|social:relations_with_non_jews|supernatural:perception
Khal-Hasidim_0099	Khal-Hasidim	none	ethics-and-emotions:awe|ethics-and-emotions:fear|ethics-and-emotions:prohibitions|experience:revelation|folkloristics:story_type_prognostication|folkloristics:story_type_rapprochement|practice:halakhah|social:conflict|social:relations_with_non_hasidim|social:retrospective_recognition|supernatural:perception|supernatural:prognostication
Khal-Hasidim_0100	Khal-Hasidim	major	characters-and-roles:the_family_of_the_tsaddik|practice:dance|supernatural:pregnancy|times:birth|times:holidays
Khal-Hasidim_0101	Khal-Hasidim	mention_only	characters-and-roles:demons|ethics-and-emotions:sadness|experience:revelation|folkloristics:story_type_prognostication|practice:lifesaving|supernatural:pregnancy|supernatural:prognostication
Khal-Hasidim_0102	Khal-Hasidim	mention_only	characters-and-roles:hidden_righteous|ethics-and-emotions:punishment|experience:revelation|folkloristics:story_type_prognostication|folkloristics:story_type_rapprochement|practice:business_advice|practice:healing|social:disobedience|social:relations_with_non_hasidim|social:relations_with_non_jews|social:retrospective_recognition|supernatural:miracle|supernatural:perception|supernatural:pregnancy|supernatural:prognostication|times:birth|times:shabbat
Khal-Hasidim_0103	Khal-Hasidim	minor	folkloristics:story_type_rapprochement|practice:healing|practice:lifesaving|practice:prayer|practice:study|social:conflict|social:relations_with_non_hasidim|times:shabbat
Khal-Hasidim_0104	Khal-Hasidim	none	ethics-and-emotions:humility|ethics-and-emotions:pride|social:inter_hasidic_master_disciple_relationship|supernatural:perception
Khal-Hasidim_0105	Khal-Hasidim	mention_only	experience:journey_to_heaven|knowledge:practical_kabbalah|practice:reception_of_hasidim|practice:sexual_abstinence|social:inter_hasidic|social:inter_hasidic_master_disciple_relationship|social:marital_relationship|spaces:heaven|supernatural:communicating_with_the_invisible|supernatural:perception
Khal-Hasidim_0106	Khal-Hasidim	none	knowledge:esoteric|social:inter_hasidic_master_disciple_relationship|social:relations_with_non_hasidim|social:retrospective_recognition|supernatural:perception|supernatural:reincarnation
Khal-Hasidim_0107	Khal-Hasidim	none	ethics-and-emotions:joy|ethics-and-emotions:shame|social:inter_hasidic_master_disciple_relationship|supernatural:magic|supernatural:perception|times:shabbat
Khal-Hasidim_0108	Khal-Hasidim	none	practice:storytelling|social:conflict|social:inter_hasidic_master_disciple_relationship|social:relations_with_non_hasidim
Khal-Hasidim_0109	Khal-Hasidim	minor	ethics-and-emotions:anger|ethics-and-emotions:punishment|knowledge:esoteric|practice:healing|practice:use_of_holy_names|social:conflict|social:relations_with_non_hasidim
Khal-Hasidim_0110	Khal-Hasidim	catalyst	ethics-and-emotions:pride|ethics-and-emotions:punishment|folkloristics:story_type_protection|practice:healing|social:conflict|social:relations_with_non_jews|social:relations_with_the_authorities|supernatural:magic|supernatural:miracle|supernatural:perception|supernatural:prognostication
Khal-Hasidim_0111	Khal-Hasidim	minor	ethics-and-emotions:anger|ethics-and-emotions:lying|ethics-and-emotions:prohibitions|ethics-and-emotions:punishment|ethics-and-emotions:repentance|experience:revelation|folkloristics:story_type_prognostication|practice:fasting|social:disobedience|social:retrospective_recognition|supernatural:communicating_with_the_invisible|supernatural:perception|supernatural:prognostication|times:death
Khal-Hasidim_0112	Khal-Hasidim	catalyst	ethics-and-emotions:charity|ethics-and-emotions:virtues|practice:sermon|supernatural:perception|supernatural:prognostication
Khal-Hasidim_0113	Khal-Hasidim	none	folkloristics:story_type_protection|practice:protection|social:relations_with_non_jews|supernatural:perception|times:holidays
Khal-Hasidim_0114	Khal-Hasidim	none	practice:prayer|practice:protection|social:relations_with_non_jews|supernatural:perception
Khal-Hasidim_0115	Khal-Hasidim	catalyst	ethics-and-emotions:charity|ethics-and-emotions:prohibitions|ethics-and-emotions:punishment|ethics-and-emotions:repentance|experience:revelation|folkloristics:story_type_rapprochement|knowledge:esoteric|practice:pidyon_nefesh|practice:recitation_of_psalms|practice:releasing_agunot|practice:storytelling|practice:travel_to_the_tsaddik|social:retrospective_recognition|supernatural:perception|supernatural:prognostication|supernatural:reincarnation|times:death
Khal-Hasidim_0116	Khal-Hasidim	none	ethics-and-emotions:awe|ethics-and-emotions:fear|experience:enthusiasm|experience:revelation|experience:visions|folkloristics:story_type_virtues|kabbalah|kabbalah:kabbalistic_terms_kavvanot|kabbalah:kabbalistic_terms_yihudim|knowledge:esoteric|practice:meditation|practice:use_of_holy_names|social:inter_hasidic_master_disciple_relationship|supernatural:light_or_fire_as_a_sign_of_righteousness|supernatural:perception
Khal-Hasidim_0117	Khal-Hasidim	major	ethics-and-emotions:adultery|ethics-and-emotions:anger|ethics-and-emotions:lust|ethics-and-emotions:lying|ethics-and-emotions:prohibitions|ethics-and-emotions:repentance|ethics-and-emotions:virtues|experience:dream|experience:revelation|folkloristics:story_type_protection|folkloristics:story_type_virtues|knowledge:practical_kabbalah|practice:pidyon_nefesh|practice:smoking|social:conflict|social:converts_and_conversion|social:marriage|social:relations_with_non_jews|social:relations_with_sinners|social:retrospective_recognition|supernatural:communicating_with_the_invisible|supernatural:contraction_of_the_road|supernatural:miracle|supernatural:perception|supernatural:prognostication
Khal-Hasidim_0118	Khal-Hasidim	none	ethics-and-emotions:awe|ethics-and-emotions:lying|ethics-and-emotions:pride|ethics-and-emotions:virtues|experience:revelation|folkloristics:story_type_rapprochement|folkloristics:story_type_revelation|folkloristics:story_type_virtues|kabbalah:kabbalistic_terms_kavvanot|kabbalah:kabbalistic_terms_yihudim|knowledge:esoteric|practice:asceticism|practice:coping_with_alien_thoughts|practice:fasting|practice:prayer|social:inter_hasidic_master_disciple_relationship|social:relations_with_non_hasidim|social:retrospective_recognition|supernatural:perception|supernatural:prognostication
Khal-Hasidim_0119	Khal-Hasidim	mention_only	ethics-and-emotions:anger|practice:circumcision|practice:healing|practice:lifesaving|supernatural:magic|supernatural:miracle|supernatural:pregnancy|supernatural:prognostication
Khal-Hasidim_0120	Khal-Hasidim	mention_only	ethics-and-emotions:lust|ethics-and-emotions:prohibitions|experience:revelation|folkloristics:story_type_protection|knowledge:practical_kabbalah|practice:prayer|practice:protection|social:relations_with_non_jews|spaces:beth_midrash|supernatural:miracle|supernatural:perception|times:holidays
Khal-Hasidim_0121	Khal-Hasidim	minor	ethics-and-emotions:shame|knowledge:esoteric|practice:healing|social:competition|social:conflict|social:relations_with_non_jews|social:relations_with_the_authorities|supernatural:perception
Khal-Hasidim_0122	Khal-Hasidim	none	experience:dream|experience:revelation|social:inter_hasidic_master_disciple_relationship|supernatural:perception
Khal-Hasidim_0123	Khal-Hasidim	none	ethics-and-emotions:awe|ethics-and-emotions:fear|practice:drinking_alcohol|supernatural:miracle
Khal-Hasidim_0124	Khal-Hasidim	mention_only	characters-and-roles:preacher|characters-and-roles:ritual_slaughterer|ethics-and-emotions:adultery|ethics-and-emotions:anger|ethics-and-emotions:fear|ethics-and-emotions:prohibitions|ethics-and-emotions:repentance|practice:circumcision|practice:ritual_slaughtering|practice:sermon|social:conflict|social:relations_with_non_hasidim|social:retrospective_recognition|supernatural:perception|supernatural:pregnancy
Khal-Hasidim_0125	Khal-Hasidim	minor	characters-and-roles:demons|characters-and-roles:ritual_slaughterer|ethics-and-emotions:prohibitions|ethics-and-emotions:repentance|practice:prayer|practice:ritual_slaughtering|supernatural:magic|supernatural:perception|times:shabbat
Khal-Hasidim_0126	Khal-Hasidim	catalyst	characters-and-roles:the_family_of_the_tsaddik|ethics-and-emotions:charity|ethics-and-emotions:joy|ethics-and-emotions:lying|ethics-and-emotions:prohibitions|ethics-and-emotions:punishment|ethics-and-emotions:repentance|ethics-and-emotions:virtues|experience:revelation|folkloristics:story_type_prognostication|practice:releasing_agunot|practice:storytelling|practice:study|social:converts_and_conversion|social:inter_hasidic_master_disciple_relationship|social:marriage|supernatural:miracle|supernatural:perception|supernatural:prognostication|times:death
Khal-Hasidim_0127	Khal-Hasidim	mention_only	characters-and-roles:the_family_of_the_tsaddik|ethics-and-emotions:sadness|folkloristics:story_type_death_of_the_tsaddik|kabbalah:kabbalistic_terms_kavvanot|knowledge:esoteric|practice:asceticism|practice:sexual_abstinence|practice:study|practice:use_of_holy_names|social:marital_relationship|supernatural:perception|supernatural:pregnancy|times:death
Khal-Hasidim_0128	Khal-Hasidim	minor	characters-and-roles:angels|experience:revelation|experience:visions|folkloristics:story_type_death_of_the_tsaddik|folkloristics:story_type_prognostication|kabbalah:kabbalistic_terms_kavvanot|knowledge:esoteric|practice:meditation|practice:prayer|practice:sermon|practice:study|social:inter_hasidic_master_disciple_relationship|spaces:beth_midrash|supernatural:communicating_with_the_invisible|supernatural:light_or_fire_as_a_sign_of_righteousness|supernatural:perception|supernatural:prognostication|times:death|times:historical_event|times:holidays
Khal-Hasidim_0129	Khal-Hasidim	minor	characters-and-roles:preacher|ethics-and-emotions:joy|ethics-and-emotions:prohibitions|ethics-and-emotions:sadness|experience:devekut|folkloristics:story_type_virtues|practice:asceticism|practice:devekut|practice:fasting|social:inter_hasidic_master_disciple_relationship|supernatural:perception
Khal-Hasidim_0130	Khal-Hasidim	none	ethics-and-emotions:anger|ethics-and-emotions:punishment|practice:prayer|practice:protection|social:inter_hasidic_master_disciple_relationship|social:relations_with_non_hasidim|spaces:the_land_of_israel|supernatural:perception|supernatural:prognostication|times:historical_event|times:shabbat
Khal-Hasidim_0131	Khal-Hasidim	none	ethics-and-emotions:anger|practice:prayer|practice:protection|practice:recitation_of_psalms|practice:tefillin|social:relations_with_non_jews|spaces:beth_midrash|supernatural:miracle|supernatural:prognostication|times:historical_event
Khal-Hasidim_0132	Khal-Hasidim	none	ethics-and-emotions:charity|practice:prayer|practice:study|social:poverty
Khal-Hasidim_0133	Khal-Hasidim	none	practice:prayer|practice:study
Khal-Hasidim_0134	Khal-Hasidim	none	characters-and-roles:elijah_the_prophet|ethics-and-emotions:prohibitions|experience:revelation|folkloristics:story_type_revelation|practice:protection|practice:tvilah|supernatural:miracle
Khal-Hasidim_0135	Khal-Hasidim	mention_only	ethics-and-emotions:anger|ethics-and-emotions:prohibitions|ethics-and-emotions:repentance|kabbalah:kabbalistic_terms_yihudim|practice:asceticism|practice:halakhah|practice:meditation|practice:sexual_abstinence|social:conflict|social:marital_relationship|spaces:the_land_of_israel|supernatural:perception|times:birth
Khal-Hasidim_0136	Khal-Hasidim	none	practice:fasting|practice:prayer|practice:sermon|spaces:the_land_of_israel|supernatural:miracle|supernatural:prognostication
Khal-Hasidim_0137	Khal-Hasidim	none	ethics-and-emotions:fear|ethics-and-emotions:lying|ethics-and-emotions:punishment|practice:protection|social:conflict|social:excommunication|social:inter_hasidic_master_disciple_relationship|spaces:the_land_of_israel|supernatural:perception|supernatural:prognostication
Khal-Hasidim_0138	Khal-Hasidim	minor	ethics-and-emotions:fear|ethics-and-emotions:sadness|experience:enthusiasm|experience:journey_to_heaven|experience:revelation|folkloristics:story_type_virtues|knowledge:esoteric|practice:pilgrimage_to_the_graves_of_tsaddikim|practice:protection|practice:tvilah|social:conflict|social:disobedience|social:inter_hasidic_master_disciple_relationship|social:relations_with_non_jews|spaces:heaven|spaces:mikveh|spaces:the_land_of_israel|supernatural:miracle|supernatural:perception|supernatural:prognostication|times:historical_event
Khal-Hasidim_0139	Khal-Hasidim	none	characters-and-roles:angels|ethics-and-emotions:awe|ethics-and-emotions:pride|experience:visions|folkloristics:story_type_rapprochement|kabbalah|knowledge:esoteric|practice:storytelling|practice:study|practice:travel_to_the_tsaddik|social:inter_hasidic_master_disciple_relationship|social:retrospective_recognition|supernatural:light_or_fire_as_a_sign_of_righteousness|supernatural:perception
Khal-Hasidim_0140	Khal-Hasidim	none	characters-and-roles:angels|characters-and-roles:preacher|ethics-and-emotions:anger|ethics-and-emotions:awe|ethics-and-emotions:fear|ethics-and-emotions:sadness|experience:revelation|experience:trembling|experience:visions|folkloristics:story_type_advent|folkloristics:story_type_rapprochement|folkloristics:story_type_revelation|kabbalah|knowledge:esoteric|knowledge:practical_kabbalah|practice:asceticism|practice:fasting|practice:healing|practice:recitation_of_psalms|practice:study|practice:tvilah|social:inter_hasidic|social:inter_hasidic_master_disciple_relationship|social:relations_with_non_hasidim|social:retrospective_recognition|spaces:mikveh|supernatural:miracle|supernatural:perception
Khal-Hasidim_0141	Khal-Hasidim	none	ethics-and-emotions:fear|experience:visions|social:inter_hasidic_master_disciple_relationship|supernatural:perception|times:holidays
Khal-Hasidim_0142	Khal-Hasidim	none	characters-and-roles:the_family_of_the_tsaddik|ethics-and-emotions:awe|ethics-and-emotions:fear|ethics-and-emotions:sadness|experience:dream|experience:revelation|practice:circumcision|practice:prayer|practice:storytelling|practice:tvilah|social:conflict|social:inter_hasidic_master_disciple_relationship|spaces:beth_midrash|spaces:mikveh|supernatural:communicating_with_the_invisible|supernatural:perception|times:death
Khal-Hasidim_0143	Khal-Hasidim	major	characters-and-roles:the_family_of_the_tsaddik|ethics-and-emotions:sadness|ethics-and-emotions:shame|experience:dream|experience:visions|practice:lifesaving|practice:music|practice:sexual_abstinence|practice:study|social:disobedience|social:marital_relationship|social:marriage|spaces:beth_midrash|spaces:heaven|supernatural:communicating_with_the_invisible|supernatural:prognostication|times:death
Khal-Hasidim_0144	Khal-Hasidim	mention_only	ethics-and-emotions:adultery|ethics-and-emotions:prohibitions|ethics-and-emotions:punishment|ethics-and-emotions:repentance|social:divorce|social:inter_hasidic_master_disciple_relationship|social:relations_with_non_jews|social:relations_with_the_authorities|supernatural:perception|supernatural:prognostication
Khal-Hasidim_0145	Khal-Hasidim	none	ethics-and-emotions:fear|folkloristics:story_type_prognostication|practice:reception_of_hasidim|social:relations_with_non_jews|social:relations_with_the_authorities|social:retrospective_recognition|spaces:institutions_hassidic_court|supernatural:perception|supernatural:prognostication
Khal-Hasidim_0146	Khal-Hasidim	mention_only	characters-and-roles:angels|ethics-and-emotions:lust|ethics-and-emotions:repentance|experience:revelation|folkloristics:story_type_advent|folkloristics:story_type_rapprochement|practice:healing|practice:healing_of_the_soul|practice:prayer|practice:reception_of_hasidim|practice:recitation_of_psalms|practice:travel_to_the_tsaddik|social:inter_hasidic_master_disciple_relationship|social:relations_with_non_hasidim|social:relations_with_non_jews|social:retrospective_recognition|supernatural:miracle|supernatural:perception|supernatural:prognostication
Khal-Hasidim_0147	Khal-Hasidim	none	folkloristics:story_type_prognostication|social:inter_hasidic|social:inter_hasidic_master_disciple_relationship|supernatural:perception|supernatural:prognostication|times:death
Khal-Hasidim_0148	Khal-Hasidim	mention_only	ethics-and-emotions:fear|social:inter_hasidic|social:marriage|supernatural:light_or_fire_as_a_sign_of_righteousness
Khal-Hasidim_0149	Khal-Hasidim	none	ethics-and-emotions:fear|ethics-and-emotions:humility|ethics-and-emotions:joy|ethics-and-emotions:pride|ethics-and-emotions:prohibitions|ethics-and-emotions:sadness|ethics-and-emotions:virtues|experience:trembling|practice:clothing|practice:prayer|practice:reception_of_hasidim|practice:smoking|practice:storytelling|practice:study|practice:travel_to_the_tsaddik|social:inter_hasidic|social:inter_hasidic_master_disciple_relationship|supernatural:perception|supernatural:prognostication|times:inauguration|times:shabbat
Khal-Hasidim_0150	Khal-Hasidim	catalyst	ethics-and-emotions:prohibitions|ethics-and-emotions:punishment|social:conflict|social:disobedience|supernatural:perception|supernatural:prognostication
Khal-Hasidim_0151	Khal-Hasidim	none	ethics-and-emotions:prohibitions|ethics-and-emotions:punishment
Khal-Hasidim_0152	Khal-Hasidim	mention_only	social:inter_hasidic_inheritance_of_leadership|social:inter_hasidic_master_disciple_relationship|times:death
Khal-Hasidim_0153	Khal-Hasidim	none	characters-and-roles:messiah|characters-and-roles:the_family_of_the_tsaddik|spaces:the_land_of_israel|times:death|times:eschatology
Khal-Hasidim_0154	Khal-Hasidim	catalyst	characters-and-roles:angels|ethics-and-emotions:charity|ethics-and-emotions:virtues|experience:revelation|folkloristics:story_type_virtues|practice:pidyon_shvuyim|social:inter_hasidic_master_disciple_relationship|social:relations_with_non_jews|social:relations_with_the_authorities|social:retrospective_recognition|supernatural:miracle|supernatural:perception|times:historical_event
Khal-Hasidim_0155	Khal-Hasidim	none	ethics-and-emotions:punishment|ethics-and-emotions:sadness|knowledge:esoteric|practice:prayer|practice:sermon|practice:travel_to_the_tsaddik|practice:tvilah|social:inter_hasidic_master_disciple_relationship|supernatural:perception|supernatural:reincarnation|times:shabbat
Khal-Hasidim_0156	Khal-Hasidim	minor	characters-and-roles:angels|characters-and-roles:the_family_of_the_tsaddik|experience:devekut|practice:devekut|practice:healing|practice:music|practice:prayer|practice:sermon|spaces:beth_midrash|spaces:heaven|supernatural:communicating_with_the_invisible|supernatural:light_or_fire_as_a_sign_of_righteousness|times:death
Khal-Hasidim_0157	Khal-Hasidim	none	characters-and-roles:angels|characters-and-roles:the_family_of_the_tsaddik|ethics-and-emotions:fear|experience:journey_to_heaven|experience:revelation|experience:visions|folkloristics:story_type_protection|knowledge:esoteric|practice:lifesaving|social:conflict|social:inter_hasidic_master_disciple_relationship|social:relations_with_non_hasidim|spaces:heaven|supernatural:communicating_with_the_invisible|supernatural:magic|supernatural:miracle|supernatural:perception
Khal-Hasidim_0158	Khal-Hasidim	none	ethics-and-emotions:anger|ethics-and-emotions:charity|ethics-and-emotions:fear|ethics-and-emotions:prohibitions|ethics-and-emotions:punishment|practice:storytelling|social:retrospective_recognition|spaces:heaven|supernatural:perception|supernatural:reincarnation|times:death
Khal-Hasidim_0159	Khal-Hasidim	minor	characters-and-roles:the_family_of_the_tsaddik|social:conflict|social:marital_relationship
Khal-Hasidim_0160	Khal-Hasidim	none	ethics-and-emotions:virtues
Khal-Hasidim_0161	Khal-Hasidim	none	ethics-and-emotions:virtues
Khal-Hasidim_0162	Khal-Hasidim	none	characters-and-roles:hidden_righteous|ethics-and-emotions:charity|ethics-and-emotions:prohibitions|folkloristics:story_type_virtues|knowledge:esoteric|practice:tvilah|social:relations_with_non_jews|social:relations_with_the_authorities|social:retrospective_recognition|supernatural:contraction_of_the_road|supernatural:perception|times:shabbat
Khal-Hasidim_0163	Khal-Hasidim	none	characters-and-roles:hidden_righteous|ethics-and-emotions:charity|practice:healing_of_the_soul|social:inter_hasidic_master_disciple_relationship|supernatural:communicating_with_the_invisible|supernatural:perception
Khal-Hasidim_0164	Khal-Hasidim	none	characters-and-roles:hidden_righteous|ethics-and-emotions:charity|social:inter_hasidic|social:inter_hasidic_inheritance_of_leadership|times:death
Khal-Hasidim_0165	Khal-Hasidim	mention_only	ethics-and-emotions:fear|ethics-and-emotions:lying|ethics-and-emotions:punishment|folkloristics:story_type_prognostication|folkloristics:story_type_protection|practice:protection|social:disobedience|social:relations_with_non_jews|social:relations_with_the_authorities|social:retrospective_recognition|supernatural:prognostication
Khal-Hasidim_0166	Khal-Hasidim	none	social:retrospective_recognition|supernatural:magic|supernatural:perception
Khal-Hasidim_0167	Khal-Hasidim	major	ethics-and-emotions:lying|experience:dream|folkloristics:story_type_prognostication|folkloristics:story_type_virtues|practice:study|social:inter_hasidic_master_disciple_relationship|social:marital_relationship|social:marriage|social:relations_with_non_hasidim|social:retrospective_recognition|supernatural:communicating_with_the_invisible|supernatural:perception|supernatural:prognostication|times:death
Khal-Hasidim_0168	Khal-Hasidim	catalyst	characters-and-roles:hidden_righteous|ethics-and-emotions:charity|ethics-and-emotions:punishment|practice:recitation_of_psalms|practice:solitude|practice:study|practice:travel_to_the_tsaddik|social:inter_hasidic|social:inter_hasidic_master_disciple_relationship|social:marital_relationship|social:relations_with_non_hasidim|supernatural:miracle|supernatural:perception|times:death
Khal-Hasidim_0169	Khal-Hasidim	none	characters-and-roles:the_family_of_the_tsaddik|ethics-and-emotions:anger|ethics-and-emotions:pride|ethics-and-emotions:prohibitions|ethics-and-emotions:punishment|ethics-and-emotions:sadness|ethics-and-emotions:shame|ethics-and-emotions:virtues|practice:prayer|social:conflict|social:disobedience|social:inter_hasidic|social:inter_hasidic_master_disciple_relationship|spaces:institutions_hassidic_court|supernatural:light_or_fire_as_a_sign_of_righteousness|times:holidays
Khal-Hasidim_0170	Khal-Hasidim	minor	characters-and-roles:hidden_righteous|characters-and-roles:the_family_of_the_tsaddik|ethics-and-emotions:adultery|ethics-and-emotions:lust|ethics-and-emotions:prohibitions|ethics-and-emotions:repentance|ethics-and-emotions:resisting_temptation|ethics-and-emotions:virtues|experience:revelation|folkloristics:story_type_prognostication|folkloristics:story_type_protection|folkloristics:story_type_virtues|knowledge:esoteric|practice:drinking_alcohol|practice:pidyon_shvuyim|practice:protection|social:inter_hasidic_master_disciple_relationship|social:relations_with_non_jews|social:retrospective_recognition|supernatural:miracle|supernatural:perception|times:death
Khal-Hasidim_0171	Khal-Hasidim	minor	characters-and-roles:the_family_of_the_tsaddik|ethics-and-emotions:anger|ethics-and-emotions:fear|experience:devekut|experience:enthusiasm|folkloristics:story_type_rapprochement|kabbalah:kabbalistic_terms_yihudim|practice:circumcision|practice:devekut|practice:meditation|practice:study|practice:travel_to_other_tsaddik|practice:travel_to_the_tsaddik|practice:tvilah|social:inter_hasidic|social:inter_hasidic_conflict_between_tsaddikim|social:inter_hasidic_master_disciple_relationship|supernatural:light_or_fire_as_a_sign_of_righteousness|supernatural:perception
Khal-Hasidim_0172	Khal-Hasidim	mention_only	ethics-and-emotions:punishment|ethics-and-emotions:shame|folkloristics:story_type_parable|practice:storytelling|social:relations_with_the_authorities|supernatural:communicating_with_the_invisible|supernatural:reincarnation
Khal-Hasidim_0173	Khal-Hasidim	catalyst	ethics-and-emotions:anger|ethics-and-emotions:fear|ethics-and-emotions:joy|ethics-and-emotions:prohibitions|ethics-and-emotions:repentance|ethics-and-emotions:sadness|ethics-and-emotions:virtues|experience:dream|experience:revelation|practice:prayer|practice:tvilah|social:conflict|social:relations_with_non_jews|social:relations_with_sinners|social:relations_with_the_authorities|social:retrospective_recognition|spaces:heaven|supernatural:communicating_with_the_invisible|supernatural:miracle|supernatural:perception|times:death
Khal-Hasidim_0174	Khal-Hasidim	minor	characters-and-roles:preacher|characters-and-roles:the_family_of_the_tsaddik|ethics-and-emotions:anger|ethics-and-emotions:awe|ethics-and-emotions:fear|ethics-and-emotions:lying|experience:enthusiasm|folkloristics:story_type_virtues|knowledge:esoteric|practice:dance|practice:pilgrimage_to_the_graves_of_tsaddikim|practice:prayer|practice:recitation_of_psalms|practice:ritual_slaughtering|practice:study|practice:tefillin|practice:travel_to_the_tsaddik|practice:tvilah|social:conflict|social:inter_hasidic|social:inter_hasidic_inheritance_of_leadership|social:inter_hasidic_master_disciple_relationship|social:relations_with_non_hasidim|social:relations_with_non_jews|social:relations_with_the_authorities|social:retrospective_recognition|supernatural:communicating_with_the_invisible|supernatural:magic|supernatural:miracle|supernatural:perception|supernatural:prognostication|times:birth|times:death|times:shabbat
Khal-Hasidim_0175	Khal-Hasidim	none	social:conflict|social:relations_with_non_jews|social:relations_with_the_authorities|supernatural:prognostication|times:historical_event
Khal-Hasidim_0176	Khal-Hasidim	none	experience:devekut|practice:devekut|social:conflict|social:relations_with_non_hasidim|social:relations_with_non_jews|social:relations_with_the_authorities|times:shabbat
Khal-Hasidim_0177	Khal-Hasidim	mention_only	ethics-and-emotions:adultery|ethics-and-emotions:anger|ethics-and-emotions:charity|ethics-and-emotions:fear|ethics-and-emotions:lust|ethics-and-emotions:lying|ethics-and-emotions:prohibitions|ethics-and-emotions:punishment|ethics-and-emotions:shame|practice:music|social:conflict|social:relations_with_non_hasidim|social:relations_with_non_jews|social:relations_with_the_authorities|social:retrospective_recognition|supernatural:prognostication
Khal-Hasidim_0178	Khal-Hasidim	catalyst	ethics-and-emotions:humility|ethics-and-emotions:lying|practice:study|practice:tvilah|social:conflict|social:inter_hasidic_inheritance_of_leadership|social:marriage|social:retrospective_recognition|supernatural:perception|times:death
Khal-Hasidim_0179	Khal-Hasidim	minor	ethics-and-emotions:lust|ethics-and-emotions:lying|knowledge:esoteric|practice:recitation_of_psalms|practice:study|social:inter_hasidic|social:inter_hasidic_master_disciple_relationship|social:retrospective_recognition|supernatural:perception
Khal-Hasidim_0180	Khal-Hasidim	none	ethics-and-emotions:humility|practice:tvilah|social:conflict|social:inter_hasidic|social:inter_hasidic_master_disciple_relationship|social:relations_with_non_hasidim|times:death
Khal-Hasidim_0181	Khal-Hasidim	none	characters-and-roles:the_family_of_the_tsaddik|practice:prayer|practice:sermon|practice:study|social:inter_hasidic|social:inter_hasidic_inheritance_of_leadership|social:inter_hasidic_master_disciple_relationship|times:death
Khal-Hasidim_0182	Khal-Hasidim	none	kabbalah|practice:prayer|practice:study|practice:tefillin|social:conflict|social:relations_with_non_hasidim|social:retrospective_recognition
Khal-Hasidim_0183	Khal-Hasidim	none	practice:study|social:conflict|social:relations_with_non_hasidim|social:retrospective_recognition
Khal-Hasidim_0184	Khal-Hasidim	none	practice:storytelling|social:conflict|social:inter_hasidic|social:inter_hasidic_inheritance_of_leadership|social:inter_hasidic_master_disciple_relationship|social:relations_with_non_hasidim|supernatural:perception|times:death|times:shabbat
Khal-Hasidim_0185	Khal-Hasidim	catalyst	ethics-and-emotions:prohibitions|ethics-and-emotions:repentance|folkloristics:story_type_protection|folkloristics:story_type_virtues|practice:clothing|practice:protection|practice:sermon|practice:storytelling|social:conflict|social:converts_and_conversion|social:inter_hasidic|social:inter_hasidic_master_disciple_relationship|social:relations_with_non_jews|social:retrospective_recognition|supernatural:magic|supernatural:miracle|supernatural:perception|times:holidays
Khal-Hasidim_0186	Khal-Hasidim	none	ethics-and-emotions:charity|social:inter_hasidic|social:inter_hasidic_conflict_between_tsaddikim|spaces:the_land_of_israel
Khal-Hasidim_0187	Khal-Hasidim	catalyst	practice:business_advice|practice:healing|practice:reception_of_hasidim|social:conflict|social:disobedience|social:relations_with_non_hasidim
Khal-Hasidim_0188	Khal-Hasidim	mention_only	characters-and-roles:the_family_of_the_tsaddik|ethics-and-emotions:anger|ethics-and-emotions:fear|ethics-and-emotions:pride|ethics-and-emotions:punishment|ethics-and-emotions:shame|practice:pilgrimage_to_the_graves_of_tsaddikim|practice:tefillin|practice:tvilah|social:conflict|social:inter_hasidic|social:inter_hasidic_conflict_between_tsaddikim|social:inter_hasidic_master_disciple_relationship|supernatural:perception|times:death
Khal-Hasidim_0189	Khal-Hasidim	none	practice:prayer|social:relations_with_the_authorities|supernatural:magic|supernatural:prognostication|times:death|times:historical_event|times:holidays|times:shabbat
Khal-Hasidim_0190	Khal-Hasidim	none	characters-and-roles:the_family_of_the_tsaddik|ethics-and-emotions:joy|ethics-and-emotions:sadness|experience:devekut|folkloristics:story_type_death_of_the_tsaddik|practice:devekut|practice:prayer|practice:study|social:inter_hasidic_master_disciple_relationship|social:relations_with_the_authorities|supernatural:light_or_fire_as_a_sign_of_righteousness|supernatural:perception|times:death|times:historical_event
Khal-Hasidim_0191	Khal-Hasidim	none	folkloristics:story_type_death_of_the_tsaddik|social:relations_with_non_jews|times:death
Khal-Hasidim_0192	Khal-Hasidim	mention_only	characters-and-roles:the_family_of_the_tsaddik|kabbalah|practice:study|social:inter_hasidic_inheritance_of_leadership|social:inter_hasidic_master_disciple_relationship|social:marriage|supernatural:perception|times:death
Khal-Hasidim_0193	Khal-Hasidim	mention_only	characters-and-roles:demons|ethics-and-emotions:anger|ethics-and-emotions:fear|experience:dream|folkloristics:story_type_protection|folkloristics:story_type_rapprochement|folkloristics:story_type_virtues|practice:healing|practice:pilgrimage_to_the_graves_of_tsaddikim|practice:reception_of_hasidim|practice:recitation_of_psalms|practice:smoking|practice:storytelling|practice:tefillin|practice:travel_to_the_tsaddik|social:conflict|social:inter_hasidic|social:inter_hasidic_master_disciple_relationship|social:relations_with_non_hasidim|spaces:institutions_hassidic_court|supernatural:communicating_with_the_invisible|supernatural:light_or_fire_as_a_sign_of_righteousness|supernatural:magic|supernatural:miracle|supernatural:perception|times:death|times:holidays|times:shabbat
Khal-Hasidim_0194	Khal-Hasidim	none	experience:enthusiasm|folkloristics:story_type_death_of_the_tsaddik|practice:dance|practice:prayer|practice:sermon|times:death
Khal-Hasidim_0195	Khal-Hasidim	none	practice:prayer|supernatural:magic|times:holidays
Khal-Hasidim_0196	Khal-Hasidim	none	practice:prayer|practice:protection|practice:study|social:relations_with_the_authorities|supernatural:miracle
Khal-Hasidim_0197	Khal-Hasidim	none	ethics-and-emotions:virtues|folkloristics:story_type_rapprochement|practice:reception_of_hasidim|practice:sermon|practice:study|practice:travel_to_the_tsaddik|social:inter_hasidic|social:inter_hasidic_master_disciple_relationship|social:relations_with_non_hasidim|supernatural:perception
Khal-Hasidim_0198	Khal-Hasidim	none	ethics-and-emotions:humility|ethics-and-emotions:pride|ethics-and-emotions:prohibitions|ethics-and-emotions:virtues|social:relations_with_non_hasidim
Khal-Hasidim_0199	Khal-Hasidim	none	practice:asceticism|practice:fasting|practice:study|social:conflict|social:relations_with_non_hasidim|social:relations_with_non_jews|social:relations_with_the_authorities|supernatural:perception
Khal-Hasidim_0200	Khal-Hasidim	none	ethics-and-emotions:humility|kabbalah|knowledge:esoteric|practice:storytelling|social:inter_hasidic_master_disciple_relationship
Khal-Hasidim_0201	Khal-Hasidim	none	ethics-and-emotions:humility|folkloristics:story_type_virtues
Khal-Hasidim_0202	Khal-Hasidim	minor	characters-and-roles:the_family_of_the_tsaddik|ethics-and-emotions:anger|ethics-and-emotions:awe|ethics-and-emotions:charity|ethics-and-emotions:fear|ethics-and-emotions:joy|ethics-and-emotions:lying|ethics-and-emotions:punishment|ethics-and-emotions:repentance|ethics-and-emotions:virtues|experience:enthusiasm|folkloristics:story_type_advent|folkloristics:story_type_prognostication|folkloristics:story_type_virtues|practice:storytelling|practice:study|practice:tvilah|social:conflict|social:disobedience|social:inter_hasidic|social:inter_hasidic_master_disciple_relationship|social:poverty|social:relations_with_sinners|social:relations_with_the_authorities|spaces:beth_midrash|spaces:heaven|supernatural:communicating_with_the_invisible|supernatural:miracle|supernatural:perception|supernatural:pregnancy|supernatural:prognostication|times:birth|times:holidays
Khal-Hasidim_0203	Khal-Hasidim	none	experience:devekut|practice:devekut|practice:prayer
Khal-Hasidim_0204	Khal-Hasidim	mention_only	characters-and-roles:hidden_righteous|characters-and-roles:ritual_slaughterer|practice:releasing_agunot|practice:travel_to_the_tsaddik|social:conflict|social:inter_hasidic_master_disciple_relationship|supernatural:perception|times:birth
Khal-Hasidim_0205	Khal-Hasidim	none	ethics-and-emotions:anger|folkloristics:story_type_advent|practice:pidyon_nefesh|practice:releasing_agunot|social:conflict|social:inter_hasidic|supernatural:magic
Khal-Hasidim_0206	Khal-Hasidim	none	characters-and-roles:hidden_righteous|characters-and-roles:the_family_of_the_tsaddik|ethics-and-emotions:anger|ethics-and-emotions:awe|ethics-and-emotions:charity|ethics-and-emotions:humility|ethics-and-emotions:punishment|ethics-and-emotions:virtues|experience:enthusiasm|folkloristics:story_type_virtues|practice:prayer|practice:releasing_agunot|practice:storytelling|practice:travel_to_the_tsaddik|social:conflict|social:inter_hasidic|social:poverty|spaces:heaven|supernatural:magic|supernatural:perception|times:birth|times:holidays
Khal-Hasidim_0207	Khal-Hasidim	none	social:inter_hasidic_master_disciple_relationship
Khal-Hasidim_0208	Khal-Hasidim	none	ethics-and-emotions:repentance|kabbalah:kabbalistic_terms_yihudim|practice:dance|practice:meditation|practice:prayer|supernatural:magic|supernatural:miracle
Khal-Hasidim_0209	Khal-Hasidim	none	ethics-and-emotions:awe|experience:devekut|folkloristics:story_type_virtues|kabbalah:kabbalistic_terms_yihudim|practice:dance|practice:devekut|practice:meditation|social:inter_hasidic|social:retrospective_recognition|supernatural:perception|times:shabbat
Khal-Hasidim_0210	Khal-Hasidim	catalyst	characters-and-roles:agunah|ethics-and-emotions:anger|ethics-and-emotions:punishment|folkloristics:story_type_prognostication|practice:releasing_agunot|practice:travel_to_the_tsaddik|social:disobedience|social:marriage|social:retrospective_recognition|supernatural:perception|supernatural:prognostication
Khal-Hasidim_0211	Khal-Hasidim	none	ethics-and-emotions:humility|ethics-and-emotions:virtues|experience:devekut|experience:enthusiasm|folkloristics:story_type_parable|folkloristics:story_type_rapprochement|folkloristics:story_type_virtues|practice:devekut|practice:storytelling|practice:study|social:inter_hasidic_master_disciple_relationship|social:relations_with_non_hasidim
Khal-Hasidim_0212	Khal-Hasidim	minor	ethics-and-emotions:adultery|ethics-and-emotions:lust|ethics-and-emotions:prohibitions|ethics-and-emotions:repentance|practice:fasting|practice:sermon|supernatural:magic|supernatural:perception|supernatural:prognostication
Khal-Hasidim_0213	Khal-Hasidim	none	ethics-and-emotions:awe|ethics-and-emotions:fear|ethics-and-emotions:prohibitions|practice:asceticism|practice:fasting|practice:reception_of_hasidim|practice:travel_to_other_tsaddik|practice:travel_to_the_tsaddik|social:inter_hasidic|social:inter_hasidic_conflict_between_tsaddikim|social:inter_hasidic_inheritance_of_leadership|social:inter_hasidic_master_disciple_relationship
Khal-Hasidim_0214	Khal-Hasidim	none	ethics-and-emotions:awe|ethics-and-emotions:fear|ethics-and-emotions:virtues|folkloristics:story_type_virtues
Khal-Hasidim_0215	Khal-Hasidim	none	ethics-and-emotions:repentance|experience:enthusiasm|practice:coping_with_alien_thoughts|practice:healing_of_the_soul|practice:reception_of_hasidim|practice:torat_ha_tsaddik|practice:travel_to_the_tsaddik|social:inter_hasidic|social:inter_hasidic_master_disciple_relationship|social:relations_with_non_hasidim|supernatural:perception
Khal-Hasidim_0216	Khal-Hasidim	none	experience:journey_to_heaven|spaces:heaven|supernatural:communicating_with_the_invisible
Khal-Hasidim_0217	Khal-Hasidim	catalyst	characters-and-roles:demons|characters-and-roles:tavern_keeper|ethics-and-emotions:anger|ethics-and-emotions:fear|ethics-and-emotions:lying|ethics-and-emotions:punishment|ethics-and-emotions:repentance|ethics-and-emotions:sadness|folkloristics:story_type_virtues|practice:business_advice|practice:travel_to_the_tsaddik|social:conflict|social:relations_with_non_jews|social:relations_with_the_authorities|social:retrospective_recognition|supernatural:magic|supernatural:miracle|supernatural:prognostication|times:death
Khal-Hasidim_0218	Khal-Hasidim	minor	characters-and-roles:hidden_righteous|characters-and-roles:preacher|characters-and-roles:the_family_of_the_tsaddik|ethics-and-emotions:anger|ethics-and-emotions:awe|ethics-and-emotions:joy|ethics-and-emotions:lying|experience:enthusiasm|experience:revelation|experience:visions|folkloristics:story_type_advent|folkloristics:story_type_rapprochement|practice:prayer|practice:recitation_of_psalms|practice:study|social:conflict|social:inter_hasidic|social:inter_hasidic_master_disciple_relationship|social:relations_with_non_hasidim|social:retrospective_recognition|supernatural:communicating_with_the_invisible|supernatural:magic|supernatural:perception|times:birth|times:inauguration
Khal-Hasidim_0219	Khal-Hasidim	none	characters-and-roles:hidden_righteous|folkloristics:story_type_advent|social:inter_hasidic|supernatural:perception
Khal-Hasidim_0220	Khal-Hasidim	none	characters-and-roles:the_family_of_the_tsaddik|ethics-and-emotions:repentance|folkloristics:story_type_death_of_the_tsaddik|practice:pilgrimage_to_the_graves_of_tsaddikim|practice:recitation_of_psalms|times:death
Khal-Hasidim_0221	Khal-Hasidim	none	folkloristics:story_type_rapprochement|practice:prayer|practice:reception_of_hasidim|practice:sermon|practice:study|practice:travel_to_the_tsaddik|social:conflict|social:inter_hasidic_master_disciple_relationship|social:relations_with_non_hasidim|social:retrospective_recognition|supernatural:perception
Khal-Hasidim_0222	Khal-Hasidim	mention_only	ethics-and-emotions:adultery|ethics-and-emotions:fear|ethics-and-emotions:lust|ethics-and-emotions:prohibitions|ethics-and-emotions:punishment|ethics-and-emotions:repentance|ethics-and-emotions:sadness|ethics-and-emotions:virtues|experience:enthusiasm|folkloristics:story_type_prognostication|folkloristics:story_type_virtues|practice:reception_of_hasidim|practice:recitation_of_psalms|practice:study|practice:travel_to_the_tsaddik|social:inter_hasidic|social:inter_hasidic_master_disciple_relationship|social:relations_with_non_jews|social:retrospective_recognition|spaces:heaven|supernatural:miracle|supernatural:perception|supernatural:prognostication|times:death
Khal-Hasidim_0223	Khal-Hasidim	none	ethics-and-emotions:lying|ethics-and-emotions:virtues|folkloristics:story_type_virtues|practice:tvilah|social:relations_with_non_hasidim
Khal-Hasidim_0224	Khal-Hasidim	mention_only	practice:prayer|practice:protection|social:relations_with_non_jews|social:relations_with_the_authorities|supernatural:perception|times:shabbat
Khal-Hasidim_0225	Khal-Hasidim	none	ethics-and-emotions:humility|ethics-and-emotions:virtues|practice:halakhah
Khal-Hasidim_0226	Khal-Hasidim	mention_only	ethics-and-emotions:virtues|practice:prayer|times:holidays
Khal-Hasidim_0227	Khal-Hasidim	none	ethics-and-emotions:virtues|folkloristics:story_type_virtues
Khal-Hasidim_0228	Khal-Hasidim	none	ethics-and-emotions:charity|ethics-and-emotions:virtues|folkloristics:story_type_virtues
Khal-Hasidim_0229	Khal-Hasidim	catalyst	ethics-and-emotions:virtues|practice:drinking_alcohol|practice:healing|supernatural:perception
Khal-Hasidim_0230	Khal-Hasidim	mention_only	ethics-and-emotions:virtues|folkloristics:story_type_virtues|practice:business_advice|practice:drinking_alcohol|practice:pidyon_nefesh|social:relations_with_non_jews|supernatural:prognostication
Khal-Hasidim_0231	Khal-Hasidim	none	practice:travel_to_other_tsaddik|practice:travel_to_the_tsaddik|social:inter_hasidic|social:inter_hasidic_master_disciple_relationship|supernatural:prognostication|times:death
Khal-Hasidim_0232	Khal-Hasidim	none	kabbalah:kabbalistic_terms_yihudim|practice:dance|practice:healing|practice:meditation|supernatural:light_or_fire_as_a_sign_of_righteousness|times:shabbat
Khal-Hasidim_0233	Khal-Hasidim	catalyst	practice:prayer|practice:travel_to_the_tsaddik|social:inter_hasidic_master_disciple_relationship|supernatural:perception
Khal-Hasidim_0234	Khal-Hasidim	none	ethics-and-emotions:virtues|practice:healing
Khal-Hasidim_0235	Khal-Hasidim	none	ethics-and-emotions:humility|folkloristics:story_type_virtues
Khal-Hasidim_0236	Khal-Hasidim	major	
Khal-Hasidim_0237	Khal-Hasidim	major	characters-and-roles:preacher|ethics-and-emotions:prohibitions|ethics-and-emotions:punishment|experience:revelation|folkloristics:story_type_prognostication|folkloristics:story_type_virtues|practice:travel_to_other_tsaddik|practice:travel_to_the_tsaddik|social:inter_hasidic|social:inter_hasidic_master_disciple_relationship|social:marital_relationship|social:marriage|social:retrospective_recognition|supernatural:communicating_with_the_invisible|supernatural:magic|supernatural:miracle|supernatural:perception|supernatural:prognostication|times:death
Khal-Hasidim_0238	Khal-Hasidim	mention_only	ethics-and-emotions:sadness|practice:drinking_alcohol|practice:lifesaving|practice:prayer|practice:reception_of_hasidim|practice:travel_to_the_tsaddik|social:disobedience|social:inter_hasidic|social:inter_hasidic_master_disciple_relationship|social:marital_relationship|supernatural:perception|supernatural:prognostication
Khal-Hasidim_0239	Khal-Hasidim	none	ethics-and-emotions:fear|ethics-and-emotions:lying|ethics-and-emotions:pride|ethics-and-emotions:prohibitions|ethics-and-emotions:repentance|ethics-and-emotions:shame|experience:revelation|experience:trembling|folkloristics:story_type_rapprochement|folkloristics:story_type_revelation|folkloristics:story_type_virtues|practice:reception_of_hasidim|practice:travel_to_the_tsaddik|social:conflict|social:inter_hasidic_master_disciple_relationship|social:relations_with_non_hasidim|social:relations_with_sinners|social:retrospective_recognition|supernatural:perception
Khal-Hasidim_0240	Khal-Hasidim	minor	characters-and-roles:demons|social:conflict|social:marriage|supernatural:perception
Khal-Hasidim_0241	Khal-Hasidim	none	characters-and-roles:demons|ethics-and-emotions:fear|ethics-and-emotions:joy|practice:healing_of_the_soul|practice:music|practice:prayer|supernatural:communicating_with_the_invisible|supernatural:perception
Khal-Hasidim_0242	Khal-Hasidim	major	characters-and-roles:hidden_righteous|characters-and-roles:the_family_of_the_tsaddik|ethics-and-emotions:adultery|ethics-and-emotions:anger|ethics-and-emotions:fear|ethics-and-emotions:lust|ethics-and-emotions:lying|ethics-and-emotions:pride|ethics-and-emotions:prohibitions|ethics-and-emotions:punishment|ethics-and-emotions:repentance|ethics-and-emotions:sadness|ethics-and-emotions:shame|experience:revelation|folkloristics:story_type_rapprochement|folkloristics:story_type_revelation|knowledge:esoteric|knowledge:practical_kabbalah|practice:pilgrimage_to_the_graves_of_tsaddikim|practice:recitation_of_psalms|social:conflict|social:disobedience|social:divorce|social:marital_relationship|social:retrospective_recognition|supernatural:communicating_with_the_invisible|supernatural:magic|supernatural:miracle|supernatural:perception|times:death|times:shabbat
Khal-Hasidim_0243	Khal-Hasidim	mention_only	characters-and-roles:hidden_righteous|ethics-and-emotions:charity|ethics-and-emotions:joy|ethics-and-emotions:lying|ethics-and-emotions:virtues|folkloristics:story_type_virtues|practice:healing|practice:pidyon_nefesh|practice:prayer|social:relations_with_non_jews|social:retrospective_recognition|supernatural:magic
Khal-Hasidim_0244	Khal-Hasidim	catalyst	ethics-and-emotions:adultery|ethics-and-emotions:prohibitions|ethics-and-emotions:punishment|social:divorce|social:retrospective_recognition|supernatural:magic|supernatural:perception
Khal-Hasidim_0245	Khal-Hasidim	none	ethics-and-emotions:adultery|ethics-and-emotions:repentance|ethics-and-emotions:resisting_temptation|ethics-and-emotions:virtues|folkloristics:story_type_rapprochement|practice:reception_of_hasidim|practice:travel_to_other_tsaddik|practice:travel_to_the_tsaddik|social:inter_hasidic|social:inter_hasidic_inheritance_of_leadership|social:inter_hasidic_master_disciple_relationship|social:relations_with_non_hasidim|social:relations_with_sinners|supernatural:perception|times:death
Khal-Hasidim_0246	Khal-Hasidim	major	ethics-and-emotions:repentance|ethics-and-emotions:shame|ethics-and-emotions:virtues|experience:revelation|social:relations_with_sinners|supernatural:perception
Khal-Hasidim_0247	Khal-Hasidim	mention_only	ethics-and-emotions:adultery|ethics-and-emotions:repentance|supernatural:perception
Khal-Hasidim_0248	Khal-Hasidim	none	characters-and-roles:tavern_keeper|ethics-and-emotions:awe|ethics-and-emotions:humility|folkloristics:story_type_rapprochement|practice:prayer|practice:reception_of_hasidim|practice:travel_to_the_tsaddik|social:inter_hasidic_master_disciple_relationship|spaces:beth_midrash|supernatural:perception|times:death
Khal-Hasidim_0249	Khal-Hasidim	mention_only	experience:revelation|folkloristics:story_type_death_of_the_tsaddik|kabbalah|supernatural:perception|times:death
Khal-Hasidim_0250	Khal-Hasidim	minor	experience:revelation|practice:circumcision|practice:travel_to_the_tsaddik|supernatural:communicating_with_the_invisible|supernatural:perception
Khal-Hasidim_0251	Khal-Hasidim	catalyst	ethics-and-emotions:fear|ethics-and-emotions:prohibitions|ethics-and-emotions:punishment|ethics-and-emotions:repentance|experience:dream|social:conflict|supernatural:communicating_with_the_invisible|supernatural:perception
Khal-Hasidim_0252	Khal-Hasidim	mention_only	ethics-and-emotions:anger|ethics-and-emotions:fear|folkloristics:story_type_inauguration|practice:fasting|practice:storytelling|social:competition|social:conflict|social:relations_with_non_jews|social:retrospective_recognition|times:inauguration
Khal-Hasidim_0253	Khal-Hasidim	none	characters-and-roles:angels|characters-and-roles:elijah_the_prophet|characters-and-roles:hidden_righteous|ethics-and-emotions:humility|ethics-and-emotions:lying|ethics-and-emotions:pride|ethics-and-emotions:prohibitions|ethics-and-emotions:virtues|experience:revelation|folkloristics:story_type_revelation|folkloristics:story_type_virtues|knowledge:esoteric|practice:pilgrimage_to_the_graves_of_tsaddikim|practice:recitation_of_psalms|practice:study|social:inter_hasidic|social:marital_relationship|social:marriage|social:retrospective_recognition|supernatural:communicating_with_the_invisible|supernatural:perception|times:death
Khal-Hasidim_0254	Khal-Hasidim	minor	characters-and-roles:agunah|ethics-and-emotions:adultery|ethics-and-emotions:lust|ethics-and-emotions:prohibitions|ethics-and-emotions:punishment|practice:protection|practice:releasing_agunot|supernatural:communicating_with_the_invisible|supernatural:perception|times:death
