story_id	edition	top_tag	sub_tag	full_tag	women_tier	women_any	women_character
Adat-Zadikim_0001	Adat-Zadikim	characters-and-roles	the_family_of_the_tsaddik	characters-and-roles:the_family_of_the_tsaddik	major	yes	yes
Adat-Zadikim_0001	Adat-Zadikim	ethics-and-emotions	fear	ethics-and-emotions:fear	major	yes	yes
Adat-Zadikim_0001	Adat-Zadikim	ethics-and-emotions	joy	ethics-and-emotions:joy	major	yes	yes
Adat-Zadikim_0001	Adat-Zadikim	ethics-and-emotions	virtues	ethics-and-emotions:virtues	major	yes	yes
Adat-Zadikim_0001	Adat-Zadikim	experience	revelation	experience:revelation	major	yes	yes
Adat-Zadikim_0001	Adat-Zadikim	folkloristics	story_type_birth_of_the_tsaddik	folkloristics:story_type_birth_of_the_tsaddik	major	yes	yes
Adat-Zadikim_0001	Adat-Zadikim	practice	dance	practice:dance	major	yes	yes
Adat-Zadikim_0001	Adat-Zadikim	practice	prayer	practice:prayer	major	yes	yes
Adat-Zadikim_0001	Adat-Zadikim	practice	smoking	practice:smoking	major	yes	yes
Adat-Zadikim_0001	Adat-Zadikim	social	inter_hasidic_master_disciple_relationship	social:inter_hasidic_master_disciple_relationship	major	yes	yes
Adat-Zadikim_0001	Adat-Zadikim	social	marital_relationship	social:marital_relationship	major	yes	yes
Adat-Zadikim_0001	Adat-Zadikim	social	poverty	social:poverty	major	yes	yes
Adat-Zadikim_0001	Adat-Zadikim	social	retrospective_recognition	social:retrospective_recognition	major	yes	yes
Adat-Zadikim_0001	Adat-Zadikim	supernatural	miracle	supernatural:miracle	major	yes	yes
Adat-Zadikim_0001	Adat-Zadikim	supernatural	perception	supernatural:perception	major	yes	yes
Adat-Zadikim_0001	Adat-Zadikim	supernatural	pregnancy	supernatural:pregnancy	major	yes	yes
Adat-Zadikim_0001	Adat-Zadikim	supernatural	prognostication	supernatural:prognostication	major	yes	yes
Adat-Zadikim_0001	Adat-Zadikim	times	birth	times:birth	major	yes	yes
Adat-Zadikim_0001	Adat-Zadikim	times	shabbat	times:shabbat	major	yes	yes
Adat-Zadikim_0002	Adat-Zadikim	ethics-and-emotions	charity	ethics-and-emotions:charity	mention_only	yes	no
Adat-Zadikim_0002	Adat-Zadikim	folkloristics	story_type_prognostication	folkloristics:story_type_prognostication	mention_only	yes	no
Adat-Zadikim_0002	Adat-Zadikim	practice	storytelling	practice:storytelling	mention_only	yes	no
Adat-Zadikim_0002	Adat-Zadikim	practice	the_travels_of_the_tsaddik	practice:the_travels_of_the_tsaddik	mention_only	yes	no
Adat-Zadikim_0002	Adat-Zadikim	supernatural	perception	supernatural:perception	mention_only	yes	no
Adat-Zadikim_0002	Adat-Zadikim	supernatural	prognostication	supernatural:prognostication	mention_only	yes	no
Adat-Zadikim_0002	Adat-Zadikim	times	death	times:death	mention_only	yes	no
Adat-Zadikim_0003	Adat-Zadikim	characters-and-roles	elijah_the_prophet	characters-and-roles:elijah_the_prophet	minor	yes	yes
Adat-Zadikim_0003	Adat-Zadikim	characters-and-roles	the_family_of_the_tsaddik	characters-and-roles:the_family_of_the_tsaddik	minor	yes	yes
Adat-Zadikim_0003	Adat-Zadikim	ethics-and-emotions	joy	ethics-and-emotions:joy	minor	yes	yes
Adat-Zadikim_0003	Adat-Zadikim	experience	revelation	experience:revelation	minor	yes	yes
Adat-Zadikim_0003	Adat-Zadikim	knowledge	practical_kabbalah	knowledge:practical_kabbalah	minor	yes	yes
Adat-Zadikim_0003	Adat-Zadikim	practice	storytelling	practice:storytelling	minor	yes	yes
Adat-Zadikim_0003	Adat-Zadikim	practice	use_of_holy_names	practice:use_of_holy_names	minor	yes	yes
Adat-Zadikim_0003	Adat-Zadikim	social	conflict	social:conflict	minor	yes	yes
Adat-Zadikim_0003	Adat-Zadikim	social	disobedience	social:disobedience	minor	yes	yes
Adat-Zadikim_0003	Adat-Zadikim	social	relations_with_non_jews	social:relations_with_non_jews	minor	yes	yes
Adat-Zadikim_0003	Adat-Zadikim	social	retrospective_recognition	social:retrospective_recognition	minor	yes	yes
Adat-Zadikim_0003	Adat-Zadikim	spaces	beth_midrash	spaces:beth_midrash	minor	yes	yes
Adat-Zadikim_0003	Adat-Zadikim	spaces	the_land_of_israel	spaces:the_land_of_israel	minor	yes	yes
Adat-Zadikim_0003	Adat-Zadikim	supernatural	communicating_with_the_invisible	supernatural:communicating_with_the_invisible	minor	yes	yes
Adat-Zadikim_0003	Adat-Zadikim	supernatural	magic	supernatural:magic	minor	yes	yes
Adat-Zadikim_0003	Adat-Zadikim	supernatural	miracle	supernatural:miracle	minor	yes	yes
Adat-Zadikim_0003	Adat-Zadikim	supernatural	perception	supernatural:perception	minor	yes	yes
Adat-Zadikim_0003	Adat-Zadikim	supernatural	pregnancy	supernatural:pregnancy	minor	yes	yes
Adat-Zadikim_0003	Adat-Zadikim	supernatural	prognostication	supernatural:prognostication	minor	yes	yes
Adat-Zadikim_0003	Adat-Zadikim	times	holidays	times:holidays	minor	yes	yes
Adat-Zadikim_0004	Adat-Zadikim	characters-and-roles	hidden_righteous	characters-and-roles:hidden_righteous	catalyst	yes	yes
Adat-Zadikim_0004	Adat-Zadikim	characters-and-roles	magician	characters-and-roles:magician	catalyst	yes	yes
Adat-Zadikim_0004	Adat-Zadikim	ethics-and-emotions	anger	ethics-and-emotions:anger	catalyst	yes	yes
Adat-Zadikim_0004	Adat-Zadikim	ethics-and-emotions	fear	ethics-and-emotions:fear	catalyst	yes	yes
Adat-Zadikim_0004	Adat-Zadikim	ethics-and-emotions	lying	ethics-and-emotions:lying	catalyst	yes	yes
Adat-Zadikim_0004	Adat-Zadikim	ethics-and-emotions	prohibitions	ethics-and-emotions:prohibitions	catalyst	yes	yes
Adat-Zadikim_0004	Adat-Zadikim	ethics-and-emotions	punishment	ethics-and-emotions:punishment	catalyst	yes	yes
Adat-Zadikim_0004	Adat-Zadikim	ethics-and-emotions	repentance	ethics-and-emotions:repentance	catalyst	yes	yes
Adat-Zadikim_0004	Adat-Zadikim	folkloristics	story_type_prognostication	folkloristics:story_type_prognostication	catalyst	yes	yes
Adat-Zadikim_0004	Adat-Zadikim	folkloristics	story_type_protection	folkloristics:story_type_protection	catalyst	yes	yes
Adat-Zadikim_0004	Adat-Zadikim	folkloristics	story_type_rapprochement	folkloristics:story_type_rapprochement	catalyst	yes	yes
Adat-Zadikim_0004	Adat-Zadikim	folkloristics	story_type_revelation	folkloristics:story_type_revelation	catalyst	yes	yes
Adat-Zadikim_0004	Adat-Zadikim	knowledge	practical_kabbalah	knowledge:practical_kabbalah	catalyst	yes	yes
Adat-Zadikim_0004	Adat-Zadikim	practice	circumcision	practice:circumcision	catalyst	yes	yes
Adat-Zadikim_0004	Adat-Zadikim	practice	healing	practice:healing	catalyst	yes	yes
Adat-Zadikim_0004	Adat-Zadikim	practice	lifesaving	practice:lifesaving	catalyst	yes	yes
Adat-Zadikim_0004	Adat-Zadikim	practice	music	practice:music	catalyst	yes	yes
Adat-Zadikim_0004	Adat-Zadikim	practice	pidyon_nefesh	practice:pidyon_nefesh	catalyst	yes	yes
Adat-Zadikim_0004	Adat-Zadikim	social	competition	social:competition	catalyst	yes	yes
Adat-Zadikim_0004	Adat-Zadikim	social	conflict	social:conflict	catalyst	yes	yes
Adat-Zadikim_0004	Adat-Zadikim	social	inter_hasidic_master_disciple_relationship	social:inter_hasidic_master_disciple_relationship	catalyst	yes	yes
Adat-Zadikim_0004	Adat-Zadikim	social	marital_relationship	social:marital_relationship	catalyst	yes	yes
Adat-Zadikim_0004	Adat-Zadikim	social	marriage	social:marriage	catalyst	yes	yes
Adat-Zadikim_0004	Adat-Zadikim	social	relations_with_non_jews	social:relations_with_non_jews	catalyst	yes	yes
Adat-Zadikim_0004	Adat-Zadikim	social	retrospective_recognition	social:retrospective_recognition	catalyst	yes	yes
Adat-Zadikim_0004	Adat-Zadikim	supernatural	communicating_with_the_invisible	supernatural:communicating_with_the_invisible	catalyst	yes	yes
Adat-Zadikim_0004	Adat-Zadikim	supernatural	contraction_of_the_road	supernatural:contraction_of_the_road	catalyst	yes	yes
Adat-Zadikim_0004	Adat-Zadikim	supernatural	magic	supernatural:magic	catalyst	yes	yes
Adat-Zadikim_0004	Adat-Zadikim	supernatural	miracle	supernatural:miracle	catalyst	yes	yes
Adat-Zadikim_0004	Adat-Zadikim	supernatural	perception	supernatural:perception	catalyst	yes	yes
Adat-Zadikim_0004	Adat-Zadikim	supernatural	prognostication	supernatural:prognostication	catalyst	yes	yes
Adat-Zadikim_0004	Adat-Zadikim	times	shabbat	times:shabbat	catalyst	yes	yes
Adat-Zadikim_0005	Adat-Zadikim	ethics-and-emotions	virtues	ethics-and-emotions:virtues	none	no	no
Adat-Zadikim_0005	Adat-Zadikim	folkloristics	story_type_virtues	folkloristics:story_type_virtues	none	no	no
Adat-Zadikim_0005	Adat-Zadikim	supernatural	perception	supernatural:perception	none	no	no
Adat-Zadikim_0006	Adat-Zadikim	characters-and-roles	angels	characters-and-roles:angels	minor	yes	yes
Adat-Zadikim_0006	Adat-Zadikim	ethics-and-emotions	charity	ethics-and-emotions:charity	minor	yes	yes
Adat-Zadikim_0006	Adat-Zadikim	ethics-and-emotions	virtues	ethics-and-emotions:virtues	minor	yes	yes
Adat-Zadikim_0006	Adat-Zadikim	experience	revelation	experience:revelation	minor	yes	yes
Adat-Zadikim_0006	Adat-Zadikim	folkloristics	story_type_virtues	folkloristics:story_type_virtues	minor	yes	yes
Adat-Zadikim_0006	Adat-Zadikim	practice	pidyon_shvuyim	practice:pidyon_shvuyim	minor	yes	yes
Adat-Zadikim_0006	Adat-Zadikim	social	inter_hasidic_master_disciple_relationship	social:inter_hasidic_master_disciple_relationship	minor	yes	yes
Adat-Zadikim_0006	Adat-Zadikim	social	relations_with_non_jews	social:relations_with_non_jews	minor	yes	yes
Adat-Zadikim_0006	Adat-Zadikim	social	relations_with_the_authorities	social:relations_with_the_authorities	minor	yes	yes
Adat-Zadikim_0006	Adat-Zadikim	social	retrospective_recognition	social:retrospective_recognition	minor	yes	yes
Adat-Zadikim_0006	Adat-Zadikim	supernatural	perception	supernatural:perception	minor	yes	yes
Adat-Zadikim_0006	Adat-Zadikim	times	historical_event	times:historical_event	minor	yes	yes
Adat-Zadikim_0007	Adat-Zadikim	ethics-and-emotions	charity	ethics-and-emotions:charity	minor	yes	yes
Adat-Zadikim_0007	Adat-Zadikim	ethics-and-emotions	virtues	ethics-and-emotions:virtues	minor	yes	yes
Adat-Zadikim_0007	Adat-Zadikim	folkloristics	story_type_virtues	folkloristics:story_type_virtues	minor	yes	yes
Adat-Zadikim_0007	Adat-Zadikim	practice	pidyon_nefesh	practice:pidyon_nefesh	minor	yes	yes
Adat-Zadikim_0007	Adat-Zadikim	practice	prayer	practice:prayer	minor	yes	yes
Adat-Zadikim_0007	Adat-Zadikim	practice	storytelling	practice:storytelling	minor	yes	yes
Adat-Zadikim_0007	Adat-Zadikim	social	retrospective_recognition	social:retrospective_recognition	minor	yes	yes
Adat-Zadikim_0007	Adat-Zadikim	supernatural	perception	supernatural:perception	minor	yes	yes
Adat-Zadikim_0008	Adat-Zadikim	ethics-and-emotions	anger	ethics-and-emotions:anger	minor	yes	yes
Adat-Zadikim_0008	Adat-Zadikim	ethics-and-emotions	charity	ethics-and-emotions:charity	minor	yes	yes
Adat-Zadikim_0008	Adat-Zadikim	ethics-and-emotions	fear	ethics-and-emotions:fear	minor	yes	yes
Adat-Zadikim_0008	Adat-Zadikim	ethics-and-emotions	repentance	ethics-and-emotions:repentance	minor	yes	yes
Adat-Zadikim_0008	Adat-Zadikim	ethics-and-emotions	sadness	ethics-and-emotions:sadness	minor	yes	yes
Adat-Zadikim_0008	Adat-Zadikim	experience	dream	experience:dream	minor	yes	yes
Adat-Zadikim_0008	Adat-Zadikim	folkloristics	story_type_rapprochement	folkloristics:story_type_rapprochement	minor	yes	yes
Adat-Zadikim_0008	Adat-Zadikim	practice	music	practice:music	minor	yes	yes
Adat-Zadikim_0008	Adat-Zadikim	practice	pidyon_nefesh	practice:pidyon_nefesh	minor	yes	yes
Adat-Zadikim_0008	Adat-Zadikim	practice	pilgrimage_to_the_graves_of_tsaddikim	practice:pilgrimage_to_the_graves_of_tsaddikim	minor	yes	yes
Adat-Zadikim_0008	Adat-Zadikim	practice	protection	practice:protection	minor	yes	yes
Adat-Zadikim_0008	Adat-Zadikim	practice	recitation_of_psalms	practice:recitation_of_psalms	minor	yes	yes
Adat-Zadikim_0008	Adat-Zadikim	practice	storytelling	practice:storytelling	minor	yes	yes
Adat-Zadikim_0008	Adat-Zadikim	social	conflict	social:conflict	minor	yes	yes
Adat-Zadikim_0008	Adat-Zadikim	social	converts_and_conversion	social:converts_and_conversion	minor	yes	yes
Adat-Zadikim_0008	Adat-Zadikim	social	inter_hasidic_master_disciple_relationship	social:inter_hasidic_master_disciple_relationship	minor	yes	yes
Adat-Zadikim_0008	Adat-Zadikim	social	relations_with_non_jews	social:relations_with_non_jews	minor	yes	yes
Adat-Zadikim_0008	Adat-Zadikim	social	relations_with_sinners	social:relations_with_sinners	minor	yes	yes
Adat-Zadikim_0008	Adat-Zadikim	social	relations_with_the_authorities	social:relations_with_the_authorities	minor	yes	yes
Adat-Zadikim_0008	Adat-Zadikim	social	retrospective_recognition	social:retrospective_recognition	minor	yes	yes
Adat-Zadikim_0008	Adat-Zadikim	supernatural	communicating_with_the_invisible	supernatural:communicating_with_the_invisible	minor	yes	yes
Adat-Zadikim_0008	Adat-Zadikim	supernatural	perception	supernatural:perception	minor	yes	yes
Adat-Zadikim_0008	Adat-Zadikim	supernatural	prognostication	supernatural:prognostication	minor	yes	yes
Adat-Zadikim_0008	Adat-Zadikim	times	death	times:death	minor	yes	yes
Adat-Zadikim_0008	Adat-Zadikim	times	shabbat	times:shabbat	minor	yes	yes
Adat-Zadikim_0009	Adat-Zadikim	characters-and-roles	preacher	characters-and-roles:preacher	minor	yes	yes
Adat-Zadikim_0009	Adat-Zadikim	ethics-and-emotions	adultery	ethics-and-emotions:adultery	minor	yes	yes
Adat-Zadikim_0009	Adat-Zadikim	ethics-and-emotions	anger	ethics-and-emotions:anger	minor	yes	yes
Adat-Zadikim_0009	Adat-Zadikim	ethics-and-emotions	fear	ethics-and-emotions:fear	minor	yes	yes
Adat-Zadikim_0009	Adat-Zadikim	ethics-and-emotions	lust	ethics-and-emotions:lust	minor	yes	yes
Adat-Zadikim_0009	Adat-Zadikim	ethics-and-emotions	pride	ethics-and-emotions:pride	minor	yes	yes
Adat-Zadikim_0009	Adat-Zadikim	ethics-and-emotions	prohibitions	ethics-and-emotions:prohibitions	minor	yes	yes
Adat-Zadikim_0009	Adat-Zadikim	ethics-and-emotions	punishment	ethics-and-emotions:punishment	minor	yes	yes
Adat-Zadikim_0009	Adat-Zadikim	ethics-and-emotions	repentance	ethics-and-emotions:repentance	minor	yes	yes
Adat-Zadikim_0009	Adat-Zadikim	ethics-and-emotions	sadness	ethics-and-emotions:sadness	minor	yes	yes
Adat-Zadikim_0009	Adat-Zadikim	ethics-and-emotions	shame	ethics-and-emotions:shame	minor	yes	yes
Adat-Zadikim_0009	Adat-Zadikim	ethics-and-emotions	virtues	ethics-and-emotions:virtues	minor	yes	yes
Adat-Zadikim_0009	Adat-Zadikim	experience	revelation	experience:revelation	minor	yes	yes
Adat-Zadikim_0009	Adat-Zadikim	folkloristics	story_type_prognostication	folkloristics:story_type_prognostication	minor	yes	yes
Adat-Zadikim_0009	Adat-Zadikim	practice	healing_of_the_soul	practice:healing_of_the_soul	minor	yes	yes
Adat-Zadikim_0009	Adat-Zadikim	practice	prayer	practice:prayer	minor	yes	yes
Adat-Zadikim_0009	Adat-Zadikim	practice	sermon	practice:sermon	minor	yes	yes
Adat-Zadikim_0009	Adat-Zadikim	practice	travel_to_the_tsaddik	practice:travel_to_the_tsaddik	minor	yes	yes
Adat-Zadikim_0009	Adat-Zadikim	practice	writing_amulets	practice:writing_amulets	minor	yes	yes
Adat-Zadikim_0009	Adat-Zadikim	social	conflict	social:conflict	minor	yes	yes
Adat-Zadikim_0009	Adat-Zadikim	social	inter_hasidic_master_disciple_relationship	social:inter_hasidic_master_disciple_relationship	minor	yes	yes
Adat-Zadikim_0009	Adat-Zadikim	social	retrospective_recognition	social:retrospective_recognition	minor	yes	yes
Adat-Zadikim_0009	Adat-Zadikim	supernatural	communicating_with_the_invisible	supernatural:communicating_with_the_invisible	minor	yes	yes
Adat-Zadikim_0009	Adat-Zadikim	supernatural	perception	supernatural:perception	minor	yes	yes
Adat-Zadikim_0009	Adat-Zadikim	supernatural	prognostication	supernatural:prognostication	minor	yes	yes
Adat-Zadikim_0009	Adat-Zadikim	supernatural	reincarnation	supernatural:reincarnation	minor	yes	yes
Adat-Zadikim_0009	Adat-Zadikim	times	holidays	times:holidays	minor	yes	yes
Adat-Zadikim_0010	Adat-Zadikim	characters-and-roles	preacher	characters-and-roles:preacher	minor	yes	yes
Adat-Zadikim_0010	Adat-Zadikim	characters-and-roles	ritual_slaughterer	characters-and-roles:ritual_slaughterer	minor	yes	yes
Adat-Zadikim_0010	Adat-Zadikim	ethics-and-emotions	lying	ethics-and-emotions:lying	minor	yes	yes
Adat-Zadikim_0010	Adat-Zadikim	ethics-and-emotions	prohibitions	ethics-and-emotions:prohibitions	minor	yes	yes
Adat-Zadikim_0010	Adat-Zadikim	practice	ritual_slaughtering	practice:ritual_slaughtering	minor	yes	yes
Adat-Zadikim_0010	Adat-Zadikim	practice	sermon	practice:sermon	minor	yes	yes
Adat-Zadikim_0010	Adat-Zadikim	social	conflict	social:conflict	minor	yes	yes
Adat-Zadikim_0010	Adat-Zadikim	social	relations_with_the_authorities	social:relations_with_the_authorities	minor	yes	yes
Adat-Zadikim_0010	Adat-Zadikim	social	retrospective_recognition	social:retrospective_recognition	minor	yes	yes
Adat-Zadikim_0010	Adat-Zadikim	supernatural	contraction_of_the_road	supernatural:contraction_of_the_road	minor	yes	yes
Adat-Zadikim_0010	Adat-Zadikim	supernatural	perception	supernatural:perception	minor	yes	yes
Adat-Zadikim_0011	Adat-Zadikim	characters-and-roles	elijah_the_prophet	characters-and-roles:elijah_the_prophet	none	no	no
Adat-Zadikim_0011	Adat-Zadikim	experience	revelation	experience:revelation	none	no	no
Adat-Zadikim_0011	Adat-Zadikim	practice	sermon	practice:sermon	none	no	no
Adat-Zadikim_0011	Adat-Zadikim	practice	smoking	practice:smoking	none	no	no
Adat-Zadikim_0011	Adat-Zadikim	social	inter_hasidic_master_disciple_relationship	social:inter_hasidic_master_disciple_relationship	none	no	no
Adat-Zadikim_0011	Adat-Zadikim	supernatural	perception	supernatural:perception	none	no	no
Adat-Zadikim_0011	Adat-Zadikim	times	shabbat	times:shabbat	none	no	no
Adat-Zadikim_0012	Adat-Zadikim	ethics-and-emotions	fear	ethics-and-emotions:fear	none	no	no
Adat-Zadikim_0012	Adat-Zadikim	ethics-and-emotions	humility	ethics-and-emotions:humility	none	no	no
Adat-Zadikim_0012	Adat-Zadikim	ethics-and-emotions	joy	ethics-and-emotions:joy	none	no	no
Adat-Zadikim_0012	Adat-Zadikim	ethics-and-emotions	pride	ethics-and-emotions:pride	none	no	no
Adat-Zadikim_0012	Adat-Zadikim	ethics-and-emotions	prohibitions	ethics-and-emotions:prohibitions	none	no	no
Adat-Zadikim_0012	Adat-Zadikim	ethics-and-emotions	sadness	ethics-and-emotions:sadness	none	no	no
Adat-Zadikim_0012	Adat-Zadikim	ethics-and-emotions	virtues	ethics-and-emotions:virtues	none	no	no
Adat-Zadikim_0012	Adat-Zadikim	experience	trembling	experience:trembling	none	no	no
Adat-Zadikim_0012	Adat-Zadikim	practice	clothing	practice:clothing	none	no	no
Adat-Zadikim_0012	Adat-Zadikim	practice	prayer	practice:prayer	none	no	no
Adat-Zadikim_0012	Adat-Zadikim	practice	reception_of_hasidim	practice:reception_of_hasidim	none	no	no
Adat-Zadikim_0012	Adat-Zadikim	practice	smoking	practice:smoking	none	no	no
Adat-Zadikim_0012	Adat-Zadikim	practice	storytelling	practice:storytelling	none	no	no
Adat-Zadikim_0012	Adat-Zadikim	practice	study	practice:study	none	no	no
Adat-Zadikim_0012	Adat-Zadikim	practice	travel_to_the_tsaddik	practice:travel_to_the_tsaddik	none	no	no
Adat-Zadikim_0012	Adat-Zadikim	social	inter_hasidic	social:inter_hasidic	none	no	no
Adat-Zadikim_0012	Adat-Zadikim	social	inter_hasidic_master_disciple_relationship	social:inter_hasidic_master_disciple_relationship	none	no	no
Adat-Zadikim_0012	Adat-Zadikim	supernatural	perception	supernatural:perception	none	no	no
Adat-Zadikim_0012	Adat-Zadikim	supernatural	prognostication	supernatural:prognostication	none	no	no
Adat-Zadikim_0012	Adat-Zadikim	times	inauguration	times:inauguration	none	no	no
Adat-Zadikim_0012	Adat-Zadikim	times	shabbat	times:shabbat	none	no	no
Adat-Zadikim_0013	Adat-Zadikim	characters-and-roles	hidden_righteous	characters-and-roles:hidden_righteous	major	yes	yes
Adat-Zadikim_0013	Adat-Zadikim	characters-and-roles	the_family_of_the_tsaddik	characters-and-roles:the_family_of_the_tsaddik	major	yes	yes
Adat-Zadikim_0013	Adat-Zadikim	ethics-and-emotions	adultery	ethics-and-emotions:adultery	major	yes	yes
Adat-Zadikim_0013	Adat-Zadikim	ethics-and-emotions	anger	ethics-and-emotions:anger	major	yes	yes
Adat-Zadikim_0013	Adat-Zadikim	ethics-and-emotions	fear	ethics-and-emotions:fear	major	yes	yes
Adat-Zadikim_0013	Adat-Zadikim	ethics-and-emotions	lust	ethics-and-emotions:lust	major	yes	yes
Adat-Zadikim_0013	Adat-Zadikim	ethics-and-emotions	lying	ethics-and-emotions:lying	major	yes	yes
Adat-Zadikim_0013	Adat-Zadikim	ethics-and-emotions	pride	ethics-and-emotions:pride	major	yes	yes
Adat-Zadikim_0013	Adat-Zadikim	ethics-and-emotions	prohibitions	ethics-and-emotions:prohibitions	major	yes	yes
Adat-Zadikim_0013	Adat-Zadikim	ethics-and-emotions	punishment	ethics-and-emotions:punishment	major	yes	yes
Adat-Zadikim_0013	Adat-Zadikim	ethics-and-emotions	repentance	ethics-and-emotions:repentance	major	yes	yes
Adat-Zadikim_0013	Adat-Zadikim	ethics-and-emotions	sadness	ethics-and-emotions:sadness	major	yes	yes
Adat-Zadikim_0013	Adat-Zadikim	ethics-and-emotions	shame	ethics-and-emotions:shame	major	yes	yes
Adat-Zadikim_0013	Adat-Zadikim	experience	dream	experience:dream	major	yes	yes
Adat-Zadikim_0013	Adat-Zadikim	experience	revelation	experience:revelation	major	yes	yes
Adat-Zadikim_0013	Adat-Zadikim	folkloristics	story_type_revelation	folkloristics:story_type_revelation	major	yes	yes
Adat-Zadikim_0013	Adat-Zadikim	knowledge	esoteric	knowledge:esoteric	major	yes	yes
Adat-Zadikim_0013	Adat-Zadikim	knowledge	practical_kabbalah	knowledge:practical_kabbalah	major	yes	yes
Adat-Zadikim_0013	Adat-Zadikim	practice	pilgrimage_to_the_graves_of_tsaddikim	practice:pilgrimage_to_the_graves_of_tsaddikim	major	yes	yes
Adat-Zadikim_0013	Adat-Zadikim	practice	recitation_of_psalms	practice:recitation_of_psalms	major	yes	yes
Adat-Zadikim_0013	Adat-Zadikim	social	conflict	social:conflict	major	yes	yes
Adat-Zadikim_0013	Adat-Zadikim	social	disobedience	social:disobedience	major	yes	yes
Adat-Zadikim_0013	Adat-Zadikim	social	divorce	social:divorce	major	yes	yes
Adat-Zadikim_0013	Adat-Zadikim	social	marital_relationship	social:marital_relationship	major	yes	yes
Adat-Zadikim_0013	Adat-Zadikim	social	retrospective_recognition	social:retrospective_recognition	major	yes	yes
Adat-Zadikim_0013	Adat-Zadikim	supernatural	communicating_with_the_invisible	supernatural:communicating_with_the_invisible	major	yes	yes
Adat-Zadikim_0013	Adat-Zadikim	supernatural	magic	supernatural:magic	major	yes	yes
Adat-Zadikim_0013	Adat-Zadikim	supernatural	miracle	supernatural:miracle	major	yes	yes
Adat-Zadikim_0013	Adat-Zadikim	supernatural	perception	supernatural:perception	major	yes	yes
Adat-Zadikim_0013	Adat-Zadikim	times	death	times:death	major	yes	yes
Adat-Zadikim_0013	Adat-Zadikim	times	shabbat	times:shabbat	major	yes	yes
Adat-Zadikim_0014	Adat-Zadikim	ethics-and-emotions	fear	ethics-and-emotions:fear	mention_only	yes	no
Adat-Zadikim_0014	Adat-Zadikim	ethics-and-emotions	lust	ethics-and-emotions:lust	mention_only	yes	no
Adat-Zadikim_0014	Adat-Zadikim	ethics-and-emotions	lying	ethics-and-emotions:lying	mention_only	yes	no
Adat-Zadikim_0014	Adat-Zadikim	ethics-and-emotions	prohibitions	ethics-and-emotions:prohibitions	mention_only	yes	no
Adat-Zadikim_0014	Adat-Zadikim	ethics-and-emotions	punishment	ethics-and-emotions:punishment	mention_only	yes	no
Adat-Zadikim_0014	Adat-Zadikim	ethics-and-emotions	repentance	ethics-and-emotions:repentance	mention_only	yes	no
Adat-Zadikim_0014	Adat-Zadikim	ethics-and-emotions	sadness	ethics-and-emotions:sadness	mention_only	yes	no
Adat-Zadikim_0014	Adat-Zadikim	experience	dream	experience:dream	mention_only	yes	no
Adat-Zadikim_0014	Adat-Zadikim	practice	healing_of_the_soul	practice:healing_of_the_soul	mention_only	yes	no
Adat-Zadikim_0014	Adat-Zadikim	social	conflict	social:conflict	mention_only	yes	no
Adat-Zadikim_0014	Adat-Zadikim	social	relations_with_non_jews	social:relations_with_non_jews	mention_only	yes	no
Adat-Zadikim_0014	Adat-Zadikim	spaces	beth_midrash	spaces:beth_midrash	mention_only	yes	no
Adat-Zadikim_0014	Adat-Zadikim	spaces	rabbinical_court	spaces:rabbinical_court	mention_only	yes	no
Adat-Zadikim_0014	Adat-Zadikim	supernatural	communicating_with_the_invisible	supernatural:communicating_with_the_invisible	mention_only	yes	no
Adat-Zadikim_0014	Adat-Zadikim	supernatural	magic	supernatural:magic	mention_only	yes	no
Adat-Zadikim_0014	Adat-Zadikim	supernatural	perception	supernatural:perception	mention_only	yes	no
Adat-Zadikim_0015	Adat-Zadikim	characters-and-roles	preacher	characters-and-roles:preacher	major	yes	yes
Adat-Zadikim_0015	Adat-Zadikim	ethics-and-emotions	anger	ethics-and-emotions:anger	major	yes	yes
Adat-Zadikim_0015	Adat-Zadikim	ethics-and-emotions	prohibitions	ethics-and-emotions:prohibitions	major	yes	yes
Adat-Zadikim_0015	Adat-Zadikim	ethics-and-emotions	punishment	ethics-and-emotions:punishment	major	yes	yes
Adat-Zadikim_0015	Adat-Zadikim	ethics-and-emotions	repentance	ethics-and-emotions:repentance	major	yes	yes
Adat-Zadikim_0015	Adat-Zadikim	ethics-and-emotions	virtues	ethics-and-emotions:virtues	major	yes	yes
Adat-Zadikim_0015	Adat-Zadikim	experience	revelation	experience:revelation	major	yes	yes
Adat-Zadikim_0015	Adat-Zadikim	folkloristics	story_type_prognostication	folkloristics:story_type_prognostication	major	yes	yes
Adat-Zadikim_0015	Adat-Zadikim	practice	travel_to_other_tsaddik	practice:travel_to_other_tsaddik	major	yes	yes
Adat-Zadikim_0015	Adat-Zadikim	practice	travel_to_the_tsaddik	practice:travel_to_the_tsaddik	major	yes	yes
Adat-Zadikim_0015	Adat-Zadikim	social	inter_hasidic	social:inter_hasidic	major	yes	yes
Adat-Zadikim_0015	Adat-Zadikim	social	inter_hasidic_master_disciple_relationship	social:inter_hasidic_master_disciple_relationship	major	yes	yes
Adat-Zadikim_0015	Adat-Zadikim	social	marital_relationship	social:marital_relationship	major	yes	yes
Adat-Zadikim_0015	Adat-Zadikim	social	marriage	social:marriage	major	yes	yes
Adat-Zadikim_0015	Adat-Zadikim	social	retrospective_recognition	social:retrospective_recognition	major	yes	yes
Adat-Zadikim_0015	Adat-Zadikim	supernatural	communicating_with_the_invisible	supernatural:communicating_with_the_invisible	major	yes	yes
Adat-Zadikim_0015	Adat-Zadikim	supernatural	magic	supernatural:magic	major	yes	yes
Adat-Zadikim_0015	Adat-Zadikim	supernatural	miracle	supernatural:miracle	major	yes	yes
Adat-Zadikim_0015	Adat-Zadikim	supernatural	perception	supernatural:perception	major	yes	yes
Adat-Zadikim_0015	Adat-Zadikim	supernatural	prognostication	supernatural:prognostication	major	yes	yes
Adat-Zadikim_0015	Adat-Zadikim	times	death	times:death	major	yes	yes
Adat-Zadikim_0016	Adat-Zadikim	ethics-and-emotions	adultery	ethics-and-emotions:adultery	catalyst	yes	yes
Adat-Zadikim_0016	Adat-Zadikim	ethics-and-emotions	anger	ethics-and-emotions:anger	catalyst	yes	yes
Adat-Zadikim_0016	Adat-Zadikim	ethics-and-emotions	fear	ethics-and-emotions:fear	catalyst	yes	yes
Adat-Zadikim_0016	Adat-Zadikim	ethics-and-emotions	prohibitions	ethics-and-emotions:prohibitions	catalyst	yes	yes
Adat-Zadikim_0016	Adat-Zadikim	ethics-and-emotions	repentance	ethics-and-emotions:repentance	catalyst	yes	yes
Adat-Zadikim_0016	Adat-Zadikim	ethics-and-emotions	virtues	ethics-and-emotions:virtues	catalyst	yes	yes
Adat-Zadikim_0016	Adat-Zadikim	experience	dream	experience:dream	catalyst	yes	yes
Adat-Zadikim_0016	Adat-Zadikim	practice	prayer	practice:prayer	catalyst	yes	yes
Adat-Zadikim_0016	Adat-Zadikim	practice	tvilah	practice:tvilah	catalyst	yes	yes
Adat-Zadikim_0016	Adat-Zadikim	social	conflict	social:conflict	catalyst	yes	yes
Adat-Zadikim_0016	Adat-Zadikim	social	relations_with_non_jews	social:relations_with_non_jews	catalyst	yes	yes
Adat-Zadikim_0016	Adat-Zadikim	social	relations_with_sinners	social:relations_with_sinners	catalyst	yes	yes
Adat-Zadikim_0016	Adat-Zadikim	social	relations_with_the_authorities	social:relations_with_the_authorities	catalyst	yes	yes
Adat-Zadikim_0016	Adat-Zadikim	social	retrospective_recognition	social:retrospective_recognition	catalyst	yes	yes
Adat-Zadikim_0016	Adat-Zadikim	supernatural	communicating_with_the_invisible	supernatural:communicating_with_the_invisible	catalyst	yes	yes
Adat-Zadikim_0016	Adat-Zadikim	supernatural	perception	supernatural:perception	catalyst	yes	yes
Adat-Zadikim_0016	Adat-Zadikim	times	death	times:death	catalyst	yes	yes
Adat-Zadikim_0017	Adat-Zadikim	characters-and-roles	angels	characters-and-roles:angels	mention_only	yes	no
Adat-Zadikim_0017	Adat-Zadikim	ethics-and-emotions	lust	ethics-and-emotions:lust	mention_only	yes	no
Adat-Zadikim_0017	Adat-Zadikim	ethics-and-emotions	repentance	ethics-and-emotions:repentance	mention_only	yes	no
Adat-Zadikim_0017	Adat-Zadikim	experience	revelation	experience:revelation	mention_only	yes	no
Adat-Zadikim_0017	Adat-Zadikim	folkloristics	story_type_advent	folkloristics:story_type_advent	mention_only	yes	no
Adat-Zadikim_0017	Adat-Zadikim	folkloristics	story_type_rapprochement	folkloristics:story_type_rapprochement	mention_only	yes	no
Adat-Zadikim_0017	Adat-Zadikim	practice	healing	practice:healing	mention_only	yes	no
Adat-Zadikim_0017	Adat-Zadikim	practice	healing_of_the_soul	practice:healing_of_the_soul	mention_only	yes	no
Adat-Zadikim_0017	Adat-Zadikim	practice	prayer	practice:prayer	mention_only	yes	no
Adat-Zadikim_0017	Adat-Zadikim	practice	reception_of_hasidim	practice:reception_of_hasidim	mention_only	yes	no
Adat-Zadikim_0017	Adat-Zadikim	practice	recitation_of_psalms	practice:recitation_of_psalms	mention_only	yes	no
Adat-Zadikim_0017	Adat-Zadikim	practice	travel_to_the_tsaddik	practice:travel_to_the_tsaddik	mention_only	yes	no
Adat-Zadikim_0017	Adat-Zadikim	social	inter_hasidic_master_disciple_relationship	social:inter_hasidic_master_disciple_relationship	mention_only	yes	no
Adat-Zadikim_0017	Adat-Zadikim	social	relations_with_non_hasidim	social:relations_with_non_hasidim	mention_only	yes	no
Adat-Zadikim_0017	Adat-Zadikim	social	relations_with_non_jews	social:relations_with_non_jews	mention_only	yes	no
Adat-Zadikim_0017	Adat-Zadikim	social	relations_with_the_authorities	social:relations_with_the_authorities	mention_only	yes	no
Adat-Zadikim_0017	Adat-Zadikim	social	retrospective_recognition	social:retrospective_recognition	mention_only	yes	no
Adat-Zadikim_0017	Adat-Zadikim	supernatural	miracle	supernatural:miracle	mention_only	yes	no
Adat-Zadikim_0017	Adat-Zadikim	supernatural	perception	supernatural:perception	mention_only	yes	no
Adat-Zadikim_0017	Adat-Zadikim	supernatural	prognostication	supernatural:prognostication	mention_only	yes	no
Adat-Zadikim_0018	Adat-Zadikim	characters-and-roles	angels	characters-and-roles:angels	none	no	no
Adat-Zadikim_0018	Adat-Zadikim	ethics-and-emotions	awe	ethics-and-emotions:awe	none	no	no
Adat-Zadikim_0018	Adat-Zadikim	experience	visions	experience:visions	none	no	no
Adat-Zadikim_0018	Adat-Zadikim	folkloristics	story_type_rapprochement	folkloristics:story_type_rapprochement	none	no	no
Adat-Zadikim_0018	Adat-Zadikim	kabbalah		kabbalah	none	no	no
Adat-Zadikim_0018	Adat-Zadikim	knowledge	esoteric	knowledge:esoteric	none	no	no
Adat-Zadikim_0018	Adat-Zadikim	practice	storytelling	practice:storytelling	none	no	no
Adat-Zadikim_0018	Adat-Zadikim	practice	study	practice:study	none	no	no
Adat-Zadikim_0018	Adat-Zadikim	practice	travel_to_the_tsaddik	practice:travel_to_the_tsaddik	none	no	no
Adat-Zadikim_0018	Adat-Zadikim	social	inter_hasidic_master_disciple_relationship	social:inter_hasidic_master_disciple_relationship	none	no	no
Adat-Zadikim_0018	Adat-Zadikim	social	retrospective_recognition	social:retrospective_recognition	none	no	no
Adat-Zadikim_0018	Adat-Zadikim	supernatural	light_or_fire_as_a_sign_of_righteousness	supernatural:light_or_fire_as_a_sign_of_righteousness	none	no	no
Adat-Zadikim_0018	Adat-Zadikim	supernatural	perception	supernatural:perception	none	no	no
Adat-Zadikim_0019	Adat-Zadikim	characters-and-roles	messiah	characters-and-roles:messiah	none	no	no
Adat-Zadikim_0019	Adat-Zadikim	ethics-and-emotions	joy	ethics-and-emotions:joy	none	no	no
Adat-Zadikim_0019	Adat-Zadikim	ethics-and-emotions	repentance	ethics-and-emotions:repentance	none	no	no
Adat-Zadikim_0019	Adat-Zadikim	ethics-and-emotions	sadness	ethics-and-emotions:sadness	none	no	no
Adat-Zadikim_0019	Adat-Zadikim	experience	journey_to_heaven	experience:journey_to_heaven	none	no	no
Adat-Zadikim_0019	Adat-Zadikim	experience	revelation	experience:revelation	none	no	no
Adat-Zadikim_0019	Adat-Zadikim	experience	visions	experience:visions	none	no	no
Adat-Zadikim_0019	Adat-Zadikim	kabbalah	kabbalistic_terms_yihudim	kabbalah:kabbalistic_terms_yihudim	none	no	no
Adat-Zadikim_0019	Adat-Zadikim	knowledge	esoteric	knowledge:esoteric	none	no	no
Adat-Zadikim_0019	Adat-Zadikim	practice	meditation	practice:meditation	none	no	no
Adat-Zadikim_0019	Adat-Zadikim	practice	study	practice:study	none	no	no
Adat-Zadikim_0019	Adat-Zadikim	practice	use_of_holy_names	practice:use_of_holy_names	none	no	no
Adat-Zadikim_0019	Adat-Zadikim	social	inter_hasidic_master_disciple_relationship	social:inter_hasidic_master_disciple_relationship	none	no	no
Adat-Zadikim_0019	Adat-Zadikim	spaces	heaven	spaces:heaven	none	no	no
Adat-Zadikim_0019	Adat-Zadikim	supernatural	communicating_with_the_invisible	supernatural:communicating_with_the_invisible	none	no	no
Adat-Zadikim_0019	Adat-Zadikim	supernatural	perception	supernatural:perception	none	no	no
Adat-Zadikim_0019	Adat-Zadikim	times	eschatology	times:eschatology	none	no	no
Adat-Zadikim_0020	Adat-Zadikim	folkloristics	story_type_prognostication	folkloristics:story_type_prognostication	none	no	no
Adat-Zadikim_0020	Adat-Zadikim	social	inter_hasidic	social:inter_hasidic	none	no	no
Adat-Zadikim_0020	Adat-Zadikim	social	inter_hasidic_master_disciple_relationship	social:inter_hasidic_master_disciple_relationship	none	no	no
Adat-Zadikim_0020	Adat-Zadikim	social	retrospective_recognition	social:retrospective_recognition	none	no	no
Adat-Zadikim_0020	Adat-Zadikim	supernatural	perception	supernatural:perception	none	no	no
Adat-Zadikim_0020	Adat-Zadikim	supernatural	prognostication	supernatural:prognostication	none	no	no
Adat-Zadikim_0020	Adat-Zadikim	times	death	times:death	none	no	no
Adat-Zadikim_0020	Adat-Zadikim	times	holidays	times:holidays	none	no	no
Adat-Zadikim_0021	Adat-Zadikim	ethics-and-emotions	fear	ethics-and-emotions:fear	mention_only	yes	no
Adat-Zadikim_0021	Adat-Zadikim	folkloristics	story_type_revelation	folkloristics:story_type_revelation	mention_only	yes	no
Adat-Zadikim_0021	Adat-Zadikim	social	inter_hasidic	social:inter_hasidic	mention_only	yes	no
Adat-Zadikim_0021	Adat-Zadikim	social	marriage	social:marriage	mention_only	yes	no
Adat-Zadikim_0021	Adat-Zadikim	supernatural	light_or_fire_as_a_sign_of_righteousness	supernatural:light_or_fire_as_a_sign_of_righteousness	mention_only	yes	no
Adat-Zadikim_0022	Adat-Zadikim	ethics-and-emotions	anger	ethics-and-emotions:anger	mention_only	yes	no
Adat-Zadikim_0022	Adat-Zadikim	ethics-and-emotions	fear	ethics-and-emotions:fear	mention_only	yes	no
Adat-Zadikim_0022	Adat-Zadikim	folkloristics	story_type_inauguration	folkloristics:story_type_inauguration	mention_only	yes	no
Adat-Zadikim_0022	Adat-Zadikim	practice	fasting	practice:fasting	mention_only	yes	no
Adat-Zadikim_0022	Adat-Zadikim	practice	storytelling	practice:storytelling	mention_only	yes	no
Adat-Zadikim_0022	Adat-Zadikim	social	competition	social:competition	mention_only	yes	no
Adat-Zadikim_0022	Adat-Zadikim	social	conflict	social:conflict	mention_only	yes	no
Adat-Zadikim_0022	Adat-Zadikim	social	relations_with_non_jews	social:relations_with_non_jews	mention_only	yes	no
Adat-Zadikim_0022	Adat-Zadikim	social	retrospective_recognition	social:retrospective_recognition	mention_only	yes	no
Adat-Zadikim_0022	Adat-Zadikim	times	inauguration	times:inauguration	mention_only	yes	no
Adat-Zadikim_0023	Adat-Zadikim	characters-and-roles	angels	characters-and-roles:angels	mention_only	yes	no
Adat-Zadikim_0023	Adat-Zadikim	characters-and-roles	elijah_the_prophet	characters-and-roles:elijah_the_prophet	mention_only	yes	no
Adat-Zadikim_0023	Adat-Zadikim	characters-and-roles	hidden_righteous	characters-and-roles:hidden_righteous	mention_only	yes	no
Adat-Zadikim_0023	Adat-Zadikim	ethics-and-emotions	humility	ethics-and-emotions:humility	mention_only	yes	no
Adat-Zadikim_0023	Adat-Zadikim	ethics-and-emotions	lying	ethics-and-emotions:lying	mention_only	yes	no
Adat-Zadikim_0023	Adat-Zadikim	ethics-and-emotions	pride	ethics-and-emotions:pride	mention_only	yes	no
Adat-Zadikim_0023	Adat-Zadikim	ethics-and-emotions	prohibitions	ethics-and-emotions:prohibitions	mention_only	yes	no
Adat-Zadikim_0023	Adat-Zadikim	ethics-and-emotions	virtues	ethics-and-emotions:virtues	mention_only	yes	no
Adat-Zadikim_0023	Adat-Zadikim	experience	revelation	experience:revelation	mention_only	yes	no
Adat-Zadikim_0023	Adat-Zadikim	folkloristics	story_type_revelation	folkloristics:story_type_revelation	mention_only	yes	no
Adat-Zadikim_0023	Adat-Zadikim	folkloristics	story_type_virtues	folkloristics:story_type_virtues	mention_only	yes	no
Adat-Zadikim_0023	Adat-Zadikim	practice	recitation_of_psalms	practice:recitation_of_psalms	mention_only	yes	no
Adat-Zadikim_0023	Adat-Zadikim	practice	study	practice:study	mention_only	yes	no
Adat-Zadikim_0023	Adat-Zadikim	social	inter_hasidic	social:inter_hasidic	mention_only	yes	no
Adat-Zadikim_0023	Adat-Zadikim	social	marital_relationship	social:marital_relationship	mention_only	yes	no
Adat-Zadikim_0023	Adat-Zadikim	social	marriage	social:marriage	mention_only	yes	no
Adat-Zadikim_0023	Adat-Zadikim	social	retrospective_recognition	social:retrospective_recognition	mention_only	yes	no
Adat-Zadikim_0023	Adat-Zadikim	supernatural	communicating_with_the_invisible	supernatural:communicating_with_the_invisible	mention_only	yes	no
Adat-Zadikim_0023	Adat-Zadikim	supernatural	perception	supernatural:perception	mention_only	yes	no
Adat-Zadikim_0023	Adat-Zadikim	times	death	times:death	mention_only	yes	no
Adat-Zadikim_0024	Adat-Zadikim	characters-and-roles	agunah	characters-and-roles:agunah	minor	yes	yes
Adat-Zadikim_0024	Adat-Zadikim	ethics-and-emotions	adultery	ethics-and-emotions:adultery	minor	yes	yes
Adat-Zadikim_0024	Adat-Zadikim	ethics-and-emotions	lust	ethics-and-emotions:lust	minor	yes	yes
Adat-Zadikim_0024	Adat-Zadikim	ethics-and-emotions	prohibitions	ethics-and-emotions:prohibitions	minor	yes	yes
Adat-Zadikim_0024	Adat-Zadikim	ethics-and-emotions	punishment	ethics-and-emotions:punishment	minor	yes	yes
Adat-Zadikim_0024	Adat-Zadikim	practice	protection	practice:protection	minor	yes	yes
Adat-Zadikim_0024	Adat-Zadikim	practice	releasing_agunot	practice:releasing_agunot	minor	yes	yes
Adat-Zadikim_0024	Adat-Zadikim	supernatural	communicating_with_the_invisible	supernatural:communicating_with_the_invisible	minor	yes	yes
Adat-Zadikim_0024	Adat-Zadikim	supernatural	perception	supernatural:perception	minor	yes	yes
Adat-Zadikim_0024	Adat-Zadikim	times	death	times:death	minor	yes	yes
Khal-Hasidim_0001	Khal-Hasidim	characters-and-roles	demons	characters-and-roles:demons	mention_only	yes	no
Khal-Hasidim_0001	Khal-Hasidim	characters-and-roles	elijah_the_prophet	characters-and-roles:elijah_the_prophet	mention_only	yes	no
Khal-Hasidim_0001	Khal-Hasidim	characters-and-roles	hidden_righteous	characters-and-roles:hidden_righteous	mention_only	yes	no
Khal-Hasidim_0001	Khal-Hasidim	characters-and-roles	the_family_of_the_tsaddik	characters-and-roles:the_family_of_the_tsaddik	mention_only	yes	no
Khal-Hasidim_0001	Khal-Hasidim	ethics-and-emotions	anger	ethics-and-emotions:anger	mention_only	yes	no
Khal-Hasidim_0001	Khal-Hasidim	ethics-and-emotions	fear	ethics-and-emotions:fear	mention_only	yes	no
Khal-Hasidim_0001	Khal-Hasidim	ethics-and-emotions	joy	ethics-and-emotions:joy	mention_only	yes	no
Khal-Hasidim_0001	Khal-Hasidim	ethics-and-emotions	lust	ethics-and-emotions:lust	mention_only	yes	no
Khal-Hasidim_0001	Khal-Hasidim	ethics-and-emotions	lying	ethics-and-emotions:lying	mention_only	yes	no
Khal-Hasidim_0001	Khal-Hasidim	ethics-and-emotions	virtues	ethics-and-emotions:virtues	mention_only	yes	no
Khal-Hasidim_0001	Khal-Hasidim	experience	dream	experience:dream	mention_only	yes	no
Khal-Hasidim_0001	Khal-Hasidim	experience	revelation	experience:revelation	mention_only	yes	no
Khal-Hasidim_0001	Khal-Hasidim	folkloristics	story_type_birth_of_the_tsaddik	folkloristics:story_type_birth_of_the_tsaddik	mention_only	yes	no
Khal-Hasidim_0001	Khal-Hasidim	folkloristics	story_type_prognostication	folkloristics:story_type_prognostication	mention_only	yes	no
Khal-Hasidim_0001	Khal-Hasidim	folkloristics	story_type_protection	folkloristics:story_type_protection	mention_only	yes	no
Khal-Hasidim_0001	Khal-Hasidim	folkloristics	story_type_virtues	folkloristics:story_type_virtues	mention_only	yes	no
Khal-Hasidim_0001	Khal-Hasidim	knowledge	practical_kabbalah	knowledge:practical_kabbalah	mention_only	yes	no
Khal-Hasidim_0001	Khal-Hasidim	practice	music	practice:music	mention_only	yes	no
Khal-Hasidim_0001	Khal-Hasidim	practice	pidyon_nefesh	practice:pidyon_nefesh	mention_only	yes	no
Khal-Hasidim_0001	Khal-Hasidim	practice	protection	practice:protection	mention_only	yes	no
Khal-Hasidim_0001	Khal-Hasidim	practice	solitude	practice:solitude	mention_only	yes	no
Khal-Hasidim_0001	Khal-Hasidim	practice	study	practice:study	mention_only	yes	no
Khal-Hasidim_0001	Khal-Hasidim	social	conflict	social:conflict	mention_only	yes	no
Khal-Hasidim_0001	Khal-Hasidim	social	marital_relationship	social:marital_relationship	mention_only	yes	no
Khal-Hasidim_0001	Khal-Hasidim	social	relations_with_non_jews	social:relations_with_non_jews	mention_only	yes	no
Khal-Hasidim_0001	Khal-Hasidim	social	relations_with_the_authorities	social:relations_with_the_authorities	mention_only	yes	no
Khal-Hasidim_0001	Khal-Hasidim	social	retrospective_recognition	social:retrospective_recognition	mention_only	yes	no
Khal-Hasidim_0001	Khal-Hasidim	spaces	beth_midrash	spaces:beth_midrash	mention_only	yes	no
Khal-Hasidim_0001	Khal-Hasidim	supernatural	communicating_with_the_invisible	supernatural:communicating_with_the_invisible	mention_only	yes	no
Khal-Hasidim_0001	Khal-Hasidim	supernatural	magic	supernatural:magic	mention_only	yes	no
Khal-Hasidim_0001	Khal-Hasidim	supernatural	miracle	supernatural:miracle	mention_only	yes	no
Khal-Hasidim_0001	Khal-Hasidim	supernatural	perception	supernatural:perception	mention_only	yes	no
Khal-Hasidim_0001	Khal-Hasidim	supernatural	pregnancy	supernatural:pregnancy	mention_only	yes	no
Khal-Hasidim_0001	Khal-Hasidim	supernatural	prognostication	supernatural:prognostication	mention_only	yes	no
Khal-Hasidim_0001	Khal-Hasidim	times	birth	times:birth	mention_only	yes	no
Khal-Hasidim_0001	Khal-Hasidim	times	death	times:death	mention_only	yes	no
Khal-Hasidim_0001	Khal-Hasidim	times	inauguration	times:inauguration	mention_only	yes	no
Khal-Hasidim_0002	Khal-Hasidim	characters-and-roles	angels	characters-and-roles:angels	minor	yes	yes
Khal-Hasidim_0002	Khal-Hasidim	characters-and-roles	hidden_righteous	characters-and-roles:hidden_righteous	minor	yes	yes
Khal-Hasidim_0002	Khal-Hasidim	characters-and-roles	the_family_of_the_tsaddik	characters-and-roles:the_family_of_the_tsaddik	minor	yes	yes
Khal-Hasidim_0002	Khal-Hasidim	ethics-and-emotions	lying	ethics-and-emotions:lying	minor	yes	yes
Khal-Hasidim_0002	Khal-Hasidim	ethics-and-emotions	punishment	ethics-and-emotions:punishment	minor	yes	yes
Khal-Hasidim_0002	Khal-Hasidim	ethics-and-emotions	shame	ethics-and-emotions:shame	minor	yes	yes
Khal-Hasidim_0002	Khal-Hasidim	experience	dream	experience:dream	minor	yes	yes
Khal-Hasidim_0002	Khal-Hasidim	experience	revelation	experience:revelation	minor	yes	yes
Khal-Hasidim_0002	Khal-Hasidim	folkloristics	story_type_advent	folkloristics:story_type_advent	minor	yes	yes
Khal-Hasidim_0002	Khal-Hasidim	folkloristics	story_type_inauguration	folkloristics:story_type_inauguration	minor	yes	yes
Khal-Hasidim_0002	Khal-Hasidim	folkloristics	story_type_virtues	folkloristics:story_type_virtues	minor	yes	yes
Khal-Hasidim_0002	Khal-Hasidim	kabbalah	kabbalistic_terms_kavvanot	kabbalah:kabbalistic_terms_kavvanot	minor	yes	yes
Khal-Hasidim_0002	Khal-Hasidim	knowledge	esoteric	knowledge:esoteric	minor	yes	yes
Khal-Hasidim_0002	Khal-Hasidim	knowledge	practical_kabbalah	knowledge:practical_kabbalah	minor	yes	yes
Khal-Hasidim_0002	Khal-Hasidim	knowledge	secret_texts	knowledge:secret_texts	minor	yes	yes
Khal-Hasidim_0002	Khal-Hasidim	practice	asceticism	practice:asceticism	minor	yes	yes
Khal-Hasidim_0002	Khal-Hasidim	practice	drinking_alcohol	practice:drinking_alcohol	minor	yes	yes
Khal-Hasidim_0002	Khal-Hasidim	practice	fasting	practice:fasting	minor	yes	yes
Khal-Hasidim_0002	Khal-Hasidim	practice	meditation	practice:meditation	minor	yes	yes
Khal-Hasidim_0002	Khal-Hasidim	practice	music	practice:music	minor	yes	yes
Khal-Hasidim_0002	Khal-Hasidim	practice	pidyon_nefesh	practice:pidyon_nefesh	minor	yes	yes
Khal-Hasidim_0002	Khal-Hasidim	practice	pilgrimage_to_the_graves_of_tsaddikim	practice:pilgrimage_to_the_graves_of_tsaddikim	minor	yes	yes
Khal-Hasidim_0002	Khal-Hasidim	practice	protection	practice:protection	minor	yes	yes
Khal-Hasidim_0002	Khal-Hasidim	practice	recitation_of_psalms	practice:recitation_of_psalms	minor	yes	yes
Khal-Hasidim_0002	Khal-Hasidim	practice	releasing_agunot	practice:releasing_agunot	minor	yes	yes
Khal-Hasidim_0002	Khal-Hasidim	practice	solitude	practice:solitude	minor	yes	yes
Khal-Hasidim_0002	Khal-Hasidim	practice	study	practice:study	minor	yes	yes
Khal-Hasidim_0002	Khal-Hasidim	social	conflict	social:conflict	minor	yes	yes
Khal-Hasidim_0002	Khal-Hasidim	social	disobedience	social:disobedience	minor	yes	yes
Khal-Hasidim_0002	Khal-Hasidim	social	inter_hasidic_master_disciple_relationship	social:inter_hasidic_master_disciple_relationship	minor	yes	yes
Khal-Hasidim_0002	Khal-Hasidim	social	marital_relationship	social:marital_relationship	minor	yes	yes
Khal-Hasidim_0002	Khal-Hasidim	social	marriage	social:marriage	minor	yes	yes
Khal-Hasidim_0002	Khal-Hasidim	social	poverty	social:poverty	minor	yes	yes
Khal-Hasidim_0002	Khal-Hasidim	social	relations_with_non_jews	social:relations_with_non_jews	minor	yes	yes
Khal-Hasidim_0002	Khal-Hasidim	social	relations_with_sinners	social:relations_with_sinners	minor	yes	yes
Khal-Hasidim_0002	Khal-Hasidim	social	relations_with_the_authorities	social:relations_with_the_authorities	minor	yes	yes
Khal-Hasidim_0002	Khal-Hasidim	social	retrospective_recognition	social:retrospective_recognition	minor	yes	yes
Khal-Hasidim_0002	Khal-Hasidim	spaces	beth_midrash	spaces:beth_midrash	minor	yes	yes
Khal-Hasidim_0002	Khal-Hasidim	supernatural	magic	supernatural:magic	minor	yes	yes
Khal-Hasidim_0002	Khal-Hasidim	supernatural	miracle	supernatural:miracle	minor	yes	yes
Khal-Hasidim_0002	Khal-Hasidim	supernatural	perception	supernatural:perception	minor	yes	yes
Khal-Hasidim_0002	Khal-Hasidim	supernatural	prognostication	supernatural:prognostication	minor	yes	yes
Khal-Hasidim_0002	Khal-Hasidim	times	death	times:death	minor	yes	yes
Khal-Hasidim_0002	Khal-Hasidim	times	inauguration	times:inauguration	minor	yes	yes
Khal-Hasidim_0002	Khal-Hasidim	times	shabbat	times:shabbat	minor	yes	yes
Khal-Hasidim_0003	Khal-Hasidim	characters-and-roles	hidden_righteous	characters-and-roles:hidden_righteous	minor	yes	yes
Khal-Hasidim_0003	Khal-Hasidim	characters-and-roles	the_family_of_the_tsaddik	characters-and-roles:the_family_of_the_tsaddik	minor	yes	yes
Khal-Hasidim_0003	Khal-Hasidim	ethics-and-emotions	punishment	ethics-and-emotions:punishment	minor	yes	yes
Khal-Hasidim_0003	Khal-Hasidim	ethics-and-emotions	repentance	ethics-and-emotions:repentance	minor	yes	yes
Khal-Hasidim_0003	Khal-Hasidim	practice	healing_of_the_soul	practice:healing_of_the_soul	minor	yes	yes
Khal-Hasidim_0003	Khal-Hasidim	practice	solitude	practice:solitude	minor	yes	yes
Khal-Hasidim_0003	Khal-Hasidim	social	relations_with_sinners	social:relations_with_sinners	minor	yes	yes
Khal-Hasidim_0003	Khal-Hasidim	spaces	the_land_of_israel	spaces:the_land_of_israel	minor	yes	yes
Khal-Hasidim_0003	Khal-Hasidim	supernatural	contraction_of_the_road	supernatural:contraction_of_the_road	minor	yes	yes
Khal-Hasidim_0003	Khal-Hasidim	supernatural	magic	supernatural:magic	minor	yes	yes
Khal-Hasidim_0003	Khal-Hasidim	supernatural	perception	supernatural:perception	minor	yes	yes
Khal-Hasidim_0003	Khal-Hasidim	supernatural	reincarnation	supernatural:reincarnation	minor	yes	yes
Khal-Hasidim_0004	Khal-Hasidim	characters-and-roles	hidden_righteous	characters-and-roles:hidden_righteous	minor	yes	yes
Khal-Hasidim_0004	Khal-Hasidim	characters-and-roles	preacher	characters-and-roles:preacher	minor	yes	yes
Khal-Hasidim_0004	Khal-Hasidim	characters-and-roles	the_family_of_the_tsaddik	characters-and-roles:the_family_of_the_tsaddik	minor	yes	yes
Khal-Hasidim_0004	Khal-Hasidim	ethics-and-emotions	anger	ethics-and-emotions:anger	minor	yes	yes
Khal-Hasidim_0004	Khal-Hasidim	ethics-and-emotions	awe	ethics-and-emotions:awe	minor	yes	yes
Khal-Hasidim_0004	Khal-Hasidim	ethics-and-emotions	fear	ethics-and-emotions:fear	minor	yes	yes
Khal-Hasidim_0004	Khal-Hasidim	experience	devekut	experience:devekut	minor	yes	yes
Khal-Hasidim_0004	Khal-Hasidim	experience	revelation	experience:revelation	minor	yes	yes
Khal-Hasidim_0004	Khal-Hasidim	experience	visions	experience:visions	minor	yes	yes
Khal-Hasidim_0004	Khal-Hasidim	folkloristics	story_type_advent	folkloristics:story_type_advent	minor	yes	yes
Khal-Hasidim_0004	Khal-Hasidim	folkloristics	story_type_inauguration	folkloristics:story_type_inauguration	minor	yes	yes
Khal-Hasidim_0004	Khal-Hasidim	folkloristics	story_type_rapprochement	folkloristics:story_type_rapprochement	minor	yes	yes
Khal-Hasidim_0004	Khal-Hasidim	folkloristics	story_type_revelation	folkloristics:story_type_revelation	minor	yes	yes
Khal-Hasidim_0004	Khal-Hasidim	folkloristics	story_type_virtues	folkloristics:story_type_virtues	minor	yes	yes
Khal-Hasidim_0004	Khal-Hasidim	knowledge	esoteric	knowledge:esoteric	minor	yes	yes
Khal-Hasidim_0004	Khal-Hasidim	knowledge	secret_texts	knowledge:secret_texts	minor	yes	yes
Khal-Hasidim_0004	Khal-Hasidim	practice	devekut	practice:devekut	minor	yes	yes
Khal-Hasidim_0004	Khal-Hasidim	practice	prayer	practice:prayer	minor	yes	yes
Khal-Hasidim_0004	Khal-Hasidim	practice	sermon	practice:sermon	minor	yes	yes
Khal-Hasidim_0004	Khal-Hasidim	practice	solitude	practice:solitude	minor	yes	yes
Khal-Hasidim_0004	Khal-Hasidim	practice	tefillin	practice:tefillin	minor	yes	yes
Khal-Hasidim_0004	Khal-Hasidim	practice	tvilah	practice:tvilah	minor	yes	yes
Khal-Hasidim_0004	Khal-Hasidim	social	inter_hasidic	social:inter_hasidic	minor	yes	yes
Khal-Hasidim_0004	Khal-Hasidim	social	inter_hasidic_master_disciple_relationship	social:inter_hasidic_master_disciple_relationship	minor	yes	yes
Khal-Hasidim_0004	Khal-Hasidim	social	marital_relationship	social:marital_relationship	minor	yes	yes
Khal-Hasidim_0004	Khal-Hasidim	social	retrospective_recognition	social:retrospective_recognition	minor	yes	yes
Khal-Hasidim_0004	Khal-Hasidim	spaces	mikveh	spaces:mikveh	minor	yes	yes
Khal-Hasidim_0004	Khal-Hasidim	supernatural	light_or_fire_as_a_sign_of_righteousness	supernatural:light_or_fire_as_a_sign_of_righteousness	minor	yes	yes
Khal-Hasidim_0004	Khal-Hasidim	supernatural	miracle	supernatural:miracle	minor	yes	yes
Khal-Hasidim_0004	Khal-Hasidim	supernatural	perception	supernatural:perception	minor	yes	yes
Khal-Hasidim_0004	Khal-Hasidim	supernatural	prognostication	supernatural:prognostication	minor	yes	yes
Khal-Hasidim_0004	Khal-Hasidim	times	holidays	times:holidays	minor	yes	yes
Khal-Hasidim_0004	Khal-Hasidim	times	inauguration	times:inauguration	minor	yes	yes
Khal-Hasidim_0004	Khal-Hasidim	times	shabbat	times:shabbat	minor	yes	yes
Khal-Hasidim_0005	Khal-Hasidim	experience	devekut	experience:devekut	none	no	no
Khal-Hasidim_0005	Khal-Hasidim	practice	devekut	practice:devekut	none	no	no
Khal-Hasidim_0005	Khal-Hasidim	practice	solitude	practice:solitude	none	no	no
Khal-Hasidim_0005	Khal-Hasidim	practice	tvilah	practice:tvilah	none	no	no
Khal-Hasidim_0006	Khal-Hasidim	practice	healing	practice:healing	catalyst	yes	yes
Khal-Hasidim_0006	Khal-Hasidim	practice	prayer	practice:prayer	catalyst	yes	yes
Khal-Hasidim_0006	Khal-Hasidim	practice	protection	practice:protection	catalyst	yes	yes
Khal-Hasidim_0006	Khal-Hasidim	social	relations_with_non_jews	social:relations_with_non_jews	catalyst	yes	yes
Khal-Hasidim_0006	Khal-Hasidim	social	relations_with_the_authorities	social:relations_with_the_authorities	catalyst	yes	yes
Khal-Hasidim_0006	Khal-Hasidim	supernatural	perception	supernatural:perception	catalyst	yes	yes
Khal-Hasidim_0007	Khal-Hasidim	ethics-and-emotions	awe	ethics-and-emotions:awe	none	no	no
Khal-Hasidim_0007	Khal-Hasidim	ethics-and-emotions	fear	ethics-and-emotions:fear	none	no	no
Khal-Hasidim_0007	Khal-Hasidim	folkloristics	story_type_rapprochement	folkloristics:story_type_rapprochement	none	no	no
Khal-Hasidim_0007	Khal-Hasidim	practice	healing_of_the_soul	practice:healing_of_the_soul	none	no	no
Khal-Hasidim_0007	Khal-Hasidim	practice	prayer	practice:prayer	none	no	no
Khal-Hasidim_0007	Khal-Hasidim	social	relations_with_non_hasidim	social:relations_with_non_hasidim	none	no	no
Khal-Hasidim_0007	Khal-Hasidim	social	retrospective_recognition	social:retrospective_recognition	none	no	no
Khal-Hasidim_0008	Khal-Hasidim	characters-and-roles	ritual_slaughterer	characters-and-roles:ritual_slaughterer	none	no	no
Khal-Hasidim_0008	Khal-Hasidim	ethics-and-emotions	fear	ethics-and-emotions:fear	none	no	no
Khal-Hasidim_0008	Khal-Hasidim	experience	journey_to_heaven	experience:journey_to_heaven	none	no	no
Khal-Hasidim_0008	Khal-Hasidim	experience	visions	experience:visions	none	no	no
Khal-Hasidim_0008	Khal-Hasidim	knowledge	esoteric	knowledge:esoteric	none	no	no
Khal-Hasidim_0008	Khal-Hasidim	practice	healing	practice:healing	none	no	no
Khal-Hasidim_0008	Khal-Hasidim	practice	storytelling	practice:storytelling	none	no	no
Khal-Hasidim_0008	Khal-Hasidim	practice	use_of_holy_names	practice:use_of_holy_names	none	no	no
Khal-Hasidim_0008	Khal-Hasidim	spaces	heaven	spaces:heaven	none	no	no
Khal-Hasidim_0008	Khal-Hasidim	supernatural	magic	supernatural:magic	none	no	no
Khal-Hasidim_0009	Khal-Hasidim	characters-and-roles	demons	characters-and-roles:demons	minor	yes	yes
Khal-Hasidim_0009	Khal-Hasidim	characters-and-roles	hidden_righteous	characters-and-roles:hidden_righteous	minor	yes	yes
Khal-Hasidim_0009	Khal-Hasidim	characters-and-roles	the_family_of_the_tsaddik	characters-and-roles:the_family_of_the_tsaddik	minor	yes	yes
Khal-Hasidim_0009	Khal-Hasidim	ethics-and-emotions	fear	ethics-and-emotions:fear	minor	yes	yes
Khal-Hasidim_0009	Khal-Hasidim	ethics-and-emotions	lying	ethics-and-emotions:lying	minor	yes	yes
Khal-Hasidim_0009	Khal-Hasidim	ethics-and-emotions	prohibitions	ethics-and-emotions:prohibitions	minor	yes	yes
Khal-Hasidim_0009	Khal-Hasidim	ethics-and-emotions	punishment	ethics-and-emotions:punishment	minor	yes	yes
Khal-Hasidim_0009	Khal-Hasidim	experience	revelation	experience:revelation	minor	yes	yes
Khal-Hasidim_0009	Khal-Hasidim	folkloristics	story_type_advent	folkloristics:story_type_advent	minor	yes	yes
Khal-Hasidim_0009	Khal-Hasidim	folkloristics	story_type_revelation	folkloristics:story_type_revelation	minor	yes	yes
Khal-Hasidim_0009	Khal-Hasidim	knowledge	esoteric	knowledge:esoteric	minor	yes	yes
Khal-Hasidim_0009	Khal-Hasidim	knowledge	practical_kabbalah	knowledge:practical_kabbalah	minor	yes	yes
Khal-Hasidim_0009	Khal-Hasidim	practice	fasting	practice:fasting	minor	yes	yes
Khal-Hasidim_0009	Khal-Hasidim	practice	healing	practice:healing	minor	yes	yes
Khal-Hasidim_0009	Khal-Hasidim	practice	prayer	practice:prayer	minor	yes	yes
Khal-Hasidim_0009	Khal-Hasidim	practice	protection	practice:protection	minor	yes	yes
Khal-Hasidim_0009	Khal-Hasidim	practice	solitude	practice:solitude	minor	yes	yes
Khal-Hasidim_0009	Khal-Hasidim	practice	tvilah	practice:tvilah	minor	yes	yes
Khal-Hasidim_0009	Khal-Hasidim	practice	use_of_holy_names	practice:use_of_holy_names	minor	yes	yes
Khal-Hasidim_0009	Khal-Hasidim	social	conflict	social:conflict	minor	yes	yes
Khal-Hasidim_0009	Khal-Hasidim	social	inter_hasidic	social:inter_hasidic	minor	yes	yes
Khal-Hasidim_0009	Khal-Hasidim	social	marital_relationship	social:marital_relationship	minor	yes	yes
Khal-Hasidim_0009	Khal-Hasidim	social	poverty	social:poverty	minor	yes	yes
Khal-Hasidim_0009	Khal-Hasidim	social	relations_with_non_jews	social:relations_with_non_jews	minor	yes	yes
Khal-Hasidim_0009	Khal-Hasidim	social	retrospective_recognition	social:retrospective_recognition	minor	yes	yes
Khal-Hasidim_0009	Khal-Hasidim	spaces	mikveh	spaces:mikveh	minor	yes	yes
Khal-Hasidim_0009	Khal-Hasidim	supernatural	communicating_with_the_invisible	supernatural:communicating_with_the_invisible	minor	yes	yes
Khal-Hasidim_0009	Khal-Hasidim	supernatural	magic	supernatural:magic	minor	yes	yes
Khal-Hasidim_0009	Khal-Hasidim	supernatural	miracle	supernatural:miracle	minor	yes	yes
Khal-Hasidim_0009	Khal-Hasidim	supernatural	perception	supernatural:perception	minor	yes	yes
Khal-Hasidim_0009	Khal-Hasidim	supernatural	prognostication	supernatural:prognostication	minor	yes	yes
Khal-Hasidim_0010	Khal-Hasidim	characters-and-roles	demons	characters-and-roles:demons	minor	yes	yes
Khal-Hasidim_0010	Khal-Hasidim	characters-and-roles	scribe	characters-and-roles:scribe	minor	yes	yes
Khal-Hasidim_0010	Khal-Hasidim	practice	protection	practice:protection	minor	yes	yes
Khal-Hasidim_0010	Khal-Hasidim	practice	writing_amulets	practice:writing_amulets	minor	yes	yes
Khal-Hasidim_0010	Khal-Hasidim	supernatural	communicating_with_the_invisible	supernatural:communicating_with_the_invisible	minor	yes	yes
Khal-Hasidim_0010	Khal-Hasidim	supernatural	magic	supernatural:magic	minor	yes	yes
Khal-Hasidim_0011	Khal-Hasidim	characters-and-roles	angel_of_death	characters-and-roles:angel_of_death	minor	yes	yes
Khal-Hasidim_0011	Khal-Hasidim	ethics-and-emotions	repentance	ethics-and-emotions:repentance	minor	yes	yes
Khal-Hasidim_0011	Khal-Hasidim	folkloristics	story_type_prognostication	folkloristics:story_type_prognostication	minor	yes	yes
Khal-Hasidim_0011	Khal-Hasidim	social	retrospective_recognition	social:retrospective_recognition	minor	yes	yes
Khal-Hasidim_0011	Khal-Hasidim	supernatural	communicating_with_the_invisible	supernatural:communicating_with_the_invisible	minor	yes	yes
Khal-Hasidim_0011	Khal-Hasidim	supernatural	perception	supernatural:perception	minor	yes	yes
Khal-Hasidim_0011	Khal-Hasidim	supernatural	prognostication	supernatural:prognostication	minor	yes	yes
Khal-Hasidim_0012	Khal-Hasidim	characters-and-roles	elijah_the_prophet	characters-and-roles:elijah_the_prophet	minor	yes	yes
Khal-Hasidim_0012	Khal-Hasidim	characters-and-roles	the_family_of_the_tsaddik	characters-and-roles:the_family_of_the_tsaddik	minor	yes	yes
Khal-Hasidim_0012	Khal-Hasidim	ethics-and-emotions	joy	ethics-and-emotions:joy	minor	yes	yes
Khal-Hasidim_0012	Khal-Hasidim	experience	revelation	experience:revelation	minor	yes	yes
Khal-Hasidim_0012	Khal-Hasidim	knowledge	practical_kabbalah	knowledge:practical_kabbalah	minor	yes	yes
Khal-Hasidim_0012	Khal-Hasidim	practice	storytelling	practice:storytelling	minor	yes	yes
Khal-Hasidim_0012	Khal-Hasidim	practice	use_of_holy_names	practice:use_of_holy_names	minor	yes	yes
Khal-Hasidim_0012	Khal-Hasidim	social	conflict	social:conflict	minor	yes	yes
Khal-Hasidim_0012	Khal-Hasidim	social	relations_with_non_jews	social:relations_with_non_jews	minor	yes	yes
Khal-Hasidim_0012	Khal-Hasidim	social	retrospective_recognition	social:retrospective_recognition	minor	yes	yes
Khal-Hasidim_0012	Khal-Hasidim	spaces	heaven	spaces:heaven	minor	yes	yes
Khal-Hasidim_0012	Khal-Hasidim	spaces	the_land_of_israel	spaces:the_land_of_israel	minor	yes	yes
Khal-Hasidim_0012	Khal-Hasidim	supernatural	communicating_with_the_invisible	supernatural:communicating_with_the_invisible	minor	yes	yes
Khal-Hasidim_0012	Khal-Hasidim	supernatural	magic	supernatural:magic	minor	yes	yes
Khal-Hasidim_0012	Khal-Hasidim	supernatural	miracle	supernatural:miracle	minor	yes	yes
Khal-Hasidim_0012	Khal-Hasidim	supernatural	perception	supernatural:perception	minor	yes	yes
Khal-Hasidim_0012	Khal-Hasidim	supernatural	pregnancy	supernatural:pregnancy	minor	yes	yes
Khal-Hasidim_0012	Khal-Hasidim	supernatural	prognostication	supernatural:prognostication	minor	yes	yes
Khal-Hasidim_0012	Khal-Hasidim	times	holidays	times:holidays	minor	yes	yes
Khal-Hasidim_0013	Khal-Hasidim	characters-and-roles	the_family_of_the_tsaddik	characters-and-roles:the_family_of_the_tsaddik	major	yes	yes
Khal-Hasidim_0013	Khal-Hasidim	ethics-and-emotions	joy	ethics-and-emotions:joy	major	yes	yes
Khal-Hasidim_0013	Khal-Hasidim	ethics-and-emotions	sadness	ethics-and-emotions:sadness	major	yes	yes
Khal-Hasidim_0013	Khal-Hasidim	experience	enthusiasm	experience:enthusiasm	major	yes	yes
Khal-Hasidim_0013	Khal-Hasidim	experience	journey_to_heaven	experience:journey_to_heaven	major	yes	yes
Khal-Hasidim_0013	Khal-Hasidim	practice	drinking_alcohol	practice:drinking_alcohol	major	yes	yes
Khal-Hasidim_0013	Khal-Hasidim	practice	prayer	practice:prayer	major	yes	yes
Khal-Hasidim_0013	Khal-Hasidim	practice	protection	practice:protection	major	yes	yes
Khal-Hasidim_0013	Khal-Hasidim	practice	recitation_of_psalms	practice:recitation_of_psalms	major	yes	yes
Khal-Hasidim_0013	Khal-Hasidim	social	relations_with_non_jews	social:relations_with_non_jews	major	yes	yes
Khal-Hasidim_0013	Khal-Hasidim	social	retrospective_recognition	social:retrospective_recognition	major	yes	yes
Khal-Hasidim_0013	Khal-Hasidim	spaces	the_land_of_israel	spaces:the_land_of_israel	major	yes	yes
Khal-Hasidim_0013	Khal-Hasidim	supernatural	perception	supernatural:perception	major	yes	yes
Khal-Hasidim_0013	Khal-Hasidim	times	holidays	times:holidays	major	yes	yes
Khal-Hasidim_0014	Khal-Hasidim	characters-and-roles	ritual_slaughterer	characters-and-roles:ritual_slaughterer	none	no	no
Khal-Hasidim_0014	Khal-Hasidim	ethics-and-emotions	anger	ethics-and-emotions:anger	none	no	no
Khal-Hasidim_0014	Khal-Hasidim	ethics-and-emotions	prohibitions	ethics-and-emotions:prohibitions	none	no	no
Khal-Hasidim_0014	Khal-Hasidim	practice	healing	practice:healing	none	no	no
Khal-Hasidim_0014	Khal-Hasidim	practice	prayer	practice:prayer	none	no	no
Khal-Hasidim_0014	Khal-Hasidim	practice	ritual_slaughtering	practice:ritual_slaughtering	none	no	no
Khal-Hasidim_0014	Khal-Hasidim	practice	study	practice:study	none	no	no
Khal-Hasidim_0014	Khal-Hasidim	social	competition	social:competition	none	no	no
Khal-Hasidim_0014	Khal-Hasidim	social	conflict	social:conflict	none	no	no
Khal-Hasidim_0014	Khal-Hasidim	social	retrospective_recognition	social:retrospective_recognition	none	no	no
Khal-Hasidim_0014	Khal-Hasidim	supernatural	perception	supernatural:perception	none	no	no
Khal-Hasidim_0015	Khal-Hasidim	ethics-and-emotions	fear	ethics-and-emotions:fear	mention_only	yes	no
Khal-Hasidim_0015	Khal-Hasidim	folkloristics	story_type_prognostication	folkloristics:story_type_prognostication	mention_only	yes	no
Khal-Hasidim_0015	Khal-Hasidim	supernatural	perception	supernatural:perception	mention_only	yes	no
Khal-Hasidim_0015	Khal-Hasidim	supernatural	prognostication	supernatural:prognostication	mention_only	yes	no
Khal-Hasidim_0016	Khal-Hasidim	kabbalah		kabbalah	none	no	no
Khal-Hasidim_0016	Khal-Hasidim	practice	prayer	practice:prayer	none	no	no
Khal-Hasidim_0016	Khal-Hasidim	supernatural	perception	supernatural:perception	none	no	no
Khal-Hasidim_0017	Khal-Hasidim	ethics-and-emotions	awe	ethics-and-emotions:awe	major	yes	yes
Khal-Hasidim_0017	Khal-Hasidim	ethics-and-emotions	fear	ethics-and-emotions:fear	major	yes	yes
Khal-Hasidim_0017	Khal-Hasidim	ethics-and-emotions	punishment	ethics-and-emotions:punishment	major	yes	yes
Khal-Hasidim_0017	Khal-Hasidim	ethics-and-emotions	repentance	ethics-and-emotions:repentance	major	yes	yes
Khal-Hasidim_0017	Khal-Hasidim	ethics-and-emotions	virtues	ethics-and-emotions:virtues	major	yes	yes
Khal-Hasidim_0017	Khal-Hasidim	experience	revelation	experience:revelation	major	yes	yes
Khal-Hasidim_0017	Khal-Hasidim	folkloristics	story_type_rapprochement	folkloristics:story_type_rapprochement	major	yes	yes
Khal-Hasidim_0017	Khal-Hasidim	knowledge	esoteric	knowledge:esoteric	major	yes	yes
Khal-Hasidim_0017	Khal-Hasidim	practice	study	practice:study	major	yes	yes
Khal-Hasidim_0017	Khal-Hasidim	social	inter_hasidic_master_disciple_relationship	social:inter_hasidic_master_disciple_relationship	major	yes	yes
Khal-Hasidim_0017	Khal-Hasidim	social	marital_relationship	social:marital_relationship	major	yes	yes
Khal-Hasidim_0017	Khal-Hasidim	social	poverty	social:poverty	major	yes	yes
Khal-Hasidim_0017	Khal-Hasidim	social	relations_with_non_hasidim	social:relations_with_non_hasidim	major	yes	yes
Khal-Hasidim_0017	Khal-Hasidim	social	retrospective_recognition	social:retrospective_recognition	major	yes	yes
Khal-Hasidim_0017	Khal-Hasidim	supernatural	perception	supernatural:perception	major	yes	yes
Khal-Hasidim_0017	Khal-Hasidim	supernatural	reincarnation	supernatural:reincarnation	major	yes	yes
Khal-Hasidim_0017	Khal-Hasidim	times	death	times:death	major	yes	yes
Khal-Hasidim_0018	Khal-Hasidim	ethics-and-emotions	joy	ethics-and-emotions:joy	none	no	no
Khal-Hasidim_0018	Khal-Hasidim	ethics-and-emotions	prohibitions	ethics-and-emotions:prohibitions	none	no	no
Khal-Hasidim_0018	Khal-Hasidim	ethics-and-emotions	punishment	ethics-and-emotions:punishment	none	no	no
Khal-Hasidim_0018	Khal-Hasidim	ethics-and-emotions	sadness	ethics-and-emotions:sadness	none	no	no
Khal-Hasidim_0018	Khal-Hasidim	practice	halakhah	practice:halakhah	none	no	no
Khal-Hasidim_0018	Khal-Hasidim	social	marriage	social:marriage	none	no	no
Khal-Hasidim_0018	Khal-Hasidim	spaces	heaven	spaces:heaven	none	no	no
Khal-Hasidim_0018	Khal-Hasidim	supernatural	perception	supernatural:perception	none	no	no
Khal-Hasidim_0018	Khal-Hasidim	supernatural	reincarnation	supernatural:reincarnation	none	no	no
Khal-Hasidim_0019	Khal-Hasidim	characters-and-roles	elijah_the_prophet	characters-and-roles:elijah_the_prophet	minor	yes	yes
Khal-Hasidim_0019	Khal-Hasidim	characters-and-roles	the_family_of_the_tsaddik	characters-and-roles:the_family_of_the_tsaddik	minor	yes	yes
Khal-Hasidim_0019	Khal-Hasidim	ethics-and-emotions	punishment	ethics-and-emotions:punishment	minor	yes	yes
Khal-Hasidim_0019	Khal-Hasidim	experience	dream	experience:dream	minor	yes	yes
Khal-Hasidim_0019	Khal-Hasidim	experience	revelation	experience:revelation	minor	yes	yes
Khal-Hasidim_0019	Khal-Hasidim	practice	prayer	practice:prayer	minor	yes	yes
Khal-Hasidim_0019	Khal-Hasidim	practice	ritual_slaughtering	practice:ritual_slaughtering	minor	yes	yes
Khal-Hasidim_0019	Khal-Hasidim	social	marital_relationship	social:marital_relationship	minor	yes	yes
Khal-Hasidim_0019	Khal-Hasidim	social	poverty	social:poverty	minor	yes	yes
Khal-Hasidim_0019	Khal-Hasidim	social	relations_with_non_jews	social:relations_with_non_jews	minor	yes	yes
Khal-Hasidim_0019	Khal-Hasidim	supernatural	magic	supernatural:magic	minor	yes	yes
Khal-Hasidim_0020	Khal-Hasidim	folkloristics	story_type_prognostication	folkloristics:story_type_prognostication	none	no	no
Khal-Hasidim_0020	Khal-Hasidim	social	retrospective_recognition	social:retrospective_recognition	none	no	no
Khal-Hasidim_0020	Khal-Hasidim	supernatural	prognostication	supernatural:prognostication	none	no	no
Khal-Hasidim_0021	Khal-Hasidim	characters-and-roles	preacher	characters-and-roles:preacher	minor	yes	yes
Khal-Hasidim_0021	Khal-Hasidim	characters-and-roles	ritual_slaughterer	characters-and-roles:ritual_slaughterer	minor	yes	yes
Khal-Hasidim_0021	Khal-Hasidim	characters-and-roles	the_family_of_the_tsaddik	characters-and-roles:the_family_of_the_tsaddik	minor	yes	yes
Khal-Hasidim_0021	Khal-Hasidim	experience	revelation	experience:revelation	minor	yes	yes
Khal-Hasidim_0021	Khal-Hasidim	folkloristics	story_type_advent	folkloristics:story_type_advent	minor	yes	yes
Khal-Hasidim_0021	Khal-Hasidim	folkloristics	story_type_rapprochement	folkloristics:story_type_rapprochement	minor	yes	yes
Khal-Hasidim_0021	Khal-Hasidim	folkloristics	story_type_revelation	folkloristics:story_type_revelation	minor	yes	yes
Khal-Hasidim_0021	Khal-Hasidim	knowledge	esoteric	knowledge:esoteric	minor	yes	yes
Khal-Hasidim_0021	Khal-Hasidim	practice	devekut	practice:devekut	minor	yes	yes
Khal-Hasidim_0021	Khal-Hasidim	practice	recitation_of_psalms	practice:recitation_of_psalms	minor	yes	yes
Khal-Hasidim_0021	Khal-Hasidim	practice	solitude	practice:solitude	minor	yes	yes
Khal-Hasidim_0021	Khal-Hasidim	social	inter_hasidic_master_disciple_relationship	social:inter_hasidic_master_disciple_relationship	minor	yes	yes
Khal-Hasidim_0021	Khal-Hasidim	social	marital_relationship	social:marital_relationship	minor	yes	yes
Khal-Hasidim_0021	Khal-Hasidim	social	retrospective_recognition	social:retrospective_recognition	minor	yes	yes
Khal-Hasidim_0021	Khal-Hasidim	supernatural	light_or_fire_as_a_sign_of_righteousness	supernatural:light_or_fire_as_a_sign_of_righteousness	minor	yes	yes
Khal-Hasidim_0021	Khal-Hasidim	supernatural	perception	supernatural:perception	minor	yes	yes
Khal-Hasidim_0022	Khal-Hasidim	ethics-and-emotions	fear	ethics-and-emotions:fear	none	no	no
Khal-Hasidim_0022	Khal-Hasidim	ethics-and-emotions	sadness	ethics-and-emotions:sadness	none	no	no
Khal-Hasidim_0022	Khal-Hasidim	experience	dream	experience:dream	none	no	no
Khal-Hasidim_0022	Khal-Hasidim	folkloristics	story_type_rapprochement	folkloristics:story_type_rapprochement	none	no	no
Khal-Hasidim_0022	Khal-Hasidim	practice	sermon	practice:sermon	none	no	no
Khal-Hasidim_0022	Khal-Hasidim	social	inter_hasidic_master_disciple_relationship	social:inter_hasidic_master_disciple_relationship	none	no	no
Khal-Hasidim_0022	Khal-Hasidim	social	relations_with_non_hasidim	social:relations_with_non_hasidim	none	no	no
Khal-Hasidim_0022	Khal-Hasidim	social	retrospective_recognition	social:retrospective_recognition	none	no	no
Khal-Hasidim_0022	Khal-Hasidim	supernatural	perception	supernatural:perception	none	no	no
Khal-Hasidim_0023	Khal-Hasidim	ethics-and-emotions	lying	ethics-and-emotions:lying	catalyst	yes	yes
Khal-Hasidim_0023	Khal-Hasidim	ethics-and-emotions	prohibitions	ethics-and-emotions:prohibitions	catalyst	yes	yes
Khal-Hasidim_0023	Khal-Hasidim	folkloristics	story_type_protection	folkloristics:story_type_protection	catalyst	yes	yes
Khal-Hasidim_0023	Khal-Hasidim	folkloristics	story_type_revelation	folkloristics:story_type_revelation	catalyst	yes	yes
Khal-Hasidim_0023	Khal-Hasidim	knowledge	practical_kabbalah	knowledge:practical_kabbalah	catalyst	yes	yes
Khal-Hasidim_0023	Khal-Hasidim	practice	healing	practice:healing	catalyst	yes	yes
Khal-Hasidim_0023	Khal-Hasidim	practice	lifesaving	practice:lifesaving	catalyst	yes	yes
Khal-Hasidim_0023	Khal-Hasidim	practice	pidyon_nefesh	practice:pidyon_nefesh	catalyst	yes	yes
Khal-Hasidim_0023	Khal-Hasidim	social	conflict	social:conflict	catalyst	yes	yes
Khal-Hasidim_0023	Khal-Hasidim	social	marriage	social:marriage	catalyst	yes	yes
Khal-Hasidim_0023	Khal-Hasidim	social	retrospective_recognition	social:retrospective_recognition	catalyst	yes	yes
Khal-Hasidim_0023	Khal-Hasidim	supernatural	communicating_with_the_invisible	supernatural:communicating_with_the_invisible	catalyst	yes	yes
Khal-Hasidim_0023	Khal-Hasidim	supernatural	contraction_of_the_road	supernatural:contraction_of_the_road	catalyst	yes	yes
Khal-Hasidim_0023	Khal-Hasidim	supernatural	magic	supernatural:magic	catalyst	yes	yes
Khal-Hasidim_0023	Khal-Hasidim	supernatural	miracle	supernatural:miracle	catalyst	yes	yes
Khal-Hasidim_0023	Khal-Hasidim	supernatural	perception	supernatural:perception	catalyst	yes	yes
Khal-Hasidim_0024	Khal-Hasidim	characters-and-roles	magician	characters-and-roles:magician	mention_only	yes	no
Khal-Hasidim_0024	Khal-Hasidim	ethics-and-emotions	fear	ethics-and-emotions:fear	mention_only	yes	no
Khal-Hasidim_0024	Khal-Hasidim	ethics-and-emotions	punishment	ethics-and-emotions:punishment	mention_only	yes	no
Khal-Hasidim_0024	Khal-Hasidim	ethics-and-emotions	repentance	ethics-and-emotions:repentance	mention_only	yes	no
Khal-Hasidim_0024	Khal-Hasidim	folkloristics	story_type_protection	folkloristics:story_type_protection	mention_only	yes	no
Khal-Hasidim_0024	Khal-Hasidim	knowledge	practical_kabbalah	knowledge:practical_kabbalah	mention_only	yes	no
Khal-Hasidim_0024	Khal-Hasidim	practice	circumcision	practice:circumcision	mention_only	yes	no
Khal-Hasidim_0024	Khal-Hasidim	practice	healing	practice:healing	mention_only	yes	no
Khal-Hasidim_0024	Khal-Hasidim	practice	lifesaving	practice:lifesaving	mention_only	yes	no
Khal-Hasidim_0024	Khal-Hasidim	practice	pidyon_nefesh	practice:pidyon_nefesh	mention_only	yes	no
Khal-Hasidim_0024	Khal-Hasidim	practice	study	practice:study	mention_only	yes	no
Khal-Hasidim_0024	Khal-Hasidim	social	competition	social:competition	mention_only	yes	no
Khal-Hasidim_0024	Khal-Hasidim	social	conflict	social:conflict	mention_only	yes	no
Khal-Hasidim_0024	Khal-Hasidim	social	inter_hasidic_master_disciple_relationship	social:inter_hasidic_master_disciple_relationship	mention_only	yes	no
Khal-Hasidim_0024	Khal-Hasidim	social	relations_with_non_jews	social:relations_with_non_jews	mention_only	yes	no
Khal-Hasidim_0024	Khal-Hasidim	social	relations_with_the_authorities	social:relations_with_the_authorities	mention_only	yes	no
Khal-Hasidim_0024	Khal-Hasidim	social	retrospective_recognition	social:retrospective_recognition	mention_only	yes	no
Khal-Hasidim_0024	Khal-Hasidim	supernatural	magic	supernatural:magic	mention_only	yes	no
Khal-Hasidim_0024	Khal-Hasidim	supernatural	miracle	supernatural:miracle	mention_only	yes	no
Khal-Hasidim_0024	Khal-Hasidim	supernatural	prognostication	supernatural:prognostication	mention_only	yes	no
Khal-Hasidim_0025	Khal-Hasidim	folkloristics	story_type_prognostication	folkloristics:story_type_prognostication	catalyst	yes	yes
Khal-Hasidim_0025	Khal-Hasidim	kabbalah		kabbalah	catalyst	yes	yes
Khal-Hasidim_0025	Khal-Hasidim	knowledge	esoteric	knowledge:esoteric	catalyst	yes	yes
Khal-Hasidim_0025	Khal-Hasidim	social	marital_relationship	social:marital_relationship	catalyst	yes	yes
Khal-Hasidim_0025	Khal-Hasidim	social	relations_with_non_hasidim	social:relations_with_non_hasidim	catalyst	yes	yes
Khal-Hasidim_0025	Khal-Hasidim	social	retrospective_recognition	social:retrospective_recognition	catalyst	yes	yes
Khal-Hasidim_0025	Khal-Hasidim	supernatural	perception	supernatural:perception	catalyst	yes	yes
Khal-Hasidim_0025	Khal-Hasidim	supernatural	prognostication	supernatural:prognostication	catalyst	yes	yes
Khal-Hasidim_0025	Khal-Hasidim	times	shabbat	times:shabbat	catalyst	yes	yes
Khal-Hasidim_0026	Khal-Hasidim	characters-and-roles	ritual_slaughterer	characters-and-roles:ritual_slaughterer	none	no	no
Khal-Hasidim_0026	Khal-Hasidim	ethics-and-emotions	anger	ethics-and-emotions:anger	none	no	no
Khal-Hasidim_0026	Khal-Hasidim	ethics-and-emotions	awe	ethics-and-emotions:awe	none	no	no
Khal-Hasidim_0026	Khal-Hasidim	ethics-and-emotions	fear	ethics-and-emotions:fear	none	no	no
Khal-Hasidim_0026	Khal-Hasidim	ethics-and-emotions	shame	ethics-and-emotions:shame	none	no	no
Khal-Hasidim_0026	Khal-Hasidim	experience	devekut	experience:devekut	none	no	no
Khal-Hasidim_0026	Khal-Hasidim	experience	enthusiasm	experience:enthusiasm	none	no	no
Khal-Hasidim_0026	Khal-Hasidim	experience	revelation	experience:revelation	none	no	no
Khal-Hasidim_0026	Khal-Hasidim	experience	trembling	experience:trembling	none	no	no
Khal-Hasidim_0026	Khal-Hasidim	experience	visions	experience:visions	none	no	no
Khal-Hasidim_0026	Khal-Hasidim	practice	coping_with_alien_thoughts	practice:coping_with_alien_thoughts	none	no	no
Khal-Hasidim_0026	Khal-Hasidim	practice	prayer	practice:prayer	none	no	no
Khal-Hasidim_0026	Khal-Hasidim	social	retrospective_recognition	social:retrospective_recognition	none	no	no
Khal-Hasidim_0026	Khal-Hasidim	spaces	beth_midrash	spaces:beth_midrash	none	no	no
Khal-Hasidim_0026	Khal-Hasidim	supernatural	light_or_fire_as_a_sign_of_righteousness	supernatural:light_or_fire_as_a_sign_of_righteousness	none	no	no
Khal-Hasidim_0026	Khal-Hasidim	supernatural	perception	supernatural:perception	none	no	no
Khal-Hasidim_0026	Khal-Hasidim	times	holidays	times:holidays	none	no	no
Khal-Hasidim_0027	Khal-Hasidim	characters-and-roles	angels	characters-and-roles:angels	catalyst	yes	yes
Khal-Hasidim_0027	Khal-Hasidim	experience	dream	experience:dream	catalyst	yes	yes
Khal-Hasidim_0027	Khal-Hasidim	experience	visions	experience:visions	catalyst	yes	yes
Khal-Hasidim_0027	Khal-Hasidim	practice	prayer	practice:prayer	catalyst	yes	yes
Khal-Hasidim_0027	Khal-Hasidim	social	marriage	social:marriage	catalyst	yes	yes
Khal-Hasidim_0027	Khal-Hasidim	supernatural	communicating_with_the_invisible	supernatural:communicating_with_the_invisible	catalyst	yes	yes
Khal-Hasidim_0028	Khal-Hasidim	characters-and-roles	angels	characters-and-roles:angels	minor	yes	yes
Khal-Hasidim_0028	Khal-Hasidim	characters-and-roles	messiah	characters-and-roles:messiah	minor	yes	yes
Khal-Hasidim_0028	Khal-Hasidim	characters-and-roles	sabbatai_zevi	characters-and-roles:sabbatai_zevi	minor	yes	yes
Khal-Hasidim_0028	Khal-Hasidim	ethics-and-emotions	anger	ethics-and-emotions:anger	minor	yes	yes
Khal-Hasidim_0028	Khal-Hasidim	ethics-and-emotions	awe	ethics-and-emotions:awe	minor	yes	yes
Khal-Hasidim_0028	Khal-Hasidim	ethics-and-emotions	lying	ethics-and-emotions:lying	minor	yes	yes
Khal-Hasidim_0028	Khal-Hasidim	ethics-and-emotions	sadness	ethics-and-emotions:sadness	minor	yes	yes
Khal-Hasidim_0028	Khal-Hasidim	experience	journey_to_heaven	experience:journey_to_heaven	minor	yes	yes
Khal-Hasidim_0028	Khal-Hasidim	folkloristics	story_type_protection	folkloristics:story_type_protection	minor	yes	yes
Khal-Hasidim_0028	Khal-Hasidim	practice	prayer	practice:prayer	minor	yes	yes
Khal-Hasidim_0028	Khal-Hasidim	practice	protection	practice:protection	minor	yes	yes
Khal-Hasidim_0028	Khal-Hasidim	practice	sermon	practice:sermon	minor	yes	yes
Khal-Hasidim_0028	Khal-Hasidim	practice	storytelling	practice:storytelling	minor	yes	yes
Khal-Hasidim_0028	Khal-Hasidim	social	converts_and_conversion	social:converts_and_conversion	minor	yes	yes
Khal-Hasidim_0028	Khal-Hasidim	social	inter_hasidic_master_disciple_relationship	social:inter_hasidic_master_disciple_relationship	minor	yes	yes
Khal-Hasidim_0028	Khal-Hasidim	spaces	beth_midrash	spaces:beth_midrash	minor	yes	yes
Khal-Hasidim_0028	Khal-Hasidim	supernatural	communicating_with_the_invisible	supernatural:communicating_with_the_invisible	minor	yes	yes
Khal-Hasidim_0028	Khal-Hasidim	supernatural	perception	supernatural:perception	minor	yes	yes
Khal-Hasidim_0028	Khal-Hasidim	times	eschatology	times:eschatology	minor	yes	yes
Khal-Hasidim_0028	Khal-Hasidim	times	historical_event	times:historical_event	minor	yes	yes
Khal-Hasidim_0028	Khal-Hasidim	times	holidays	times:holidays	minor	yes	yes
Khal-Hasidim_0029	Khal-Hasidim	ethics-and-emotions	anger	ethics-and-emotions:anger	none	no	no
Khal-Hasidim_0029	Khal-Hasidim	ethics-and-emotions	punishment	ethics-and-emotions:punishment	none	no	no
Khal-Hasidim_0029	Khal-Hasidim	folkloristics	story_type_prognostication	folkloristics:story_type_prognostication	none	no	no
Khal-Hasidim_0029	Khal-Hasidim	social	relations_with_non_jews	social:relations_with_non_jews	none	no	no
Khal-Hasidim_0029	Khal-Hasidim	supernatural	prognostication	supernatural:prognostication	none	no	no
Khal-Hasidim_0029	Khal-Hasidim	times	eschatology	times:eschatology	none	no	no
Khal-Hasidim_0029	Khal-Hasidim	times	historical_event	times:historical_event	none	no	no
Khal-Hasidim_0030	Khal-Hasidim	ethics-and-emotions	charity	ethics-and-emotions:charity	mention_only	yes	no
Khal-Hasidim_0030	Khal-Hasidim	experience	revelation	experience:revelation	mention_only	yes	no
Khal-Hasidim_0030	Khal-Hasidim	folkloristics	story_type_prognostication	folkloristics:story_type_prognostication	mention_only	yes	no
Khal-Hasidim_0030	Khal-Hasidim	practice	storytelling	practice:storytelling	mention_only	yes	no
Khal-Hasidim_0030	Khal-Hasidim	practice	the_travels_of_the_tsaddik	practice:the_travels_of_the_tsaddik	mention_only	yes	no
Khal-Hasidim_0030	Khal-Hasidim	supernatural	perception	supernatural:perception	mention_only	yes	no
Khal-Hasidim_0030	Khal-Hasidim	supernatural	prognostication	supernatural:prognostication	mention_only	yes	no
Khal-Hasidim_0030	Khal-Hasidim	times	death	times:death	mention_only	yes	no
Khal-Hasidim_0031	Khal-Hasidim	characters-and-roles	the_family_of_the_tsaddik	characters-and-roles:the_family_of_the_tsaddik	none	no	no
Khal-Hasidim_0031	Khal-Hasidim	ethics-and-emotions	awe	ethics-and-emotions:awe	none	no	no
Khal-Hasidim_0031	Khal-Hasidim	ethics-and-emotions	fear	ethics-and-emotions:fear	none	no	no
Khal-Hasidim_0031	Khal-Hasidim	experience	revelation	experience:revelation	none	no	no
Khal-Hasidim_0031	Khal-Hasidim	experience	trembling	experience:trembling	none	no	no
Khal-Hasidim_0031	Khal-Hasidim	experience	visions	experience:visions	none	no	no
Khal-Hasidim_0031	Khal-Hasidim	kabbalah	kabbalistic_terms_kavvanot	kabbalah:kabbalistic_terms_kavvanot	none	no	no
Khal-Hasidim_0031	Khal-Hasidim	kabbalah	kabbalistic_terms_yihudim	kabbalah:kabbalistic_terms_yihudim	none	no	no
Khal-Hasidim_0031	Khal-Hasidim	knowledge	esoteric	knowledge:esoteric	none	no	no
Khal-Hasidim_0031	Khal-Hasidim	practice	healing_of_the_soul	practice:healing_of_the_soul	none	no	no
Khal-Hasidim_0031	Khal-Hasidim	practice	meditation	practice:meditation	none	no	no
Khal-Hasidim_0031	Khal-Hasidim	practice	prayer	practice:prayer	none	no	no
Khal-Hasidim_0031	Khal-Hasidim	spaces	the_land_of_israel	spaces:the_land_of_israel	none	no	no
Khal-Hasidim_0031	Khal-Hasidim	supernatural	communicating_with_the_invisible	supernatural:communicating_with_the_invisible	none	no	no
Khal-Hasidim_0031	Khal-Hasidim	supernatural	miracle	supernatural:miracle	none	no	no
Khal-Hasidim_0031	Khal-Hasidim	supernatural	perception	supernatural:perception	none	no	no
Khal-Hasidim_0031	Khal-Hasidim	times	death	times:death	none	no	no
Khal-Hasidim_0031	Khal-Hasidim	times	shabbat	times:shabbat	none	no	no
Khal-Hasidim_0032	Khal-Hasidim	characters-and-roles	preacher	characters-and-roles:preacher	none	no	no
Khal-Hasidim_0032	Khal-Hasidim	ethics-and-emotions	anger	ethics-and-emotions:anger	none	no	no
Khal-Hasidim_0032	Khal-Hasidim	ethics-and-emotions	prohibitions	ethics-and-emotions:prohibitions	none	no	no
Khal-Hasidim_0032	Khal-Hasidim	ethics-and-emotions	repentance	ethics-and-emotions:repentance	none	no	no
Khal-Hasidim_0032	Khal-Hasidim	ethics-and-emotions	sadness	ethics-and-emotions:sadness	none	no	no
Khal-Hasidim_0032	Khal-Hasidim	folkloristics	story_type_prognostication	folkloristics:story_type_prognostication	none	no	no
Khal-Hasidim_0032	Khal-Hasidim	folkloristics	story_type_rapprochement	folkloristics:story_type_rapprochement	none	no	no
Khal-Hasidim_0032	Khal-Hasidim	practice	sermon	practice:sermon	none	no	no
Khal-Hasidim_0032	Khal-Hasidim	practice	smoking	practice:smoking	none	no	no
Khal-Hasidim_0032	Khal-Hasidim	practice	travel_to_the_tsaddik	practice:travel_to_the_tsaddik	none	no	no
Khal-Hasidim_0032	Khal-Hasidim	social	conflict	social:conflict	none	no	no
Khal-Hasidim_0032	Khal-Hasidim	social	inter_hasidic	social:inter_hasidic	none	no	no
Khal-Hasidim_0032	Khal-Hasidim	social	inter_hasidic_master_disciple_relationship	social:inter_hasidic_master_disciple_relationship	none	no	no
Khal-Hasidim_0032	Khal-Hasidim	social	relations_with_non_hasidim	social:relations_with_non_hasidim	none	no	no
Khal-Hasidim_0032	Khal-Hasidim	social	retrospective_recognition	social:retrospective_recognition	none	no	no
Khal-Hasidim_0032	Khal-Hasidim	spaces	the_land_of_israel	spaces:the_land_of_israel	none	no	no
Khal-Hasidim_0032	Khal-Hasidim	supernatural	communicating_with_the_invisible	supernatural:communicating_with_the_invisible	none	no	no
Khal-Hasidim_0032	Khal-Hasidim	supernatural	perception	supernatural:perception	none	no	no
Khal-Hasidim_0032	Khal-Hasidim	supernatural	prognostication	supernatural:prognostication	none	no	no
Khal-Hasidim_0032	Khal-Hasidim	times	shabbat	times:shabbat	none	no	no
Khal-Hasidim_0033	Khal-Hasidim	ethics-and-emotions	virtues	ethics-and-emotions:virtues	none	no	no
Khal-Hasidim_0033	Khal-Hasidim	folkloristics	story_type_virtues	folkloristics:story_type_virtues	none	no	no
Khal-Hasidim_0033	Khal-Hasidim	supernatural	perception	supernatural:perception	none	no	no
Khal-Hasidim_0034	Khal-Hasidim	ethics-and-emotions	fear	ethics-and-emotions:fear	minor	yes	yes
Khal-Hasidim_0034	Khal-Hasidim	ethics-and-emotions	prohibitions	ethics-and-emotions:prohibitions	minor	yes	yes
Khal-Hasidim_0034	Khal-Hasidim	experience	enthusiasm	experience:enthusiasm	minor	yes	yes
Khal-Hasidim_0034	Khal-Hasidim	folkloristics	story_type_protection	folkloristics:story_type_protection	minor	yes	yes
Khal-Hasidim_0034	Khal-Hasidim	kabbalah		kabbalah	minor	yes	yes
Khal-Hasidim_0034	Khal-Hasidim	knowledge	esoteric	knowledge:esoteric	minor	yes	yes
Khal-Hasidim_0034	Khal-Hasidim	practice	prayer	practice:prayer	minor	yes	yes
Khal-Hasidim_0034	Khal-Hasidim	practice	protection	practice:protection	minor	yes	yes
Khal-Hasidim_0034	Khal-Hasidim	practice	tvilah	practice:tvilah	minor	yes	yes
Khal-Hasidim_0034	Khal-Hasidim	social	relations_with_non_jews	social:relations_with_non_jews	minor	yes	yes
Khal-Hasidim_0034	Khal-Hasidim	social	relations_with_the_authorities	social:relations_with_the_authorities	minor	yes	yes
Khal-Hasidim_0034	Khal-Hasidim	spaces	mikveh	spaces:mikveh	minor	yes	yes
Khal-Hasidim_0034	Khal-Hasidim	supernatural	perception	supernatural:perception	minor	yes	yes
Khal-Hasidim_0034	Khal-Hasidim	supernatural	prognostication	supernatural:prognostication	minor	yes	yes
Khal-Hasidim_0034	Khal-Hasidim	times	death	times:death	minor	yes	yes
Khal-Hasidim_0034	Khal-Hasidim	times	shabbat	times:shabbat	minor	yes	yes
Khal-Hasidim_0035	Khal-Hasidim	characters-and-roles	sabbatai_zevi	characters-and-roles:sabbatai_zevi	mention_only	yes	no
Khal-Hasidim_0035	Khal-Hasidim	ethics-and-emotions	anger	ethics-and-emotions:anger	mention_only	yes	no
Khal-Hasidim_0035	Khal-Hasidim	ethics-and-emotions	punishment	ethics-and-emotions:punishment	mention_only	yes	no
Khal-Hasidim_0035	Khal-Hasidim	experience	dream	experience:dream	mention_only	yes	no
Khal-Hasidim_0035	Khal-Hasidim	experience	revelation	experience:revelation	mention_only	yes	no
Khal-Hasidim_0035	Khal-Hasidim	experience	visions	experience:visions	mention_only	yes	no
Khal-Hasidim_0035	Khal-Hasidim	folkloristics	story_type_prognostication	folkloristics:story_type_prognostication	mention_only	yes	no
Khal-Hasidim_0035	Khal-Hasidim	knowledge	esoteric	knowledge:esoteric	mention_only	yes	no
Khal-Hasidim_0035	Khal-Hasidim	practice	healing_of_the_soul	practice:healing_of_the_soul	mention_only	yes	no
Khal-Hasidim_0035	Khal-Hasidim	social	conflict	social:conflict	mention_only	yes	no
Khal-Hasidim_0035	Khal-Hasidim	social	relations_with_sinners	social:relations_with_sinners	mention_only	yes	no
Khal-Hasidim_0035	Khal-Hasidim	social	retrospective_recognition	social:retrospective_recognition	mention_only	yes	no
Khal-Hasidim_0035	Khal-Hasidim	spaces	hell	spaces:hell	mention_only	yes	no
Khal-Hasidim_0035	Khal-Hasidim	spaces	the_land_of_israel	spaces:the_land_of_israel	mention_only	yes	no
Khal-Hasidim_0035	Khal-Hasidim	supernatural	communicating_with_the_invisible	supernatural:communicating_with_the_invisible	mention_only	yes	no
Khal-Hasidim_0035	Khal-Hasidim	supernatural	perception	supernatural:perception	mention_only	yes	no
Khal-Hasidim_0035	Khal-Hasidim	supernatural	prognostication	supernatural:prognostication	mention_only	yes	no
Khal-Hasidim_0035	Khal-Hasidim	times	death	times:death	mention_only	yes	no
Khal-Hasidim_0035	Khal-Hasidim	times	holidays	times:holidays	mention_only	yes	no
Khal-Hasidim_0035	Khal-Hasidim	times	shabbat	times:shabbat	mention_only	yes	no
Khal-Hasidim_0036	Khal-Hasidim	ethics-and-emotions	anger	ethics-and-emotions:anger	minor	yes	yes
Khal-Hasidim_0036	Khal-Hasidim	ethics-and-emotions	charity	ethics-and-emotions:charity	minor	yes	yes
Khal-Hasidim_0036	Khal-Hasidim	ethics-and-emotions	fear	ethics-and-emotions:fear	minor	yes	yes
Khal-Hasidim_0036	Khal-Hasidim	ethics-and-emotions	repentance	ethics-and-emotions:repentance	minor	yes	yes
Khal-Hasidim_0036	Khal-Hasidim	ethics-and-emotions	sadness	ethics-and-emotions:sadness	minor	yes	yes
Khal-Hasidim_0036	Khal-Hasidim	experience	dream	experience:dream	minor	yes	yes
Khal-Hasidim_0036	Khal-Hasidim	folkloristics	story_type_prognostication	folkloristics:story_type_prognostication	minor	yes	yes
Khal-Hasidim_0036	Khal-Hasidim	folkloristics	story_type_rapprochement	folkloristics:story_type_rapprochement	minor	yes	yes
Khal-Hasidim_0036	Khal-Hasidim	practice	music	practice:music	minor	yes	yes
Khal-Hasidim_0036	Khal-Hasidim	practice	pidyon_nefesh	practice:pidyon_nefesh	minor	yes	yes
Khal-Hasidim_0036	Khal-Hasidim	practice	pilgrimage_to_the_graves_of_tsaddikim	practice:pilgrimage_to_the_graves_of_tsaddikim	minor	yes	yes
Khal-Hasidim_0036	Khal-Hasidim	practice	protection	practice:protection	minor	yes	yes
Khal-Hasidim_0036	Khal-Hasidim	practice	recitation_of_psalms	practice:recitation_of_psalms	minor	yes	yes
Khal-Hasidim_0036	Khal-Hasidim	practice	storytelling	practice:storytelling	minor	yes	yes
Khal-Hasidim_0036	Khal-Hasidim	social	conflict	social:conflict	minor	yes	yes
Khal-Hasidim_0036	Khal-Hasidim	social	converts_and_conversion	social:converts_and_conversion	minor	yes	yes
Khal-Hasidim_0036	Khal-Hasidim	social	inter_hasidic_master_disciple_relationship	social:inter_hasidic_master_disciple_relationship	minor	yes	yes
Khal-Hasidim_0036	Khal-Hasidim	social	relations_with_non_jews	social:relations_with_non_jews	minor	yes	yes
Khal-Hasidim_0036	Khal-Hasidim	social	relations_with_sinners	social:relations_with_sinners	minor	yes	yes
Khal-Hasidim_0036	Khal-Hasidim	social	retrospective_recognition	social:retrospective_recognition	minor	yes	yes
Khal-Hasidim_0036	Khal-Hasidim	supernatural	communicating_with_the_invisible	supernatural:communicating_with_the_invisible	minor	yes	yes
Khal-Hasidim_0036	Khal-Hasidim	supernatural	perception	supernatural:perception	minor	yes	yes
Khal-Hasidim_0036	Khal-Hasidim	supernatural	prognostication	supernatural:prognostication	minor	yes	yes
Khal-Hasidim_0036	Khal-Hasidim	times	death	times:death	minor	yes	yes
Khal-Hasidim_0036	Khal-Hasidim	times	shabbat	times:shabbat	minor	yes	yes
Khal-Hasidim_0037	Khal-Hasidim	folkloristics	story_type_rapprochement	folkloristics:story_type_rapprochement	none	no	no
Khal-Hasidim_0037	Khal-Hasidim	practice	healing	practice:healing	none	no	no
Khal-Hasidim_0037	Khal-Hasidim	practice	smoking	practice:smoking	none	no	no
Khal-Hasidim_0037	Khal-Hasidim	social	relations_with_non_hasidim	social:relations_with_non_hasidim	none	no	no
Khal-Hasidim_0037	Khal-Hasidim	social	retrospective_recognition	social:retrospective_recognition	none	no	no
Khal-Hasidim_0038	Khal-Hasidim	ethics-and-emotions	anger	ethics-and-emotions:anger	none	no	no
Khal-Hasidim_0038	Khal-Hasidim	ethics-and-emotions	fear	ethics-and-emotions:fear	none	no	no
Khal-Hasidim_0038	Khal-Hasidim	folkloristics	story_type_protection	folkloristics:story_type_protection	none	no	no
Khal-Hasidim_0038	Khal-Hasidim	knowledge	practical_kabbalah	knowledge:practical_kabbalah	none	no	no
Khal-Hasidim_0038	Khal-Hasidim	practice	lifesaving	practice:lifesaving	none	no	no
Khal-Hasidim_0038	Khal-Hasidim	practice	prayer	practice:prayer	none	no	no
Khal-Hasidim_0038	Khal-Hasidim	practice	protection	practice:protection	none	no	no
Khal-Hasidim_0038	Khal-Hasidim	social	relations_with_non_hasidim	social:relations_with_non_hasidim	none	no	no
Khal-Hasidim_0038	Khal-Hasidim	social	retrospective_recognition	social:retrospective_recognition	none	no	no
Khal-Hasidim_0038	Khal-Hasidim	supernatural	perception	supernatural:perception	none	no	no
Khal-Hasidim_0038	Khal-Hasidim	supernatural	prognostication	supernatural:prognostication	none	no	no
Khal-Hasidim_0039	Khal-Hasidim	practice	sermon	practice:sermon	mention_only	yes	no
Khal-Hasidim_0039	Khal-Hasidim	supernatural	reincarnation	supernatural:reincarnation	mention_only	yes	no
Khal-Hasidim_0040	Khal-Hasidim	characters-and-roles	demons	characters-and-roles:demons	none	no	no
Khal-Hasidim_0040	Khal-Hasidim	ethics-and-emotions	fear	ethics-and-emotions:fear	none	no	no
Khal-Hasidim_0040	Khal-Hasidim	ethics-and-emotions	lust	ethics-and-emotions:lust	none	no	no
Khal-Hasidim_0040	Khal-Hasidim	ethics-and-emotions	prohibitions	ethics-and-emotions:prohibitions	none	no	no
Khal-Hasidim_0040	Khal-Hasidim	experience	visions	experience:visions	none	no	no
Khal-Hasidim_0040	Khal-Hasidim	folkloristics	story_type_protection	folkloristics:story_type_protection	none	no	no
Khal-Hasidim_0040	Khal-Hasidim	practice	music	practice:music	none	no	no
Khal-Hasidim_0040	Khal-Hasidim	practice	protection	practice:protection	none	no	no
Khal-Hasidim_0040	Khal-Hasidim	practice	study	practice:study	none	no	no
Khal-Hasidim_0040	Khal-Hasidim	supernatural	communicating_with_the_invisible	supernatural:communicating_with_the_invisible	none	no	no
Khal-Hasidim_0040	Khal-Hasidim	supernatural	magic	supernatural:magic	none	no	no
Khal-Hasidim_0040	Khal-Hasidim	supernatural	perception	supernatural:perception	none	no	no
Khal-Hasidim_0041	Khal-Hasidim	kabbalah	kabbalistic_terms_kavvanot	kabbalah:kabbalistic_terms_kavvanot	catalyst	yes	yes
Khal-Hasidim_0041	Khal-Hasidim	practice	healing	practice:healing	catalyst	yes	yes
Khal-Hasidim_0041	Khal-Hasidim	practice	meditation	practice:meditation	catalyst	yes	yes
Khal-Hasidim_0041	Khal-Hasidim	practice	pidyon_nefesh	practice:pidyon_nefesh	catalyst	yes	yes
Khal-Hasidim_0041	Khal-Hasidim	practice	tvilah	practice:tvilah	catalyst	yes	yes
Khal-Hasidim_0041	Khal-Hasidim	social	conflict	social:conflict	catalyst	yes	yes
Khal-Hasidim_0041	Khal-Hasidim	spaces	mikveh	spaces:mikveh	catalyst	yes	yes
Khal-Hasidim_0042	Khal-Hasidim	social	relations_with_non_jews	social:relations_with_non_jews	none	no	no
Khal-Hasidim_0042	Khal-Hasidim	supernatural	magic	supernatural:magic	none	no	no
Khal-Hasidim_0042	Khal-Hasidim	supernatural	prognostication	supernatural:prognostication	none	no	no
Khal-Hasidim_0043	Khal-Hasidim	characters-and-roles	hidden_righteous	characters-and-roles:hidden_righteous	none	no	no
Khal-Hasidim_0043	Khal-Hasidim	ethics-and-emotions	virtues	ethics-and-emotions:virtues	none	no	no
Khal-Hasidim_0043	Khal-Hasidim	practice	prayer	practice:prayer	none	no	no
Khal-Hasidim_0043	Khal-Hasidim	practice	recitation_of_psalms	practice:recitation_of_psalms	none	no	no
Khal-Hasidim_0043	Khal-Hasidim	supernatural	perception	supernatural:perception	none	no	no
Khal-Hasidim_0044	Khal-Hasidim	ethics-and-emotions	fear	ethics-and-emotions:fear	none	no	no
Khal-Hasidim_0044	Khal-Hasidim	ethics-and-emotions	humility	ethics-and-emotions:humility	none	no	no
Khal-Hasidim_0044	Khal-Hasidim	ethics-and-emotions	pride	ethics-and-emotions:pride	none	no	no
Khal-Hasidim_0044	Khal-Hasidim	ethics-and-emotions	prohibitions	ethics-and-emotions:prohibitions	none	no	no
Khal-Hasidim_0044	Khal-Hasidim	experience	revelation	experience:revelation	none	no	no
Khal-Hasidim_0044	Khal-Hasidim	social	inter_hasidic_master_disciple_relationship	social:inter_hasidic_master_disciple_relationship	none	no	no
Khal-Hasidim_0044	Khal-Hasidim	supernatural	communicating_with_the_invisible	supernatural:communicating_with_the_invisible	none	no	no
Khal-Hasidim_0044	Khal-Hasidim	supernatural	prognostication	supernatural:prognostication	none	no	no
Khal-Hasidim_0045	Khal-Hasidim	characters-and-roles	preacher	characters-and-roles:preacher	minor	yes	yes
Khal-Hasidim_0045	Khal-Hasidim	ethics-and-emotions	adultery	ethics-and-emotions:adultery	minor	yes	yes
Khal-Hasidim_0045	Khal-Hasidim	ethics-and-emotions	anger	ethics-and-emotions:anger	minor	yes	yes
Khal-Hasidim_0045	Khal-Hasidim	ethics-and-emotions	fear	ethics-and-emotions:fear	minor	yes	yes
Khal-Hasidim_0045	Khal-Hasidim	ethics-and-emotions	lust	ethics-and-emotions:lust	minor	yes	yes
Khal-Hasidim_0045	Khal-Hasidim	ethics-and-emotions	prohibitions	ethics-and-emotions:prohibitions	minor	yes	yes
Khal-Hasidim_0045	Khal-Hasidim	ethics-and-emotions	punishment	ethics-and-emotions:punishment	minor	yes	yes
Khal-Hasidim_0045	Khal-Hasidim	ethics-and-emotions	repentance	ethics-and-emotions:repentance	minor	yes	yes
Khal-Hasidim_0045	Khal-Hasidim	ethics-and-emotions	sadness	ethics-and-emotions:sadness	minor	yes	yes
Khal-Hasidim_0045	Khal-Hasidim	ethics-and-emotions	shame	ethics-and-emotions:shame	minor	yes	yes
Khal-Hasidim_0045	Khal-Hasidim	ethics-and-emotions	virtues	ethics-and-emotions:virtues	minor	yes	yes
Khal-Hasidim_0045	Khal-Hasidim	experience	revelation	experience:revelation	minor	yes	yes
Khal-Hasidim_0045	Khal-Hasidim	folkloristics	story_type_prognostication	folkloristics:story_type_prognostication	minor	yes	yes
Khal-Hasidim_0045	Khal-Hasidim	practice	healing_of_the_soul	practice:healing_of_the_soul	minor	yes	yes
Khal-Hasidim_0045	Khal-Hasidim	practice	prayer	practice:prayer	minor	yes	yes
Khal-Hasidim_0045	Khal-Hasidim	practice	sermon	practice:sermon	minor	yes	yes
Khal-Hasidim_0045	Khal-Hasidim	practice	travel_to_the_tsaddik	practice:travel_to_the_tsaddik	minor	yes	yes
Khal-Hasidim_0045	Khal-Hasidim	practice	writing_amulets	practice:writing_amulets	minor	yes	yes
Khal-Hasidim_0045	Khal-Hasidim	social	conflict	social:conflict	minor	yes	yes
Khal-Hasidim_0045	Khal-Hasidim	social	inter_hasidic_master_disciple_relationship	social:inter_hasidic_master_disciple_relationship	minor	yes	yes
Khal-Hasidim_0045	Khal-Hasidim	social	retrospective_recognition	social:retrospective_recognition	minor	yes	yes
Khal-Hasidim_0045	Khal-Hasidim	supernatural	communicating_with_the_invisible	supernatural:communicating_with_the_invisible	minor	yes	yes
Khal-Hasidim_0045	Khal-Hasidim	supernatural	perception	supernatural:perception	minor	yes	yes
Khal-Hasidim_0045	Khal-Hasidim	supernatural	prognostication	supernatural:prognostication	minor	yes	yes
Khal-Hasidim_0045	Khal-Hasidim	supernatural	reincarnation	supernatural:reincarnation	minor	yes	yes
Khal-Hasidim_0045	Khal-Hasidim	times	holidays	times:holidays	minor	yes	yes
Khal-Hasidim_0046	Khal-Hasidim	characters-and-roles	angel_of_death	characters-and-roles:angel_of_death	none	no	no
Khal-Hasidim_0046	Khal-Hasidim	practice	healing	practice:healing	none	no	no
Khal-Hasidim_0046	Khal-Hasidim	practice	lifesaving	practice:lifesaving	none	no	no
Khal-Hasidim_0046	Khal-Hasidim	practice	prayer	practice:prayer	none	no	no
Khal-Hasidim_0046	Khal-Hasidim	social	inter_hasidic_master_disciple_relationship	social:inter_hasidic_master_disciple_relationship	none	no	no
Khal-Hasidim_0046	Khal-Hasidim	spaces	beth_midrash	spaces:beth_midrash	none	no	no
Khal-Hasidim_0046	Khal-Hasidim	supernatural	communicating_with_the_invisible	supernatural:communicating_with_the_invisible	none	no	no
Khal-Hasidim_0046	Khal-Hasidim	supernatural	perception	supernatural:perception	none	no	no
Khal-Hasidim_0046	Khal-Hasidim	times	holidays	times:holidays	none	no	no
Khal-Hasidim_0047	Khal-Hasidim	ethics-and-emotions	charity	ethics-and-emotions:charity	none	no	no
Khal-Hasidim_0047	Khal-Hasidim	experience	visions	experience:visions	none	no	no
Khal-Hasidim_0047	Khal-Hasidim	kabbalah		kabbalah	none	no	no
Khal-Hasidim_0047	Khal-Hasidim	knowledge	esoteric	knowledge:esoteric	none	no	no
Khal-Hasidim_0047	Khal-Hasidim	practice	study	practice:study	none	no	no
Khal-Hasidim_0047	Khal-Hasidim	social	inter_hasidic_master_disciple_relationship	social:inter_hasidic_master_disciple_relationship	none	no	no
Khal-Hasidim_0047	Khal-Hasidim	spaces	heaven	spaces:heaven	none	no	no
Khal-Hasidim_0047	Khal-Hasidim	supernatural	communicating_with_the_invisible	supernatural:communicating_with_the_invisible	none	no	no
Khal-Hasidim_0047	Khal-Hasidim	supernatural	perception	supernatural:perception	none	no	no
Khal-Hasidim_0047	Khal-Hasidim	times	death	times:death	none	no	no
Khal-Hasidim_0048	Khal-Hasidim	characters-and-roles	preacher	characters-and-roles:preacher	none	no	no
Khal-Hasidim_0048	Khal-Hasidim	ethics-and-emotions	shame	ethics-and-emotions:shame	none	no	no
Khal-Hasidim_0048	Khal-Hasidim	practice	tefillin	practice:tefillin	none	no	no
Khal-Hasidim_0048	Khal-Hasidim	social	competition	social:competition	none	no	no
Khal-Hasidim_0048	Khal-Hasidim	social	conflict	social:conflict	none	no	no
Khal-Hasidim_0048	Khal-Hasidim	supernatural	perception	supernatural:perception	none	no	no
Khal-Hasidim_0048	Khal-Hasidim	times	shabbat	times:shabbat	none	no	no
Khal-Hasidim_0049	Khal-Hasidim	practice	tefillin	practice:tefillin	none	no	no
Khal-Hasidim_0049	Khal-Hasidim	supernatural	perception	supernatural:perception	none	no	no
Khal-Hasidim_0050	Khal-Hasidim	characters-and-roles	the_family_of_the_tsaddik	characters-and-roles:the_family_of_the_tsaddik	major	yes	yes
Khal-Hasidim_0050	Khal-Hasidim	ethics-and-emotions	adultery	ethics-and-emotions:adultery	major	yes	yes
Khal-Hasidim_0050	Khal-Hasidim	ethics-and-emotions	charity	ethics-and-emotions:charity	major	yes	yes
Khal-Hasidim_0050	Khal-Hasidim	ethics-and-emotions	humility	ethics-and-emotions:humility	major	yes	yes
Khal-Hasidim_0050	Khal-Hasidim	ethics-and-emotions	shame	ethics-and-emotions:shame	major	yes	yes
Khal-Hasidim_0050	Khal-Hasidim	ethics-and-emotions	virtues	ethics-and-emotions:virtues	major	yes	yes
Khal-Hasidim_0050	Khal-Hasidim	experience	revelation	experience:revelation	major	yes	yes
Khal-Hasidim_0050	Khal-Hasidim	folkloristics	story_type_virtues	folkloristics:story_type_virtues	major	yes	yes
Khal-Hasidim_0050	Khal-Hasidim	practice	healing	practice:healing	major	yes	yes
Khal-Hasidim_0050	Khal-Hasidim	social	poverty	social:poverty	major	yes	yes
Khal-Hasidim_0050	Khal-Hasidim	supernatural	communicating_with_the_invisible	supernatural:communicating_with_the_invisible	major	yes	yes
Khal-Hasidim_0050	Khal-Hasidim	supernatural	light_or_fire_as_a_sign_of_righteousness	supernatural:light_or_fire_as_a_sign_of_righteousness	major	yes	yes
Khal-Hasidim_0050	Khal-Hasidim	supernatural	miracle	supernatural:miracle	major	yes	yes
Khal-Hasidim_0050	Khal-Hasidim	supernatural	perception	supernatural:perception	major	yes	yes
Khal-Hasidim_0050	Khal-Hasidim	supernatural	prognostication	supernatural:prognostication	major	yes	yes
Khal-Hasidim_0050	Khal-Hasidim	times	shabbat	times:shabbat	major	yes	yes
Khal-Hasidim_0051	Khal-Hasidim	practice	healing	practice:healing	mention_only	yes	no
Khal-Hasidim_0051	Khal-Hasidim	practice	pidyon_shvuyim	practice:pidyon_shvuyim	mention_only	yes	no
Khal-Hasidim_0051	Khal-Hasidim	social	inter_hasidic	social:inter_hasidic	mention_only	yes	no
Khal-Hasidim_0051	Khal-Hasidim	social	inter_hasidic_master_disciple_relationship	social:inter_hasidic_master_disciple_relationship	mention_only	yes	no
Khal-Hasidim_0051	Khal-Hasidim	supernatural	pregnancy	supernatural:pregnancy	mention_only	yes	no
Khal-Hasidim_0051	Khal-Hasidim	times	birth	times:birth	mention_only	yes	no
Khal-Hasidim_0052	Khal-Hasidim	characters-and-roles	demons	characters-and-roles:demons	minor	yes	yes
Khal-Hasidim_0052	Khal-Hasidim	characters-and-roles	magician	characters-and-roles:magician	minor	yes	yes
Khal-Hasidim_0052	Khal-Hasidim	characters-and-roles	tavern_keeper	characters-and-roles:tavern_keeper	minor	yes	yes
Khal-Hasidim_0052	Khal-Hasidim	characters-and-roles	the_family_of_the_tsaddik	characters-and-roles:the_family_of_the_tsaddik	minor	yes	yes
Khal-Hasidim_0052	Khal-Hasidim	characters-and-roles	witch	characters-and-roles:witch	minor	yes	yes
Khal-Hasidim_0052	Khal-Hasidim	practice	prayer	practice:prayer	minor	yes	yes
Khal-Hasidim_0052	Khal-Hasidim	practice	protection	practice:protection	minor	yes	yes
Khal-Hasidim_0052	Khal-Hasidim	social	competition	social:competition	minor	yes	yes
Khal-Hasidim_0052	Khal-Hasidim	social	conflict	social:conflict	minor	yes	yes
Khal-Hasidim_0052	Khal-Hasidim	social	relations_with_non_jews	social:relations_with_non_jews	minor	yes	yes
Khal-Hasidim_0052	Khal-Hasidim	supernatural	communicating_with_the_invisible	supernatural:communicating_with_the_invisible	minor	yes	yes
Khal-Hasidim_0052	Khal-Hasidim	supernatural	magic	supernatural:magic	minor	yes	yes
Khal-Hasidim_0052	Khal-Hasidim	supernatural	perception	supernatural:perception	minor	yes	yes
Khal-Hasidim_0053	Khal-Hasidim	characters-and-roles	preacher	characters-and-roles:preacher	mention_only	yes	no
Khal-Hasidim_0053	Khal-Hasidim	practice	drinking_alcohol	practice:drinking_alcohol	mention_only	yes	no
Khal-Hasidim_0053	Khal-Hasidim	practice	joke	practice:joke	mention_only	yes	no
Khal-Hasidim_0053	Khal-Hasidim	practice	prayer	practice:prayer	mention_only	yes	no
Khal-Hasidim_0053	Khal-Hasidim	supernatural	perception	supernatural:perception	mention_only	yes	no
Khal-Hasidim_0053	Khal-Hasidim	supernatural	prognostication	supernatural:prognostication	mention_only	yes	no
Khal-Hasidim_0054	Khal-Hasidim	characters-and-roles	the_family_of_the_tsaddik	characters-and-roles:the_family_of_the_tsaddik	none	no	no
Khal-Hasidim_0054	Khal-Hasidim	ethics-and-emotions	anger	ethics-and-emotions:anger	none	no	no
Khal-Hasidim_0054	Khal-Hasidim	ethics-and-emotions	fear	ethics-and-emotions:fear	none	no	no
Khal-Hasidim_0054	Khal-Hasidim	ethics-and-emotions	sadness	ethics-and-emotions:sadness	none	no	no
Khal-Hasidim_0054	Khal-Hasidim	experience	revelation	experience:revelation	none	no	no
Khal-Hasidim_0054	Khal-Hasidim	experience	visions	experience:visions	none	no	no
Khal-Hasidim_0054	Khal-Hasidim	knowledge	esoteric	knowledge:esoteric	none	no	no
Khal-Hasidim_0054	Khal-Hasidim	practice	study	practice:study	none	no	no
Khal-Hasidim_0054	Khal-Hasidim	social	inter_hasidic_master_disciple_relationship	social:inter_hasidic_master_disciple_relationship	none	no	no
Khal-Hasidim_0054	Khal-Hasidim	supernatural	communicating_with_the_invisible	supernatural:communicating_with_the_invisible	none	no	no
Khal-Hasidim_0054	Khal-Hasidim	supernatural	perception	supernatural:perception	none	no	no
Khal-Hasidim_0054	Khal-Hasidim	times	shabbat	times:shabbat	none	no	no
Khal-Hasidim_0055	Khal-Hasidim	kabbalah		kabbalah	none	no	no
Khal-Hasidim_0055	Khal-Hasidim	knowledge	esoteric	knowledge:esoteric	none	no	no
Khal-Hasidim_0055	Khal-Hasidim	practice	asceticism	practice:asceticism	none	no	no
Khal-Hasidim_0055	Khal-Hasidim	practice	fasting	practice:fasting	none	no	no
Khal-Hasidim_0055	Khal-Hasidim	practice	smoking	practice:smoking	none	no	no
Khal-Hasidim_0055	Khal-Hasidim	practice	tvilah	practice:tvilah	none	no	no
Khal-Hasidim_0055	Khal-Hasidim	social	inter_hasidic_master_disciple_relationship	social:inter_hasidic_master_disciple_relationship	none	no	no
Khal-Hasidim_0055	Khal-Hasidim	spaces	mikveh	spaces:mikveh	none	no	no
Khal-Hasidim_0055	Khal-Hasidim	supernatural	communicating_with_the_invisible	supernatural:communicating_with_the_invisible	none	no	no
Khal-Hasidim_0055	Khal-Hasidim	supernatural	perception	supernatural:perception	none	no	no
Khal-Hasidim_0055	Khal-Hasidim	supernatural	prognostication	supernatural:prognostication	none	no	no
Khal-Hasidim_0056	Khal-Hasidim	experience	visions	experience:visions	none	no	no
Khal-Hasidim_0056	Khal-Hasidim	knowledge	esoteric	knowledge:esoteric	none	no	no
Khal-Hasidim_0056	Khal-Hasidim	supernatural	light_or_fire_as_a_sign_of_righteousness	supernatural:light_or_fire_as_a_sign_of_righteousness	none	no	no
Khal-Hasidim_0056	Khal-Hasidim	supernatural	perception	supernatural:perception	none	no	no
Khal-Hasidim_0056	Khal-Hasidim	times	shabbat	times:shabbat	none	no	no
Khal-Hasidim_0057	Khal-Hasidim	ethics-and-emotions	anger	ethics-and-emotions:anger	none	no	no
Khal-Hasidim_0057	Khal-Hasidim	ethics-and-emotions	fear	ethics-and-emotions:fear	none	no	no
Khal-Hasidim_0057	Khal-Hasidim	ethics-and-emotions	lying	ethics-and-emotions:lying	none	no	no
Khal-Hasidim_0057	Khal-Hasidim	practice	protection	practice:protection	none	no	no
Khal-Hasidim_0057	Khal-Hasidim	practice	tvilah	practice:tvilah	none	no	no
Khal-Hasidim_0057	Khal-Hasidim	social	relations_with_non_jews	social:relations_with_non_jews	none	no	no
Khal-Hasidim_0057	Khal-Hasidim	social	relations_with_the_authorities	social:relations_with_the_authorities	none	no	no
Khal-Hasidim_0057	Khal-Hasidim	supernatural	perception	supernatural:perception	none	no	no
Khal-Hasidim_0058	Khal-Hasidim	experience	devekut	experience:devekut	none	no	no
Khal-Hasidim_0058	Khal-Hasidim	practice	devekut	practice:devekut	none	no	no
Khal-Hasidim_0058	Khal-Hasidim	social	inter_hasidic_master_disciple_relationship	social:inter_hasidic_master_disciple_relationship	none	no	no
Khal-Hasidim_0059	Khal-Hasidim	ethics-and-emotions	fear	ethics-and-emotions:fear	minor	yes	yes
Khal-Hasidim_0059	Khal-Hasidim	ethics-and-emotions	sadness	ethics-and-emotions:sadness	minor	yes	yes
Khal-Hasidim_0059	Khal-Hasidim	folkloristics	story_type_protection	folkloristics:story_type_protection	minor	yes	yes
Khal-Hasidim_0059	Khal-Hasidim	practice	healing	practice:healing	minor	yes	yes
Khal-Hasidim_0059	Khal-Hasidim	practice	lifesaving	practice:lifesaving	minor	yes	yes
Khal-Hasidim_0059	Khal-Hasidim	practice	prayer	practice:prayer	minor	yes	yes
Khal-Hasidim_0059	Khal-Hasidim	practice	tvilah	practice:tvilah	minor	yes	yes
Khal-Hasidim_0059	Khal-Hasidim	social	retrospective_recognition	social:retrospective_recognition	minor	yes	yes
Khal-Hasidim_0059	Khal-Hasidim	spaces	mikveh	spaces:mikveh	minor	yes	yes
Khal-Hasidim_0059	Khal-Hasidim	supernatural	communicating_with_the_invisible	supernatural:communicating_with_the_invisible	minor	yes	yes
Khal-Hasidim_0059	Khal-Hasidim	supernatural	magic	supernatural:magic	minor	yes	yes
Khal-Hasidim_0059	Khal-Hasidim	supernatural	miracle	supernatural:miracle	minor	yes	yes
Khal-Hasidim_0059	Khal-Hasidim	supernatural	perception	supernatural:perception	minor	yes	yes
Khal-Hasidim_0060	Khal-Hasidim	practice	prayer	practice:prayer	none	no	no
Khal-Hasidim_0060	Khal-Hasidim	social	inter_hasidic_master_disciple_relationship	social:inter_hasidic_master_disciple_relationship	none	no	no
Khal-Hasidim_0060	Khal-Hasidim	supernatural	magic	supernatural:magic	none	no	no
Khal-Hasidim_0061	Khal-Hasidim	folkloristics	story_type_prognostication	folkloristics:story_type_prognostication	catalyst	yes	yes
Khal-Hasidim_0061	Khal-Hasidim	practice	writing_amulets	practice:writing_amulets	catalyst	yes	yes
Khal-Hasidim_0061	Khal-Hasidim	social	inter_hasidic_master_disciple_relationship	social:inter_hasidic_master_disciple_relationship	catalyst	yes	yes
Khal-Hasidim_0061	Khal-Hasidim	social	marital_relationship	social:marital_relationship	catalyst	yes	yes
Khal-Hasidim_0061	Khal-Hasidim	supernatural	magic	supernatural:magic	catalyst	yes	yes
Khal-Hasidim_0061	Khal-Hasidim	supernatural	perception	supernatural:perception	catalyst	yes	yes
Khal-Hasidim_0061	Khal-Hasidim	supernatural	pregnancy	supernatural:pregnancy	catalyst	yes	yes
Khal-Hasidim_0061	Khal-Hasidim	supernatural	prognostication	supernatural:prognostication	catalyst	yes	yes
Khal-Hasidim_0061	Khal-Hasidim	times	birth	times:birth	catalyst	yes	yes
Khal-Hasidim_0062	Khal-Hasidim	characters-and-roles	preacher	characters-and-roles:preacher	minor	yes	yes
Khal-Hasidim_0062	Khal-Hasidim	characters-and-roles	ritual_slaughterer	characters-and-roles:ritual_slaughterer	minor	yes	yes
Khal-Hasidim_0062	Khal-Hasidim	ethics-and-emotions	lying	ethics-and-emotions:lying	minor	yes	yes
Khal-Hasidim_0062	Khal-Hasidim	ethics-and-emotions	prohibitions	ethics-and-emotions:prohibitions	minor	yes	yes
Khal-Hasidim_0062	Khal-Hasidim	practice	ritual_slaughtering	practice:ritual_slaughtering	minor	yes	yes
Khal-Hasidim_0062	Khal-Hasidim	practice	sermon	practice:sermon	minor	yes	yes
Khal-Hasidim_0062	Khal-Hasidim	social	conflict	social:conflict	minor	yes	yes
Khal-Hasidim_0062	Khal-Hasidim	social	relations_with_the_authorities	social:relations_with_the_authorities	minor	yes	yes
Khal-Hasidim_0062	Khal-Hasidim	social	retrospective_recognition	social:retrospective_recognition	minor	yes	yes
Khal-Hasidim_0062	Khal-Hasidim	supernatural	contraction_of_the_road	supernatural:contraction_of_the_road	minor	yes	yes
Khal-Hasidim_0062	Khal-Hasidim	supernatural	perception	supernatural:perception	minor	yes	yes
Khal-Hasidim_0063	Khal-Hasidim	characters-and-roles	preacher	characters-and-roles:preacher	none	no	no
Khal-Hasidim_0063	Khal-Hasidim	ethics-and-emotions	punishment	ethics-and-emotions:punishment	none	no	no
Khal-Hasidim_0063	Khal-Hasidim	experience	dream	experience:dream	none	no	no
Khal-Hasidim_0063	Khal-Hasidim	practice	healing_of_the_soul	practice:healing_of_the_soul	none	no	no
Khal-Hasidim_0063	Khal-Hasidim	practice	ritual_slaughtering	practice:ritual_slaughtering	none	no	no
Khal-Hasidim_0063	Khal-Hasidim	social	inter_hasidic_master_disciple_relationship	social:inter_hasidic_master_disciple_relationship	none	no	no
Khal-Hasidim_0063	Khal-Hasidim	supernatural	communicating_with_the_invisible	supernatural:communicating_with_the_invisible	none	no	no
Khal-Hasidim_0063	Khal-Hasidim	supernatural	reincarnation	supernatural:reincarnation	none	no	no
Khal-Hasidim_0063	Khal-Hasidim	times	death	times:death	none	no	no
Khal-Hasidim_0063	Khal-Hasidim	times	shabbat	times:shabbat	none	no	no
Khal-Hasidim_0064	Khal-Hasidim	experience	enthusiasm	experience:enthusiasm	none	no	no
Khal-Hasidim_0064	Khal-Hasidim	practice	dance	practice:dance	none	no	no
Khal-Hasidim_0064	Khal-Hasidim	practice	prayer	practice:prayer	none	no	no
Khal-Hasidim_0064	Khal-Hasidim	practice	tvilah	practice:tvilah	none	no	no
Khal-Hasidim_0064	Khal-Hasidim	social	inter_hasidic_master_disciple_relationship	social:inter_hasidic_master_disciple_relationship	none	no	no
Khal-Hasidim_0064	Khal-Hasidim	spaces	beth_midrash	spaces:beth_midrash	none	no	no
Khal-Hasidim_0064	Khal-Hasidim	spaces	mikveh	spaces:mikveh	none	no	no
Khal-Hasidim_0065	Khal-Hasidim	practice	prayer	practice:prayer	none	no	no
Khal-Hasidim_0066	Khal-Hasidim	ethics-and-emotions	anger	ethics-and-emotions:anger	none	no	no
Khal-Hasidim_0066	Khal-Hasidim	ethics-and-emotions	pride	ethics-and-emotions:pride	none	no	no
Khal-Hasidim_0066	Khal-Hasidim	practice	prayer	practice:prayer	none	no	no
Khal-Hasidim_0066	Khal-Hasidim	social	conflict	social:conflict	none	no	no
Khal-Hasidim_0066	Khal-Hasidim	social	relations_with_non_hasidim	social:relations_with_non_hasidim	none	no	no
Khal-Hasidim_0066	Khal-Hasidim	spaces	beth_midrash	spaces:beth_midrash	none	no	no
Khal-Hasidim_0067	Khal-Hasidim	characters-and-roles	elijah_the_prophet	characters-and-roles:elijah_the_prophet	none	no	no
Khal-Hasidim_0067	Khal-Hasidim	experience	revelation	experience:revelation	none	no	no
Khal-Hasidim_0067	Khal-Hasidim	practice	sermon	practice:sermon	none	no	no
Khal-Hasidim_0067	Khal-Hasidim	practice	smoking	practice:smoking	none	no	no
Khal-Hasidim_0067	Khal-Hasidim	social	inter_hasidic_master_disciple_relationship	social:inter_hasidic_master_disciple_relationship	none	no	no
Khal-Hasidim_0067	Khal-Hasidim	supernatural	perception	supernatural:perception	none	no	no
Khal-Hasidim_0067	Khal-Hasidim	times	shabbat	times:shabbat	none	no	no
Khal-Hasidim_0068	Khal-Hasidim	characters-and-roles	elijah_the_prophet	characters-and-roles:elijah_the_prophet	minor	yes	yes
Khal-Hasidim_0068	Khal-Hasidim	characters-and-roles	the_family_of_the_tsaddik	characters-and-roles:the_family_of_the_tsaddik	minor	yes	yes
Khal-Hasidim_0068	Khal-Hasidim	ethics-and-emotions	fear	ethics-and-emotions:fear	minor	yes	yes
Khal-Hasidim_0068	Khal-Hasidim	experience	enthusiasm	experience:enthusiasm	minor	yes	yes
Khal-Hasidim_0068	Khal-Hasidim	experience	revelation	experience:revelation	minor	yes	yes
Khal-Hasidim_0068	Khal-Hasidim	folkloristics	story_type_death_of_the_tsaddik	folkloristics:story_type_death_of_the_tsaddik	minor	yes	yes
Khal-Hasidim_0068	Khal-Hasidim	practice	solitude	practice:solitude	minor	yes	yes
Khal-Hasidim_0068	Khal-Hasidim	practice	storytelling	practice:storytelling	minor	yes	yes
Khal-Hasidim_0068	Khal-Hasidim	social	inter_hasidic_master_disciple_relationship	social:inter_hasidic_master_disciple_relationship	minor	yes	yes
Khal-Hasidim_0068	Khal-Hasidim	supernatural	communicating_with_the_invisible	supernatural:communicating_with_the_invisible	minor	yes	yes
Khal-Hasidim_0068	Khal-Hasidim	supernatural	light_or_fire_as_a_sign_of_righteousness	supernatural:light_or_fire_as_a_sign_of_righteousness	minor	yes	yes
Khal-Hasidim_0068	Khal-Hasidim	supernatural	perception	supernatural:perception	minor	yes	yes
Khal-Hasidim_0069	Khal-Hasidim	folkloristics	story_type_prognostication	folkloristics:story_type_prognostication	none	no	no
Khal-Hasidim_0069	Khal-Hasidim	practice	prayer	practice:prayer	none	no	no
Khal-Hasidim_0069	Khal-Hasidim	practice	tvilah	practice:tvilah	none	no	no
Khal-Hasidim_0069	Khal-Hasidim	social	inter_hasidic_master_disciple_relationship	social:inter_hasidic_master_disciple_relationship	none	no	no
Khal-Hasidim_0069	Khal-Hasidim	spaces	mikveh	spaces:mikveh	none	no	no
Khal-Hasidim_0069	Khal-Hasidim	supernatural	perception	supernatural:perception	none	no	no
Khal-Hasidim_0069	Khal-Hasidim	supernatural	prognostication	supernatural:prognostication	none	no	no
Khal-Hasidim_0069	Khal-Hasidim	times	death	times:death	none	no	no
Khal-Hasidim_0070	Khal-Hasidim	ethics-and-emotions	punishment	ethics-and-emotions:punishment	minor	yes	yes
Khal-Hasidim_0070	Khal-Hasidim	experience	dream	experience:dream	minor	yes	yes
Khal-Hasidim_0070	Khal-Hasidim	practice	prayer	practice:prayer	minor	yes	yes
Khal-Hasidim_0070	Khal-Hasidim	practice	recitation_of_psalms	practice:recitation_of_psalms	minor	yes	yes
Khal-Hasidim_0070	Khal-Hasidim	social	conflict	social:conflict	minor	yes	yes
Khal-Hasidim_0070	Khal-Hasidim	social	excommunication	social:excommunication	minor	yes	yes
Khal-Hasidim_0070	Khal-Hasidim	spaces	heaven	spaces:heaven	minor	yes	yes
Khal-Hasidim_0070	Khal-Hasidim	spaces	hell	spaces:hell	minor	yes	yes
Khal-Hasidim_0070	Khal-Hasidim	supernatural	communicating_with_the_invisible	supernatural:communicating_with_the_invisible	minor	yes	yes
Khal-Hasidim_0070	Khal-Hasidim	supernatural	perception	supernatural:perception	minor	yes	yes
Khal-Hasidim_0070	Khal-Hasidim	times	shabbat	times:shabbat	minor	yes	yes
Khal-Hasidim_0071	Khal-Hasidim	ethics-and-emotions	anger	ethics-and-emotions:anger	catalyst	yes	yes
Khal-Hasidim_0071	Khal-Hasidim	practice	protection	practice:protection	catalyst	yes	yes
Khal-Hasidim_0071	Khal-Hasidim	supernatural	perception	supernatural:perception	catalyst	yes	yes
Khal-Hasidim_0072	Khal-Hasidim	ethics-and-emotions	adultery	ethics-and-emotions:adultery	mention_only	yes	no
Khal-Hasidim_0072	Khal-Hasidim	ethics-and-emotions	prohibitions	ethics-and-emotions:prohibitions	mention_only	yes	no
Khal-Hasidim_0072	Khal-Hasidim	practice	sexual_abstinence	practice:sexual_abstinence	mention_only	yes	no
Khal-Hasidim_0072	Khal-Hasidim	social	inter_hasidic_master_disciple_relationship	social:inter_hasidic_master_disciple_relationship	mention_only	yes	no
Khal-Hasidim_0072	Khal-Hasidim	social	marital_relationship	social:marital_relationship	mention_only	yes	no
Khal-Hasidim_0072	Khal-Hasidim	social	relations_with_sinners	social:relations_with_sinners	mention_only	yes	no
Khal-Hasidim_0072	Khal-Hasidim	supernatural	perception	supernatural:perception	mention_only	yes	no
Khal-Hasidim_0073	Khal-Hasidim	folkloristics	story_type_prognostication	folkloristics:story_type_prognostication	none	no	no
Khal-Hasidim_0073	Khal-Hasidim	practice	healing	practice:healing	none	no	no
Khal-Hasidim_0073	Khal-Hasidim	practice	tvilah	practice:tvilah	none	no	no
Khal-Hasidim_0073	Khal-Hasidim	social	inter_hasidic_master_disciple_relationship	social:inter_hasidic_master_disciple_relationship	none	no	no
Khal-Hasidim_0073	Khal-Hasidim	spaces	mikveh	spaces:mikveh	none	no	no
Khal-Hasidim_0073	Khal-Hasidim	supernatural	perception	supernatural:perception	none	no	no
Khal-Hasidim_0074	Khal-Hasidim	folkloristics	story_type_prognostication	folkloristics:story_type_prognostication	none	no	no
Khal-Hasidim_0074	Khal-Hasidim	supernatural	communicating_with_the_invisible	supernatural:communicating_with_the_invisible	none	no	no
Khal-Hasidim_0074	Khal-Hasidim	supernatural	perception	supernatural:perception	none	no	no
Khal-Hasidim_0074	Khal-Hasidim	supernatural	prognostication	supernatural:prognostication	none	no	no
Khal-Hasidim_0075	Khal-Hasidim	ethics-and-emotions	anger	ethics-and-emotions:anger	mention_only	yes	no
Khal-Hasidim_0075	Khal-Hasidim	folkloristics	story_type_virtues	folkloristics:story_type_virtues	mention_only	yes	no
Khal-Hasidim_0075	Khal-Hasidim	practice	drinking_alcohol	practice:drinking_alcohol	mention_only	yes	no
Khal-Hasidim_0075	Khal-Hasidim	practice	joke	practice:joke	mention_only	yes	no
Khal-Hasidim_0075	Khal-Hasidim	practice	pidyon_shvuyim	practice:pidyon_shvuyim	mention_only	yes	no
Khal-Hasidim_0075	Khal-Hasidim	practice	study	practice:study	mention_only	yes	no
Khal-Hasidim_0075	Khal-Hasidim	social	marriage	social:marriage	mention_only	yes	no
Khal-Hasidim_0075	Khal-Hasidim	social	relations_with_non_jews	social:relations_with_non_jews	mention_only	yes	no
Khal-Hasidim_0075	Khal-Hasidim	social	relations_with_the_authorities	social:relations_with_the_authorities	mention_only	yes	no
Khal-Hasidim_0075	Khal-Hasidim	social	retrospective_recognition	social:retrospective_recognition	mention_only	yes	no
Khal-Hasidim_0075	Khal-Hasidim	supernatural	perception	supernatural:perception	mention_only	yes	no
Khal-Hasidim_0076	Khal-Hasidim	characters-and-roles	angels	characters-and-roles:angels	none	no	no
Khal-Hasidim_0076	Khal-Hasidim	experience	dream	experience:dream	none	no	no
Khal-Hasidim_0076	Khal-Hasidim	experience	visions	experience:visions	none	no	no
Khal-Hasidim_0076	Khal-Hasidim	folkloristics	story_type_revelation	folkloristics:story_type_revelation	none	no	no
Khal-Hasidim_0076	Khal-Hasidim	knowledge	esoteric	knowledge:esoteric	none	no	no
Khal-Hasidim_0076	Khal-Hasidim	practice	pidyon_shvuyim	practice:pidyon_shvuyim	none	no	no
Khal-Hasidim_0076	Khal-Hasidim	practice	prayer	practice:prayer	none	no	no
Khal-Hasidim_0076	Khal-Hasidim	practice	sermon	practice:sermon	none	no	no
Khal-Hasidim_0076	Khal-Hasidim	practice	tvilah	practice:tvilah	none	no	no
Khal-Hasidim_0076	Khal-Hasidim	social	conflict	social:conflict	none	no	no
Khal-Hasidim_0076	Khal-Hasidim	social	inter_hasidic_master_disciple_relationship	social:inter_hasidic_master_disciple_relationship	none	no	no
Khal-Hasidim_0076	Khal-Hasidim	social	relations_with_non_hasidim	social:relations_with_non_hasidim	none	no	no
Khal-Hasidim_0076	Khal-Hasidim	social	retrospective_recognition	social:retrospective_recognition	none	no	no
Khal-Hasidim_0076	Khal-Hasidim	spaces	heaven	spaces:heaven	none	no	no
Khal-Hasidim_0076	Khal-Hasidim	spaces	mikveh	spaces:mikveh	none	no	no
Khal-Hasidim_0076	Khal-Hasidim	supernatural	communicating_with_the_invisible	supernatural:communicating_with_the_invisible	none	no	no
Khal-Hasidim_0076	Khal-Hasidim	supernatural	perception	supernatural:perception	none	no	no
Khal-Hasidim_0076	Khal-Hasidim	times	shabbat	times:shabbat	none	no	no
Khal-Hasidim_0077	Khal-Hasidim	characters-and-roles	magician	characters-and-roles:magician	none	no	no
Khal-Hasidim_0077	Khal-Hasidim	folkloristics	story_type_protection	folkloristics:story_type_protection	none	no	no
Khal-Hasidim_0077	Khal-Hasidim	practice	prayer	practice:prayer	none	no	no
Khal-Hasidim_0077	Khal-Hasidim	practice	protection	practice:protection	none	no	no
Khal-Hasidim_0077	Khal-Hasidim	social	competition	social:competition	none	no	no
Khal-Hasidim_0077	Khal-Hasidim	social	relations_with_non_jews	social:relations_with_non_jews	none	no	no
Khal-Hasidim_0077	Khal-Hasidim	social	relations_with_the_authorities	social:relations_with_the_authorities	none	no	no
Khal-Hasidim_0077	Khal-Hasidim	supernatural	magic	supernatural:magic	none	no	no
Khal-Hasidim_0078	Khal-Hasidim	practice	sermon	practice:sermon	none	no	no
Khal-Hasidim_0078	Khal-Hasidim	supernatural	perception	supernatural:perception	none	no	no
Khal-Hasidim_0079	Khal-Hasidim	folkloristics	story_type_death_of_the_tsaddik	folkloristics:story_type_death_of_the_tsaddik	none	no	no
Khal-Hasidim_0079	Khal-Hasidim	social	inter_hasidic_master_disciple_relationship	social:inter_hasidic_master_disciple_relationship	none	no	no
Khal-Hasidim_0079	Khal-Hasidim	supernatural	perception	supernatural:perception	none	no	no
Khal-Hasidim_0079	Khal-Hasidim	times	death	times:death	none	no	no
Khal-Hasidim_0080	Khal-Hasidim	characters-and-roles	preacher	characters-and-roles:preacher	none	no	no
Khal-Hasidim_0080	Khal-Hasidim	ethics-and-emotions	anger	ethics-and-emotions:anger	none	no	no
Khal-Hasidim_0080	Khal-Hasidim	ethics-and-emotions	joy	ethics-and-emotions:joy	none	no	no
Khal-Hasidim_0080	Khal-Hasidim	folkloristics	story_type_death_of_the_tsaddik	folkloristics:story_type_death_of_the_tsaddik	none	no	no
Khal-Hasidim_0080	Khal-Hasidim	kabbalah		kabbalah	none	no	no
Khal-Hasidim_0080	Khal-Hasidim	practice	coping_with_alien_thoughts	practice:coping_with_alien_thoughts	none	no	no
Khal-Hasidim_0080	Khal-Hasidim	practice	pilgrimage_to_the_graves_of_tsaddikim	practice:pilgrimage_to_the_graves_of_tsaddikim	none	no	no
Khal-Hasidim_0080	Khal-Hasidim	practice	prayer	practice:prayer	none	no	no
Khal-Hasidim_0080	Khal-Hasidim	practice	study	practice:study	none	no	no
Khal-Hasidim_0080	Khal-Hasidim	practice	tefillin	practice:tefillin	none	no	no
Khal-Hasidim_0080	Khal-Hasidim	social	conflict	social:conflict	none	no	no
Khal-Hasidim_0080	Khal-Hasidim	social	inter_hasidic_conflict_between_tsaddikim	social:inter_hasidic_conflict_between_tsaddikim	none	no	no
Khal-Hasidim_0080	Khal-Hasidim	social	inter_hasidic_master_disciple_relationship	social:inter_hasidic_master_disciple_relationship	none	no	no
Khal-Hasidim_0080	Khal-Hasidim	spaces	the_land_of_israel	spaces:the_land_of_israel	none	no	no
Khal-Hasidim_0080	Khal-Hasidim	supernatural	communicating_with_the_invisible	supernatural:communicating_with_the_invisible	none	no	no
Khal-Hasidim_0080	Khal-Hasidim	supernatural	perception	supernatural:perception	none	no	no
Khal-Hasidim_0080	Khal-Hasidim	times	death	times:death	none	no	no
Khal-Hasidim_0080	Khal-Hasidim	times	shabbat	times:shabbat	none	no	no
Khal-Hasidim_0081	Khal-Hasidim	characters-and-roles	the_family_of_the_tsaddik	characters-and-roles:the_family_of_the_tsaddik	major	yes	yes
Khal-Hasidim_0081	Khal-Hasidim	ethics-and-emotions	joy	ethics-and-emotions:joy	major	yes	yes
Khal-Hasidim_0081	Khal-Hasidim	ethics-and-emotions	virtues	ethics-and-emotions:virtues	major	yes	yes
Khal-Hasidim_0081	Khal-Hasidim	experience	revelation	experience:revelation	major	yes	yes
Khal-Hasidim_0081	Khal-Hasidim	folkloristics	story_type_birth_of_the_tsaddik	folkloristics:story_type_birth_of_the_tsaddik	major	yes	yes
Khal-Hasidim_0081	Khal-Hasidim	practice	dance	practice:dance	major	yes	yes
Khal-Hasidim_0081	Khal-Hasidim	practice	prayer	practice:prayer	major	yes	yes
Khal-Hasidim_0081	Khal-Hasidim	practice	smoking	practice:smoking	major	yes	yes
Khal-Hasidim_0081	Khal-Hasidim	social	inter_hasidic_master_disciple_relationship	social:inter_hasidic_master_disciple_relationship	major	yes	yes
Khal-Hasidim_0081	Khal-Hasidim	social	marital_relationship	social:marital_relationship	major	yes	yes
Khal-Hasidim_0081	Khal-Hasidim	social	poverty	social:poverty	major	yes	yes
Khal-Hasidim_0081	Khal-Hasidim	social	retrospective_recognition	social:retrospective_recognition	major	yes	yes
Khal-Hasidim_0081	Khal-Hasidim	supernatural	miracle	supernatural:miracle	major	yes	yes
Khal-Hasidim_0081	Khal-Hasidim	supernatural	perception	supernatural:perception	major	yes	yes
Khal-Hasidim_0081	Khal-Hasidim	supernatural	pregnancy	supernatural:pregnancy	major	yes	yes
Khal-Hasidim_0081	Khal-Hasidim	supernatural	prognostication	supernatural:prognostication	major	yes	yes
Khal-Hasidim_0081	Khal-Hasidim	times	birth	times:birth	major	yes	yes
Khal-Hasidim_0081	Khal-Hasidim	times	shabbat	times:shabbat	major	yes	yes
Khal-Hasidim_0082	Khal-Hasidim	characters-and-roles	the_family_of_the_tsaddik	characters-and-roles:the_family_of_the_tsaddik	minor	yes	yes
Khal-Hasidim_0082	Khal-Hasidim	ethics-and-emotions	fear	ethics-and-emotions:fear	minor	yes	yes
Khal-Hasidim_0082	Khal-Hasidim	ethics-and-emotions	prohibitions	ethics-and-emotions:prohibitions	minor	yes	yes
Khal-Hasidim_0082	Khal-Hasidim	ethics-and-emotions	sadness	ethics-and-emotions:sadness	minor	yes	yes
Khal-Hasidim_0082	Khal-Hasidim	experience	journey_to_heaven	experience:journey_to_heaven	minor	yes	yes
Khal-Hasidim_0082	Khal-Hasidim	experience	revelation	experience:revelation	minor	yes	yes
Khal-Hasidim_0082	Khal-Hasidim	knowledge	esoteric	knowledge:esoteric	minor	yes	yes
Khal-Hasidim_0082	Khal-Hasidim	practice	failure	practice:failure	minor	yes	yes
Khal-Hasidim_0082	Khal-Hasidim	practice	prayer	practice:prayer	minor	yes	yes
Khal-Hasidim_0082	Khal-Hasidim	practice	protection	practice:protection	minor	yes	yes
Khal-Hasidim_0082	Khal-Hasidim	practice	redemption_of_captives	practice:redemption_of_captives	minor	yes	yes
Khal-Hasidim_0082	Khal-Hasidim	practice	tvilah	practice:tvilah	minor	yes	yes
Khal-Hasidim_0082	Khal-Hasidim	social	conflict	social:conflict	minor	yes	yes
Khal-Hasidim_0082	Khal-Hasidim	social	inter_hasidic_master_disciple_relationship	social:inter_hasidic_master_disciple_relationship	minor	yes	yes
Khal-Hasidim_0082	Khal-Hasidim	social	relations_with_non_jews	social:relations_with_non_jews	minor	yes	yes
Khal-Hasidim_0082	Khal-Hasidim	spaces	heaven	spaces:heaven	minor	yes	yes
Khal-Hasidim_0082	Khal-Hasidim	spaces	hell	spaces:hell	minor	yes	yes
Khal-Hasidim_0082	Khal-Hasidim	spaces	mikveh	spaces:mikveh	minor	yes	yes
Khal-Hasidim_0082	Khal-Hasidim	supernatural	communicating_with_the_invisible	supernatural:communicating_with_the_invisible	minor	yes	yes
Khal-Hasidim_0082	Khal-Hasidim	supernatural	light_or_fire_as_a_sign_of_righteousness	supernatural:light_or_fire_as_a_sign_of_righteousness	minor	yes	yes
Khal-Hasidim_0082	Khal-Hasidim	supernatural	perception	supernatural:perception	minor	yes	yes
Khal-Hasidim_0082	Khal-Hasidim	supernatural	prognostication	supernatural:prognostication	minor	yes	yes
Khal-Hasidim_0082	Khal-Hasidim	supernatural	reincarnation	supernatural:reincarnation	minor	yes	yes
Khal-Hasidim_0082	Khal-Hasidim	times	death	times:death	minor	yes	yes
Khal-Hasidim_0082	Khal-Hasidim	times	historical_event	times:historical_event	minor	yes	yes
Khal-Hasidim_0082	Khal-Hasidim	times	shabbat	times:shabbat	minor	yes	yes
Khal-Hasidim_0083	Khal-Hasidim	folkloristics	story_type_rapprochement	folkloristics:story_type_rapprochement	catalyst	yes	yes
Khal-Hasidim_0083	Khal-Hasidim	social	retrospective_recognition	social:retrospective_recognition	catalyst	yes	yes
Khal-Hasidim_0083	Khal-Hasidim	supernatural	perception	supernatural:perception	catalyst	yes	yes
Khal-Hasidim_0084	Khal-Hasidim	ethics-and-emotions	fear	ethics-and-emotions:fear	minor	yes	yes
Khal-Hasidim_0084	Khal-Hasidim	kabbalah		kabbalah	minor	yes	yes
Khal-Hasidim_0084	Khal-Hasidim	practice	protection	practice:protection	minor	yes	yes
Khal-Hasidim_0084	Khal-Hasidim	social	retrospective_recognition	social:retrospective_recognition	minor	yes	yes
Khal-Hasidim_0084	Khal-Hasidim	supernatural	perception	supernatural:perception	minor	yes	yes
Khal-Hasidim_0085	Khal-Hasidim	ethics-and-emotions	joy	ethics-and-emotions:joy	minor	yes	yes
Khal-Hasidim_0085	Khal-Hasidim	ethics-and-emotions	prohibitions	ethics-and-emotions:prohibitions	minor	yes	yes
Khal-Hasidim_0085	Khal-Hasidim	folkloristics	story_type_prognostication	folkloristics:story_type_prognostication	minor	yes	yes
Khal-Hasidim_0085	Khal-Hasidim	practice	dance	practice:dance	minor	yes	yes
Khal-Hasidim_0085	Khal-Hasidim	practice	halakhah	practice:halakhah	minor	yes	yes
Khal-Hasidim_0085	Khal-Hasidim	practice	music	practice:music	minor	yes	yes
Khal-Hasidim_0085	Khal-Hasidim	practice	study	practice:study	minor	yes	yes
Khal-Hasidim_0085	Khal-Hasidim	social	inter_hasidic_master_disciple_relationship	social:inter_hasidic_master_disciple_relationship	minor	yes	yes
Khal-Hasidim_0085	Khal-Hasidim	social	marriage	social:marriage	minor	yes	yes
Khal-Hasidim_0085	Khal-Hasidim	supernatural	perception	supernatural:perception	minor	yes	yes
Khal-Hasidim_0085	Khal-Hasidim	supernatural	prognostication	supernatural:prognostication	minor	yes	yes
Khal-Hasidim_0086	Khal-Hasidim	characters-and-roles	baal_shem	characters-and-roles:baal_shem	none	no	no
Khal-Hasidim_0086	Khal-Hasidim	ethics-and-emotions	pride	ethics-and-emotions:pride	none	no	no
Khal-Hasidim_0086	Khal-Hasidim	experience	dream	experience:dream	none	no	no
Khal-Hasidim_0086	Khal-Hasidim	experience	journey_to_heaven	experience:journey_to_heaven	none	no	no
Khal-Hasidim_0086	Khal-Hasidim	experience	revelation	experience:revelation	none	no	no
Khal-Hasidim_0086	Khal-Hasidim	folkloristics	story_type_advent	folkloristics:story_type_advent	none	no	no
Khal-Hasidim_0086	Khal-Hasidim	folkloristics	story_type_prognostication	folkloristics:story_type_prognostication	none	no	no
Khal-Hasidim_0086	Khal-Hasidim	folkloristics	story_type_rapprochement	folkloristics:story_type_rapprochement	none	no	no
Khal-Hasidim_0086	Khal-Hasidim	folkloristics	story_type_revelation	folkloristics:story_type_revelation	none	no	no
Khal-Hasidim_0086	Khal-Hasidim	knowledge	esoteric	knowledge:esoteric	none	no	no
Khal-Hasidim_0086	Khal-Hasidim	knowledge	practical_kabbalah	knowledge:practical_kabbalah	none	no	no
Khal-Hasidim_0086	Khal-Hasidim	practice	sermon	practice:sermon	none	no	no
Khal-Hasidim_0086	Khal-Hasidim	social	conflict	social:conflict	none	no	no
Khal-Hasidim_0086	Khal-Hasidim	social	disobedience	social:disobedience	none	no	no
Khal-Hasidim_0086	Khal-Hasidim	social	inter_hasidic_master_disciple_relationship	social:inter_hasidic_master_disciple_relationship	none	no	no
Khal-Hasidim_0086	Khal-Hasidim	social	retrospective_recognition	social:retrospective_recognition	none	no	no
Khal-Hasidim_0086	Khal-Hasidim	spaces	heaven	spaces:heaven	none	no	no
Khal-Hasidim_0086	Khal-Hasidim	supernatural	communicating_with_the_invisible	supernatural:communicating_with_the_invisible	none	no	no
Khal-Hasidim_0086	Khal-Hasidim	supernatural	miracle	supernatural:miracle	none	no	no
Khal-Hasidim_0086	Khal-Hasidim	supernatural	perception	supernatural:perception	none	no	no
Khal-Hasidim_0086	Khal-Hasidim	supernatural	prognostication	supernatural:prognostication	none	no	no
Khal-Hasidim_0086	Khal-Hasidim	times	death	times:death	none	no	no
Khal-Hasidim_0086	Khal-Hasidim	times	eschatology	times:eschatology	none	no	no
Khal-Hasidim_0087	Khal-Hasidim	experience	dream	experience:dream	none	no	no
Khal-Hasidim_0087	Khal-Hasidim	folkloristics	story_type_advent	folkloristics:story_type_advent	none	no	no
Khal-Hasidim_0087	Khal-Hasidim	folkloristics	story_type_rapprochement	folkloristics:story_type_rapprochement	none	no	no
Khal-Hasidim_0087	Khal-Hasidim	practice	study	practice:study	none	no	no
Khal-Hasidim_0087	Khal-Hasidim	social	relations_with_non_hasidim	social:relations_with_non_hasidim	none	no	no
Khal-Hasidim_0087	Khal-Hasidim	social	retrospective_recognition	social:retrospective_recognition	none	no	no
Khal-Hasidim_0087	Khal-Hasidim	spaces	heaven	spaces:heaven	none	no	no
Khal-Hasidim_0088	Khal-Hasidim	ethics-and-emotions	anger	ethics-and-emotions:anger	none	no	no
Khal-Hasidim_0088	Khal-Hasidim	ethics-and-emotions	fear	ethics-and-emotions:fear	none	no	no
Khal-Hasidim_0088	Khal-Hasidim	ethics-and-emotions	humility	ethics-and-emotions:humility	none	no	no
Khal-Hasidim_0088	Khal-Hasidim	ethics-and-emotions	pride	ethics-and-emotions:pride	none	no	no
Khal-Hasidim_0088	Khal-Hasidim	ethics-and-emotions	prohibitions	ethics-and-emotions:prohibitions	none	no	no
Khal-Hasidim_0088	Khal-Hasidim	ethics-and-emotions	punishment	ethics-and-emotions:punishment	none	no	no
Khal-Hasidim_0088	Khal-Hasidim	ethics-and-emotions	repentance	ethics-and-emotions:repentance	none	no	no
Khal-Hasidim_0088	Khal-Hasidim	ethics-and-emotions	sadness	ethics-and-emotions:sadness	none	no	no
Khal-Hasidim_0088	Khal-Hasidim	ethics-and-emotions	shame	ethics-and-emotions:shame	none	no	no
Khal-Hasidim_0088	Khal-Hasidim	ethics-and-emotions	virtues	ethics-and-emotions:virtues	none	no	no
Khal-Hasidim_0088	Khal-Hasidim	folkloristics	story_type_rapprochement	folkloristics:story_type_rapprochement	none	no	no
Khal-Hasidim_0088	Khal-Hasidim	knowledge	esoteric	knowledge:esoteric	none	no	no
Khal-Hasidim_0088	Khal-Hasidim	practice	sermon	practice:sermon	none	no	no
Khal-Hasidim_0088	Khal-Hasidim	practice	smoking	practice:smoking	none	no	no
Khal-Hasidim_0088	Khal-Hasidim	practice	study	practice:study	none	no	no
Khal-Hasidim_0088	Khal-Hasidim	social	competition	social:competition	none	no	no
Khal-Hasidim_0088	Khal-Hasidim	social	conflict	social:conflict	none	no	no
Khal-Hasidim_0088	Khal-Hasidim	social	inter_hasidic_master_disciple_relationship	social:inter_hasidic_master_disciple_relationship	none	no	no
Khal-Hasidim_0088	Khal-Hasidim	social	retrospective_recognition	social:retrospective_recognition	none	no	no
Khal-Hasidim_0088	Khal-Hasidim	supernatural	perception	supernatural:perception	none	no	no
Khal-Hasidim_0088	Khal-Hasidim	times	shabbat	times:shabbat	none	no	no
Khal-Hasidim_0089	Khal-Hasidim	characters-and-roles	ritual_slaughterer	characters-and-roles:ritual_slaughterer	none	no	no
Khal-Hasidim_0089	Khal-Hasidim	ethics-and-emotions	charity	ethics-and-emotions:charity	none	no	no
Khal-Hasidim_0089	Khal-Hasidim	ethics-and-emotions	virtues	ethics-and-emotions:virtues	none	no	no
Khal-Hasidim_0089	Khal-Hasidim	experience	visions	experience:visions	none	no	no
Khal-Hasidim_0089	Khal-Hasidim	practice	storytelling	practice:storytelling	none	no	no
Khal-Hasidim_0089	Khal-Hasidim	social	poverty	social:poverty	none	no	no
Khal-Hasidim_0089	Khal-Hasidim	supernatural	perception	supernatural:perception	none	no	no
Khal-Hasidim_0089	Khal-Hasidim	supernatural	prognostication	supernatural:prognostication	none	no	no
Khal-Hasidim_0090	Khal-Hasidim	characters-and-roles	ritual_slaughterer	characters-and-roles:ritual_slaughterer	none	no	no
Khal-Hasidim_0090	Khal-Hasidim	practice	ritual_slaughtering	practice:ritual_slaughtering	none	no	no
Khal-Hasidim_0090	Khal-Hasidim	social	converts_and_conversion	social:converts_and_conversion	none	no	no
Khal-Hasidim_0090	Khal-Hasidim	supernatural	perception	supernatural:perception	none	no	no
Khal-Hasidim_0091	Khal-Hasidim	practice	prayer	practice:prayer	none	no	no
Khal-Hasidim_0091	Khal-Hasidim	spaces	the_land_of_israel	spaces:the_land_of_israel	none	no	no
Khal-Hasidim_0091	Khal-Hasidim	supernatural	perception	supernatural:perception	none	no	no
Khal-Hasidim_0091	Khal-Hasidim	times	shabbat	times:shabbat	none	no	no
Khal-Hasidim_0092	Khal-Hasidim	characters-and-roles	the_family_of_the_tsaddik	characters-and-roles:the_family_of_the_tsaddik	catalyst	yes	yes
Khal-Hasidim_0092	Khal-Hasidim	folkloristics	story_type_birth_of_the_tsaddik	folkloristics:story_type_birth_of_the_tsaddik	catalyst	yes	yes
Khal-Hasidim_0092	Khal-Hasidim	folkloristics	story_type_prognostication	folkloristics:story_type_prognostication	catalyst	yes	yes
Khal-Hasidim_0092	Khal-Hasidim	knowledge	practical_kabbalah	knowledge:practical_kabbalah	catalyst	yes	yes
Khal-Hasidim_0092	Khal-Hasidim	practice	healing	practice:healing	catalyst	yes	yes
Khal-Hasidim_0092	Khal-Hasidim	social	inter_hasidic_master_disciple_relationship	social:inter_hasidic_master_disciple_relationship	catalyst	yes	yes
Khal-Hasidim_0092	Khal-Hasidim	spaces	beth_midrash	spaces:beth_midrash	catalyst	yes	yes
Khal-Hasidim_0092	Khal-Hasidim	supernatural	perception	supernatural:perception	catalyst	yes	yes
Khal-Hasidim_0092	Khal-Hasidim	supernatural	pregnancy	supernatural:pregnancy	catalyst	yes	yes
Khal-Hasidim_0092	Khal-Hasidim	supernatural	prognostication	supernatural:prognostication	catalyst	yes	yes
Khal-Hasidim_0092	Khal-Hasidim	times	birth	times:birth	catalyst	yes	yes
Khal-Hasidim_0092	Khal-Hasidim	times	shabbat	times:shabbat	catalyst	yes	yes
Khal-Hasidim_0093	Khal-Hasidim	practice	prayer	practice:prayer	none	no	no
Khal-Hasidim_0093	Khal-Hasidim	practice	protection	practice:protection	none	no	no
Khal-Hasidim_0093	Khal-Hasidim	social	relations_with_non_jews	social:relations_with_non_jews	none	no	no
Khal-Hasidim_0093	Khal-Hasidim	supernatural	perception	supernatural:perception	none	no	no
Khal-Hasidim_0094	Khal-Hasidim	ethics-and-emotions	punishment	ethics-and-emotions:punishment	none	no	no
Khal-Hasidim_0094	Khal-Hasidim	supernatural	perception	supernatural:perception	none	no	no
Khal-Hasidim_0094	Khal-Hasidim	supernatural	reincarnation	supernatural:reincarnation	none	no	no
Khal-Hasidim_0095	Khal-Hasidim	folkloristics	story_type_prognostication	folkloristics:story_type_prognostication	minor	yes	yes
Khal-Hasidim_0095	Khal-Hasidim	supernatural	light_or_fire_as_a_sign_of_righteousness	supernatural:light_or_fire_as_a_sign_of_righteousness	minor	yes	yes
Khal-Hasidim_0095	Khal-Hasidim	supernatural	perception	supernatural:perception	minor	yes	yes
Khal-Hasidim_0095	Khal-Hasidim	supernatural	prognostication	supernatural:prognostication	minor	yes	yes
Khal-Hasidim_0096	Khal-Hasidim	supernatural	perception	supernatural:perception	none	no	no
Khal-Hasidim_0097	Khal-Hasidim	ethics-and-emotions	sadness	ethics-and-emotions:sadness	none	no	no
Khal-Hasidim_0097	Khal-Hasidim	practice	prayer	practice:prayer	none	no	no
Khal-Hasidim_0097	Khal-Hasidim	social	inter_hasidic_master_disciple_relationship	social:inter_hasidic_master_disciple_relationship	none	no	no
Khal-Hasidim_0097	Khal-Hasidim	supernatural	perception	supernatural:perception	none	no	no
Khal-Hasidim_0097	Khal-Hasidim	times	holidays	times:holidays	none	no	no
Khal-Hasidim_0098	Khal-Hasidim	practice	protection	practice:protection	none	no	no
Khal-Hasidim_0098	Khal-Hasidim	social	relations_with_non_jews	social:relations_with_non_jews	none	no	no
Khal-Hasidim_0098	Khal-Hasidim	supernatural	perception	supernatural:perception	none	no	no
Khal-Hasidim_0099	Khal-Hasidim	ethics-and-emotions	awe	ethics-and-emotions:awe	none	no	no
Khal-Hasidim_0099	Khal-Hasidim	ethics-and-emotions	fear	ethics-and-emotions:fear	none	no	no
Khal-Hasidim_0099	Khal-Hasidim	ethics-and-emotions	prohibitions	ethics-and-emotions:prohibitions	none	no	no
Khal-Hasidim_0099	Khal-Hasidim	experience	revelation	experience:revelation	none	no	no
Khal-Hasidim_0099	Khal-Hasidim	folkloristics	story_type_prognostication	folkloristics:story_type_prognostication	none	no	no
Khal-Hasidim_0099	Khal-Hasidim	folkloristics	story_type_rapprochement	folkloristics:story_type_rapprochement	none	no	no
Khal-Hasidim_0099	Khal-Hasidim	practice	halakhah	practice:halakhah	none	no	no
Khal-Hasidim_0099	Khal-Hasidim	social	conflict	social:conflict	none	no	no
Khal-Hasidim_0099	Khal-Hasidim	social	relations_with_non_hasidim	social:relations_with_non_hasidim	none	no	no
Khal-Hasidim_0099	Khal-Hasidim	social	retrospective_recognition	social:retrospective_recognition	none	no	no
Khal-Hasidim_0099	Khal-Hasidim	supernatural	perception	supernatural:perception	none	no	no
Khal-Hasidim_0099	Khal-Hasidim	supernatural	prognostication	supernatural:prognostication	none	no	no
Khal-Hasidim_0100	Khal-Hasidim	characters-and-roles	the_family_of_the_tsaddik	characters-and-roles:the_family_of_the_tsaddik	major	yes	yes
Khal-Hasidim_0100	Khal-Hasidim	practice	dance	practice:dance	major	yes	yes
Khal-Hasidim_0100	Khal-Hasidim	supernatural	pregnancy	supernatural:pregnancy	major	yes	yes
Khal-Hasidim_0100	Khal-Hasidim	times	birth	times:birth	major	yes	yes
Khal-Hasidim_0100	Khal-Hasidim	times	holidays	times:holidays	major	yes	yes
Khal-Hasidim_0101	Khal-Hasidim	characters-and-roles	demons	characters-and-roles:demons	mention_only	yes	no
Khal-Hasidim_0101	Khal-Hasidim	ethics-and-emotions	sadness	ethics-and-emotions:sadness	mention_only	yes	no
Khal-Hasidim_0101	Khal-Hasidim	experience	revelation	experience:revelation	mention_only	yes	no
Khal-Hasidim_0101	Khal-Hasidim	folkloristics	story_type_prognostication	folkloristics:story_type_prognostication	mention_only	yes	no
Khal-Hasidim_0101	Khal-Hasidim	practice	lifesaving	practice:lifesaving	mention_only	yes	no
Khal-Hasidim_0101	Khal-Hasidim	supernatural	pregnancy	supernatural:pregnancy	mention_only	yes	no
Khal-Hasidim_0101	Khal-Hasidim	supernatural	prognostication	supernatural:prognostication	mention_only	yes	no
Khal-Hasidim_0102	Khal-Hasidim	characters-and-roles	hidden_righteous	characters-and-roles:hidden_righteous	mention_only	yes	no
Khal-Hasidim_0102	Khal-Hasidim	ethics-and-emotions	punishment	ethics-and-emotions:punishment	mention_only	yes	no
Khal-Hasidim_0102	Khal-Hasidim	experience	revelation	experience:revelation	mention_only	yes	no
Khal-Hasidim_0102	Khal-Hasidim	folkloristics	story_type_prognostication	folkloristics:story_type_prognostication	mention_only	yes	no
Khal-Hasidim_0102	Khal-Hasidim	folkloristics	story_type_rapprochement	folkloristics:story_type_rapprochement	mention_only	yes	no
Khal-Hasidim_0102	Khal-Hasidim	practice	business_advice	practice:business_advice	mention_only	yes	no
Khal-Hasidim_0102	Khal-Hasidim	practice	healing	practice:healing	mention_only	yes	no
Khal-Hasidim_0102	Khal-Hasidim	social	disobedience	social:disobedience	mention_only	yes	no
Khal-Hasidim_0102	Khal-Hasidim	social	relations_with_non_hasidim	social:relations_with_non_hasidim	mention_only	yes	no
Khal-Hasidim_0102	Khal-Hasidim	social	relations_with_non_jews	social:relations_with_non_jews	mention_only	yes	no
Khal-Hasidim_0102	Khal-Hasidim	social	retrospective_recognition	social:retrospective_recognition	mention_only	yes	no
Khal-Hasidim_0102	Khal-Hasidim	supernatural	miracle	supernatural:miracle	mention_only	yes	no
Khal-Hasidim_0102	Khal-Hasidim	supernatural	perception	supernatural:perception	mention_only	yes	no
Khal-Hasidim_0102	Khal-Hasidim	supernatural	pregnancy	supernatural:pregnancy	mention_only	yes	no
Khal-Hasidim_0102	Khal-Hasidim	supernatural	prognostication	supernatural:prognostication	mention_only	yes	no
Khal-Hasidim_0102	Khal-Hasidim	times	birth	times:birth	mention_only	yes	no
Khal-Hasidim_0102	Khal-Hasidim	times	shabbat	times:shabbat	mention_only	yes	no
Khal-Hasidim_0103	Khal-Hasidim	folkloristics	story_type_rapprochement	folkloristics:story_type_rapprochement	minor	yes	yes
Khal-Hasidim_0103	Khal-Hasidim	practice	healing	practice:healing	minor	yes	yes
Khal-Hasidim_0103	Khal-Hasidim	practice	lifesaving	practice:lifesaving	minor	yes	yes
Khal-Hasidim_0103	Khal-Hasidim	practice	prayer	practice:prayer	minor	yes	yes
Khal-Hasidim_0103	Khal-Hasidim	practice	study	practice:study	minor	yes	yes
Khal-Hasidim_0103	Khal-Hasidim	social	conflict	social:conflict	minor	yes	yes
Khal-Hasidim_0103	Khal-Hasidim	social	relations_with_non_hasidim	social:relations_with_non_hasidim	minor	yes	yes
Khal-Hasidim_0103	Khal-Hasidim	times	shabbat	times:shabbat	minor	yes	yes
Khal-Hasidim_0104	Khal-Hasidim	ethics-and-emotions	humility	ethics-and-emotions:humility	none	no	no
Khal-Hasidim_0104	Khal-Hasidim	ethics-and-emotions	pride	ethics-and-emotions:pride	none	no	no
Khal-Hasidim_0104	Khal-Hasidim	social	inter_hasidic_master_disciple_relationship	social:inter_hasidic_master_disciple_relationship	none	no	no
Khal-Hasidim_0104	Khal-Hasidim	supernatural	perception	supernatural:perception	none	no	no
Khal-Hasidim_0105	Khal-Hasidim	experience	journey_to_heaven	experience:journey_to_heaven	mention_only	yes	no
Khal-Hasidim_0105	Khal-Hasidim	knowledge	practical_kabbalah	knowledge:practical_kabbalah	mention_only	yes	no
Khal-Hasidim_0105	Khal-Hasidim	practice	reception_of_hasidim	practice:reception_of_hasidim	mention_only	yes	no
Khal-Hasidim_0105	Khal-Hasidim	practice	sexual_abstinence	practice:sexual_abstinence	mention_only	yes	no
Khal-Hasidim_0105	Khal-Hasidim	social	inter_hasidic	social:inter_hasidic	mention_only	yes	no
Khal-Hasidim_0105	Khal-Hasidim	social	inter_hasidic_master_disciple_relationship	social:inter_hasidic_master_disciple_relationship	mention_only	yes	no
Khal-Hasidim_0105	Khal-Hasidim	social	marital_relationship	social:marital_relationship	mention_only	yes	no
Khal-Hasidim_0105	Khal-Hasidim	spaces	heaven	spaces:heaven	mention_only	yes	no
Khal-Hasidim_0105	Khal-Hasidim	supernatural	communicating_with_the_invisible	supernatural:communicating_with_the_invisible	mention_only	yes	no
Khal-Hasidim_0105	Khal-Hasidim	supernatural	perception	supernatural:perception	mention_only	yes	no
Khal-Hasidim_0106	Khal-Hasidim	knowledge	esoteric	knowledge:esoteric	none	no	no
Khal-Hasidim_0106	Khal-Hasidim	social	inter_hasidic_master_disciple_relationship	social:inter_hasidic_master_disciple_relationship	none	no	no
Khal-Hasidim_0106	Khal-Hasidim	social	relations_with_non_hasidim	social:relations_with_non_hasidim	none	no	no
Khal-Hasidim_0106	Khal-Hasidim	social	retrospective_recognition	social:retrospective_recognition	none	no	no
Khal-Hasidim_0106	Khal-Hasidim	supernatural	perception	supernatural:perception	none	no	no
Khal-Hasidim_0106	Khal-Hasidim	supernatural	reincarnation	supernatural:reincarnation	none	no	no
Khal-Hasidim_0107	Khal-Hasidim	ethics-and-emotions	joy	ethics-and-emotions:joy	none	no	no
Khal-Hasidim_0107	Khal-Hasidim	ethics-and-emotions	shame	ethics-and-emotions:shame	none	no	no
Khal-Hasidim_0107	Khal-Hasidim	social	inter_hasidic_master_disciple_relationship	social:inter_hasidic_master_disciple_relationship	none	no	no
Khal-Hasidim_0107	Khal-Hasidim	supernatural	magic	supernatural:magic	none	no	no
Khal-Hasidim_0107	Khal-Hasidim	supernatural	perception	supernatural:perception	none	no	no
Khal-Hasidim_0107	Khal-Hasidim	times	shabbat	times:shabbat	none	no	no
Khal-Hasidim_0108	Khal-Hasidim	practice	storytelling	practice:storytelling	none	no	no
Khal-Hasidim_0108	Khal-Hasidim	social	conflict	social:conflict	none	no	no
Khal-Hasidim_0108	Khal-Hasidim	social	inter_hasidic_master_disciple_relationship	social:inter_hasidic_master_disciple_relationship	none	no	no
Khal-Hasidim_0108	Khal-Hasidim	social	relations_with_non_hasidim	social:relations_with_non_hasidim	none	no	no
Khal-Hasidim_0109	Khal-Hasidim	ethics-and-emotions	anger	ethics-and-emotions:anger	minor	yes	yes
Khal-Hasidim_0109	Khal-Hasidim	ethics-and-emotions	punishment	ethics-and-emotions:punishment	minor	yes	yes
Khal-Hasidim_0109	Khal-Hasidim	knowledge	esoteric	knowledge:esoteric	minor	yes	yes
Khal-Hasidim_0109	Khal-Hasidim	practice	healing	practice:healing	minor	yes	yes
Khal-Hasidim_0109	Khal-Hasidim	practice	use_of_holy_names	practice:use_of_holy_names	minor	yes	yes
Khal-Hasidim_0109	Khal-Hasidim	social	conflict	social:conflict	minor	yes	yes
Khal-Hasidim_0109	Khal-Hasidim	social	relations_with_non_hasidim	social:relations_with_non_hasidim	minor	yes	yes
Khal-Hasidim_0110	Khal-Hasidim	ethics-and-emotions	pride	ethics-and-emotions:pride	catalyst	yes	yes
Khal-Hasidim_0110	Khal-Hasidim	ethics-and-emotions	punishment	ethics-and-emotions:punishment	catalyst	yes	yes
Khal-Hasidim_0110	Khal-Hasidim	folkloristics	story_type_protection	folkloristics:story_type_protection	catalyst	yes	yes
Khal-Hasidim_0110	Khal-Hasidim	practice	healing	practice:healing	catalyst	yes	yes
Khal-Hasidim_0110	Khal-Hasidim	social	conflict	social:conflict	catalyst	yes	yes
Khal-Hasidim_0110	Khal-Hasidim	social	relations_with_non_jews	social:relations_with_non_jews	catalyst	yes	yes
Khal-Hasidim_0110	Khal-Hasidim	social	relations_with_the_authorities	social:relations_with_the_authorities	catalyst	yes	yes
Khal-Hasidim_0110	Khal-Hasidim	supernatural	magic	supernatural:magic	catalyst	yes	yes
Khal-Hasidim_0110	Khal-Hasidim	supernatural	miracle	supernatural:miracle	catalyst	yes	yes
Khal-Hasidim_0110	Khal-Hasidim	supernatural	perception	supernatural:perception	catalyst	yes	yes
Khal-Hasidim_0110	Khal-Hasidim	supernatural	prognostication	supernatural:prognostication	catalyst	yes	yes
Khal-Hasidim_0111	Khal-Hasidim	ethics-and-emotions	anger	ethics-and-emotions:anger	minor	yes	yes
Khal-Hasidim_0111	Khal-Hasidim	ethics-and-emotions	lying	ethics-and-emotions:lying	minor	yes	yes
Khal-Hasidim_0111	Khal-Hasidim	ethics-and-emotions	prohibitions	ethics-and-emotions:prohibitions	minor	yes	yes
Khal-Hasidim_0111	Khal-Hasidim	ethics-and-emotions	punishment	ethics-and-emotions:punishment	minor	yes	yes
Khal-Hasidim_0111	Khal-Hasidim	ethics-and-emotions	repentance	ethics-and-emotions:repentance	minor	yes	yes
Khal-Hasidim_0111	Khal-Hasidim	experience	revelation	experience:revelation	minor	yes	yes
Khal-Hasidim_0111	Khal-Hasidim	folkloristics	story_type_prognostication	folkloristics:story_type_prognostication	minor	yes	yes
Khal-Hasidim_0111	Khal-Hasidim	practice	fasting	practice:fasting	minor	yes	yes
Khal-Hasidim_0111	Khal-Hasidim	social	disobedience	social:disobedience	minor	yes	yes
Khal-Hasidim_0111	Khal-Hasidim	social	retrospective_recognition	social:retrospective_recognition	minor	yes	yes
Khal-Hasidim_0111	Khal-Hasidim	supernatural	communicating_with_the_invisible	supernatural:communicating_with_the_invisible	minor	yes	yes
Khal-Hasidim_0111	Khal-Hasidim	supernatural	perception	supernatural:perception	minor	yes	yes
Khal-Hasidim_0111	Khal-Hasidim	supernatural	prognostication	supernatural:prognostication	minor	yes	yes
Khal-Hasidim_0111	Khal-Hasidim	times	death	times:death	minor	yes	yes
Khal-Hasidim_0112	Khal-Hasidim	ethics-and-emotions	charity	ethics-and-emotions:charity	catalyst	yes	yes
Khal-Hasidim_0112	Khal-Hasidim	ethics-and-emotions	virtues	ethics-and-emotions:virtues	catalyst	yes	yes
Khal-Hasidim_0112	Khal-Hasidim	practice	sermon	practice:sermon	catalyst	yes	yes
Khal-Hasidim_0112	Khal-Hasidim	supernatural	perception	supernatural:perception	catalyst	yes	yes
Khal-Hasidim_0112	Khal-Hasidim	supernatural	prognostication	supernatural:prognostication	catalyst	yes	yes
Khal-Hasidim_0113	Khal-Hasidim	folkloristics	story_type_protection	folkloristics:story_type_protection	none	no	no
Khal-Hasidim_0113	Khal-Hasidim	practice	protection	practice:protection	none	no	no
Khal-Hasidim_0113	Khal-Hasidim	social	relations_with_non_jews	social:relations_with_non_jews	none	no	no
Khal-Hasidim_0113	Khal-Hasidim	supernatural	perception	supernatural:perception	none	no	no
Khal-Hasidim_0113	Khal-Hasidim	times	holidays	times:holidays	none	no	no
Khal-Hasidim_0114	Khal-Hasidim	practice	prayer	practice:prayer	none	no	no
Khal-Hasidim_0114	Khal-Hasidim	practice	protection	practice:protection	none	no	no
Khal-Hasidim_0114	Khal-Hasidim	social	relations_with_non_jews	social:relations_with_non_jews	none	no	no
Khal-Hasidim_0114	Khal-Hasidim	supernatural	perception	supernatural:perception	none	no	no
Khal-Hasidim_0115	Khal-Hasidim	ethics-and-emotions	charity	ethics-and-emotions:charity	catalyst	yes	yes
Khal-Hasidim_0115	Khal-Hasidim	ethics-and-emotions	prohibitions	ethics-and-emotions:prohibitions	catalyst	yes	yes
Khal-Hasidim_0115	Khal-Hasidim	ethics-and-emotions	punishment	ethics-and-emotions:punishment	catalyst	yes	yes
Khal-Hasidim_0115	Khal-Hasidim	ethics-and-emotions	repentance	ethics-and-emotions:repentance	catalyst	yes	yes
Khal-Hasidim_0115	Khal-Hasidim	experience	revelation	experience:revelation	catalyst	yes	yes
Khal-Hasidim_0115	Khal-Hasidim	folkloristics	story_type_rapprochement	folkloristics:story_type_rapprochement	catalyst	yes	yes
Khal-Hasidim_0115	Khal-Hasidim	knowledge	esoteric	knowledge:esoteric	catalyst	yes	yes
Khal-Hasidim_0115	Khal-Hasidim	practice	pidyon_nefesh	practice:pidyon_nefesh	catalyst	yes	yes
Khal-Hasidim_0115	Khal-Hasidim	practice	recitation_of_psalms	practice:recitation_of_psalms	catalyst	yes	yes
Khal-Hasidim_0115	Khal-Hasidim	practice	releasing_agunot	practice:releasing_agunot	catalyst	yes	yes
Khal-Hasidim_0115	Khal-Hasidim	practice	storytelling	practice:storytelling	catalyst	yes	yes
Khal-Hasidim_0115	Khal-Hasidim	practice	travel_to_the_tsaddik	practice:travel_to_the_tsaddik	catalyst	yes	yes
Khal-Hasidim_0115	Khal-Hasidim	social	retrospective_recognition	social:retrospective_recognition	catalyst	yes	yes
Khal-Hasidim_0115	Khal-Hasidim	supernatural	perception	supernatural:perception	catalyst	yes	yes
Khal-Hasidim_0115	Khal-Hasidim	supernatural	prognostication	supernatural:prognostication	catalyst	yes	yes
Khal-Hasidim_0115	Khal-Hasidim	supernatural	reincarnation	supernatural:reincarnation	catalyst	yes	yes
Khal-Hasidim_0115	Khal-Hasidim	times	death	times:death	catalyst	yes	yes
Khal-Hasidim_0116	Khal-Hasidim	ethics-and-emotions	awe	ethics-and-emotions:awe	none	no	no
Khal-Hasidim_0116	Khal-Hasidim	ethics-and-emotions	fear	ethics-and-emotions:fear	none	no	no
Khal-Hasidim_0116	Khal-Hasidim	experience	enthusiasm	experience:enthusiasm	none	no	no
Khal-Hasidim_0116	Khal-Hasidim	experience	revelation	experience:revelation	none	no	no
Khal-Hasidim_0116	Khal-Hasidim	experience	visions	experience:visions	none	no	no
Khal-Hasidim_0116	Khal-Hasidim	folkloristics	story_type_virtues	folkloristics:story_type_virtues	none	no	no
Khal-Hasidim_0116	Khal-Hasidim	kabbalah		kabbalah	none	no	no
Khal-Hasidim_0116	Khal-Hasidim	kabbalah	kabbalistic_terms_kavvanot	kabbalah:kabbalistic_terms_kavvanot	none	no	no
Khal-Hasidim_0116	Khal-Hasidim	kabbalah	kabbalistic_terms_yihudim	kabbalah:kabbalistic_terms_yihudim	none	no	no
Khal-Hasidim_0116	Khal-Hasidim	knowledge	esoteric	knowledge:esoteric	none	no	no
Khal-Hasidim_0116	Khal-Hasidim	practice	meditation	practice:meditation	none	no	no
Khal-Hasidim_0116	Khal-Hasidim	practice	use_of_holy_names	practice:use_of_holy_names	none	no	no
Khal-Hasidim_0116	Khal-Hasidim	social	inter_hasidic_master_disciple_relationship	social:inter_hasidic_master_disciple_relationship	none	no	no
Khal-Hasidim_0116	Khal-Hasidim	supernatural	light_or_fire_as_a_sign_of_righteousness	supernatural:light_or_fire_as_a_sign_of_righteousness	none	no	no
Khal-Hasidim_0116	Khal-Hasidim	supernatural	perception	supernatural:perception	none	no	no
Khal-Hasidim_0117	Khal-Hasidim	ethics-and-emotions	adultery	ethics-and-emotions:adultery	major	yes	yes
Khal-Hasidim_0117	Khal-Hasidim	ethics-and-emotions	anger	ethics-and-emotions:anger	major	yes	yes
Khal-Hasidim_0117	Khal-Hasidim	ethics-and-emotions	lust	ethics-and-emotions:lust	major	yes	yes
Khal-Hasidim_0117	Khal-Hasidim	ethics-and-emotions	lying	ethics-and-emotions:lying	major	yes	yes
Khal-Hasidim_0117	Khal-Hasidim	ethics-and-emotions	prohibitions	ethics-and-emotions:prohibitions	major	yes	yes
Khal-Hasidim_0117	Khal-Hasidim	ethics-and-emotions	repentance	ethics-and-emotions:repentance	major	yes	yes
Khal-Hasidim_0117	Khal-Hasidim	ethics-and-emotions	virtues	ethics-and-emotions:virtues	major	yes	yes
Khal-Hasidim_0117	Khal-Hasidim	experience	dream	experience:dream	major	yes	yes
Khal-Hasidim_0117	Khal-Hasidim	experience	revelation	experience:revelation	major	yes	yes
Khal-Hasidim_0117	Khal-Hasidim	folkloristics	story_type_protection	folkloristics:story_type_protection	major	yes	yes
Khal-Hasidim_0117	Khal-Hasidim	folkloristics	story_type_virtues	folkloristics:story_type_virtues	major	yes	yes
Khal-Hasidim_0117	Khal-Hasidim	knowledge	practical_kabbalah	knowledge:practical_kabbalah	major	yes	yes
Khal-Hasidim_0117	Khal-Hasidim	practice	pidyon_nefesh	practice:pidyon_nefesh	major	yes	yes
Khal-Hasidim_0117	Khal-Hasidim	practice	smoking	practice:smoking	major	yes	yes
Khal-Hasidim_0117	Khal-Hasidim	social	conflict	social:conflict	major	yes	yes
Khal-Hasidim_0117	Khal-Hasidim	social	converts_and_conversion	social:converts_and_conversion	major	yes	yes
Khal-Hasidim_0117	Khal-Hasidim	social	marriage	social:marriage	major	yes	yes
Khal-Hasidim_0117	Khal-Hasidim	social	relations_with_non_jews	social:relations_with_non_jews	major	yes	yes
Khal-Hasidim_0117	Khal-Hasidim	social	relations_with_sinners	social:relations_with_sinners	major	yes	yes
Khal-Hasidim_0117	Khal-Hasidim	social	retrospective_recognition	social:retrospective_recognition	major	yes	yes
Khal-Hasidim_0117	Khal-Hasidim	supernatural	communicating_with_the_invisible	supernatural:communicating_with_the_invisible	major	yes	yes
Khal-Hasidim_0117	Khal-Hasidim	supernatural	contraction_of_the_road	supernatural:contraction_of_the_road	major	yes	yes
Khal-Hasidim_0117	Khal-Hasidim	supernatural	miracle	supernatural:miracle	major	yes	yes
Khal-Hasidim_0117	Khal-Hasidim	supernatural	perception	supernatural:perception	major	yes	yes
Khal-Hasidim_0117	Khal-Hasidim	supernatural	prognostication	supernatural:prognostication	major	yes	yes
Khal-Hasidim_0118	Khal-Hasidim	ethics-and-emotions	awe	ethics-and-emotions:awe	none	no	no
Khal-Hasidim_0118	Khal-Hasidim	ethics-and-emotions	lying	ethics-and-emotions:lying	none	no	no
Khal-Hasidim_0118	Khal-Hasidim	ethics-and-emotions	pride	ethics-and-emotions:pride	none	no	no
Khal-Hasidim_0118	Khal-Hasidim	ethics-and-emotions	virtues	ethics-and-emotions:virtues	none	no	no
Khal-Hasidim_0118	Khal-Hasidim	experience	revelation	experience:revelation	none	no	no
Khal-Hasidim_0118	Khal-Hasidim	folkloristics	story_type_rapprochement	folkloristics:story_type_rapprochement	none	no	no
Khal-Hasidim_0118	Khal-Hasidim	folkloristics	story_type_revelation	folkloristics:story_type_revelation	none	no	no
Khal-Hasidim_0118	Khal-Hasidim	folkloristics	story_type_virtues	folkloristics:story_type_virtues	none	no	no
Khal-Hasidim_0118	Khal-Hasidim	kabbalah	kabbalistic_terms_kavvanot	kabbalah:kabbalistic_terms_kavvanot	none	no	no
Khal-Hasidim_0118	Khal-Hasidim	kabbalah	kabbalistic_terms_yihudim	kabbalah:kabbalistic_terms_yihudim	none	no	no
Khal-Hasidim_0118	Khal-Hasidim	knowledge	esoteric	knowledge:esoteric	none	no	no
Khal-Hasidim_0118	Khal-Hasidim	practice	asceticism	practice:asceticism	none	no	no
Khal-Hasidim_0118	Khal-Hasidim	practice	coping_with_alien_thoughts	practice:coping_with_alien_thoughts	none	no	no
Khal-Hasidim_0118	Khal-Hasidim	practice	fasting	practice:fasting	none	no	no
Khal-Hasidim_0118	Khal-Hasidim	practice	prayer	practice:prayer	none	no	no
Khal-Hasidim_0118	Khal-Hasidim	social	inter_hasidic_master_disciple_relationship	social:inter_hasidic_master_disciple_relationship	none	no	no
Khal-Hasidim_0118	Khal-Hasidim	social	relations_with_non_hasidim	social:relations_with_non_hasidim	none	no	no
Khal-Hasidim_0118	Khal-Hasidim	social	retrospective_recognition	social:retrospective_recognition	none	no	no
Khal-Hasidim_0118	Khal-Hasidim	supernatural	perception	supernatural:perception	none	no	no
Khal-Hasidim_0118	Khal-Hasidim	supernatural	prognostication	supernatural:prognostication	none	no	no
Khal-Hasidim_0119	Khal-Hasidim	ethics-and-emotions	anger	ethics-and-emotions:anger	mention_only	yes	no
Khal-Hasidim_0119	Khal-Hasidim	practice	circumcision	practice:circumcision	mention_only	yes	no
Khal-Hasidim_0119	Khal-Hasidim	practice	healing	practice:healing	mention_only	yes	no
Khal-Hasidim_0119	Khal-Hasidim	practice	lifesaving	practice:lifesaving	mention_only	yes	no
Khal-Hasidim_0119	Khal-Hasidim	supernatural	magic	supernatural:magic	mention_only	yes	no
Khal-Hasidim_0119	Khal-Hasidim	supernatural	miracle	supernatural:miracle	mention_only	yes	no
Khal-Hasidim_0119	Khal-Hasidim	supernatural	pregnancy	supernatural:pregnancy	mention_only	yes	no
Khal-Hasidim_0119	Khal-Hasidim	supernatural	prognostication	supernatural:prognostication	mention_only	yes	no
Khal-Hasidim_0120	Khal-Hasidim	ethics-and-emotions	lust	ethics-and-emotions:lust	mention_only	yes	no
Khal-Hasidim_0120	Khal-Hasidim	ethics-and-emotions	prohibitions	ethics-and-emotions:prohibitions	mention_only	yes	no
Khal-Hasidim_0120	Khal-Hasidim	experience	revelation	experience:revelation	mention_only	yes	no
Khal-Hasidim_0120	Khal-Hasidim	folkloristics	story_type_protection	folkloristics:story_type_protection	mention_only	yes	no
Khal-Hasidim_0120	Khal-Hasidim	knowledge	practical_kabbalah	knowledge:practical_kabbalah	mention_only	yes	no
Khal-Hasidim_0120	Khal-Hasidim	practice	prayer	practice:prayer	mention_only	yes	no
Khal-Hasidim_0120	Khal-Hasidim	practice	protection	practice:protection	mention_only	yes	no
Khal-Hasidim_0120	Khal-Hasidim	social	relations_with_non_jews	social:relations_with_non_jews	mention_only	yes	no
Khal-Hasidim_0120	Khal-Hasidim	spaces	beth_midrash	spaces:beth_midrash	mention_only	yes	no
Khal-Hasidim_0120	Khal-Hasidim	supernatural	miracle	supernatural:miracle	mention_only	yes	no
Khal-Hasidim_0120	Khal-Hasidim	supernatural	perception	supernatural:perception	mention_only	yes	no
Khal-Hasidim_0120	Khal-Hasidim	times	holidays	times:holidays	mention_only	yes	no
Khal-Hasidim_0121	Khal-Hasidim	ethics-and-emotions	shame	ethics-and-emotions:shame	minor	yes	yes
Khal-Hasidim_0121	Khal-Hasidim	knowledge	esoteric	knowledge:esoteric	minor	yes	yes
Khal-Hasidim_0121	Khal-Hasidim	practice	healing	practice:healing	minor	yes	yes
Khal-Hasidim_0121	Khal-Hasidim	social	competition	social:competition	minor	yes	yes
Khal-Hasidim_0121	Khal-Hasidim	social	conflict	social:conflict	minor	yes	yes
Khal-Hasidim_0121	Khal-Hasidim	social	relations_with_non_jews	social:relations_with_non_jews	minor	yes	yes
Khal-Hasidim_0121	Khal-Hasidim	social	relations_with_the_authorities	social:relations_with_the_authorities	minor	yes	yes
Khal-Hasidim_0121	Khal-Hasidim	supernatural	perception	supernatural:perception	minor	yes	yes
Khal-Hasidim_0122	Khal-Hasidim	experience	dream	experience:dream	none	no	no
Khal-Hasidim_0122	Khal-Hasidim	experience	revelation	experience:revelation	none	no	no
Khal-Hasidim_0122	Khal-Hasidim	social	inter_hasidic_master_disciple_relationship	social:inter_hasidic_master_disciple_relationship	none	no	no
Khal-Hasidim_0122	Khal-Hasidim	supernatural	perception	supernatural:perception	none	no	no
Khal-Hasidim_0123	Khal-Hasidim	ethics-and-emotions	awe	ethics-and-emotions:awe	none	no	no
Khal-Hasidim_0123	Khal-Hasidim	ethics-and-emotions	fear	ethics-and-emotions:fear	none	no	no
Khal-Hasidim_0123	Khal-Hasidim	practice	drinking_alcohol	practice:drinking_alcohol	none	no	no
Khal-Hasidim_0123	Khal-Hasidim	supernatural	miracle	supernatural:miracle	none	no	no
Khal-Hasidim_0124	Khal-Hasidim	characters-and-roles	preacher	characters-and-roles:preacher	mention_only	yes	no
Khal-Hasidim_0124	Khal-Hasidim	characters-and-roles	ritual_slaughterer	characters-and-roles:ritual_slaughterer	mention_only	yes	no
Khal-Hasidim_0124	Khal-Hasidim	ethics-and-emotions	adultery	ethics-and-emotions:adultery	mention_only	yes	no
Khal-Hasidim_0124	Khal-Hasidim	ethics-and-emotions	anger	ethics-and-emotions:anger	mention_only	yes	no
Khal-Hasidim_0124	Khal-Hasidim	ethics-and-emotions	fear	ethics-and-emotions:fear	mention_only	yes	no
Khal-Hasidim_0124	Khal-Hasidim	ethics-and-emotions	prohibitions	ethics-and-emotions:prohibitions	mention_only	yes	no
Khal-Hasidim_0124	Khal-Hasidim	ethics-and-emotions	repentance	ethics-and-emotions:repentance	mention_only	yes	no
Khal-Hasidim_0124	Khal-Hasidim	practice	circumcision	practice:circumcision	mention_only	yes	no
Khal-Hasidim_0124	Khal-Hasidim	practice	ritual_slaughtering	practice:ritual_slaughtering	mention_only	yes	no
Khal-Hasidim_0124	Khal-Hasidim	practice	sermon	practice:sermon	mention_only	yes	no
Khal-Hasidim_0124	Khal-Hasidim	social	conflict	social:conflict	mention_only	yes	no
Khal-Hasidim_0124	Khal-Hasidim	social	relations_with_non_hasidim	social:relations_with_non_hasidim	mention_only	yes	no
Khal-Hasidim_0124	Khal-Hasidim	social	retrospective_recognition	social:retrospective_recognition	mention_only	yes	no
Khal-Hasidim_0124	Khal-Hasidim	supernatural	perception	supernatural:perception	mention_only	yes	no
Khal-Hasidim_0124	Khal-Hasidim	supernatural	pregnancy	supernatural:pregnancy	mention_only	yes	no
Khal-Hasidim_0125	Khal-Hasidim	characters-and-roles	demons	characters-and-roles:demons	minor	yes	yes
Khal-Hasidim_0125	Khal-Hasidim	characters-and-roles	ritual_slaughterer	characters-and-roles:ritual_slaughterer	minor	yes	yes
Khal-Hasidim_0125	Khal-Hasidim	ethics-and-emotions	prohibitions	ethics-and-emotions:prohibitions	minor	yes	yes
Khal-Hasidim_0125	Khal-Hasidim	ethics-and-emotions	repentance	ethics-and-emotions:repentance	minor	yes	yes
Khal-Hasidim_0125	Khal-Hasidim	practice	prayer	practice:prayer	minor	yes	yes
Khal-Hasidim_0125	Khal-Hasidim	practice	ritual_slaughtering	practice:ritual_slaughtering	minor	yes	yes
Khal-Hasidim_0125	Khal-Hasidim	supernatural	magic	supernatural:magic	minor	yes	yes
Khal-Hasidim_0125	Khal-Hasidim	supernatural	perception	supernatural:perception	minor	yes	yes
Khal-Hasidim_0125	Khal-Hasidim	times	shabbat	times:shabbat	minor	yes	yes
Khal-Hasidim_0126	Khal-Hasidim	characters-and-roles	the_family_of_the_tsaddik	characters-and-roles:the_family_of_the_tsaddik	catalyst	yes	yes
Khal-Hasidim_0126	Khal-Hasidim	ethics-and-emotions	charity	ethics-and-emotions:charity	catalyst	yes	yes
Khal-Hasidim_0126	Khal-Hasidim	ethics-and-emotions	joy	ethics-and-emotions:joy	catalyst	yes	yes
Khal-Hasidim_0126	Khal-Hasidim	ethics-and-emotions	lying	ethics-and-emotions:lying	catalyst	yes	yes
Khal-Hasidim_0126	Khal-Hasidim	ethics-and-emotions	prohibitions	ethics-and-emotions:prohibitions	catalyst	yes	yes
Khal-Hasidim_0126	Khal-Hasidim	ethics-and-emotions	punishment	ethics-and-emotions:punishment	catalyst	yes	yes
Khal-Hasidim_0126	Khal-Hasidim	ethics-and-emotions	repentance	ethics-and-emotions:repentance	catalyst	yes	yes
Khal-Hasidim_0126	Khal-Hasidim	ethics-and-emotions	virtues	ethics-and-emotions:virtues	catalyst	yes	yes
Khal-Hasidim_0126	Khal-Hasidim	experience	revelation	experience:revelation	catalyst	yes	yes
Khal-Hasidim_0126	Khal-Hasidim	folkloristics	story_type_prognostication	folkloristics:story_type_prognostication	catalyst	yes	yes
Khal-Hasidim_0126	Khal-Hasidim	practice	releasing_agunot	practice:releasing_agunot	catalyst	yes	yes
Khal-Hasidim_0126	Khal-Hasidim	practice	storytelling	practice:storytelling	catalyst	yes	yes
Khal-Hasidim_0126	Khal-Hasidim	practice	study	practice:study	catalyst	yes	yes
Khal-Hasidim_0126	Khal-Hasidim	social	converts_and_conversion	social:converts_and_conversion	catalyst	yes	yes
Khal-Hasidim_0126	Khal-Hasidim	social	inter_hasidic_master_disciple_relationship	social:inter_hasidic_master_disciple_relationship	catalyst	yes	yes
Khal-Hasidim_0126	Khal-Hasidim	social	marriage	social:marriage	catalyst	yes	yes
Khal-Hasidim_0126	Khal-Hasidim	supernatural	miracle	supernatural:miracle	catalyst	yes	yes
Khal-Hasidim_0126	Khal-Hasidim	supernatural	perception	supernatural:perception	catalyst	yes	yes
Khal-Hasidim_0126	Khal-Hasidim	supernatural	prognostication	supernatural:prognostication	catalyst	yes	yes
Khal-Hasidim_0126	Khal-Hasidim	times	death	times:death	catalyst	yes	yes
Khal-Hasidim_0127	Khal-Hasidim	characters-and-roles	the_family_of_the_tsaddik	characters-and-roles:the_family_of_the_tsaddik	mention_only	yes	no
Khal-Hasidim_0127	Khal-Hasidim	ethics-and-emotions	sadness	ethics-and-emotions:sadness	mention_only	yes	no
Khal-Hasidim_0127	Khal-Hasidim	folkloristics	story_type_death_of_the_tsaddik	folkloristics:story_type_death_of_the_tsaddik	mention_only	yes	no
Khal-Hasidim_0127	Khal-Hasidim	kabbalah	kabbalistic_terms_kavvanot	kabbalah:kabbalistic_terms_kavvanot	mention_only	yes	no
Khal-Hasidim_0127	Khal-Hasidim	knowledge	esoteric	knowledge:esoteric	mention_only	yes	no
Khal-Hasidim_0127	Khal-Hasidim	practice	asceticism	practice:asceticism	mention_only	yes	no
Khal-Hasidim_0127	Khal-Hasidim	practice	sexual_abstinence	practice:sexual_abstinence	mention_only	yes	no
Khal-Hasidim_0127	Khal-Hasidim	practice	study	practice:study	mention_only	yes	no
Khal-Hasidim_0127	Khal-Hasidim	practice	use_of_holy_names	practice:use_of_holy_names	mention_only	yes	no
Khal-Hasidim_0127	Khal-Hasidim	social	marital_relationship	social:marital_relationship	mention_only	yes	no
Khal-Hasidim_0127	Khal-Hasidim	supernatural	perception	supernatural:perception	mention_only	yes	no
Khal-Hasidim_0127	Khal-Hasidim	supernatural	pregnancy	supernatural:pregnancy	mention_only	yes	no
Khal-Hasidim_0127	Khal-Hasidim	times	death	times:death	mention_only	yes	no
Khal-Hasidim_0128	Khal-Hasidim	characters-and-roles	angels	characters-and-roles:angels	minor	yes	yes
Khal-Hasidim_0128	Khal-Hasidim	experience	revelation	experience:revelation	minor	yes	yes
Khal-Hasidim_0128	Khal-Hasidim	experience	visions	experience:visions	minor	yes	yes
Khal-Hasidim_0128	Khal-Hasidim	folkloristics	story_type_death_of_the_tsaddik	folkloristics:story_type_death_of_the_tsaddik	minor	yes	yes
Khal-Hasidim_0128	Khal-Hasidim	folkloristics	story_type_prognostication	folkloristics:story_type_prognostication	minor	yes	yes
Khal-Hasidim_0128	Khal-Hasidim	kabbalah	kabbalistic_terms_kavvanot	kabbalah:kabbalistic_terms_kavvanot	minor	yes	yes
Khal-Hasidim_0128	Khal-Hasidim	knowledge	esoteric	knowledge:esoteric	minor	yes	yes
Khal-Hasidim_0128	Khal-Hasidim	practice	meditation	practice:meditation	minor	yes	yes
Khal-Hasidim_0128	Khal-Hasidim	practice	prayer	practice:prayer	minor	yes	yes
Khal-Hasidim_0128	Khal-Hasidim	practice	sermon	practice:sermon	minor	yes	yes
Khal-Hasidim_0128	Khal-Hasidim	practice	study	practice:study	minor	yes	yes
Khal-Hasidim_0128	Khal-Hasidim	social	inter_hasidic_master_disciple_relationship	social:inter_hasidic_master_disciple_relationship	minor	yes	yes
Khal-Hasidim_0128	Khal-Hasidim	spaces	beth_midrash	spaces:beth_midrash	minor	yes	yes
Khal-Hasidim_0128	Khal-Hasidim	supernatural	communicating_with_the_invisible	supernatural:communicating_with_the_invisible	minor	yes	yes
Khal-Hasidim_0128	Khal-Hasidim	supernatural	light_or_fire_as_a_sign_of_righteousness	supernatural:light_or_fire_as_a_sign_of_righteousness	minor	yes	yes
Khal-Hasidim_0128	Khal-Hasidim	supernatural	perception	supernatural:perception	minor	yes	yes
Khal-Hasidim_0128	Khal-Hasidim	supernatural	prognostication	supernatural:prognostication	minor	yes	yes
Khal-Hasidim_0128	Khal-Hasidim	times	death	times:death	minor	yes	yes
Khal-Hasidim_0128	Khal-Hasidim	times	historical_event	times:historical_event	minor	yes	yes
Khal-Hasidim_0128	Khal-Hasidim	times	holidays	times:holidays	minor	yes	yes
Khal-Hasidim_0129	Khal-Hasidim	characters-and-roles	preacher	characters-and-roles:preacher	minor	yes	yes
Khal-Hasidim_0129	Khal-Hasidim	ethics-and-emotions	joy	ethics-and-emotions:joy	minor	yes	yes
Khal-Hasidim_0129	Khal-Hasidim	ethics-and-emotions	prohibitions	ethics-and-emotions:prohibitions	minor	yes	yes
Khal-Hasidim_0129	Khal-Hasidim	ethics-and-emotions	sadness	ethics-and-emotions:sadness	minor	yes	yes
Khal-Hasidim_0129	Khal-Hasidim	experience	devekut	experience:devekut	minor	yes	yes
Khal-Hasidim_0129	Khal-Hasidim	folkloristics	story_type_virtues	folkloristics:story_type_virtues	minor	yes	yes
Khal-Hasidim_0129	Khal-Hasidim	practice	asceticism	practice:asceticism	minor	yes	yes
Khal-Hasidim_0129	Khal-Hasidim	practice	devekut	practice:devekut	minor	yes	yes
Khal-Hasidim_0129	Khal-Hasidim	practice	fasting	practice:fasting	minor	yes	yes
Khal-Hasidim_0129	Khal-Hasidim	social	inter_hasidic_master_disciple_relationship	social:inter_hasidic_master_disciple_relationship	minor	yes	yes
Khal-Hasidim_0129	Khal-Hasidim	supernatural	perception	supernatural:perception	minor	yes	yes
Khal-Hasidim_0130	Khal-Hasidim	ethics-and-emotions	anger	ethics-and-emotions:anger	none	no	no
Khal-Hasidim_0130	Khal-Hasidim	ethics-and-emotions	punishment	ethics-and-emotions:punishment	none	no	no
Khal-Hasidim_0130	Khal-Hasidim	practice	prayer	practice:prayer	none	no	no
Khal-Hasidim_0130	Khal-Hasidim	practice	protection	practice:protection	none	no	no
Khal-Hasidim_0130	Khal-Hasidim	social	inter_hasidic_master_disciple_relationship	social:inter_hasidic_master_disciple_relationship	none	no	no
Khal-Hasidim_0130	Khal-Hasidim	social	relations_with_non_hasidim	social:relations_with_non_hasidim	none	no	no
Khal-Hasidim_0130	Khal-Hasidim	spaces	the_land_of_israel	spaces:the_land_of_israel	none	no	no
Khal-Hasidim_0130	Khal-Hasidim	supernatural	perception	supernatural:perception	none	no	no
Khal-Hasidim_0130	Khal-Hasidim	supernatural	prognostication	supernatural:prognostication	none	no	no
Khal-Hasidim_0130	Khal-Hasidim	times	historical_event	times:historical_event	none	no	no
Khal-Hasidim_0130	Khal-Hasidim	times	shabbat	times:shabbat	none	no	no
Khal-Hasidim_0131	Khal-Hasidim	ethics-and-emotions	anger	ethics-and-emotions:anger	none	no	no
Khal-Hasidim_0131	Khal-Hasidim	practice	prayer	practice:prayer	none	no	no
Khal-Hasidim_0131	Khal-Hasidim	practice	protection	practice:protection	none	no	no
Khal-Hasidim_0131	Khal-Hasidim	practice	recitation_of_psalms	practice:recitation_of_psalms	none	no	no
Khal-Hasidim_0131	Khal-Hasidim	practice	tefillin	practice:tefillin	none	no	no
Khal-Hasidim_0131	Khal-Hasidim	social	relations_with_non_jews	social:relations_with_non_jews	none	no	no
Khal-Hasidim_0131	Khal-Hasidim	spaces	beth_midrash	spaces:beth_midrash	none	no	no
Khal-Hasidim_0131	Khal-Hasidim	supernatural	miracle	supernatural:miracle	none	no	no
Khal-Hasidim_0131	Khal-Hasidim	supernatural	prognostication	supernatural:prognostication	none	no	no
Khal-Hasidim_0131	Khal-Hasidim	times	historical_event	times:historical_event	none	no	no
Khal-Hasidim_0132	Khal-Hasidim	ethics-and-emotions	charity	ethics-and-emotions:charity	none	no	no
Khal-Hasidim_0132	Khal-Hasidim	practice	prayer	practice:prayer	none	no	no
Khal-Hasidim_0132	Khal-Hasidim	practice	study	practice:study	none	no	no
Khal-Hasidim_0132	Khal-Hasidim	social	poverty	social:poverty	none	no	no
Khal-Hasidim_0133	Khal-Hasidim	practice	prayer	practice:prayer	none	no	no
Khal-Hasidim_0133	Khal-Hasidim	practice	study	practice:study	none	no	no
Khal-Hasidim_0134	Khal-Hasidim	characters-and-roles	elijah_the_prophet	characters-and-roles:elijah_the_prophet	none	no	no
Khal-Hasidim_0134	Khal-Hasidim	ethics-and-emotions	prohibitions	ethics-and-emotions:prohibitions	none	no	no
Khal-Hasidim_0134	Khal-Hasidim	experience	revelation	experience:revelation	none	no	no
Khal-Hasidim_0134	Khal-Hasidim	folkloristics	story_type_revelation	folkloristics:story_type_revelation	none	no	no
Khal-Hasidim_0134	Khal-Hasidim	practice	protection	practice:protection	none	no	no
Khal-Hasidim_0134	Khal-Hasidim	practice	tvilah	practice:tvilah	none	no	no
Khal-Hasidim_0134	Khal-Hasidim	supernatural	miracle	supernatural:miracle	none	no	no
Khal-Hasidim_0135	Khal-Hasidim	ethics-and-emotions	anger	ethics-and-emotions:anger	mention_only	yes	no
Khal-Hasidim_0135	Khal-Hasidim	ethics-and-emotions	prohibitions	ethics-and-emotions:prohibitions	mention_only	yes	no
Khal-Hasidim_0135	Khal-Hasidim	ethics-and-emotions	repentance	ethics-and-emotions:repentance	mention_only	yes	no
Khal-Hasidim_0135	Khal-Hasidim	kabbalah	kabbalistic_terms_yihudim	kabbalah:kabbalistic_terms_yihudim	mention_only	yes	no
Khal-Hasidim_0135	Khal-Hasidim	practice	asceticism	practice:asceticism	mention_only	yes	no
Khal-Hasidim_0135	Khal-Hasidim	practice	halakhah	practice:halakhah	mention_only	yes	no
Khal-Hasidim_0135	Khal-Hasidim	practice	meditation	practice:meditation	mention_only	yes	no
Khal-Hasidim_0135	Khal-Hasidim	practice	sexual_abstinence	practice:sexual_abstinence	mention_only	yes	no
Khal-Hasidim_0135	Khal-Hasidim	social	conflict	social:conflict	mention_only	yes	no
Khal-Hasidim_0135	Khal-Hasidim	social	marital_relationship	social:marital_relationship	mention_only	yes	no
Khal-Hasidim_0135	Khal-Hasidim	spaces	the_land_of_israel	spaces:the_land_of_israel	mention_only	yes	no
Khal-Hasidim_0135	Khal-Hasidim	supernatural	perception	supernatural:perception	mention_only	yes	no
Khal-Hasidim_0135	Khal-Hasidim	times	birth	times:birth	mention_only	yes	no
Khal-Hasidim_0136	Khal-Hasidim	practice	fasting	practice:fasting	none	no	no
Khal-Hasidim_0136	Khal-Hasidim	practice	prayer	practice:prayer	none	no	no
Khal-Hasidim_0136	Khal-Hasidim	practice	sermon	practice:sermon	none	no	no
Khal-Hasidim_0136	Khal-Hasidim	spaces	the_land_of_israel	spaces:the_land_of_israel	none	no	no
Khal-Hasidim_0136	Khal-Hasidim	supernatural	miracle	supernatural:miracle	none	no	no
Khal-Hasidim_0136	Khal-Hasidim	supernatural	prognostication	supernatural:prognostication	none	no	no
Khal-Hasidim_0137	Khal-Hasidim	ethics-and-emotions	fear	ethics-and-emotions:fear	none	no	no
Khal-Hasidim_0137	Khal-Hasidim	ethics-and-emotions	lying	ethics-and-emotions:lying	none	no	no
Khal-Hasidim_0137	Khal-Hasidim	ethics-and-emotions	punishment	ethics-and-emotions:punishment	none	no	no
Khal-Hasidim_0137	Khal-Hasidim	practice	protection	practice:protection	none	no	no
Khal-Hasidim_0137	Khal-Hasidim	social	conflict	social:conflict	none	no	no
Khal-Hasidim_0137	Khal-Hasidim	social	excommunication	social:excommunication	none	no	no
Khal-Hasidim_0137	Khal-Hasidim	social	inter_hasidic_master_disciple_relationship	social:inter_hasidic_master_disciple_relationship	none	no	no
Khal-Hasidim_0137	Khal-Hasidim	spaces	the_land_of_israel	spaces:the_land_of_israel	none	no	no
Khal-Hasidim_0137	Khal-Hasidim	supernatural	perception	supernatural:perception	none	no	no
Khal-Hasidim_0137	Khal-Hasidim	supernatural	prognostication	supernatural:prognostication	none	no	no
Khal-Hasidim_0138	Khal-Hasidim	ethics-and-emotions	fear	ethics-and-emotions:fear	minor	yes	yes
Khal-Hasidim_0138	Khal-Hasidim	ethics-and-emotions	sadness	ethics-and-emotions:sadness	minor	yes	yes
Khal-Hasidim_0138	Khal-Hasidim	experience	enthusiasm	experience:enthusiasm	minor	yes	yes
Khal-Hasidim_0138	Khal-Hasidim	experience	journey_to_heaven	experience:journey_to_heaven	minor	yes	yes
Khal-Hasidim_0138	Khal-Hasidim	experience	revelation	experience:revelation	minor	yes	yes
Khal-Hasidim_0138	Khal-Hasidim	folkloristics	story_type_virtues	folkloristics:story_type_virtues	minor	yes	yes
Khal-Hasidim_0138	Khal-Hasidim	knowledge	esoteric	knowledge:esoteric	minor	yes	yes
Khal-Hasidim_0138	Khal-Hasidim	practice	pilgrimage_to_the_graves_of_tsaddikim	practice:pilgrimage_to_the_graves_of_tsaddikim	minor	yes	yes
Khal-Hasidim_0138	Khal-Hasidim	practice	protection	practice:protection	minor	yes	yes
Khal-Hasidim_0138	Khal-Hasidim	practice	tvilah	practice:tvilah	minor	yes	yes
Khal-Hasidim_0138	Khal-Hasidim	social	conflict	social:conflict	minor	yes	yes
Khal-Hasidim_0138	Khal-Hasidim	social	disobedience	social:disobedience	minor	yes	yes
Khal-Hasidim_0138	Khal-Hasidim	social	inter_hasidic_master_disciple_relationship	social:inter_hasidic_master_disciple_relationship	minor	yes	yes
Khal-Hasidim_0138	Khal-Hasidim	social	relations_with_non_jews	social:relations_with_non_jews	minor	yes	yes
Khal-Hasidim_0138	Khal-Hasidim	spaces	heaven	spaces:heaven	minor	yes	yes
Khal-Hasidim_0138	Khal-Hasidim	spaces	mikveh	spaces:mikveh	minor	yes	yes
Khal-Hasidim_0138	Khal-Hasidim	spaces	the_land_of_israel	spaces:the_land_of_israel	minor	yes	yes
Khal-Hasidim_0138	Khal-Hasidim	supernatural	miracle	supernatural:miracle	minor	yes	yes
Khal-Hasidim_0138	Khal-Hasidim	supernatural	perception	supernatural:perception	minor	yes	yes
Khal-Hasidim_0138	Khal-Hasidim	supernatural	prognostication	supernatural:prognostication	minor	yes	yes
Khal-Hasidim_0138	Khal-Hasidim	times	historical_event	times:historical_event	minor	yes	yes
Khal-Hasidim_0139	Khal-Hasidim	characters-and-roles	angels	characters-and-roles:angels	none	no	no
Khal-Hasidim_0139	Khal-Hasidim	ethics-and-emotions	awe	ethics-and-emotions:awe	none	no	no
Khal-Hasidim_0139	Khal-Hasidim	ethics-and-emotions	pride	ethics-and-emotions:pride	none	no	no
Khal-Hasidim_0139	Khal-Hasidim	experience	visions	experience:visions	none	no	no
Khal-Hasidim_0139	Khal-Hasidim	folkloristics	story_type_rapprochement	folkloristics:story_type_rapprochement	none	no	no
Khal-Hasidim_0139	Khal-Hasidim	kabbalah		kabbalah	none	no	no
Khal-Hasidim_0139	Khal-Hasidim	knowledge	esoteric	knowledge:esoteric	none	no	no
Khal-Hasidim_0139	Khal-Hasidim	practice	storytelling	practice:storytelling	none	no	no
Khal-Hasidim_0139	Khal-Hasidim	practice	study	practice:study	none	no	no
Khal-Hasidim_0139	Khal-Hasidim	practice	travel_to_the_tsaddik	practice:travel_to_the_tsaddik	none	no	no
Khal-Hasidim_0139	Khal-Hasidim	social	inter_hasidic_master_disciple_relationship	social:inter_hasidic_master_disciple_relationship	none	no	no
Khal-Hasidim_0139	Khal-Hasidim	social	retrospective_recognition	social:retrospective_recognition	none	no	no
Khal-Hasidim_0139	Khal-Hasidim	supernatural	light_or_fire_as_a_sign_of_righteousness	supernatural:light_or_fire_as_a_sign_of_righteousness	none	no	no
Khal-Hasidim_0139	Khal-Hasidim	supernatural	perception	supernatural:perception	none	no	no
Khal-Hasidim_0140	Khal-Hasidim	characters-and-roles	angels	characters-and-roles:angels	none	no	no
Khal-Hasidim_0140	Khal-Hasidim	characters-and-roles	preacher	characters-and-roles:preacher	none	no	no
Khal-Hasidim_0140	Khal-Hasidim	ethics-and-emotions	anger	ethics-and-emotions:anger	none	no	no
Khal-Hasidim_0140	Khal-Hasidim	ethics-and-emotions	awe	ethics-and-emotions:awe	none	no	no
Khal-Hasidim_0140	Khal-Hasidim	ethics-and-emotions	fear	ethics-and-emotions:fear	none	no	no
Khal-Hasidim_0140	Khal-Hasidim	ethics-and-emotions	sadness	ethics-and-emotions:sadness	none	no	no
Khal-Hasidim_0140	Khal-Hasidim	experience	revelation	experience:revelation	none	no	no
Khal-Hasidim_0140	Khal-Hasidim	experience	trembling	experience:trembling	none	no	no
Khal-Hasidim_0140	Khal-Hasidim	experience	visions	experience:visions	none	no	no
Khal-Hasidim_0140	Khal-Hasidim	folkloristics	story_type_advent	folkloristics:story_type_advent	none	no	no
Khal-Hasidim_0140	Khal-Hasidim	folkloristics	story_type_rapprochement	folkloristics:story_type_rapprochement	none	no	no
Khal-Hasidim_0140	Khal-Hasidim	folkloristics	story_type_revelation	folkloristics:story_type_revelation	none	no	no
Khal-Hasidim_0140	Khal-Hasidim	kabbalah		kabbalah	none	no	no
Khal-Hasidim_0140	Khal-Hasidim	knowledge	esoteric	knowledge:esoteric	none	no	no
Khal-Hasidim_0140	Khal-Hasidim	knowledge	practical_kabbalah	knowledge:practical_kabbalah	none	no	no
Khal-Hasidim_0140	Khal-Hasidim	practice	asceticism	practice:asceticism	none	no	no
Khal-Hasidim_0140	Khal-Hasidim	practice	fasting	practice:fasting	none	no	no
Khal-Hasidim_0140	Khal-Hasidim	practice	healing	practice:healing	none	no	no
Khal-Hasidim_0140	Khal-Hasidim	practice	recitation_of_psalms	practice:recitation_of_psalms	none	no	no
Khal-Hasidim_0140	Khal-Hasidim	practice	study	practice:study	none	no	no
Khal-Hasidim_0140	Khal-Hasidim	practice	tvilah	practice:tvilah	none	no	no
Khal-Hasidim_0140	Khal-Hasidim	social	inter_hasidic	social:inter_hasidic	none	no	no
Khal-Hasidim_0140	Khal-Hasidim	social	inter_hasidic_master_disciple_relationship	social:inter_hasidic_master_disciple_relationship	none	no	no
Khal-Hasidim_0140	Khal-Hasidim	social	relations_with_non_hasidim	social:relations_with_non_hasidim	none	no	no
Khal-Hasidim_0140	Khal-Hasidim	social	retrospective_recognition	social:retrospective_recognition	none	no	no
Khal-Hasidim_0140	Khal-Hasidim	spaces	mikveh	spaces:mikveh	none	no	no
Khal-Hasidim_0140	Khal-Hasidim	supernatural	miracle	supernatural:miracle	none	no	no
Khal-Hasidim_0140	Khal-Hasidim	supernatural	perception	supernatural:perception	none	no	no
Khal-Hasidim_0141	Khal-Hasidim	ethics-and-emotions	fear	ethics-and-emotions:fear	none	no	no
Khal-Hasidim_0141	Khal-Hasidim	experience	visions	experience:visions	none	no	no
Khal-Hasidim_0141	Khal-Hasidim	social	inter_hasidic_master_disciple_relationship	social:inter_hasidic_master_disciple_relationship	none	no	no
Khal-Hasidim_0141	Khal-Hasidim	supernatural	perception	supernatural:perception	none	no	no
Khal-Hasidim_0141	Khal-Hasidim	times	holidays	times:holidays	none	no	no
Khal-Hasidim_0142	Khal-Hasidim	characters-and-roles	the_family_of_the_tsaddik	characters-and-roles:the_family_of_the_tsaddik	none	no	no
Khal-Hasidim_0142	Khal-Hasidim	ethics-and-emotions	awe	ethics-and-emotions:awe	none	no	no
Khal-Hasidim_0142	Khal-Hasidim	ethics-and-emotions	fear	ethics-and-emotions:fear	none	no	no
Khal-Hasidim_0142	Khal-Hasidim	ethics-and-emotions	sadness	ethics-and-emotions:sadness	none	no	no
Khal-Hasidim_0142	Khal-Hasidim	experience	dream	experience:dream	none	no	no
Khal-Hasidim_0142	Khal-Hasidim	experience	revelation	experience:revelation	none	no	no
Khal-Hasidim_0142	Khal-Hasidim	practice	circumcision	practice:circumcision	none	no	no
Khal-Hasidim_0142	Khal-Hasidim	practice	prayer	practice:prayer	none	no	no
Khal-Hasidim_0142	Khal-Hasidim	practice	storytelling	practice:storytelling	none	no	no
Khal-Hasidim_0142	Khal-Hasidim	practice	tvilah	practice:tvilah	none	no	no
Khal-Hasidim_0142	Khal-Hasidim	social	conflict	social:conflict	none	no	no
Khal-Hasidim_0142	Khal-Hasidim	social	inter_hasidic_master_disciple_relationship	social:inter_hasidic_master_disciple_relationship	none	no	no
Khal-Hasidim_0142	Khal-Hasidim	spaces	beth_midrash	spaces:beth_midrash	none	no	no
Khal-Hasidim_0142	Khal-Hasidim	spaces	mikveh	spaces:mikveh	none	no	no
Khal-Hasidim_0142	Khal-Hasidim	supernatural	communicating_with_the_invisible	supernatural:communicating_with_the_invisible	none	no	no
Khal-Hasidim_0142	Khal-Hasidim	supernatural	perception	supernatural:perception	none	no	no
Khal-Hasidim_0142	Khal-Hasidim	times	death	times:death	none	no	no
Khal-Hasidim_0143	Khal-Hasidim	characters-and-roles	the_family_of_the_tsaddik	characters-and-roles:the_family_of_the_tsaddik	major	yes	yes
Khal-Hasidim_0143	Khal-Hasidim	ethics-and-emotions	sadness	ethics-and-emotions:sadness	major	yes	yes
Khal-Hasidim_0143	Khal-Hasidim	ethics-and-emotions	shame	ethics-and-emotions:shame	major	yes	yes
Khal-Hasidim_0143	Khal-Hasidim	experience	dream	experience:dream	major	yes	yes
Khal-Hasidim_0143	Khal-Hasidim	experience	visions	experience:visions	major	yes	yes
Khal-Hasidim_0143	Khal-Hasidim	practice	lifesaving	practice:lifesaving	major	yes	yes
Khal-Hasidim_0143	Khal-Hasidim	practice	music	practice:music	major	yes	yes
Khal-Hasidim_0143	Khal-Hasidim	practice	sexual_abstinence	practice:sexual_abstinence	major	yes	yes
Khal-Hasidim_0143	Khal-Hasidim	practice	study	practice:study	major	yes	yes
Khal-Hasidim_0143	Khal-Hasidim	social	disobedience	social:disobedience	major	yes	yes
Khal-Hasidim_0143	Khal-Hasidim	social	marital_relationship	social:marital_relationship	major	yes	yes
Khal-Hasidim_0143	Khal-Hasidim	social	marriage	social:marriage	major	yes	yes
Khal-Hasidim_0143	Khal-Hasidim	spaces	beth_midrash	spaces:beth_midrash	major	yes	yes
Khal-Hasidim_0143	Khal-Hasidim	spaces	heaven	spaces:heaven	major	yes	yes
Khal-Hasidim_0143	Khal-Hasidim	supernatural	communicating_with_the_invisible	supernatural:communicating_with_the_invisible	major	yes	yes
Khal-Hasidim_0143	Khal-Hasidim	supernatural	prognostication	supernatural:prognostication	major	yes	yes
Khal-Hasidim_0143	Khal-Hasidim	times	death	times:death	major	yes	yes
Khal-Hasidim_0144	Khal-Hasidim	ethics-and-emotions	adultery	ethics-and-emotions:adultery	mention_only	yes	no
Khal-Hasidim_0144	Khal-Hasidim	ethics-and-emotions	prohibitions	ethics-and-emotions:prohibitions	mention_only	yes	no
Khal-Hasidim_0144	Khal-Hasidim	ethics-and-emotions	punishment	ethics-and-emotions:punishment	mention_only	yes	no
Khal-Hasidim_0144	Khal-Hasidim	ethics-and-emotions	repentance	ethics-and-emotions:repentance	mention_only	yes	no
Khal-Hasidim_0144	Khal-Hasidim	social	divorce	social:divorce	mention_only	yes	no
Khal-Hasidim_0144	Khal-Hasidim	social	inter_hasidic_master_disciple_relationship	social:inter_hasidic_master_disciple_relationship	mention_only	yes	no
Khal-Hasidim_0144	Khal-Hasidim	social	relations_with_non_jews	social:relations_with_non_jews	mention_only	yes	no
Khal-Hasidim_0144	Khal-Hasidim	social	relations_with_the_authorities	social:relations_with_the_authorities	mention_only	yes	no
Khal-Hasidim_0144	Khal-Hasidim	supernatural	perception	supernatural:perception	mention_only	yes	no
Khal-Hasidim_0144	Khal-Hasidim	supernatural	prognostication	supernatural:prognostication	mention_only	yes	no
Khal-Hasidim_0145	Khal-Hasidim	ethics-and-emotions	fear	ethics-and-emotions:fear	none	no	no
Khal-Hasidim_0145	Khal-Hasidim	folkloristics	story_type_prognostication	folkloristics:story_type_prognostication	none	no	no
Khal-Hasidim_0145	Khal-Hasidim	practice	reception_of_hasidim	practice:reception_of_hasidim	none	no	no
Khal-Hasidim_0145	Khal-Hasidim	social	relations_with_non_jews	social:relations_with_non_jews	none	no	no
Khal-Hasidim_0145	Khal-Hasidim	social	relations_with_the_authorities	social:relations_with_the_authorities	none	no	no
Khal-Hasidim_0145	Khal-Hasidim	social	retrospective_recognition	social:retrospective_recognition	none	no	no
Khal-Hasidim_0145	Khal-Hasidim	spaces	institutions_hassidic_court	spaces:institutions_hassidic_court	none	no	no
Khal-Hasidim_0145	Khal-Hasidim	supernatural	perception	supernatural:perception	none	no	no
Khal-Hasidim_0145	Khal-Hasidim	supernatural	prognostication	supernatural:prognostication	none	no	no
Khal-Hasidim_0146	Khal-Hasidim	characters-and-roles	angels	characters-and-roles:angels	mention_only	yes	no
Khal-Hasidim_0146	Khal-Hasidim	ethics-and-emotions	lust	ethics-and-emotions:lust	mention_only	yes	no
Khal-Hasidim_0146	Khal-Hasidim	ethics-and-emotions	repentance	ethics-and-emotions:repentance	mention_only	yes	no
Khal-Hasidim_0146	Khal-Hasidim	experience	revelation	experience:revelation	mention_only	yes	no
Khal-Hasidim_0146	Khal-Hasidim	folkloristics	story_type_advent	folkloristics:story_type_advent	mention_only	yes	no
Khal-Hasidim_0146	Khal-Hasidim	folkloristics	story_type_rapprochement	folkloristics:story_type_rapprochement	mention_only	yes	no
Khal-Hasidim_0146	Khal-Hasidim	practice	healing	practice:healing	mention_only	yes	no
Khal-Hasidim_0146	Khal-Hasidim	practice	healing_of_the_soul	practice:healing_of_the_soul	mention_only	yes	no
Khal-Hasidim_0146	Khal-Hasidim	practice	prayer	practice:prayer	mention_only	yes	no
Khal-Hasidim_0146	Khal-Hasidim	practice	reception_of_hasidim	practice:reception_of_hasidim	mention_only	yes	no
Khal-Hasidim_0146	Khal-Hasidim	practice	recitation_of_psalms	practice:recitation_of_psalms	mention_only	yes	no
Khal-Hasidim_0146	Khal-Hasidim	practice	travel_to_the_tsaddik	practice:travel_to_the_tsaddik	mention_only	yes	no
Khal-Hasidim_0146	Khal-Hasidim	social	inter_hasidic_master_disciple_relationship	social:inter_hasidic_master_disciple_relationship	mention_only	yes	no
Khal-Hasidim_0146	Khal-Hasidim	social	relations_with_non_hasidim	social:relations_with_non_hasidim	mention_only	yes	no
Khal-Hasidim_0146	Khal-Hasidim	social	relations_with_non_jews	social:relations_with_non_jews	mention_only	yes	no
Khal-Hasidim_0146	Khal-Hasidim	social	retrospective_recognition	social:retrospective_recognition	mention_only	yes	no
Khal-Hasidim_0146	Khal-Hasidim	supernatural	miracle	supernatural:miracle	mention_only	yes	no
Khal-Hasidim_0146	Khal-Hasidim	supernatural	perception	supernatural:perception	mention_only	yes	no
Khal-Hasidim_0146	Khal-Hasidim	supernatural	prognostication	supernatural:prognostication	mention_only	yes	no
Khal-Hasidim_0147	Khal-Hasidim	folkloristics	story_type_prognostication	folkloristics:story_type_prognostication	none	no	no
Khal-Hasidim_0147	Khal-Hasidim	social	inter_hasidic	social:inter_hasidic	none	no	no
Khal-Hasidim_0147	Khal-Hasidim	social	inter_hasidic_master_disciple_relationship	social:inter_hasidic_master_disciple_relationship	none	no	no
Khal-Hasidim_0147	Khal-Hasidim	supernatural	perception	supernatural:perception	none	no	no
Khal-Hasidim_0147	Khal-Hasidim	supernatural	prognostication	supernatural:prognostication	none	no	no
Khal-Hasidim_0147	Khal-Hasidim	times	death	times:death	none	no	no
Khal-Hasidim_0148	Khal-Hasidim	ethics-and-emotions	fear	ethics-and-emotions:fear	mention_only	yes	no
Khal-Hasidim_0148	Khal-Hasidim	social	inter_hasidic	social:inter_hasidic	mention_only	yes	no
Khal-Hasidim_0148	Khal-Hasidim	social	marriage	social:marriage	mention_only	yes	no
Khal-Hasidim_0148	Khal-Hasidim	supernatural	light_or_fire_as_a_sign_of_righteousness	supernatural:light_or_fire_as_a_sign_of_righteousness	mention_only	yes	no
Khal-Hasidim_0149	Khal-Hasidim	ethics-and-emotions	fear	ethics-and-emotions:fear	none	no	no
Khal-Hasidim_0149	Khal-Hasidim	ethics-and-emotions	humility	ethics-and-emotions:humility	none	no	no
Khal-Hasidim_0149	Khal-Hasidim	ethics-and-emotions	joy	ethics-and-emotions:joy	none	no	no
Khal-Hasidim_0149	Khal-Hasidim	ethics-and-emotions	pride	ethics-and-emotions:pride	none	no	no
Khal-Hasidim_0149	Khal-Hasidim	ethics-and-emotions	prohibitions	ethics-and-emotions:prohibitions	none	no	no
Khal-Hasidim_0149	Khal-Hasidim	ethics-and-emotions	sadness	ethics-and-emotions:sadness	none	no	no
Khal-Hasidim_0149	Khal-Hasidim	ethics-and-emotions	virtues	ethics-and-emotions:virtues	none	no	no
Khal-Hasidim_0149	Khal-Hasidim	experience	trembling	experience:trembling	none	no	no
Khal-Hasidim_0149	Khal-Hasidim	practice	clothing	practice:clothing	none	no	no
Khal-Hasidim_0149	Khal-Hasidim	practice	prayer	practice:prayer	none	no	no
Khal-Hasidim_0149	Khal-Hasidim	practice	reception_of_hasidim	practice:reception_of_hasidim	none	no	no
Khal-Hasidim_0149	Khal-Hasidim	practice	smoking	practice:smoking	none	no	no
Khal-Hasidim_0149	Khal-Hasidim	practice	storytelling	practice:storytelling	none	no	no
Khal-Hasidim_0149	Khal-Hasidim	practice	study	practice:study	none	no	no
Khal-Hasidim_0149	Khal-Hasidim	practice	travel_to_the_tsaddik	practice:travel_to_the_tsaddik	none	no	no
Khal-Hasidim_0149	Khal-Hasidim	social	inter_hasidic	social:inter_hasidic	none	no	no
Khal-Hasidim_0149	Khal-Hasidim	social	inter_hasidic_master_disciple_relationship	social:inter_hasidic_master_disciple_relationship	none	no	no
Khal-Hasidim_0149	Khal-Hasidim	supernatural	perception	supernatural:perception	none	no	no
Khal-Hasidim_0149	Khal-Hasidim	supernatural	prognostication	supernatural:prognostication	none	no	no
Khal-Hasidim_0149	Khal-Hasidim	times	inauguration	times:inauguration	none	no	no
Khal-Hasidim_0149	Khal-Hasidim	times	shabbat	times:shabbat	none	no	no
Khal-Hasidim_0150	Khal-Hasidim	ethics-and-emotions	prohibitions	ethics-and-emotions:prohibitions	catalyst	yes	yes
Khal-Hasidim_0150	Khal-Hasidim	ethics-and-emotions	punishment	ethics-and-emotions:punishment	catalyst	yes	yes
Khal-Hasidim_0150	Khal-Hasidim	social	conflict	social:conflict	catalyst	yes	yes
Khal-Hasidim_0150	Khal-Hasidim	social	disobedience	social:disobedience	catalyst	yes	yes
Khal-Hasidim_0150	Khal-Hasidim	supernatural	perception	supernatural:perception	catalyst	yes	yes
Khal-Hasidim_0150	Khal-Hasidim	supernatural	prognostication	supernatural:prognostication	catalyst	yes	yes
Khal-Hasidim_0151	Khal-Hasidim	ethics-and-emotions	prohibitions	ethics-and-emotions:prohibitions	none	no	no
Khal-Hasidim_0151	Khal-Hasidim	ethics-and-emotions	punishment	ethics-and-emotions:punishment	none	no	no
Khal-Hasidim_0152	Khal-Hasidim	social	inter_hasidic_inheritance_of_leadership	social:inter_hasidic_inheritance_of_leadership	mention_only	yes	no
Khal-Hasidim_0152	Khal-Hasidim	social	inter_hasidic_master_disciple_relationship	social:inter_hasidic_master_disciple_relationship	mention_only	yes	no
Khal-Hasidim_0152	Khal-Hasidim	times	death	times:death	mention_only	yes	no
Khal-Hasidim_0153	Khal-Hasidim	characters-and-roles	messiah	characters-and-roles:messiah	none	no	no
Khal-Hasidim_0153	Khal-Hasidim	characters-and-roles	the_family_of_the_tsaddik	characters-and-roles:the_family_of_the_tsaddik	none	no	no
Khal-Hasidim_0153	Khal-Hasidim	spaces	the_land_of_israel	spaces:the_land_of_israel	none	no	no
Khal-Hasidim_0153	Khal-Hasidim	times	death	times:death	none	no	no
Khal-Hasidim_0153	Khal-Hasidim	times	eschatology	times:eschatology	none	no	no
Khal-Hasidim_0154	Khal-Hasidim	characters-and-roles	angels	characters-and-roles:angels	catalyst	yes	yes
Khal-Hasidim_0154	Khal-Hasidim	ethics-and-emotions	charity	ethics-and-emotions:charity	catalyst	yes	yes
Khal-Hasidim_0154	Khal-Hasidim	ethics-and-emotions	virtues	ethics-and-emotions:virtues	catalyst	yes	yes
Khal-Hasidim_0154	Khal-Hasidim	experience	revelation	experience:revelation	catalyst	yes	yes
Khal-Hasidim_0154	Khal-Hasidim	folkloristics	story_type_virtues	folkloristics:story_type_virtues	catalyst	yes	yes
Khal-Hasidim_0154	Khal-Hasidim	practice	pidyon_shvuyim	practice:pidyon_shvuyim	catalyst	yes	yes
Khal-Hasidim_0154	Khal-Hasidim	social	inter_hasidic_master_disciple_relationship	social:inter_hasidic_master_disciple_relationship	catalyst	yes	yes
Khal-Hasidim_0154	Khal-Hasidim	social	relations_with_non_jews	social:relations_with_non_jews	catalyst	yes	yes
Khal-Hasidim_0154	Khal-Hasidim	social	relations_with_the_authorities	social:relations_with_the_authorities	catalyst	yes	yes
Khal-Hasidim_0154	Khal-Hasidim	social	retrospective_recognition	social:retrospective_recognition	catalyst	yes	yes
Khal-Hasidim_0154	Khal-Hasidim	supernatural	miracle	supernatural:miracle	catalyst	yes	yes
Khal-Hasidim_0154	Khal-Hasidim	supernatural	perception	supernatural:perception	catalyst	yes	yes
Khal-Hasidim_0154	Khal-Hasidim	times	historical_event	times:historical_event	catalyst	yes	yes
Khal-Hasidim_0155	Khal-Hasidim	ethics-and-emotions	punishment	ethics-and-emotions:punishment	none	no	no
Khal-Hasidim_0155	Khal-Hasidim	ethics-and-emotions	sadness	ethics-and-emotions:sadness	none	no	no
Khal-Hasidim_0155	Khal-Hasidim	knowledge	esoteric	knowledge:esoteric	none	no	no
Khal-Hasidim_0155	Khal-Hasidim	practice	prayer	practice:prayer	none	no	no
Khal-Hasidim_0155	Khal-Hasidim	practice	sermon	practice:sermon	none	no	no
Khal-Hasidim_0155	Khal-Hasidim	practice	travel_to_the_tsaddik	practice:travel_to_the_tsaddik	none	no	no
Khal-Hasidim_0155	Khal-Hasidim	practice	tvilah	practice:tvilah	none	no	no
Khal-Hasidim_0155	Khal-Hasidim	social	inter_hasidic_master_disciple_relationship	social:inter_hasidic_master_disciple_relationship	none	no	no
Khal-Hasidim_0155	Khal-Hasidim	supernatural	perception	supernatural:perception	none	no	no
Khal-Hasidim_0155	Khal-Hasidim	supernatural	reincarnation	supernatural:reincarnation	none	no	no
Khal-Hasidim_0155	Khal-Hasidim	times	shabbat	times:shabbat	none	no	no
Khal-Hasidim_0156	Khal-Hasidim	characters-and-roles	angels	characters-and-roles:angels	minor	yes	yes
Khal-Hasidim_0156	Khal-Hasidim	characters-and-roles	the_family_of_the_tsaddik	characters-and-roles:the_family_of_the_tsaddik	minor	yes	yes
Khal-Hasidim_0156	Khal-Hasidim	experience	devekut	experience:devekut	minor	yes	yes
Khal-Hasidim_0156	Khal-Hasidim	practice	devekut	practice:devekut	minor	yes	yes
Khal-Hasidim_0156	Khal-Hasidim	practice	healing	practice:healing	minor	yes	yes
Khal-Hasidim_0156	Khal-Hasidim	practice	music	practice:music	minor	yes	yes
Khal-Hasidim_0156	Khal-Hasidim	practice	prayer	practice:prayer	minor	yes	yes
Khal-Hasidim_0156	Khal-Hasidim	practice	sermon	practice:sermon	minor	yes	yes
Khal-Hasidim_0156	Khal-Hasidim	spaces	beth_midrash	spaces:beth_midrash	minor	yes	yes
Khal-Hasidim_0156	Khal-Hasidim	spaces	heaven	spaces:heaven	minor	yes	yes
Khal-Hasidim_0156	Khal-Hasidim	supernatural	communicating_with_the_invisible	supernatural:communicating_with_the_invisible	minor	yes	yes
Khal-Hasidim_0156	Khal-Hasidim	supernatural	light_or_fire_as_a_sign_of_righteousness	supernatural:light_or_fire_as_a_sign_of_righteousness	minor	yes	yes
Khal-Hasidim_0156	Khal-Hasidim	times	death	times:death	minor	yes	yes
Khal-Hasidim_0157	Khal-Hasidim	characters-and-roles	angels	characters-and-roles:angels	none	no	no
Khal-Hasidim_0157	Khal-Hasidim	characters-and-roles	the_family_of_the_tsaddik	characters-and-roles:the_family_of_the_tsaddik	none	no	no
Khal-Hasidim_0157	Khal-Hasidim	ethics-and-emotions	fear	ethics-and-emotions:fear	none	no	no
Khal-Hasidim_0157	Khal-Hasidim	experience	journey_to_heaven	experience:journey_to_heaven	none	no	no
Khal-Hasidim_0157	Khal-Hasidim	experience	revelation	experience:revelation	none	no	no
Khal-Hasidim_0157	Khal-Hasidim	experience	visions	experience:visions	none	no	no
Khal-Hasidim_0157	Khal-Hasidim	folkloristics	story_type_protection	folkloristics:story_type_protection	none	no	no
Khal-Hasidim_0157	Khal-Hasidim	knowledge	esoteric	knowledge:esoteric	none	no	no
Khal-Hasidim_0157	Khal-Hasidim	practice	lifesaving	practice:lifesaving	none	no	no
Khal-Hasidim_0157	Khal-Hasidim	social	conflict	social:conflict	none	no	no
Khal-Hasidim_0157	Khal-Hasidim	social	inter_hasidic_master_disciple_relationship	social:inter_hasidic_master_disciple_relationship	none	no	no
Khal-Hasidim_0157	Khal-Hasidim	social	relations_with_non_hasidim	social:relations_with_non_hasidim	none	no	no
Khal-Hasidim_0157	Khal-Hasidim	spaces	heaven	spaces:heaven	none	no	no
Khal-Hasidim_0157	Khal-Hasidim	supernatural	communicating_with_the_invisible	supernatural:communicating_with_the_invisible	none	no	no
Khal-Hasidim_0157	Khal-Hasidim	supernatural	magic	supernatural:magic	none	no	no
Khal-Hasidim_0157	Khal-Hasidim	supernatural	miracle	supernatural:miracle	none	no	no
Khal-Hasidim_0157	Khal-Hasidim	supernatural	perception	supernatural:perception	none	no	no
Khal-Hasidim_0158	Khal-Hasidim	ethics-and-emotions	anger	ethics-and-emotions:anger	none	no	no
Khal-Hasidim_0158	Khal-Hasidim	ethics-and-emotions	charity	ethics-and-emotions:charity	none	no	no
Khal-Hasidim_0158	Khal-Hasidim	ethics-and-emotions	fear	ethics-and-emotions:fear	none	no	no
Khal-Hasidim_0158	Khal-Hasidim	ethics-and-emotions	prohibitions	ethics-and-emotions:prohibitions	none	no	no
Khal-Hasidim_0158	Khal-Hasidim	ethics-and-emotions	punishment	ethics-and-emotions:punishment	none	no	no
Khal-Hasidim_0158	Khal-Hasidim	practice	storytelling	practice:storytelling	none	no	no
Khal-Hasidim_0158	Khal-Hasidim	social	retrospective_recognition	social:retrospective_recognition	none	no	no
Khal-Hasidim_0158	Khal-Hasidim	spaces	heaven	spaces:heaven	none	no	no
Khal-Hasidim_0158	Khal-Hasidim	supernatural	perception	supernatural:perception	none	no	no
Khal-Hasidim_0158	Khal-Hasidim	supernatural	reincarnation	supernatural:reincarnation	none	no	no
Khal-Hasidim_0158	Khal-Hasidim	times	death	times:death	none	no	no
Khal-Hasidim_0159	Khal-Hasidim	characters-and-roles	the_family_of_the_tsaddik	characters-and-roles:the_family_of_the_tsaddik	minor	yes	yes
Khal-Hasidim_0159	Khal-Hasidim	social	conflict	social:conflict	minor	yes	yes
Khal-Hasidim_0159	Khal-Hasidim	social	marital_relationship	social:marital_relationship	minor	yes	yes
Khal-Hasidim_0160	Khal-Hasidim	ethics-and-emotions	virtues	ethics-and-emotions:virtues	none	no	no
Khal-Hasidim_0161	Khal-Hasidim	ethics-and-emotions	virtues	ethics-and-emotions:virtues	none	no	no
Khal-Hasidim_0162	Khal-Hasidim	characters-and-roles	hidden_righteous	characters-and-roles:hidden_righteous	none	no	no
Khal-Hasidim_0162	Khal-Hasidim	ethics-and-emotions	charity	ethics-and-emotions:charity	none	no	no
Khal-Hasidim_0162	Khal-Hasidim	ethics-and-emotions	prohibitions	ethics-and-emotions:prohibitions	none	no	no
Khal-Hasidim_0162	Khal-Hasidim	folkloristics	story_type_virtues	folkloristics:story_type_virtues	none	no	no
Khal-Hasidim_0162	Khal-Hasidim	knowledge	esoteric	knowledge:esoteric	none	no	no
Khal-Hasidim_0162	Khal-Hasidim	practice	tvilah	practice:tvilah	none	no	no
Khal-Hasidim_0162	Khal-Hasidim	social	relations_with_non_jews	social:relations_with_non_jews	none	no	no
Khal-Hasidim_0162	Khal-Hasidim	social	relations_with_the_authorities	social:relations_with_the_authorities	none	no	no
Khal-Hasidim_0162	Khal-Hasidim	social	retrospective_recognition	social:retrospective_recognition	none	no	no
Khal-Hasidim_0162	Khal-Hasidim	supernatural	contraction_of_the_road	supernatural:contraction_of_the_road	none	no	no
Khal-Hasidim_0162	Khal-Hasidim	supernatural	perception	supernatural:perception	none	no	no
Khal-Hasidim_0162	Khal-Hasidim	times	shabbat	times:shabbat	none	no	no
Khal-Hasidim_0163	Khal-Hasidim	characters-and-roles	hidden_righteous	characters-and-roles:hidden_righteous	none	no	no
Khal-Hasidim_0163	Khal-Hasidim	ethics-and-emotions	charity	ethics-and-emotions:charity	none	no	no
Khal-Hasidim_0163	Khal-Hasidim	practice	healing_of_the_soul	practice:healing_of_the_soul	none	no	no
Khal-Hasidim_0163	Khal-Hasidim	social	inter_hasidic_master_disciple_relationship	social:inter_hasidic_master_disciple_relationship	none	no	no
Khal-Hasidim_0163	Khal-Hasidim	supernatural	communicating_with_the_invisible	supernatural:communicating_with_the_invisible	none	no	no
Khal-Hasidim_0163	Khal-Hasidim	supernatural	perception	supernatural:perception	none	no	no
Khal-Hasidim_0164	Khal-Hasidim	characters-and-roles	hidden_righteous	characters-and-roles:hidden_righteous	none	no	no
Khal-Hasidim_0164	Khal-Hasidim	ethics-and-emotions	charity	ethics-and-emotions:charity	none	no	no
Khal-Hasidim_0164	Khal-Hasidim	social	inter_hasidic	social:inter_hasidic	none	no	no
Khal-Hasidim_0164	Khal-Hasidim	social	inter_hasidic_inheritance_of_leadership	social:inter_hasidic_inheritance_of_leadership	none	no	no
Khal-Hasidim_0164	Khal-Hasidim	times	death	times:death	none	no	no
Khal-Hasidim_0165	Khal-Hasidim	ethics-and-emotions	fear	ethics-and-emotions:fear	mention_only	yes	no
Khal-Hasidim_0165	Khal-Hasidim	ethics-and-emotions	lying	ethics-and-emotions:lying	mention_only	yes	no
Khal-Hasidim_0165	Khal-Hasidim	ethics-and-emotions	punishment	ethics-and-emotions:punishment	mention_only	yes	no
Khal-Hasidim_0165	Khal-Hasidim	folkloristics	story_type_prognostication	folkloristics:story_type_prognostication	mention_only	yes	no
Khal-Hasidim_0165	Khal-Hasidim	folkloristics	story_type_protection	folkloristics:story_type_protection	mention_only	yes	no
Khal-Hasidim_0165	Khal-Hasidim	practice	protection	practice:protection	mention_only	yes	no
Khal-Hasidim_0165	Khal-Hasidim	social	disobedience	social:disobedience	mention_only	yes	no
Khal-Hasidim_0165	Khal-Hasidim	social	relations_with_non_jews	social:relations_with_non_jews	mention_only	yes	no
Khal-Hasidim_0165	Khal-Hasidim	social	relations_with_the_authorities	social:relations_with_the_authorities	mention_only	yes	no
Khal-Hasidim_0165	Khal-Hasidim	social	retrospective_recognition	social:retrospective_recognition	mention_only	yes	no
Khal-Hasidim_0165	Khal-Hasidim	supernatural	prognostication	supernatural:prognostication	mention_only	yes	no
Khal-Hasidim_0166	Khal-Hasidim	social	retrospective_recognition	social:retrospective_recognition	none	no	no
Khal-Hasidim_0166	Khal-Hasidim	supernatural	magic	supernatural:magic	none	no	no
Khal-Hasidim_0166	Khal-Hasidim	supernatural	perception	supernatural:perception	none	no	no
Khal-Hasidim_0167	Khal-Hasidim	ethics-and-emotions	lying	ethics-and-emotions:lying	major	yes	yes
Khal-Hasidim_0167	Khal-Hasidim	experience	dream	experience:dream	major	yes	yes
Khal-Hasidim_0167	Khal-Hasidim	folkloristics	story_type_prognostication	folkloristics:story_type_prognostication	major	yes	yes
Khal-Hasidim_0167	Khal-Hasidim	folkloristics	story_type_virtues	folkloristics:story_type_virtues	major	yes	yes
Khal-Hasidim_0167	Khal-Hasidim	practice	study	practice:study	major	yes	yes
Khal-Hasidim_0167	Khal-Hasidim	social	inter_hasidic_master_disciple_relationship	social:inter_hasidic_master_disciple_relationship	major	yes	yes
Khal-Hasidim_0167	Khal-Hasidim	social	marital_relationship	social:marital_relationship	major	yes	yes
Khal-Hasidim_0167	Khal-Hasidim	social	marriage	social:marriage	major	yes	yes
Khal-Hasidim_0167	Khal-Hasidim	social	relations_with_non_hasidim	social:relations_with_non_hasidim	major	yes	yes
Khal-Hasidim_0167	Khal-Hasidim	social	retrospective_recognition	social:retrospective_recognition	major	yes	yes
Khal-Hasidim_0167	Khal-Hasidim	supernatural	communicating_with_the_invisible	supernatural:communicating_with_the_invisible	major	yes	yes
Khal-Hasidim_0167	Khal-Hasidim	supernatural	perception	supernatural:perception	major	yes	yes
Khal-Hasidim_0167	Khal-Hasidim	supernatural	prognostication	supernatural:prognostication	major	yes	yes
Khal-Hasidim_0167	Khal-Hasidim	times	death	times:death	major	yes	yes
Khal-Hasidim_0168	Khal-Hasidim	characters-and-roles	hidden_righteous	characters-and-roles:hidden_righteous	catalyst	yes	yes
Khal-Hasidim_0168	Khal-Hasidim	ethics-and-emotions	charity	ethics-and-emotions:charity	catalyst	yes	yes
Khal-Hasidim_0168	Khal-Hasidim	ethics-and-emotions	punishment	ethics-and-emotions:punishment	catalyst	yes	yes
Khal-Hasidim_0168	Khal-Hasidim	practice	recitation_of_psalms	practice:recitation_of_psalms	catalyst	yes	yes
Khal-Hasidim_0168	Khal-Hasidim	practice	solitude	practice:solitude	catalyst	yes	yes
Khal-Hasidim_0168	Khal-Hasidim	practice	study	practice:study	catalyst	yes	yes
Khal-Hasidim_0168	Khal-Hasidim	practice	travel_to_the_tsaddik	practice:travel_to_the_tsaddik	catalyst	yes	yes
Khal-Hasidim_0168	Khal-Hasidim	social	inter_hasidic	social:inter_hasidic	catalyst	yes	yes
Khal-Hasidim_0168	Khal-Hasidim	social	inter_hasidic_master_disciple_relationship	social:inter_hasidic_master_disciple_relationship	catalyst	yes	yes
Khal-Hasidim_0168	Khal-Hasidim	social	marital_relationship	social:marital_relationship	catalyst	yes	yes
Khal-Hasidim_0168	Khal-Hasidim	social	relations_with_non_hasidim	social:relations_with_non_hasidim	catalyst	yes	yes
Khal-Hasidim_0168	Khal-Hasidim	supernatural	miracle	supernatural:miracle	catalyst	yes	yes
Khal-Hasidim_0168	Khal-Hasidim	supernatural	perception	supernatural:perception	catalyst	yes	yes
Khal-Hasidim_0168	Khal-Hasidim	times	death	times:death	catalyst	yes	yes
Khal-Hasidim_0169	Khal-Hasidim	characters-and-roles	the_family_of_the_tsaddik	characters-and-roles:the_family_of_the_tsaddik	none	no	no
Khal-Hasidim_0169	Khal-Hasidim	ethics-and-emotions	anger	ethics-and-emotions:anger	none	no	no
Khal-Hasidim_0169	Khal-Hasidim	ethics-and-emotions	pride	ethics-and-emotions:pride	none	no	no
Khal-Hasidim_0169	Khal-Hasidim	ethics-and-emotions	prohibitions	ethics-and-emotions:prohibitions	none	no	no
Khal-Hasidim_0169	Khal-Hasidim	ethics-and-emotions	punishment	ethics-and-emotions:punishment	none	no	no
Khal-Hasidim_0169	Khal-Hasidim	ethics-and-emotions	sadness	ethics-and-emotions:sadness	none	no	no
Khal-Hasidim_0169	Khal-Hasidim	ethics-and-emotions	shame	ethics-and-emotions:shame	none	no	no
Khal-Hasidim_0169	Khal-Hasidim	ethics-and-emotions	virtues	ethics-and-emotions:virtues	none	no	no
Khal-Hasidim_0169	Khal-Hasidim	practice	prayer	practice:prayer	none	no	no
Khal-Hasidim_0169	Khal-Hasidim	social	conflict	social:conflict	none	no	no
Khal-Hasidim_0169	Khal-Hasidim	social	disobedience	social:disobedience	none	no	no
Khal-Hasidim_0169	Khal-Hasidim	social	inter_hasidic	social:inter_hasidic	none	no	no
Khal-Hasidim_0169	Khal-Hasidim	social	inter_hasidic_master_disciple_relationship	social:inter_hasidic_master_disciple_relationship	none	no	no
Khal-Hasidim_0169	Khal-Hasidim	spaces	institutions_hassidic_court	spaces:institutions_hassidic_court	none	no	no
Khal-Hasidim_0169	Khal-Hasidim	supernatural	light_or_fire_as_a_sign_of_righteousness	supernatural:light_or_fire_as_a_sign_of_righteousness	none	no	no
Khal-Hasidim_0169	Khal-Hasidim	times	holidays	times:holidays	none	no	no
Khal-Hasidim_0170	Khal-Hasidim	characters-and-roles	hidden_righteous	characters-and-roles:hidden_righteous	minor	yes	yes
Khal-Hasidim_0170	Khal-Hasidim	characters-and-roles	the_family_of_the_tsaddik	characters-and-roles:the_family_of_the_tsaddik	minor	yes	yes
Khal-Hasidim_0170	Khal-Hasidim	ethics-and-emotions	adultery	ethics-and-emotions:adultery	minor	yes	yes
Khal-Hasidim_0170	Khal-Hasidim	ethics-and-emotions	lust	ethics-and-emotions:lust	minor	yes	yes
Khal-Hasidim_0170	Khal-Hasidim	ethics-and-emotions	prohibitions	ethics-and-emotions:prohibitions	minor	yes	yes
Khal-Hasidim_0170	Khal-Hasidim	ethics-and-emotions	repentance	ethics-and-emotions:repentance	minor	yes	yes
Khal-Hasidim_0170	Khal-Hasidim	ethics-and-emotions	resisting_temptation	ethics-and-emotions:resisting_temptation	minor	yes	yes
Khal-Hasidim_0170	Khal-Hasidim	ethics-and-emotions	virtues	ethics-and-emotions:virtues	minor	yes	yes
Khal-Hasidim_0170	Khal-Hasidim	experience	revelation	experience:revelation	minor	yes	yes
Khal-Hasidim_0170	Khal-Hasidim	folkloristics	story_type_prognostication	folkloristics:story_type_prognostication	minor	yes	yes
Khal-Hasidim_0170	Khal-Hasidim	folkloristics	story_type_protection	folkloristics:story_type_protection	minor	yes	yes
Khal-Hasidim_0170	Khal-Hasidim	folkloristics	story_type_virtues	folkloristics:story_type_virtues	minor	yes	yes
Khal-Hasidim_0170	Khal-Hasidim	knowledge	esoteric	knowledge:esoteric	minor	yes	yes
Khal-Hasidim_0170	Khal-Hasidim	practice	drinking_alcohol	practice:drinking_alcohol	minor	yes	yes
Khal-Hasidim_0170	Khal-Hasidim	practice	pidyon_shvuyim	practice:pidyon_shvuyim	minor	yes	yes
Khal-Hasidim_0170	Khal-Hasidim	practice	protection	practice:protection	minor	yes	yes
Khal-Hasidim_0170	Khal-Hasidim	social	inter_hasidic_master_disciple_relationship	social:inter_hasidic_master_disciple_relationship	minor	yes	yes
Khal-Hasidim_0170	Khal-Hasidim	social	relations_with_non_jews	social:relations_with_non_jews	minor	yes	yes
Khal-Hasidim_0170	Khal-Hasidim	social	retrospective_recognition	social:retrospective_recognition	minor	yes	yes
Khal-Hasidim_0170	Khal-Hasidim	supernatural	miracle	supernatural:miracle	minor	yes	yes
Khal-Hasidim_0170	Khal-Hasidim	supernatural	perception	supernatural:perception	minor	yes	yes
Khal-Hasidim_0170	Khal-Hasidim	times	death	times:death	minor	yes	yes
Khal-Hasidim_0171	Khal-Hasidim	characters-and-roles	the_family_of_the_tsaddik	characters-and-roles:the_family_of_the_tsaddik	minor	yes	yes
Khal-Hasidim_0171	Khal-Hasidim	ethics-and-emotions	anger	ethics-and-emotions:anger	minor	yes	yes
Khal-Hasidim_0171	Khal-Hasidim	ethics-and-emotions	fear	ethics-and-emotions:fear	minor	yes	yes
Khal-Hasidim_0171	Khal-Hasidim	experience	devekut	experience:devekut	minor	yes	yes
Khal-Hasidim_0171	Khal-Hasidim	experience	enthusiasm	experience:enthusiasm	minor	yes	yes
Khal-Hasidim_0171	Khal-Hasidim	folkloristics	story_type_rapprochement	folkloristics:story_type_rapprochement	minor	yes	yes
Khal-Hasidim_0171	Khal-Hasidim	kabbalah	kabbalistic_terms_yihudim	kabbalah:kabbalistic_terms_yihudim	minor	yes	yes
Khal-Hasidim_0171	Khal-Hasidim	practice	circumcision	practice:circumcision	minor	yes	yes
Khal-Hasidim_0171	Khal-Hasidim	practice	devekut	practice:devekut	minor	yes	yes
Khal-Hasidim_0171	Khal-Hasidim	practice	meditation	practice:meditation	minor	yes	yes
Khal-Hasidim_0171	Khal-Hasidim	practice	study	practice:study	minor	yes	yes
Khal-Hasidim_0171	Khal-Hasidim	practice	travel_to_other_tsaddik	practice:travel_to_other_tsaddik	minor	yes	yes
Khal-Hasidim_0171	Khal-Hasidim	practice	travel_to_the_tsaddik	practice:travel_to_the_tsaddik	minor	yes	yes
Khal-Hasidim_0171	Khal-Hasidim	practice	tvilah	practice:tvilah	minor	yes	yes
Khal-Hasidim_0171	Khal-Hasidim	social	inter_hasidic	social:inter_hasidic	minor	yes	yes
Khal-Hasidim_0171	Khal-Hasidim	social	inter_hasidic_conflict_between_tsaddikim	social:inter_hasidic_conflict_between_tsaddikim	minor	yes	yes
Khal-Hasidim_0171	Khal-Hasidim	social	inter_hasidic_master_disciple_relationship	social:inter_hasidic_master_disciple_relationship	minor	yes	yes
Khal-Hasidim_0171	Khal-Hasidim	supernatural	light_or_fire_as_a_sign_of_righteousness	supernatural:light_or_fire_as_a_sign_of_righteousness	minor	yes	yes
Khal-Hasidim_0171	Khal-Hasidim	supernatural	perception	supernatural:perception	minor	yes	yes
Khal-Hasidim_0172	Khal-Hasidim	ethics-and-emotions	punishment	ethics-and-emotions:punishment	mention_only	yes	no
Khal-Hasidim_0172	Khal-Hasidim	ethics-and-emotions	shame	ethics-and-emotions:shame	mention_only	yes	no
Khal-Hasidim_0172	Khal-Hasidim	folkloristics	story_type_parable	folkloristics:story_type_parable	mention_only	yes	no
Khal-Hasidim_0172	Khal-Hasidim	practice	storytelling	practice:storytelling	mention_only	yes	no
Khal-Hasidim_0172	Khal-Hasidim	social	relations_with_the_authorities	social:relations_with_the_authorities	mention_only	yes	no
Khal-Hasidim_0172	Khal-Hasidim	supernatural	communicating_with_the_invisible	supernatural:communicating_with_the_invisible	mention_only	yes	no
Khal-Hasidim_0172	Khal-Hasidim	supernatural	reincarnation	supernatural:reincarnation	mention_only	yes	no
Khal-Hasidim_0173	Khal-Hasidim	ethics-and-emotions	anger	ethics-and-emotions:anger	catalyst	yes	yes
Khal-Hasidim_0173	Khal-Hasidim	ethics-and-emotions	fear	ethics-and-emotions:fear	catalyst	yes	yes
Khal-Hasidim_0173	Khal-Hasidim	ethics-and-emotions	joy	ethics-and-emotions:joy	catalyst	yes	yes
Khal-Hasidim_0173	Khal-Hasidim	ethics-and-emotions	prohibitions	ethics-and-emotions:prohibitions	catalyst	yes	yes
Khal-Hasidim_0173	Khal-Hasidim	ethics-and-emotions	repentance	ethics-and-emotions:repentance	catalyst	yes	yes
Khal-Hasidim_0173	Khal-Hasidim	ethics-and-emotions	sadness	ethics-and-emotions:sadness	catalyst	yes	yes
Khal-Hasidim_0173	Khal-Hasidim	ethics-and-emotions	virtues	ethics-and-emotions:virtues	catalyst	yes	yes
Khal-Hasidim_0173	Khal-Hasidim	experience	dream	experience:dream	catalyst	yes	yes
Khal-Hasidim_0173	Khal-Hasidim	experience	revelation	experience:revelation	catalyst	yes	yes
Khal-Hasidim_0173	Khal-Hasidim	practice	prayer	practice:prayer	catalyst	yes	yes
Khal-Hasidim_0173	Khal-Hasidim	practice	tvilah	practice:tvilah	catalyst	yes	yes
Khal-Hasidim_0173	Khal-Hasidim	social	conflict	social:conflict	catalyst	yes	yes
Khal-Hasidim_0173	Khal-Hasidim	social	relations_with_non_jews	social:relations_with_non_jews	catalyst	yes	yes
Khal-Hasidim_0173	Khal-Hasidim	social	relations_with_sinners	social:relations_with_sinners	catalyst	yes	yes
Khal-Hasidim_0173	Khal-Hasidim	social	relations_with_the_authorities	social:relations_with_the_authorities	catalyst	yes	yes
Khal-Hasidim_0173	Khal-Hasidim	social	retrospective_recognition	social:retrospective_recognition	catalyst	yes	yes
Khal-Hasidim_0173	Khal-Hasidim	spaces	heaven	spaces:heaven	catalyst	yes	yes
Khal-Hasidim_0173	Khal-Hasidim	supernatural	communicating_with_the_invisible	supernatural:communicating_with_the_invisible	catalyst	yes	yes
Khal-Hasidim_0173	Khal-Hasidim	supernatural	miracle	supernatural:miracle	catalyst	yes	yes
Khal-Hasidim_0173	Khal-Hasidim	supernatural	perception	supernatural:perception	catalyst	yes	yes
Khal-Hasidim_0173	Khal-Hasidim	times	death	times:death	catalyst	yes	yes
Khal-Hasidim_0174	Khal-Hasidim	characters-and-roles	preacher	characters-and-roles:preacher	minor	yes	yes
Khal-Hasidim_0174	Khal-Hasidim	characters-and-roles	the_family_of_the_tsaddik	characters-and-roles:the_family_of_the_tsaddik	minor	yes	yes
Khal-Hasidim_0174	Khal-Hasidim	ethics-and-emotions	anger	ethics-and-emotions:anger	minor	yes	yes
Khal-Hasidim_0174	Khal-Hasidim	ethics-and-emotions	awe	ethics-and-emotions:awe	minor	yes	yes
Khal-Hasidim_0174	Khal-Hasidim	ethics-and-emotions	fear	ethics-and-emotions:fear	minor	yes	yes
Khal-Hasidim_0174	Khal-Hasidim	ethics-and-emotions	lying	ethics-and-emotions:lying	minor	yes	yes
Khal-Hasidim_0174	Khal-Hasidim	experience	enthusiasm	experience:enthusiasm	minor	yes	yes
Khal-Hasidim_0174	Khal-Hasidim	folkloristics	story_type_virtues	folkloristics:story_type_virtues	minor	yes	yes
Khal-Hasidim_0174	Khal-Hasidim	knowledge	esoteric	knowledge:esoteric	minor	yes	yes
Khal-Hasidim_0174	Khal-Hasidim	practice	dance	practice:dance	minor	yes	yes
Khal-Hasidim_0174	Khal-Hasidim	practice	pilgrimage_to_the_graves_of_tsaddikim	practice:pilgrimage_to_the_graves_of_tsaddikim	minor	yes	yes
Khal-Hasidim_0174	Khal-Hasidim	practice	prayer	practice:prayer	minor	yes	yes
Khal-Hasidim_0174	Khal-Hasidim	practice	recitation_of_psalms	practice:recitation_of_psalms	minor	yes	yes
Khal-Hasidim_0174	Khal-Hasidim	practice	ritual_slaughtering	practice:ritual_slaughtering	minor	yes	yes
Khal-Hasidim_0174	Khal-Hasidim	practice	study	practice:study	minor	yes	yes
Khal-Hasidim_0174	Khal-Hasidim	practice	tefillin	practice:tefillin	minor	yes	yes
Khal-Hasidim_0174	Khal-Hasidim	practice	travel_to_the_tsaddik	practice:travel_to_the_tsaddik	minor	yes	yes
Khal-Hasidim_0174	Khal-Hasidim	practice	tvilah	practice:tvilah	minor	yes	yes
Khal-Hasidim_0174	Khal-Hasidim	social	conflict	social:conflict	minor	yes	yes
Khal-Hasidim_0174	Khal-Hasidim	social	inter_hasidic	social:inter_hasidic	minor	yes	yes
Khal-Hasidim_0174	Khal-Hasidim	social	inter_hasidic_inheritance_of_leadership	social:inter_hasidic_inheritance_of_leadership	minor	yes	yes
Khal-Hasidim_0174	Khal-Hasidim	social	inter_hasidic_master_disciple_relationship	social:inter_hasidic_master_disciple_relationship	minor	yes	yes
Khal-Hasidim_0174	Khal-Hasidim	social	relations_with_non_hasidim	social:relations_with_non_hasidim	minor	yes	yes
Khal-Hasidim_0174	Khal-Hasidim	social	relations_with_non_jews	social:relations_with_non_jews	minor	yes	yes
Khal-Hasidim_0174	Khal-Hasidim	social	relations_with_the_authorities	social:relations_with_the_authorities	minor	yes	yes
Khal-Hasidim_0174	Khal-Hasidim	social	retrospective_recognition	social:retrospective_recognition	minor	yes	yes
Khal-Hasidim_0174	Khal-Hasidim	supernatural	communicating_with_the_invisible	supernatural:communicating_with_the_invisible	minor	yes	yes
Khal-Hasidim_0174	Khal-Hasidim	supernatural	magic	supernatural:magic	minor	yes	yes
Khal-Hasidim_0174	Khal-Hasidim	supernatural	miracle	supernatural:miracle	minor	yes	yes
Khal-Hasidim_0174	Khal-Hasidim	supernatural	perception	supernatural:perception	minor	yes	yes
Khal-Hasidim_0174	Khal-Hasidim	supernatural	prognostication	supernatural:prognostication	minor	yes	yes
Khal-Hasidim_0174	Khal-Hasidim	times	birth	times:birth	minor	yes	yes
Khal-Hasidim_0174	Khal-Hasidim	times	death	times:death	minor	yes	yes
Khal-Hasidim_0174	Khal-Hasidim	times	shabbat	times:shabbat	minor	yes	yes
Khal-Hasidim_0175	Khal-Hasidim	social	conflict	social:conflict	none	no	no
Khal-Hasidim_0175	Khal-Hasidim	social	relations_with_non_jews	social:relations_with_non_jews	none	no	no
Khal-Hasidim_0175	Khal-Hasidim	social	relations_with_the_authorities	social:relations_with_the_authorities	none	no	no
Khal-Hasidim_0175	Khal-Hasidim	supernatural	prognostication	supernatural:prognostication	none	no	no
Khal-Hasidim_0175	Khal-Hasidim	times	historical_event	times:historical_event	none	no	no
Khal-Hasidim_0176	Khal-Hasidim	experience	devekut	experience:devekut	none	no	no
Khal-Hasidim_0176	Khal-Hasidim	practice	devekut	practice:devekut	none	no	no
Khal-Hasidim_0176	Khal-Hasidim	social	conflict	social:conflict	none	no	no
Khal-Hasidim_0176	Khal-Hasidim	social	relations_with_non_hasidim	social:relations_with_non_hasidim	none	no	no
Khal-Hasidim_0176	Khal-Hasidim	social	relations_with_non_jews	social:relations_with_non_jews	none	no	no
Khal-Hasidim_0176	Khal-Hasidim	social	relations_with_the_authorities	social:relations_with_the_authorities	none	no	no
Khal-Hasidim_0176	Khal-Hasidim	times	shabbat	times:shabbat	none	no	no
Khal-Hasidim_0177	Khal-Hasidim	ethics-and-emotions	adultery	ethics-and-emotions:adultery	mention_only	yes	no
Khal-Hasidim_0177	Khal-Hasidim	ethics-and-emotions	anger	ethics-and-emotions:anger	mention_only	yes	no
Khal-Hasidim_0177	Khal-Hasidim	ethics-and-emotions	charity	ethics-and-emotions:charity	mention_only	yes	no
Khal-Hasidim_0177	Khal-Hasidim	ethics-and-emotions	fear	ethics-and-emotions:fear	mention_only	yes	no
Khal-Hasidim_0177	Khal-Hasidim	ethics-and-emotions	lust	ethics-and-emotions:lust	mention_only	yes	no
Khal-Hasidim_0177	Khal-Hasidim	ethics-and-emotions	lying	ethics-and-emotions:lying	mention_only	yes	no
Khal-Hasidim_0177	Khal-Hasidim	ethics-and-emotions	prohibitions	ethics-and-emotions:prohibitions	mention_only	yes	no
Khal-Hasidim_0177	Khal-Hasidim	ethics-and-emotions	punishment	ethics-and-emotions:punishment	mention_only	yes	no
Khal-Hasidim_0177	Khal-Hasidim	ethics-and-emotions	shame	ethics-and-emotions:shame	mention_only	yes	no
Khal-Hasidim_0177	Khal-Hasidim	practice	music	practice:music	mention_only	yes	no
Khal-Hasidim_0177	Khal-Hasidim	social	conflict	social:conflict	mention_only	yes	no
Khal-Hasidim_0177	Khal-Hasidim	social	relations_with_non_hasidim	social:relations_with_non_hasidim	mention_only	yes	no
Khal-Hasidim_0177	Khal-Hasidim	social	relations_with_non_jews	social:relations_with_non_jews	mention_only	yes	no
Khal-Hasidim_0177	Khal-Hasidim	social	relations_with_the_authorities	social:relations_with_the_authorities	mention_only	yes	no
Khal-Hasidim_0177	Khal-Hasidim	social	retrospective_recognition	social:retrospective_recognition	mention_only	yes	no
Khal-Hasidim_0177	Khal-Hasidim	supernatural	prognostication	supernatural:prognostication	mention_only	yes	no
Khal-Hasidim_0178	Khal-Hasidim	ethics-and-emotions	humility	ethics-and-emotions:humility	catalyst	yes	yes
Khal-Hasidim_0178	Khal-Hasidim	ethics-and-emotions	lying	ethics-and-emotions:lying	catalyst	yes	yes
Khal-Hasidim_0178	Khal-Hasidim	practice	study	practice:study	catalyst	yes	yes
Khal-Hasidim_0178	Khal-Hasidim	practice	tvilah	practice:tvilah	catalyst	yes	yes
Khal-Hasidim_0178	Khal-Hasidim	social	conflict	social:conflict	catalyst	yes	yes
Khal-Hasidim_0178	Khal-Hasidim	social	inter_hasidic_inheritance_of_leadership	social:inter_hasidic_inheritance_of_leadership	catalyst	yes	yes
Khal-Hasidim_0178	Khal-Hasidim	social	marriage	social:marriage	catalyst	yes	yes
Khal-Hasidim_0178	Khal-Hasidim	social	retrospective_recognition	social:retrospective_recognition	catalyst	yes	yes
Khal-Hasidim_0178	Khal-Hasidim	supernatural	perception	supernatural:perception	catalyst	yes	yes
Khal-Hasidim_0178	Khal-Hasidim	times	death	times:death	catalyst	yes	yes
Khal-Hasidim_0179	Khal-Hasidim	ethics-and-emotions	lust	ethics-and-emotions:lust	minor	yes	yes
Khal-Hasidim_0179	Khal-Hasidim	ethics-and-emotions	lying	ethics-and-emotions:lying	minor	yes	yes
Khal-Hasidim_0179	Khal-Hasidim	knowledge	esoteric	knowledge:esoteric	minor	yes	yes
Khal-Hasidim_0179	Khal-Hasidim	practice	recitation_of_psalms	practice:recitation_of_psalms	minor	yes	yes
Khal-Hasidim_0179	Khal-Hasidim	practice	study	practice:study	minor	yes	yes
Khal-Hasidim_0179	Khal-Hasidim	social	inter_hasidic	social:inter_hasidic	minor	yes	yes
Khal-Hasidim_0179	Khal-Hasidim	social	inter_hasidic_master_disciple_relationship	social:inter_hasidic_master_disciple_relationship	minor	yes	yes
Khal-Hasidim_0179	Khal-Hasidim	social	retrospective_recognition	social:retrospective_recognition	minor	yes	yes
Khal-Hasidim_0179	Khal-Hasidim	supernatural	perception	supernatural:perception	minor	yes	yes
Khal-Hasidim_0180	Khal-Hasidim	ethics-and-emotions	humility	ethics-and-emotions:humility	none	no	no
Khal-Hasidim_0180	Khal-Hasidim	practice	tvilah	practice:tvilah	none	no	no
Khal-Hasidim_0180	Khal-Hasidim	social	conflict	social:conflict	none	no	no
Khal-Hasidim_0180	Khal-Hasidim	social	inter_hasidic	social:inter_hasidic	none	no	no
Khal-Hasidim_0180	Khal-Hasidim	social	inter_hasidic_master_disciple_relationship	social:inter_hasidic_master_disciple_relationship	none	no	no
Khal-Hasidim_0180	Khal-Hasidim	social	relations_with_non_hasidim	social:relations_with_non_hasidim	none	no	no
Khal-Hasidim_0180	Khal-Hasidim	times	death	times:death	none	no	no
Khal-Hasidim_0181	Khal-Hasidim	characters-and-roles	the_family_of_the_tsaddik	characters-and-roles:the_family_of_the_tsaddik	none	no	no
Khal-Hasidim_0181	Khal-Hasidim	practice	prayer	practice:prayer	none	no	no
Khal-Hasidim_0181	Khal-Hasidim	practice	sermon	practice:sermon	none	no	no
Khal-Hasidim_0181	Khal-Hasidim	practice	study	practice:study	none	no	no
Khal-Hasidim_0181	Khal-Hasidim	social	inter_hasidic	social:inter_hasidic	none	no	no
Khal-Hasidim_0181	Khal-Hasidim	social	inter_hasidic_inheritance_of_leadership	social:inter_hasidic_inheritance_of_leadership	none	no	no
Khal-Hasidim_0181	Khal-Hasidim	social	inter_hasidic_master_disciple_relationship	social:inter_hasidic_master_disciple_relationship	none	no	no
Khal-Hasidim_0181	Khal-Hasidim	times	death	times:death	none	no	no
Khal-Hasidim_0182	Khal-Hasidim	kabbalah		kabbalah	none	no	no
Khal-Hasidim_0182	Khal-Hasidim	practice	prayer	practice:prayer	none	no	no
Khal-Hasidim_0182	Khal-Hasidim	practice	study	practice:study	none	no	no
Khal-Hasidim_0182	Khal-Hasidim	practice	tefillin	practice:tefillin	none	no	no
Khal-Hasidim_0182	Khal-Hasidim	social	conflict	social:conflict	none	no	no
Khal-Hasidim_0182	Khal-Hasidim	social	relations_with_non_hasidim	social:relations_with_non_hasidim	none	no	no
Khal-Hasidim_0182	Khal-Hasidim	social	retrospective_recognition	social:retrospective_recognition	none	no	no
Khal-Hasidim_0183	Khal-Hasidim	practice	study	practice:study	none	no	no
Khal-Hasidim_0183	Khal-Hasidim	social	conflict	social:conflict	none	no	no
Khal-Hasidim_0183	Khal-Hasidim	social	relations_with_non_hasidim	social:relations_with_non_hasidim	none	no	no
Khal-Hasidim_0183	Khal-Hasidim	social	retrospective_recognition	social:retrospective_recognition	none	no	no
Khal-Hasidim_0184	Khal-Hasidim	practice	storytelling	practice:storytelling	none	no	no
Khal-Hasidim_0184	Khal-Hasidim	social	conflict	social:conflict	none	no	no
Khal-Hasidim_0184	Khal-Hasidim	social	inter_hasidic	social:inter_hasidic	none	no	no
Khal-Hasidim_0184	Khal-Hasidim	social	inter_hasidic_inheritance_of_leadership	social:inter_hasidic_inheritance_of_leadership	none	no	no
Khal-Hasidim_0184	Khal-Hasidim	social	inter_hasidic_master_disciple_relationship	social:inter_hasidic_master_disciple_relationship	none	no	no
Khal-Hasidim_0184	Khal-Hasidim	social	relations_with_non_hasidim	social:relations_with_non_hasidim	none	no	no
Khal-Hasidim_0184	Khal-Hasidim	supernatural	perception	supernatural:perception	none	no	no
Khal-Hasidim_0184	Khal-Hasidim	times	death	times:death	none	no	no
Khal-Hasidim_0184	Khal-Hasidim	times	shabbat	times:shabbat	none	no	no
Khal-Hasidim_0185	Khal-Hasidim	ethics-and-emotions	prohibitions	ethics-and-emotions:prohibitions	catalyst	yes	yes
Khal-Hasidim_0185	Khal-Hasidim	ethics-and-emotions	repentance	ethics-and-emotions:repentance	catalyst	yes	yes
Khal-Hasidim_0185	Khal-Hasidim	folkloristics	story_type_protection	folkloristics:story_type_protection	catalyst	yes	yes
Khal-Hasidim_0185	Khal-Hasidim	folkloristics	story_type_virtues	folkloristics:story_type_virtues	catalyst	yes	yes
Khal-Hasidim_0185	Khal-Hasidim	practice	clothing	practice:clothing	catalyst	yes	yes
Khal-Hasidim_0185	Khal-Hasidim	practice	protection	practice:protection	catalyst	yes	yes
Khal-Hasidim_0185	Khal-Hasidim	practice	sermon	practice:sermon	catalyst	yes	yes
Khal-Hasidim_0185	Khal-Hasidim	practice	storytelling	practice:storytelling	catalyst	yes	yes
Khal-Hasidim_0185	Khal-Hasidim	social	conflict	social:conflict	catalyst	yes	yes
Khal-Hasidim_0185	Khal-Hasidim	social	converts_and_conversion	social:converts_and_conversion	catalyst	yes	yes
Khal-Hasidim_0185	Khal-Hasidim	social	inter_hasidic	social:inter_hasidic	catalyst	yes	yes
Khal-Hasidim_0185	Khal-Hasidim	social	inter_hasidic_master_disciple_relationship	social:inter_hasidic_master_disciple_relationship	catalyst	yes	yes
Khal-Hasidim_0185	Khal-Hasidim	social	relations_with_non_jews	social:relations_with_non_jews	catalyst	yes	yes
Khal-Hasidim_0185	Khal-Hasidim	social	retrospective_recognition	social:retrospective_recognition	catalyst	yes	yes
Khal-Hasidim_0185	Khal-Hasidim	supernatural	magic	supernatural:magic	catalyst	yes	yes
Khal-Hasidim_0185	Khal-Hasidim	supernatural	miracle	supernatural:miracle	catalyst	yes	yes
Khal-Hasidim_0185	Khal-Hasidim	supernatural	perception	supernatural:perception	catalyst	yes	yes
Khal-Hasidim_0185	Khal-Hasidim	times	holidays	times:holidays	catalyst	yes	yes
Khal-Hasidim_0186	Khal-Hasidim	ethics-and-emotions	charity	ethics-and-emotions:charity	none	no	no
Khal-Hasidim_0186	Khal-Hasidim	social	inter_hasidic	social:inter_hasidic	none	no	no
Khal-Hasidim_0186	Khal-Hasidim	social	inter_hasidic_conflict_between_tsaddikim	social:inter_hasidic_conflict_between_tsaddikim	none	no	no
Khal-Hasidim_0186	Khal-Hasidim	spaces	the_land_of_israel	spaces:the_land_of_israel	none	no	no
Khal-Hasidim_0187	Khal-Hasidim	practice	business_advice	practice:business_advice	catalyst	yes	yes
Khal-Hasidim_0187	Khal-Hasidim	practice	healing	practice:healing	catalyst	yes	yes
Khal-Hasidim_0187	Khal-Hasidim	practice	reception_of_hasidim	practice:reception_of_hasidim	catalyst	yes	yes
Khal-Hasidim_0187	Khal-Hasidim	social	conflict	social:conflict	catalyst	yes	yes
Khal-Hasidim_0187	Khal-Hasidim	social	disobedience	social:disobedience	catalyst	yes	yes
Khal-Hasidim_0187	Khal-Hasidim	social	relations_with_non_hasidim	social:relations_with_non_hasidim	catalyst	yes	yes
Khal-Hasidim_0188	Khal-Hasidim	characters-and-roles	the_family_of_the_tsaddik	characters-and-roles:the_family_of_the_tsaddik	mention_only	yes	no
Khal-Hasidim_0188	Khal-Hasidim	ethics-and-emotions	anger	ethics-and-emotions:anger	mention_only	yes	no
Khal-Hasidim_0188	Khal-Hasidim	ethics-and-emotions	fear	ethics-and-emotions:fear	mention_only	yes	no
Khal-Hasidim_0188	Khal-Hasidim	ethics-and-emotions	pride	ethics-and-emotions:pride	mention_only	yes	no
Khal-Hasidim_0188	Khal-Hasidim	ethics-and-emotions	punishment	ethics-and-emotions:punishment	mention_only	yes	no
Khal-Hasidim_0188	Khal-Hasidim	ethics-and-emotions	shame	ethics-and-emotions:shame	mention_only	yes	no
Khal-Hasidim_0188	Khal-Hasidim	practice	pilgrimage_to_the_graves_of_tsaddikim	practice:pilgrimage_to_the_graves_of_tsaddikim	mention_only	yes	no
Khal-Hasidim_0188	Khal-Hasidim	practice	tefillin	practice:tefillin	mention_only	yes	no
Khal-Hasidim_0188	Khal-Hasidim	practice	tvilah	practice:tvilah	mention_only	yes	no
Khal-Hasidim_0188	Khal-Hasidim	social	conflict	social:conflict	mention_only	yes	no
Khal-Hasidim_0188	Khal-Hasidim	social	inter_hasidic	social:inter_hasidic	mention_only	yes	no
Khal-Hasidim_0188	Khal-Hasidim	social	inter_hasidic_conflict_between_tsaddikim	social:inter_hasidic_conflict_between_tsaddikim	mention_only	yes	no
Khal-Hasidim_0188	Khal-Hasidim	social	inter_hasidic_master_disciple_relationship	social:inter_hasidic_master_disciple_relationship	mention_only	yes	no
Khal-Hasidim_0188	Khal-Hasidim	supernatural	perception	supernatural:perception	mention_only	yes	no
Khal-Hasidim_0188	Khal-Hasidim	times	death	times:death	mention_only	yes	no
Khal-Hasidim_0189	Khal-Hasidim	practice	prayer	practice:prayer	none	no	no
Khal-Hasidim_0189	Khal-Hasidim	social	relations_with_the_authorities	social:relations_with_the_authorities	none	no	no
Khal-Hasidim_0189	Khal-Hasidim	supernatural	magic	supernatural:magic	none	no	no
Khal-Hasidim_0189	Khal-Hasidim	supernatural	prognostication	supernatural:prognostication	none	no	no
Khal-Hasidim_0189	Khal-Hasidim	times	death	times:death	none	no	no
Khal-Hasidim_0189	Khal-Hasidim	times	historical_event	times:historical_event	none	no	no
Khal-Hasidim_0189	Khal-Hasidim	times	holidays	times:holidays	none	no	no
Khal-Hasidim_0189	Khal-Hasidim	times	shabbat	times:shabbat	none	no	no
Khal-Hasidim_0190	Khal-Hasidim	characters-and-roles	the_family_of_the_tsaddik	characters-and-roles:the_family_of_the_tsaddik	none	no	no
Khal-Hasidim_0190	Khal-Hasidim	ethics-and-emotions	joy	ethics-and-emotions:joy	none	no	no
Khal-Hasidim_0190	Khal-Hasidim	ethics-and-emotions	sadness	ethics-and-emotions:sadness	none	no	no
Khal-Hasidim_0190	Khal-Hasidim	experience	devekut	experience:devekut	none	no	no
Khal-Hasidim_0190	Khal-Hasidim	folkloristics	story_type_death_of_the_tsaddik	folkloristics:story_type_death_of_the_tsaddik	none	no	no
Khal-Hasidim_0190	Khal-Hasidim	practice	devekut	practice:devekut	none	no	no
Khal-Hasidim_0190	Khal-Hasidim	practice	prayer	practice:prayer	none	no	no
Khal-Hasidim_0190	Khal-Hasidim	practice	study	practice:study	none	no	no
Khal-Hasidim_0190	Khal-Hasidim	social	inter_hasidic_master_disciple_relationship	social:inter_hasidic_master_disciple_relationship	none	no	no
Khal-Hasidim_0190	Khal-Hasidim	social	relations_with_the_authorities	social:relations_with_the_authorities	none	no	no
Khal-Hasidim_0190	Khal-Hasidim	supernatural	light_or_fire_as_a_sign_of_righteousness	supernatural:light_or_fire_as_a_sign_of_righteousness	none	no	no
Khal-Hasidim_0190	Khal-Hasidim	supernatural	perception	supernatural:perception	none	no	no
Khal-Hasidim_0190	Khal-Hasidim	times	death	times:death	none	no	no
Khal-Hasidim_0190	Khal-Hasidim	times	historical_event	times:historical_event	none	no	no
Khal-Hasidim_0191	Khal-Hasidim	folkloristics	story_type_death_of_the_tsaddik	folkloristics:story_type_death_of_the_tsaddik	none	no	no
Khal-Hasidim_0191	Khal-Hasidim	social	relations_with_non_jews	social:relations_with_non_jews	none	no	no
Khal-Hasidim_0191	Khal-Hasidim	times	death	times:death	none	no	no
Khal-Hasidim_0192	Khal-Hasidim	characters-and-roles	the_family_of_the_tsaddik	characters-and-roles:the_family_of_the_tsaddik	mention_only	yes	no
Khal-Hasidim_0192	Khal-Hasidim	kabbalah		kabbalah	mention_only	yes	no
Khal-Hasidim_0192	Khal-Hasidim	practice	study	practice:study	mention_only	yes	no
Khal-Hasidim_0192	Khal-Hasidim	social	inter_hasidic_inheritance_of_leadership	social:inter_hasidic_inheritance_of_leadership	mention_only	yes	no
Khal-Hasidim_0192	Khal-Hasidim	social	inter_hasidic_master_disciple_relationship	social:inter_hasidic_master_disciple_relationship	mention_only	yes	no
Khal-Hasidim_0192	Khal-Hasidim	social	marriage	social:marriage	mention_only	yes	no
Khal-Hasidim_0192	Khal-Hasidim	supernatural	perception	supernatural:perception	mention_only	yes	no
Khal-Hasidim_0192	Khal-Hasidim	times	death	times:death	mention_only	yes	no
Khal-Hasidim_0193	Khal-Hasidim	characters-and-roles	demons	characters-and-roles:demons	mention_only	yes	no
Khal-Hasidim_0193	Khal-Hasidim	ethics-and-emotions	anger	ethics-and-emotions:anger	mention_only	yes	no
Khal-Hasidim_0193	Khal-Hasidim	ethics-and-emotions	fear	ethics-and-emotions:fear	mention_only	yes	no
Khal-Hasidim_0193	Khal-Hasidim	experience	dream	experience:dream	mention_only	yes	no
Khal-Hasidim_0193	Khal-Hasidim	folkloristics	story_type_protection	folkloristics:story_type_protection	mention_only	yes	no
Khal-Hasidim_0193	Khal-Hasidim	folkloristics	story_type_rapprochement	folkloristics:story_type_rapprochement	mention_only	yes	no
Khal-Hasidim_0193	Khal-Hasidim	folkloristics	story_type_virtues	folkloristics:story_type_virtues	mention_only	yes	no
Khal-Hasidim_0193	Khal-Hasidim	practice	healing	practice:healing	mention_only	yes	no
Khal-Hasidim_0193	Khal-Hasidim	practice	pilgrimage_to_the_graves_of_tsaddikim	practice:pilgrimage_to_the_graves_of_tsaddikim	mention_only	yes	no
Khal-Hasidim_0193	Khal-Hasidim	practice	reception_of_hasidim	practice:reception_of_hasidim	mention_only	yes	no
Khal-Hasidim_0193	Khal-Hasidim	practice	recitation_of_psalms	practice:recitation_of_psalms	mention_only	yes	no
Khal-Hasidim_0193	Khal-Hasidim	practice	smoking	practice:smoking	mention_only	yes	no
Khal-Hasidim_0193	Khal-Hasidim	practice	storytelling	practice:storytelling	mention_only	yes	no
Khal-Hasidim_0193	Khal-Hasidim	practice	tefillin	practice:tefillin	mention_only	yes	no
Khal-Hasidim_0193	Khal-Hasidim	practice	travel_to_the_tsaddik	practice:travel_to_the_tsaddik	mention_only	yes	no
Khal-Hasidim_0193	Khal-Hasidim	social	conflict	social:conflict	mention_only	yes	no
Khal-Hasidim_0193	Khal-Hasidim	social	inter_hasidic	social:inter_hasidic	mention_only	yes	no
Khal-Hasidim_0193	Khal-Hasidim	social	inter_hasidic_master_disciple_relationship	social:inter_hasidic_master_disciple_relationship	mention_only	yes	no
Khal-Hasidim_0193	Khal-Hasidim	social	relations_with_non_hasidim	social:relations_with_non_hasidim	mention_only	yes	no
Khal-Hasidim_0193	Khal-Hasidim	spaces	institutions_hassidic_court	spaces:institutions_hassidic_court	mention_only	yes	no
Khal-Hasidim_0193	Khal-Hasidim	supernatural	communicating_with_the_invisible	supernatural:communicating_with_the_invisible	mention_only	yes	no
Khal-Hasidim_0193	Khal-Hasidim	supernatural	light_or_fire_as_a_sign_of_righteousness	supernatural:light_or_fire_as_a_sign_of_righteousness	mention_only	yes	no
Khal-Hasidim_0193	Khal-Hasidim	supernatural	magic	supernatural:magic	mention_only	yes	no
Khal-Hasidim_0193	Khal-Hasidim	supernatural	miracle	supernatural:miracle	mention_only	yes	no
Khal-Hasidim_0193	Khal-Hasidim	supernatural	perception	supernatural:perception	mention_only	yes	no
Khal-Hasidim_0193	Khal-Hasidim	times	death	times:death	mention_only	yes	no
Khal-Hasidim_0193	Khal-Hasidim	times	holidays	times:holidays	mention_only	yes	no
Khal-Hasidim_0193	Khal-Hasidim	times	shabbat	times:shabbat	mention_only	yes	no
Khal-Hasidim_0194	Khal-Hasidim	experience	enthusiasm	experience:enthusiasm	none	no	no
Khal-Hasidim_0194	Khal-Hasidim	folkloristics	story_type_death_of_the_tsaddik	folkloristics:story_type_death_of_the_tsaddik	none	no	no
Khal-Hasidim_0194	Khal-Hasidim	practice	dance	practice:dance	none	no	no
Khal-Hasidim_0194	Khal-Hasidim	practice	prayer	practice:prayer	none	no	no
Khal-Hasidim_0194	Khal-Hasidim	practice	sermon	practice:sermon	none	no	no
Khal-Hasidim_0194	Khal-Hasidim	times	death	times:death	none	no	no
Khal-Hasidim_0195	Khal-Hasidim	practice	prayer	practice:prayer	none	no	no
Khal-Hasidim_0195	Khal-Hasidim	supernatural	magic	supernatural:magic	none	no	no
Khal-Hasidim_0195	Khal-Hasidim	times	holidays	times:holidays	none	no	no
Khal-Hasidim_0196	Khal-Hasidim	practice	prayer	practice:prayer	none	no	no
Khal-Hasidim_0196	Khal-Hasidim	practice	protection	practice:protection	none	no	no
Khal-Hasidim_0196	Khal-Hasidim	practice	study	practice:study	none	no	no
Khal-Hasidim_0196	Khal-Hasidim	social	relations_with_the_authorities	social:relations_with_the_authorities	none	no	no
Khal-Hasidim_0196	Khal-Hasidim	supernatural	miracle	supernatural:miracle	none	no	no
Khal-Hasidim_0197	Khal-Hasidim	ethics-and-emotions	virtues	ethics-and-emotions:virtues	none	no	no
Khal-Hasidim_0197	Khal-Hasidim	folkloristics	story_type_rapprochement	folkloristics:story_type_rapprochement	none	no	no
Khal-Hasidim_0197	Khal-Hasidim	practice	reception_of_hasidim	practice:reception_of_hasidim	none	no	no
Khal-Hasidim_0197	Khal-Hasidim	practice	sermon	practice:sermon	none	no	no
Khal-Hasidim_0197	Khal-Hasidim	practice	study	practice:study	none	no	no
Khal-Hasidim_0197	Khal-Hasidim	practice	travel_to_the_tsaddik	practice:travel_to_the_tsaddik	none	no	no
Khal-Hasidim_0197	Khal-Hasidim	social	inter_hasidic	social:inter_hasidic	none	no	no
Khal-Hasidim_0197	Khal-Hasidim	social	inter_hasidic_master_disciple_relationship	social:inter_hasidic_master_disciple_relationship	none	no	no
Khal-Hasidim_0197	Khal-Hasidim	social	relations_with_non_hasidim	social:relations_with_non_hasidim	none	no	no
Khal-Hasidim_0197	Khal-Hasidim	supernatural	perception	supernatural:perception	none	no	no
Khal-Hasidim_0198	Khal-Hasidim	ethics-and-emotions	humility	ethics-and-emotions:humility	none	no	no
Khal-Hasidim_0198	Khal-Hasidim	ethics-and-emotions	pride	ethics-and-emotions:pride	none	no	no
Khal-Hasidim_0198	Khal-Hasidim	ethics-and-emotions	prohibitions	ethics-and-emotions:prohibitions	none	no	no
Khal-Hasidim_0198	Khal-Hasidim	ethics-and-emotions	virtues	ethics-and-emotions:virtues	none	no	no
Khal-Hasidim_0198	Khal-Hasidim	social	relations_with_non_hasidim	social:relations_with_non_hasidim	none	no	no
Khal-Hasidim_0199	Khal-Hasidim	practice	asceticism	practice:asceticism	none	no	no
Khal-Hasidim_0199	Khal-Hasidim	practice	fasting	practice:fasting	none	no	no
Khal-Hasidim_0199	Khal-Hasidim	practice	study	practice:study	none	no	no
Khal-Hasidim_0199	Khal-Hasidim	social	conflict	social:conflict	none	no	no
Khal-Hasidim_0199	Khal-Hasidim	social	relations_with_non_hasidim	social:relations_with_non_hasidim	none	no	no
Khal-Hasidim_0199	Khal-Hasidim	social	relations_with_non_jews	social:relations_with_non_jews	none	no	no
Khal-Hasidim_0199	Khal-Hasidim	social	relations_with_the_authorities	social:relations_with_the_authorities	none	no	no
Khal-Hasidim_0199	Khal-Hasidim	supernatural	perception	supernatural:perception	none	no	no
Khal-Hasidim_0200	Khal-Hasidim	ethics-and-emotions	humility	ethics-and-emotions:humility	none	no	no
Khal-Hasidim_0200	Khal-Hasidim	kabbalah		kabbalah	none	no	no
Khal-Hasidim_0200	Khal-Hasidim	knowledge	esoteric	knowledge:esoteric	none	no	no
Khal-Hasidim_0200	Khal-Hasidim	practice	storytelling	practice:storytelling	none	no	no
Khal-Hasidim_0200	Khal-Hasidim	social	inter_hasidic_master_disciple_relationship	social:inter_hasidic_master_disciple_relationship	none	no	no
Khal-Hasidim_0201	Khal-Hasidim	ethics-and-emotions	humility	ethics-and-emotions:humility	none	no	no
Khal-Hasidim_0201	Khal-Hasidim	folkloristics	story_type_virtues	folkloristics:story_type_virtues	none	no	no
Khal-Hasidim_0202	Khal-Hasidim	characters-and-roles	the_family_of_the_tsaddik	characters-and-roles:the_family_of_the_tsaddik	minor	yes	yes
Khal-Hasidim_0202	Khal-Hasidim	ethics-and-emotions	anger	ethics-and-emotions:anger	minor	yes	yes
Khal-Hasidim_0202	Khal-Hasidim	ethics-and-emotions	awe	ethics-and-emotions:awe	minor	yes	yes
Khal-Hasidim_0202	Khal-Hasidim	ethics-and-emotions	charity	ethics-and-emotions:charity	minor	yes	yes
Khal-Hasidim_0202	Khal-Hasidim	ethics-and-emotions	fear	ethics-and-emotions:fear	minor	yes	yes
Khal-Hasidim_0202	Khal-Hasidim	ethics-and-emotions	joy	ethics-and-emotions:joy	minor	yes	yes
Khal-Hasidim_0202	Khal-Hasidim	ethics-and-emotions	lying	ethics-and-emotions:lying	minor	yes	yes
Khal-Hasidim_0202	Khal-Hasidim	ethics-and-emotions	punishment	ethics-and-emotions:punishment	minor	yes	yes
Khal-Hasidim_0202	Khal-Hasidim	ethics-and-emotions	repentance	ethics-and-emotions:repentance	minor	yes	yes
Khal-Hasidim_0202	Khal-Hasidim	ethics-and-emotions	virtues	ethics-and-emotions:virtues	minor	yes	yes
Khal-Hasidim_0202	Khal-Hasidim	experience	enthusiasm	experience:enthusiasm	minor	yes	yes
Khal-Hasidim_0202	Khal-Hasidim	folkloristics	story_type_advent	folkloristics:story_type_advent	minor	yes	yes
Khal-Hasidim_0202	Khal-Hasidim	folkloristics	story_type_prognostication	folkloristics:story_type_prognostication	minor	yes	yes
Khal-Hasidim_0202	Khal-Hasidim	folkloristics	story_type_virtues	folkloristics:story_type_virtues	minor	yes	yes
Khal-Hasidim_0202	Khal-Hasidim	practice	storytelling	practice:storytelling	minor	yes	yes
Khal-Hasidim_0202	Khal-Hasidim	practice	study	practice:study	minor	yes	yes
Khal-Hasidim_0202	Khal-Hasidim	practice	tvilah	practice:tvilah	minor	yes	yes
Khal-Hasidim_0202	Khal-Hasidim	social	conflict	social:conflict	minor	yes	yes
Khal-Hasidim_0202	Khal-Hasidim	social	disobedience	social:disobedience	minor	yes	yes
Khal-Hasidim_0202	Khal-Hasidim	social	inter_hasidic	social:inter_hasidic	minor	yes	yes
Khal-Hasidim_0202	Khal-Hasidim	social	inter_hasidic_master_disciple_relationship	social:inter_hasidic_master_disciple_relationship	minor	yes	yes
Khal-Hasidim_0202	Khal-Hasidim	social	poverty	social:poverty	minor	yes	yes
Khal-Hasidim_0202	Khal-Hasidim	social	relations_with_sinners	social:relations_with_sinners	minor	yes	yes
Khal-Hasidim_0202	Khal-Hasidim	social	relations_with_the_authorities	social:relations_with_the_authorities	minor	yes	yes
Khal-Hasidim_0202	Khal-Hasidim	spaces	beth_midrash	spaces:beth_midrash	minor	yes	yes
Khal-Hasidim_0202	Khal-Hasidim	spaces	heaven	spaces:heaven	minor	yes	yes
Khal-Hasidim_0202	Khal-Hasidim	supernatural	communicating_with_the_invisible	supernatural:communicating_with_the_invisible	minor	yes	yes
Khal-Hasidim_0202	Khal-Hasidim	supernatural	miracle	supernatural:miracle	minor	yes	yes
Khal-Hasidim_0202	Khal-Hasidim	supernatural	perception	supernatural:perception	minor	yes	yes
Khal-Hasidim_0202	Khal-Hasidim	supernatural	pregnancy	supernatural:pregnancy	minor	yes	yes
Khal-Hasidim_0202	Khal-Hasidim	supernatural	prognostication	supernatural:prognostication	minor	yes	yes
Khal-Hasidim_0202	Khal-Hasidim	times	birth	times:birth	minor	yes	yes
Khal-Hasidim_0202	Khal-Hasidim	times	holidays	times:holidays	minor	yes	yes
Khal-Hasidim_0203	Khal-Hasidim	experience	devekut	experience:devekut	none	no	no
Khal-Hasidim_0203	Khal-Hasidim	practice	devekut	practice:devekut	none	no	no
Khal-Hasidim_0203	Khal-Hasidim	practice	prayer	practice:prayer	none	no	no
Khal-Hasidim_0204	Khal-Hasidim	characters-and-roles	hidden_righteous	characters-and-roles:hidden_righteous	mention_only	yes	no
Khal-Hasidim_0204	Khal-Hasidim	characters-and-roles	ritual_slaughterer	characters-and-roles:ritual_slaughterer	mention_only	yes	no
Khal-Hasidim_0204	Khal-Hasidim	practice	releasing_agunot	practice:releasing_agunot	mention_only	yes	no
Khal-Hasidim_0204	Khal-Hasidim	practice	travel_to_the_tsaddik	practice:travel_to_the_tsaddik	mention_only	yes	no
Khal-Hasidim_0204	Khal-Hasidim	social	conflict	social:conflict	mention_only	yes	no
Khal-Hasidim_0204	Khal-Hasidim	social	inter_hasidic_master_disciple_relationship	social:inter_hasidic_master_disciple_relationship	mention_only	yes	no
Khal-Hasidim_0204	Khal-Hasidim	supernatural	perception	supernatural:perception	mention_only	yes	no
Khal-Hasidim_0204	Khal-Hasidim	times	birth	times:birth	mention_only	yes	no
Khal-Hasidim_0205	Khal-Hasidim	ethics-and-emotions	anger	ethics-and-emotions:anger	none	no	no
Khal-Hasidim_0205	Khal-Hasidim	folkloristics	story_type_advent	folkloristics:story_type_advent	none	no	no
Khal-Hasidim_0205	Khal-Hasidim	practice	pidyon_nefesh	practice:pidyon_nefesh	none	no	no
Khal-Hasidim_0205	Khal-Hasidim	practice	releasing_agunot	practice:releasing_agunot	none	no	no
Khal-Hasidim_0205	Khal-Hasidim	social	conflict	social:conflict	none	no	no
Khal-Hasidim_0205	Khal-Hasidim	social	inter_hasidic	social:inter_hasidic	none	no	no
Khal-Hasidim_0205	Khal-Hasidim	supernatural	magic	supernatural:magic	none	no	no
Khal-Hasidim_0206	Khal-Hasidim	characters-and-roles	hidden_righteous	characters-and-roles:hidden_righteous	none	no	no
Khal-Hasidim_0206	Khal-Hasidim	characters-and-roles	the_family_of_the_tsaddik	characters-and-roles:the_family_of_the_tsaddik	none	no	no
Khal-Hasidim_0206	Khal-Hasidim	ethics-and-emotions	anger	ethics-and-emotions:anger	none	no	no
Khal-Hasidim_0206	Khal-Hasidim	ethics-and-emotions	awe	ethics-and-emotions:awe	none	no	no
Khal-Hasidim_0206	Khal-Hasidim	ethics-and-emotions	charity	ethics-and-emotions:charity	none	no	no
Khal-Hasidim_0206	Khal-Hasidim	ethics-and-emotions	humility	ethics-and-emotions:humility	none	no	no
Khal-Hasidim_0206	Khal-Hasidim	ethics-and-emotions	punishment	ethics-and-emotions:punishment	none	no	no
Khal-Hasidim_0206	Khal-Hasidim	ethics-and-emotions	virtues	ethics-and-emotions:virtues	none	no	no
Khal-Hasidim_0206	Khal-Hasidim	experience	enthusiasm	experience:enthusiasm	none	no	no
Khal-Hasidim_0206	Khal-Hasidim	folkloristics	story_type_virtues	folkloristics:story_type_virtues	none	no	no
Khal-Hasidim_0206	Khal-Hasidim	practice	prayer	practice:prayer	none	no	no
Khal-Hasidim_0206	Khal-Hasidim	practice	releasing_agunot	practice:releasing_agunot	none	no	no
Khal-Hasidim_0206	Khal-Hasidim	practice	storytelling	practice:storytelling	none	no	no
Khal-Hasidim_0206	Khal-Hasidim	practice	travel_to_the_tsaddik	practice:travel_to_the_tsaddik	none	no	no
Khal-Hasidim_0206	Khal-Hasidim	social	conflict	social:conflict	none	no	no
Khal-Hasidim_0206	Khal-Hasidim	social	inter_hasidic	social:inter_hasidic	none	no	no
Khal-Hasidim_0206	Khal-Hasidim	social	poverty	social:poverty	none	no	no
Khal-Hasidim_0206	Khal-Hasidim	spaces	heaven	spaces:heaven	none	no	no
Khal-Hasidim_0206	Khal-Hasidim	supernatural	magic	supernatural:magic	none	no	no
Khal-Hasidim_0206	Khal-Hasidim	supernatural	perception	supernatural:perception	none	no	no
Khal-Hasidim_0206	Khal-Hasidim	times	birth	times:birth	none	no	no
Khal-Hasidim_0206	Khal-Hasidim	times	holidays	times:holidays	none	no	no
Khal-Hasidim_0207	Khal-Hasidim	social	inter_hasidic_master_disciple_relationship	social:inter_hasidic_master_disciple_relationship	none	no	no
Khal-Hasidim_0208	Khal-Hasidim	ethics-and-emotions	repentance	ethics-and-emotions:repentance	none	no	no
Khal-Hasidim_0208	Khal-Hasidim	kabbalah	kabbalistic_terms_yihudim	kabbalah:kabbalistic_terms_yihudim	none	no	no
Khal-Hasidim_0208	Khal-Hasidim	practice	dance	practice:dance	none	no	no
Khal-Hasidim_0208	Khal-Hasidim	practice	meditation	practice:meditation	none	no	no
Khal-Hasidim_0208	Khal-Hasidim	practice	prayer	practice:prayer	none	no	no
Khal-Hasidim_0208	Khal-Hasidim	supernatural	magic	supernatural:magic	none	no	no
Khal-Hasidim_0208	Khal-Hasidim	supernatural	miracle	supernatural:miracle	none	no	no
Khal-Hasidim_0209	Khal-Hasidim	ethics-and-emotions	awe	ethics-and-emotions:awe	none	no	no
Khal-Hasidim_0209	Khal-Hasidim	experience	devekut	experience:devekut	none	no	no
Khal-Hasidim_0209	Khal-Hasidim	folkloristics	story_type_virtues	folkloristics:story_type_virtues	none	no	no
Khal-Hasidim_0209	Khal-Hasidim	kabbalah	kabbalistic_terms_yihudim	kabbalah:kabbalistic_terms_yihudim	none	no	no
Khal-Hasidim_0209	Khal-Hasidim	practice	dance	practice:dance	none	no	no
Khal-Hasidim_0209	Khal-Hasidim	practice	devekut	practice:devekut	none	no	no
Khal-Hasidim_0209	Khal-Hasidim	practice	meditation	practice:meditation	none	no	no
Khal-Hasidim_0209	Khal-Hasidim	social	inter_hasidic	social:inter_hasidic	none	no	no
Khal-Hasidim_0209	Khal-Hasidim	social	retrospective_recognition	social:retrospective_recognition	none	no	no
Khal-Hasidim_0209	Khal-Hasidim	supernatural	perception	supernatural:perception	none	no	no
Khal-Hasidim_0209	Khal-Hasidim	times	shabbat	times:shabbat	none	no	no
Khal-Hasidim_0210	Khal-Hasidim	characters-and-roles	agunah	characters-and-roles:agunah	catalyst	yes	yes
Khal-Hasidim_0210	Khal-Hasidim	ethics-and-emotions	anger	ethics-and-emotions:anger	catalyst	yes	yes
Khal-Hasidim_0210	Khal-Hasidim	ethics-and-emotions	punishment	ethics-and-emotions:punishment	catalyst	yes	yes
Khal-Hasidim_0210	Khal-Hasidim	folkloristics	story_type_prognostication	folkloristics:story_type_prognostication	catalyst	yes	yes
Khal-Hasidim_0210	Khal-Hasidim	practice	releasing_agunot	practice:releasing_agunot	catalyst	yes	yes
Khal-Hasidim_0210	Khal-Hasidim	practice	travel_to_the_tsaddik	practice:travel_to_the_tsaddik	catalyst	yes	yes
Khal-Hasidim_0210	Khal-Hasidim	social	disobedience	social:disobedience	catalyst	yes	yes
Khal-Hasidim_0210	Khal-Hasidim	social	marriage	social:marriage	catalyst	yes	yes
Khal-Hasidim_0210	Khal-Hasidim	social	retrospective_recognition	social:retrospective_recognition	catalyst	yes	yes
Khal-Hasidim_0210	Khal-Hasidim	supernatural	perception	supernatural:perception	catalyst	yes	yes
Khal-Hasidim_0210	Khal-Hasidim	supernatural	prognostication	supernatural:prognostication	catalyst	yes	yes
Khal-Hasidim_0211	Khal-Hasidim	ethics-and-emotions	humility	ethics-and-emotions:humility	none	no	no
Khal-Hasidim_0211	Khal-Hasidim	ethics-and-emotions	virtues	ethics-and-emotions:virtues	none	no	no
Khal-Hasidim_0211	Khal-Hasidim	experience	devekut	experience:devekut	none	no	no
Khal-Hasidim_0211	Khal-Hasidim	experience	enthusiasm	experience:enthusiasm	none	no	no
Khal-Hasidim_0211	Khal-Hasidim	folkloristics	story_type_parable	folkloristics:story_type_parable	none	no	no
Khal-Hasidim_0211	Khal-Hasidim	folkloristics	story_type_rapprochement	folkloristics:story_type_rapprochement	none	no	no
Khal-Hasidim_0211	Khal-Hasidim	folkloristics	story_type_virtues	folkloristics:story_type_virtues	none	no	no
Khal-Hasidim_0211	Khal-Hasidim	practice	devekut	practice:devekut	none	no	no
Khal-Hasidim_0211	Khal-Hasidim	practice	storytelling	practice:storytelling	none	no	no
Khal-Hasidim_0211	Khal-Hasidim	practice	study	practice:study	none	no	no
Khal-Hasidim_0211	Khal-Hasidim	social	inter_hasidic_master_disciple_relationship	social:inter_hasidic_master_disciple_relationship	none	no	no
Khal-Hasidim_0211	Khal-Hasidim	social	relations_with_non_hasidim	social:relations_with_non_hasidim	none	no	no
Khal-Hasidim_0212	Khal-Hasidim	ethics-and-emotions	adultery	ethics-and-emotions:adultery	minor	yes	yes
Khal-Hasidim_0212	Khal-Hasidim	ethics-and-emotions	lust	ethics-and-emotions:lust	minor	yes	yes
Khal-Hasidim_0212	Khal-Hasidim	ethics-and-emotions	prohibitions	ethics-and-emotions:prohibitions	minor	yes	yes
Khal-Hasidim_0212	Khal-Hasidim	ethics-and-emotions	repentance	ethics-and-emotions:repentance	minor	yes	yes
Khal-Hasidim_0212	Khal-Hasidim	practice	fasting	practice:fasting	minor	yes	yes
Khal-Hasidim_0212	Khal-Hasidim	practice	sermon	practice:sermon	minor	yes	yes
Khal-Hasidim_0212	Khal-Hasidim	supernatural	magic	supernatural:magic	minor	yes	yes
Khal-Hasidim_0212	Khal-Hasidim	supernatural	perception	supernatural:perception	minor	yes	yes
Khal-Hasidim_0212	Khal-Hasidim	supernatural	prognostication	supernatural:prognostication	minor	yes	yes
Khal-Hasidim_0213	Khal-Hasidim	ethics-and-emotions	awe	ethics-and-emotions:awe	none	no	no
Khal-Hasidim_0213	Khal-Hasidim	ethics-and-emotions	fear	ethics-and-emotions:fear	none	no	no
Khal-Hasidim_0213	Khal-Hasidim	ethics-and-emotions	prohibitions	ethics-and-emotions:prohibitions	none	no	no
Khal-Hasidim_0213	Khal-Hasidim	practice	asceticism	practice:asceticism	none	no	no
Khal-Hasidim_0213	Khal-Hasidim	practice	fasting	practice:fasting	none	no	no
Khal-Hasidim_0213	Khal-Hasidim	practice	reception_of_hasidim	practice:reception_of_hasidim	none	no	no
Khal-Hasidim_0213	Khal-Hasidim	practice	travel_to_other_tsaddik	practice:travel_to_other_tsaddik	none	no	no
Khal-Hasidim_0213	Khal-Hasidim	practice	travel_to_the_tsaddik	practice:travel_to_the_tsaddik	none	no	no
Khal-Hasidim_0213	Khal-Hasidim	social	inter_hasidic	social:inter_hasidic	none	no	no
Khal-Hasidim_0213	Khal-Hasidim	social	inter_hasidic_conflict_between_tsaddikim	social:inter_hasidic_conflict_between_tsaddikim	none	no	no
Khal-Hasidim_0213	Khal-Hasidim	social	inter_hasidic_inheritance_of_leadership	social:inter_hasidic_inheritance_of_leadership	none	no	no
Khal-Hasidim_0213	Khal-Hasidim	social	inter_hasidic_master_disciple_relationship	social:inter_hasidic_master_disciple_relationship	none	no	no
Khal-Hasidim_0214	Khal-Hasidim	ethics-and-emotions	awe	ethics-and-emotions:awe	none	no	no
Khal-Hasidim_0214	Khal-Hasidim	ethics-and-emotions	fear	ethics-and-emotions:fear	none	no	no
Khal-Hasidim_0214	Khal-Hasidim	ethics-and-emotions	virtues	ethics-and-emotions:virtues	none	no	no
Khal-Hasidim_0214	Khal-Hasidim	folkloristics	story_type_virtues	folkloristics:story_type_virtues	none	no	no
Khal-Hasidim_0215	Khal-Hasidim	ethics-and-emotions	repentance	ethics-and-emotions:repentance	none	no	no
Khal-Hasidim_0215	Khal-Hasidim	experience	enthusiasm	experience:enthusiasm	none	no	no
Khal-Hasidim_0215	Khal-Hasidim	practice	coping_with_alien_thoughts	practice:coping_with_alien_thoughts	none	no	no
Khal-Hasidim_0215	Khal-Hasidim	practice	healing_of_the_soul	practice:healing_of_the_soul	none	no	no
Khal-Hasidim_0215	Khal-Hasidim	practice	reception_of_hasidim	practice:reception_of_hasidim	none	no	no
Khal-Hasidim_0215	Khal-Hasidim	practice	torat_ha_tsaddik	practice:torat_ha_tsaddik	none	no	no
Khal-Hasidim_0215	Khal-Hasidim	practice	travel_to_the_tsaddik	practice:travel_to_the_tsaddik	none	no	no
Khal-Hasidim_0215	Khal-Hasidim	social	inter_hasidic	social:inter_hasidic	none	no	no
Khal-Hasidim_0215	Khal-Hasidim	social	inter_hasidic_master_disciple_relationship	social:inter_hasidic_master_disciple_relationship	none	no	no
Khal-Hasidim_0215	Khal-Hasidim	social	relations_with_non_hasidim	social:relations_with_non_hasidim	none	no	no
Khal-Hasidim_0215	Khal-Hasidim	supernatural	perception	supernatural:perception	none	no	no
Khal-Hasidim_0216	Khal-Hasidim	experience	journey_to_heaven	experience:journey_to_heaven	none	no	no
Khal-Hasidim_0216	Khal-Hasidim	spaces	heaven	spaces:heaven	none	no	no
Khal-Hasidim_0216	Khal-Hasidim	supernatural	communicating_with_the_invisible	supernatural:communicating_with_the_invisible	none	no	no
Khal-Hasidim_0217	Khal-Hasidim	characters-and-roles	demons	characters-and-roles:demons	catalyst	yes	yes
Khal-Hasidim_0217	Khal-Hasidim	characters-and-roles	tavern_keeper	characters-and-roles:tavern_keeper	catalyst	yes	yes
Khal-Hasidim_0217	Khal-Hasidim	ethics-and-emotions	anger	ethics-and-emotions:anger	catalyst	yes	yes
Khal-Hasidim_0217	Khal-Hasidim	ethics-and-emotions	fear	ethics-and-emotions:fear	catalyst	yes	yes
Khal-Hasidim_0217	Khal-Hasidim	ethics-and-emotions	lying	ethics-and-emotions:lying	catalyst	yes	yes
Khal-Hasidim_0217	Khal-Hasidim	ethics-and-emotions	punishment	ethics-and-emotions:punishment	catalyst	yes	yes
Khal-Hasidim_0217	Khal-Hasidim	ethics-and-emotions	repentance	ethics-and-emotions:repentance	catalyst	yes	yes
Khal-Hasidim_0217	Khal-Hasidim	ethics-and-emotions	sadness	ethics-and-emotions:sadness	catalyst	yes	yes
Khal-Hasidim_0217	Khal-Hasidim	folkloristics	story_type_virtues	folkloristics:story_type_virtues	catalyst	yes	yes
Khal-Hasidim_0217	Khal-Hasidim	practice	business_advice	practice:business_advice	catalyst	yes	yes
Khal-Hasidim_0217	Khal-Hasidim	practice	travel_to_the_tsaddik	practice:travel_to_the_tsaddik	catalyst	yes	yes
Khal-Hasidim_0217	Khal-Hasidim	social	conflict	social:conflict	catalyst	yes	yes
Khal-Hasidim_0217	Khal-Hasidim	social	relations_with_non_jews	social:relations_with_non_jews	catalyst	yes	yes
Khal-Hasidim_0217	Khal-Hasidim	social	relations_with_the_authorities	social:relations_with_the_authorities	catalyst	yes	yes
Khal-Hasidim_0217	Khal-Hasidim	social	retrospective_recognition	social:retrospective_recognition	catalyst	yes	yes
Khal-Hasidim_0217	Khal-Hasidim	supernatural	magic	supernatural:magic	catalyst	yes	yes
Khal-Hasidim_0217	Khal-Hasidim	supernatural	miracle	supernatural:miracle	catalyst	yes	yes
Khal-Hasidim_0217	Khal-Hasidim	supernatural	prognostication	supernatural:prognostication	catalyst	yes	yes
Khal-Hasidim_0217	Khal-Hasidim	times	death	times:death	catalyst	yes	yes
Khal-Hasidim_0218	Khal-Hasidim	characters-and-roles	hidden_righteous	characters-and-roles:hidden_righteous	minor	yes	yes
Khal-Hasidim_0218	Khal-Hasidim	characters-and-roles	preacher	characters-and-roles:preacher	minor	yes	yes
Khal-Hasidim_0218	Khal-Hasidim	characters-and-roles	the_family_of_the_tsaddik	characters-and-roles:the_family_of_the_tsaddik	minor	yes	yes
Khal-Hasidim_0218	Khal-Hasidim	ethics-and-emotions	anger	ethics-and-emotions:anger	minor	yes	yes
Khal-Hasidim_0218	Khal-Hasidim	ethics-and-emotions	awe	ethics-and-emotions:awe	minor	yes	yes
Khal-Hasidim_0218	Khal-Hasidim	ethics-and-emotions	joy	ethics-and-emotions:joy	minor	yes	yes
Khal-Hasidim_0218	Khal-Hasidim	ethics-and-emotions	lying	ethics-and-emotions:lying	minor	yes	yes
Khal-Hasidim_0218	Khal-Hasidim	experience	enthusiasm	experience:enthusiasm	minor	yes	yes
Khal-Hasidim_0218	Khal-Hasidim	experience	revelation	experience:revelation	minor	yes	yes
Khal-Hasidim_0218	Khal-Hasidim	experience	visions	experience:visions	minor	yes	yes
Khal-Hasidim_0218	Khal-Hasidim	folkloristics	story_type_advent	folkloristics:story_type_advent	minor	yes	yes
Khal-Hasidim_0218	Khal-Hasidim	folkloristics	story_type_rapprochement	folkloristics:story_type_rapprochement	minor	yes	yes
Khal-Hasidim_0218	Khal-Hasidim	practice	prayer	practice:prayer	minor	yes	yes
Khal-Hasidim_0218	Khal-Hasidim	practice	recitation_of_psalms	practice:recitation_of_psalms	minor	yes	yes
Khal-Hasidim_0218	Khal-Hasidim	practice	study	practice:study	minor	yes	yes
Khal-Hasidim_0218	Khal-Hasidim	social	conflict	social:conflict	minor	yes	yes
Khal-Hasidim_0218	Khal-Hasidim	social	inter_hasidic	social:inter_hasidic	minor	yes	yes
Khal-Hasidim_0218	Khal-Hasidim	social	inter_hasidic_master_disciple_relationship	social:inter_hasidic_master_disciple_relationship	minor	yes	yes
Khal-Hasidim_0218	Khal-Hasidim	social	relations_with_non_hasidim	social:relations_with_non_hasidim	minor	yes	yes
Khal-Hasidim_0218	Khal-Hasidim	social	retrospective_recognition	social:retrospective_recognition	minor	yes	yes
Khal-Hasidim_0218	Khal-Hasidim	supernatural	communicating_with_the_invisible	supernatural:communicating_with_the_invisible	minor	yes	yes
Khal-Hasidim_0218	Khal-Hasidim	supernatural	magic	supernatural:magic	minor	yes	yes
Khal-Hasidim_0218	Khal-Hasidim	supernatural	perception	supernatural:perception	minor	yes	yes
Khal-Hasidim_0218	Khal-Hasidim	times	birth	times:birth	minor	yes	yes
Khal-Hasidim_0218	Khal-Hasidim	times	inauguration	times:inauguration	minor	yes	yes
Khal-Hasidim_0219	Khal-Hasidim	characters-and-roles	hidden_righteous	characters-and-roles:hidden_righteous	none	no	no
Khal-Hasidim_0219	Khal-Hasidim	folkloristics	story_type_advent	folkloristics:story_type_advent	none	no	no
Khal-Hasidim_0219	Khal-Hasidim	social	inter_hasidic	social:inter_hasidic	none	no	no
Khal-Hasidim_0219	Khal-Hasidim	supernatural	perception	supernatural:perception	none	no	no
Khal-Hasidim_0220	Khal-Hasidim	characters-and-roles	the_family_of_the_tsaddik	characters-and-roles:the_family_of_the_tsaddik	none	no	no
Khal-Hasidim_0220	Khal-Hasidim	ethics-and-emotions	repentance	ethics-and-emotions:repentance	none	no	no
Khal-Hasidim_0220	Khal-Hasidim	folkloristics	story_type_death_of_the_tsaddik	folkloristics:story_type_death_of_the_tsaddik	none	no	no
Khal-Hasidim_0220	Khal-Hasidim	practice	pilgrimage_to_the_graves_of_tsaddikim	practice:pilgrimage_to_the_graves_of_tsaddikim	none	no	no
Khal-Hasidim_0220	Khal-Hasidim	practice	recitation_of_psalms	practice:recitation_of_psalms	none	no	no
Khal-Hasidim_0220	Khal-Hasidim	times	death	times:death	none	no	no
Khal-Hasidim_0221	Khal-Hasidim	folkloristics	story_type_rapprochement	folkloristics:story_type_rapprochement	none	no	no
Khal-Hasidim_0221	Khal-Hasidim	practice	prayer	practice:prayer	none	no	no
Khal-Hasidim_0221	Khal-Hasidim	practice	reception_of_hasidim	practice:reception_of_hasidim	none	no	no
Khal-Hasidim_0221	Khal-Hasidim	practice	sermon	practice:sermon	none	no	no
Khal-Hasidim_0221	Khal-Hasidim	practice	study	practice:study	none	no	no
Khal-Hasidim_0221	Khal-Hasidim	practice	travel_to_the_tsaddik	practice:travel_to_the_tsaddik	none	no	no
Khal-Hasidim_0221	Khal-Hasidim	social	conflict	social:conflict	none	no	no
Khal-Hasidim_0221	Khal-Hasidim	social	inter_hasidic_master_disciple_relationship	social:inter_hasidic_master_disciple_relationship	none	no	no
Khal-Hasidim_0221	Khal-Hasidim	social	relations_with_non_hasidim	social:relations_with_non_hasidim	none	no	no
Khal-Hasidim_0221	Khal-Hasidim	social	retrospective_recognition	social:retrospective_recognition	none	no	no
Khal-Hasidim_0221	Khal-Hasidim	supernatural	perception	supernatural:perception	none	no	no
Khal-Hasidim_0222	Khal-Hasidim	ethics-and-emotions	adultery	ethics-and-emotions:adultery	mention_only	yes	no
Khal-Hasidim_0222	Khal-Hasidim	ethics-and-emotions	fear	ethics-and-emotions:fear	mention_only	yes	no
Khal-Hasidim_0222	Khal-Hasidim	ethics-and-emotions	lust	ethics-and-emotions:lust	mention_only	yes	no
Khal-Hasidim_0222	Khal-Hasidim	ethics-and-emotions	prohibitions	ethics-and-emotions:prohibitions	mention_only	yes	no
Khal-Hasidim_0222	Khal-Hasidim	ethics-and-emotions	punishment	ethics-and-emotions:punishment	mention_only	yes	no
Khal-Hasidim_0222	Khal-Hasidim	ethics-and-emotions	repentance	ethics-and-emotions:repentance	mention_only	yes	no
Khal-Hasidim_0222	Khal-Hasidim	ethics-and-emotions	sadness	ethics-and-emotions:sadness	mention_only	yes	no
Khal-Hasidim_0222	Khal-Hasidim	ethics-and-emotions	virtues	ethics-and-emotions:virtues	mention_only	yes	no
Khal-Hasidim_0222	Khal-Hasidim	experience	enthusiasm	experience:enthusiasm	mention_only	yes	no
Khal-Hasidim_0222	Khal-Hasidim	folkloristics	story_type_prognostication	folkloristics:story_type_prognostication	mention_only	yes	no
Khal-Hasidim_0222	Khal-Hasidim	folkloristics	story_type_virtues	folkloristics:story_type_virtues	mention_only	yes	no
Khal-Hasidim_0222	Khal-Hasidim	practice	reception_of_hasidim	practice:reception_of_hasidim	mention_only	yes	no
Khal-Hasidim_0222	Khal-Hasidim	practice	recitation_of_psalms	practice:recitation_of_psalms	mention_only	yes	no
Khal-Hasidim_0222	Khal-Hasidim	practice	study	practice:study	mention_only	yes	no
Khal-Hasidim_0222	Khal-Hasidim	practice	travel_to_the_tsaddik	practice:travel_to_the_tsaddik	mention_only	yes	no
Khal-Hasidim_0222	Khal-Hasidim	social	inter_hasidic	social:inter_hasidic	mention_only	yes	no
Khal-Hasidim_0222	Khal-Hasidim	social	inter_hasidic_master_disciple_relationship	social:inter_hasidic_master_disciple_relationship	mention_only	yes	no
Khal-Hasidim_0222	Khal-Hasidim	social	relations_with_non_jews	social:relations_with_non_jews	mention_only	yes	no
Khal-Hasidim_0222	Khal-Hasidim	social	retrospective_recognition	social:retrospective_recognition	mention_only	yes	no
Khal-Hasidim_0222	Khal-Hasidim	spaces	heaven	spaces:heaven	mention_only	yes	no
Khal-Hasidim_0222	Khal-Hasidim	supernatural	miracle	supernatural:miracle	mention_only	yes	no
Khal-Hasidim_0222	Khal-Hasidim	supernatural	perception	supernatural:perception	mention_only	yes	no
Khal-Hasidim_0222	Khal-Hasidim	supernatural	prognostication	supernatural:prognostication	mention_only	yes	no
Khal-Hasidim_0222	Khal-Hasidim	times	death	times:death	mention_only	yes	no
Khal-Hasidim_0223	Khal-Hasidim	ethics-and-emotions	lying	ethics-and-emotions:lying	none	no	no
Khal-Hasidim_0223	Khal-Hasidim	ethics-and-emotions	virtues	ethics-and-emotions:virtues	none	no	no
Khal-Hasidim_0223	Khal-Hasidim	folkloristics	story_type_virtues	folkloristics:story_type_virtues	none	no	no
Khal-Hasidim_0223	Khal-Hasidim	practice	tvilah	practice:tvilah	none	no	no
Khal-Hasidim_0223	Khal-Hasidim	social	relations_with_non_hasidim	social:relations_with_non_hasidim	none	no	no
Khal-Hasidim_0224	Khal-Hasidim	practice	prayer	practice:prayer	mention_only	yes	no
Khal-Hasidim_0224	Khal-Hasidim	practice	protection	practice:protection	mention_only	yes	no
Khal-Hasidim_0224	Khal-Hasidim	social	relations_with_non_jews	social:relations_with_non_jews	mention_only	yes	no
Khal-Hasidim_0224	Khal-Hasidim	social	relations_with_the_authorities	social:relations_with_the_authorities	mention_only	yes	no
Khal-Hasidim_0224	Khal-Hasidim	supernatural	perception	supernatural:perception	mention_only	yes	no
Khal-Hasidim_0224	Khal-Hasidim	times	shabbat	times:shabbat	mention_only	yes	no
Khal-Hasidim_0225	Khal-Hasidim	ethics-and-emotions	humility	ethics-and-emotions:humility	none	no	no
Khal-Hasidim_0225	Khal-Hasidim	ethics-and-emotions	virtues	ethics-and-emotions:virtues	none	no	no
Khal-Hasidim_0225	Khal-Hasidim	practice	halakhah	practice:halakhah	none	no	no
Khal-Hasidim_0226	Khal-Hasidim	ethics-and-emotions	virtues	ethics-and-emotions:virtues	mention_only	yes	no
Khal-Hasidim_0226	Khal-Hasidim	practice	prayer	practice:prayer	mention_only	yes	no
Khal-Hasidim_0226	Khal-Hasidim	times	holidays	times:holidays	mention_only	yes	no
Khal-Hasidim_0227	Khal-Hasidim	ethics-and-emotions	virtues	ethics-and-emotions:virtues	none	no	no
Khal-Hasidim_0227	Khal-Hasidim	folkloristics	story_type_virtues	folkloristics:story_type_virtues	none	no	no
Khal-Hasidim_0228	Khal-Hasidim	ethics-and-emotions	charity	ethics-and-emotions:charity	none	no	no
Khal-Hasidim_0228	Khal-Hasidim	ethics-and-emotions	virtues	ethics-and-emotions:virtues	none	no	no
Khal-Hasidim_0228	Khal-Hasidim	folkloristics	story_type_virtues	folkloristics:story_type_virtues	none	no	no
Khal-Hasidim_0229	Khal-Hasidim	ethics-and-emotions	virtues	ethics-and-emotions:virtues	catalyst	yes	yes
Khal-Hasidim_0229	Khal-Hasidim	practice	drinking_alcohol	practice:drinking_alcohol	catalyst	yes	yes
Khal-Hasidim_0229	Khal-Hasidim	practice	healing	practice:healing	catalyst	yes	yes
Khal-Hasidim_0229	Khal-Hasidim	supernatural	perception	supernatural:perception	catalyst	yes	yes
Khal-Hasidim_0230	Khal-Hasidim	ethics-and-emotions	virtues	ethics-and-emotions:virtues	mention_only	yes	no
Khal-Hasidim_0230	Khal-Hasidim	folkloristics	story_type_virtues	folkloristics:story_type_virtues	mention_only	yes	no
Khal-Hasidim_0230	Khal-Hasidim	practice	business_advice	practice:business_advice	mention_only	yes	no
Khal-Hasidim_0230	Khal-Hasidim	practice	drinking_alcohol	practice:drinking_alcohol	mention_only	yes	no
Khal-Hasidim_0230	Khal-Hasidim	practice	pidyon_nefesh	practice:pidyon_nefesh	mention_only	yes	no
Khal-Hasidim_0230	Khal-Hasidim	social	relations_with_non_jews	social:relations_with_non_jews	mention_only	yes	no
Khal-Hasidim_0230	Khal-Hasidim	supernatural	prognostication	supernatural:prognostication	mention_only	yes	no
Khal-Hasidim_0231	Khal-Hasidim	practice	travel_to_other_tsaddik	practice:travel_to_other_tsaddik	none	no	no
Khal-Hasidim_0231	Khal-Hasidim	practice	travel_to_the_tsaddik	practice:travel_to_the_tsaddik	none	no	no
Khal-Hasidim_0231	Khal-Hasidim	social	inter_hasidic	social:inter_hasidic	none	no	no
Khal-Hasidim_0231	Khal-Hasidim	social	inter_hasidic_master_disciple_relationship	social:inter_hasidic_master_disciple_relationship	none	no	no
Khal-Hasidim_0231	Khal-Hasidim	supernatural	prognostication	supernatural:prognostication	none	no	no
Khal-Hasidim_0231	Khal-Hasidim	times	death	times:death	none	no	no
Khal-Hasidim_0232	Khal-Hasidim	kabbalah	kabbalistic_terms_yihudim	kabbalah:kabbalistic_terms_yihudim	none	no	no
Khal-Hasidim_0232	Khal-Hasidim	practice	dance	practice:dance	none	no	no
Khal-Hasidim_0232	Khal-Hasidim	practice	healing	practice:healing	none	no	no
Khal-Hasidim_0232	Khal-Hasidim	practice	meditation	practice:meditation	none	no	no
Khal-Hasidim_0232	Khal-Hasidim	supernatural	light_or_fire_as_a_sign_of_righteousness	supernatural:light_or_fire_as_a_sign_of_righteousness	none	no	no
Khal-Hasidim_0232	Khal-Hasidim	times	shabbat	times:shabbat	none	no	no
Khal-Hasidim_0233	Khal-Hasidim	practice	prayer	practice:prayer	catalyst	yes	yes
Khal-Hasidim_0233	Khal-Hasidim	practice	travel_to_the_tsaddik	practice:travel_to_the_tsaddik	catalyst	yes	yes
Khal-Hasidim_0233	Khal-Hasidim	social	inter_hasidic_master_disciple_relationship	social:inter_hasidic_master_disciple_relationship	catalyst	yes	yes
Khal-Hasidim_0233	Khal-Hasidim	supernatural	perception	supernatural:perception	catalyst	yes	yes
Khal-Hasidim_0234	Khal-Hasidim	ethics-and-emotions	virtues	ethics-and-emotions:virtues	none	no	no
Khal-Hasidim_0234	Khal-Hasidim	practice	healing	practice:healing	none	no	no
Khal-Hasidim_0235	Khal-Hasidim	ethics-and-emotions	humility	ethics-and-emotions:humility	none	no	no
Khal-Hasidim_0235	Khal-Hasidim	folkloristics	story_type_virtues	folkloristics:story_type_virtues	none	no	no
Khal-Hasidim_0237	Khal-Hasidim	characters-and-roles	preacher	characters-and-roles:preacher	major	yes	yes
Khal-Hasidim_0237	Khal-Hasidim	ethics-and-emotions	prohibitions	ethics-and-emotions:prohibitions	major	yes	yes
Khal-Hasidim_0237	Khal-Hasidim	ethics-and-emotions	punishment	ethics-and-emotions:punishment	major	yes	yes
Khal-Hasidim_0237	Khal-Hasidim	experience	revelation	experience:revelation	major	yes	yes
Khal-Hasidim_0237	Khal-Hasidim	folkloristics	story_type_prognostication	folkloristics:story_type_prognostication	major	yes	yes
Khal-Hasidim_0237	Khal-Hasidim	folkloristics	story_type_virtues	folkloristics:story_type_virtues	major	yes	yes
Khal-Hasidim_0237	Khal-Hasidim	practice	travel_to_other_tsaddik	practice:travel_to_other_tsaddik	major	yes	yes
Khal-Hasidim_0237	Khal-Hasidim	practice	travel_to_the_tsaddik	practice:travel_to_the_tsaddik	major	yes	yes
Khal-Hasidim_0237	Khal-Hasidim	social	inter_hasidic	social:inter_hasidic	major	yes	yes
Khal-Hasidim_0237	Khal-Hasidim	social	inter_hasidic_master_disciple_relationship	social:inter_hasidic_master_disciple_relationship	major	yes	yes
Khal-Hasidim_0237	Khal-Hasidim	social	marital_relationship	social:marital_relationship	major	yes	yes
Khal-Hasidim_0237	Khal-Hasidim	social	marriage	social:marriage	major	yes	yes
Khal-Hasidim_0237	Khal-Hasidim	social	retrospective_recognition	social:retrospective_recognition	major	yes	yes
Khal-Hasidim_0237	Khal-Hasidim	supernatural	communicating_with_the_invisible	supernatural:communicating_with_the_invisible	major	yes	yes
Khal-Hasidim_0237	Khal-Hasidim	supernatural	magic	supernatural:magic	major	yes	yes
Khal-Hasidim_0237	Khal-Hasidim	supernatural	miracle	supernatural:miracle	major	yes	yes
Khal-Hasidim_0237	Khal-Hasidim	supernatural	perception	supernatural:perception	major	yes	yes
Khal-Hasidim_0237	Khal-Hasidim	supernatural	prognostication	supernatural:prognostication	major	yes	yes
Khal-Hasidim_0237	Khal-Hasidim	times	death	times:death	major	yes	yes
Khal-Hasidim_0238	Khal-Hasidim	ethics-and-emotions	sadness	ethics-and-emotions:sadness	mention_only	yes	no
Khal-Hasidim_0238	Khal-Hasidim	practice	drinking_alcohol	practice:drinking_alcohol	mention_only	yes	no
Khal-Hasidim_0238	Khal-Hasidim	practice	lifesaving	practice:lifesaving	mention_only	yes	no
Khal-Hasidim_0238	Khal-Hasidim	practice	prayer	practice:prayer	mention_only	yes	no
Khal-Hasidim_0238	Khal-Hasidim	practice	reception_of_hasidim	practice:reception_of_hasidim	mention_only	yes	no
Khal-Hasidim_0238	Khal-Hasidim	practice	travel_to_the_tsaddik	practice:travel_to_the_tsaddik	mention_only	yes	no
Khal-Hasidim_0238	Khal-Hasidim	social	disobedience	social:disobedience	mention_only	yes	no
Khal-Hasidim_0238	Khal-Hasidim	social	inter_hasidic	social:inter_hasidic	mention_only	yes	no
Khal-Hasidim_0238	Khal-Hasidim	social	inter_hasidic_master_disciple_relationship	social:inter_hasidic_master_disciple_relationship	mention_only	yes	no
Khal-Hasidim_0238	Khal-Hasidim	social	marital_relationship	social:marital_relationship	mention_only	yes	no
Khal-Hasidim_0238	Khal-Hasidim	supernatural	perception	supernatural:perception	mention_only	yes	no
Khal-Hasidim_0238	Khal-Hasidim	supernatural	prognostication	supernatural:prognostication	mention_only	yes	no
Khal-Hasidim_0239	Khal-Hasidim	ethics-and-emotions	fear	ethics-and-emotions:fear	none	no	no
Khal-Hasidim_0239	Khal-Hasidim	ethics-and-emotions	lying	ethics-and-emotions:lying	none	no	no
Khal-Hasidim_0239	Khal-Hasidim	ethics-and-emotions	pride	ethics-and-emotions:pride	none	no	no
Khal-Hasidim_0239	Khal-Hasidim	ethics-and-emotions	prohibitions	ethics-and-emotions:prohibitions	none	no	no
Khal-Hasidim_0239	Khal-Hasidim	ethics-and-emotions	repentance	ethics-and-emotions:repentance	none	no	no
Khal-Hasidim_0239	Khal-Hasidim	ethics-and-emotions	shame	ethics-and-emotions:shame	none	no	no
Khal-Hasidim_0239	Khal-Hasidim	experience	revelation	experience:revelation	none	no	no
Khal-Hasidim_0239	Khal-Hasidim	experience	trembling	experience:trembling	none	no	no
Khal-Hasidim_0239	Khal-Hasidim	folkloristics	story_type_rapprochement	folkloristics:story_type_rapprochement	none	no	no
Khal-Hasidim_0239	Khal-Hasidim	folkloristics	story_type_revelation	folkloristics:story_type_revelation	none	no	no
Khal-Hasidim_0239	Khal-Hasidim	folkloristics	story_type_virtues	folkloristics:story_type_virtues	none	no	no
Khal-Hasidim_0239	Khal-Hasidim	practice	reception_of_hasidim	practice:reception_of_hasidim	none	no	no
Khal-Hasidim_0239	Khal-Hasidim	practice	travel_to_the_tsaddik	practice:travel_to_the_tsaddik	none	no	no
Khal-Hasidim_0239	Khal-Hasidim	social	conflict	social:conflict	none	no	no
Khal-Hasidim_0239	Khal-Hasidim	social	inter_hasidic_master_disciple_relationship	social:inter_hasidic_master_disciple_relationship	none	no	no
Khal-Hasidim_0239	Khal-Hasidim	social	relations_with_non_hasidim	social:relations_with_non_hasidim	none	no	no
Khal-Hasidim_0239	Khal-Hasidim	social	relations_with_sinners	social:relations_with_sinners	none	no	no
Khal-Hasidim_0239	Khal-Hasidim	social	retrospective_recognition	social:retrospective_recognition	none	no	no
Khal-Hasidim_0239	Khal-Hasidim	supernatural	perception	supernatural:perception	none	no	no
Khal-Hasidim_0240	Khal-Hasidim	characters-and-roles	demons	characters-and-roles:demons	minor	yes	yes
Khal-Hasidim_0240	Khal-Hasidim	social	conflict	social:conflict	minor	yes	yes
Khal-Hasidim_0240	Khal-Hasidim	social	marriage	social:marriage	minor	yes	yes
Khal-Hasidim_0240	Khal-Hasidim	supernatural	perception	supernatural:perception	minor	yes	yes
Khal-Hasidim_0241	Khal-Hasidim	characters-and-roles	demons	characters-and-roles:demons	none	no	no
Khal-Hasidim_0241	Khal-Hasidim	ethics-and-emotions	fear	ethics-and-emotions:fear	none	no	no
Khal-Hasidim_0241	Khal-Hasidim	ethics-and-emotions	joy	ethics-and-emotions:joy	none	no	no
Khal-Hasidim_0241	Khal-Hasidim	practice	healing_of_the_soul	practice:healing_of_the_soul	none	no	no
Khal-Hasidim_0241	Khal-Hasidim	practice	music	practice:music	none	no	no
Khal-Hasidim_0241	Khal-Hasidim	practice	prayer	practice:prayer	none	no	no
Khal-Hasidim_0241	Khal-Hasidim	supernatural	communicating_with_the_invisible	supernatural:communicating_with_the_invisible	none	no	no
Khal-Hasidim_0241	Khal-Hasidim	supernatural	perception	supernatural:perception	none	no	no
Khal-Hasidim_0242	Khal-Hasidim	characters-and-roles	hidden_righteous	characters-and-roles:hidden_righteous	major	yes	yes
Khal-Hasidim_0242	Khal-Hasidim	characters-and-roles	the_family_of_the_tsaddik	characters-and-roles:the_family_of_the_tsaddik	major	yes	yes
Khal-Hasidim_0242	Khal-Hasidim	ethics-and-emotions	adultery	ethics-and-emotions:adultery	major	yes	yes
Khal-Hasidim_0242	Khal-Hasidim	ethics-and-emotions	anger	ethics-and-emotions:anger	major	yes	yes
Khal-Hasidim_0242	Khal-Hasidim	ethics-and-emotions	fear	ethics-and-emotions:fear	major	yes	yes
Khal-Hasidim_0242	Khal-Hasidim	ethics-and-emotions	lust	ethics-and-emotions:lust	major	yes	yes
Khal-Hasidim_0242	Khal-Hasidim	ethics-and-emotions	lying	ethics-and-emotions:lying	major	yes	yes
Khal-Hasidim_0242	Khal-Hasidim	ethics-and-emotions	pride	ethics-and-emotions:pride	major	yes	yes
Khal-Hasidim_0242	Khal-Hasidim	ethics-and-emotions	prohibitions	ethics-and-emotions:prohibitions	major	yes	yes
Khal-Hasidim_0242	Khal-Hasidim	ethics-and-emotions	punishment	ethics-and-emotions:punishment	major	yes	yes
Khal-Hasidim_0242	Khal-Hasidim	ethics-and-emotions	repentance	ethics-and-emotions:repentance	major	yes	yes
Khal-Hasidim_0242	Khal-Hasidim	ethics-and-emotions	sadness	ethics-and-emotions:sadness	major	yes	yes
Khal-Hasidim_0242	Khal-Hasidim	ethics-and-emotions	shame	ethics-and-emotions:shame	major	yes	yes
Khal-Hasidim_0242	Khal-Hasidim	experience	revelation	experience:revelation	major	yes	yes
Khal-Hasidim_0242	Khal-Hasidim	folkloristics	story_type_rapprochement	folkloristics:story_type_rapprochement	major	yes	yes
Khal-Hasidim_0242	Khal-Hasidim	folkloristics	story_type_revelation	folkloristics:story_type_revelation	major	yes	yes
Khal-Hasidim_0242	Khal-Hasidim	knowledge	esoteric	knowledge:esoteric	major	yes	yes
Khal-Hasidim_0242	Khal-Hasidim	knowledge	practical_kabbalah	knowledge:practical_kabbalah	major	yes	yes
Khal-Hasidim_0242	Khal-Hasidim	practice	pilgrimage_to_the_graves_of_tsaddikim	practice:pilgrimage_to_the_graves_of_tsaddikim	major	yes	yes
Khal-Hasidim_0242	Khal-Hasidim	practice	recitation_of_psalms	practice:recitation_of_psalms	major	yes	yes
Khal-Hasidim_0242	Khal-Hasidim	social	conflict	social:conflict	major	yes	yes
Khal-Hasidim_0242	Khal-Hasidim	social	disobedience	social:disobedience	major	yes	yes
Khal-Hasidim_0242	Khal-Hasidim	social	divorce	social:divorce	major	yes	yes
Khal-Hasidim_0242	Khal-Hasidim	social	marital_relationship	social:marital_relationship	major	yes	yes
Khal-Hasidim_0242	Khal-Hasidim	social	retrospective_recognition	social:retrospective_recognition	major	yes	yes
Khal-Hasidim_0242	Khal-Hasidim	supernatural	communicating_with_the_invisible	supernatural:communicating_with_the_invisible	major	yes	yes
Khal-Hasidim_0242	Khal-Hasidim	supernatural	magic	supernatural:magic	major	yes	yes
Khal-Hasidim_0242	Khal-Hasidim	supernatural	miracle	supernatural:miracle	major	yes	yes
Khal-Hasidim_0242	Khal-Hasidim	supernatural	perception	supernatural:perception	major	yes	yes
Khal-Hasidim_0242	Khal-Hasidim	times	death	times:death	major	yes	yes
Khal-Hasidim_0242	Khal-Hasidim	times	shabbat	times:shabbat	major	yes	yes
Khal-Hasidim_0243	Khal-Hasidim	characters-and-roles	hidden_righteous	characters-and-roles:hidden_righteous	mention_only	yes	no
Khal-Hasidim_0243	Khal-Hasidim	ethics-and-emotions	charity	ethics-and-emotions:charity	mention_only	yes	no
Khal-Hasidim_0243	Khal-Hasidim	ethics-and-emotions	joy	ethics-and-emotions:joy	mention_only	yes	no
Khal-Hasidim_0243	Khal-Hasidim	ethics-and-emotions	lying	ethics-and-emotions:lying	mention_only	yes	no
Khal-Hasidim_0243	Khal-Hasidim	ethics-and-emotions	virtues	ethics-and-emotions:virtues	mention_only	yes	no
Khal-Hasidim_0243	Khal-Hasidim	folkloristics	story_type_virtues	folkloristics:story_type_virtues	mention_only	yes	no
Khal-Hasidim_0243	Khal-Hasidim	practice	healing	practice:healing	mention_only	yes	no
Khal-Hasidim_0243	Khal-Hasidim	practice	pidyon_nefesh	practice:pidyon_nefesh	mention_only	yes	no
Khal-Hasidim_0243	Khal-Hasidim	practice	prayer	practice:prayer	mention_only	yes	no
Khal-Hasidim_0243	Khal-Hasidim	social	relations_with_non_jews	social:relations_with_non_jews	mention_only	yes	no
Khal-Hasidim_0243	Khal-Hasidim	social	retrospective_recognition	social:retrospective_recognition	mention_only	yes	no
Khal-Hasidim_0243	Khal-Hasidim	supernatural	magic	supernatural:magic	mention_only	yes	no
Khal-Hasidim_0244	Khal-Hasidim	ethics-and-emotions	adultery	ethics-and-emotions:adultery	catalyst	yes	yes
Khal-Hasidim_0244	Khal-Hasidim	ethics-and-emotions	prohibitions	ethics-and-emotions:prohibitions	catalyst	yes	yes
Khal-Hasidim_0244	Khal-Hasidim	ethics-and-emotions	punishment	ethics-and-emotions:punishment	catalyst	yes	yes
Khal-Hasidim_0244	Khal-Hasidim	social	divorce	social:divorce	catalyst	yes	yes
Khal-Hasidim_0244	Khal-Hasidim	social	retrospective_recognition	social:retrospective_recognition	catalyst	yes	yes
Khal-Hasidim_0244	Khal-Hasidim	supernatural	magic	supernatural:magic	catalyst	yes	yes
Khal-Hasidim_0244	Khal-Hasidim	supernatural	perception	supernatural:perception	catalyst	yes	yes
Khal-Hasidim_0245	Khal-Hasidim	ethics-and-emotions	adultery	ethics-and-emotions:adultery	none	no	no
Khal-Hasidim_0245	Khal-Hasidim	ethics-and-emotions	repentance	ethics-and-emotions:repentance	none	no	no
Khal-Hasidim_0245	Khal-Hasidim	ethics-and-emotions	resisting_temptation	ethics-and-emotions:resisting_temptation	none	no	no
Khal-Hasidim_0245	Khal-Hasidim	ethics-and-emotions	virtues	ethics-and-emotions:virtues	none	no	no
Khal-Hasidim_0245	Khal-Hasidim	folkloristics	story_type_rapprochement	folkloristics:story_type_rapprochement	none	no	no
Khal-Hasidim_0245	Khal-Hasidim	practice	reception_of_hasidim	practice:reception_of_hasidim	none	no	no
Khal-Hasidim_0245	Khal-Hasidim	practice	travel_to_other_tsaddik	practice:travel_to_other_tsaddik	none	no	no
Khal-Hasidim_0245	Khal-Hasidim	practice	travel_to_the_tsaddik	practice:travel_to_the_tsaddik	none	no	no
Khal-Hasidim_0245	Khal-Hasidim	social	inter_hasidic	social:inter_hasidic	none	no	no
Khal-Hasidim_0245	Khal-Hasidim	social	inter_hasidic_inheritance_of_leadership	social:inter_hasidic_inheritance_of_leadership	none	no	no
Khal-Hasidim_0245	Khal-Hasidim	social	inter_hasidic_master_disciple_relationship	social:inter_hasidic_master_disciple_relationship	none	no	no
Khal-Hasidim_0245	Khal-Hasidim	social	relations_with_non_hasidim	social:relations_with_non_hasidim	none	no	no
Khal-Hasidim_0245	Khal-Hasidim	social	relations_with_sinners	social:relations_with_sinners	none	no	no
Khal-Hasidim_0245	Khal-Hasidim	supernatural	perception	supernatural:perception	none	no	no
Khal-Hasidim_0245	Khal-Hasidim	times	death	times:death	none	no	no
Khal-Hasidim_0246	Khal-Hasidim	ethics-and-emotions	repentance	ethics-and-emotions:repentance	major	yes	yes
Khal-Hasidim_0246	Khal-Hasidim	ethics-and-emotions	shame	ethics-and-emotions:shame	major	yes	yes
Khal-Hasidim_0246	Khal-Hasidim	ethics-and-emotions	virtues	ethics-and-emotions:virtues	major	yes	yes
Khal-Hasidim_0246	Khal-Hasidim	experience	revelation	experience:revelation	major	yes	yes
Khal-Hasidim_0246	Khal-Hasidim	social	relations_with_sinners	social:relations_with_sinners	major	yes	yes
Khal-Hasidim_0246	Khal-Hasidim	supernatural	perception	supernatural:perception	major	yes	yes
Khal-Hasidim_0247	Khal-Hasidim	ethics-and-emotions	adultery	ethics-and-emotions:adultery	mention_only	yes	no
Khal-Hasidim_0247	Khal-Hasidim	ethics-and-emotions	repentance	ethics-and-emotions:repentance	mention_only	yes	no
Khal-Hasidim_0247	Khal-Hasidim	supernatural	perception	supernatural:perception	mention_only	yes	no
Khal-Hasidim_0248	Khal-Hasidim	characters-and-roles	tavern_keeper	characters-and-roles:tavern_keeper	none	no	no
Khal-Hasidim_0248	Khal-Hasidim	ethics-and-emotions	awe	ethics-and-emotions:awe	none	no	no
Khal-Hasidim_0248	Khal-Hasidim	ethics-and-emotions	humility	ethics-and-emotions:humility	none	no	no
Khal-Hasidim_0248	Khal-Hasidim	folkloristics	story_type_rapprochement	folkloristics:story_type_rapprochement	none	no	no
Khal-Hasidim_0248	Khal-Hasidim	practice	prayer	practice:prayer	none	no	no
Khal-Hasidim_0248	Khal-Hasidim	practice	reception_of_hasidim	practice:reception_of_hasidim	none	no	no
Khal-Hasidim_0248	Khal-Hasidim	practice	travel_to_the_tsaddik	practice:travel_to_the_tsaddik	none	no	no
Khal-Hasidim_0248	Khal-Hasidim	social	inter_hasidic_master_disciple_relationship	social:inter_hasidic_master_disciple_relationship	none	no	no
Khal-Hasidim_0248	Khal-Hasidim	spaces	beth_midrash	spaces:beth_midrash	none	no	no
Khal-Hasidim_0248	Khal-Hasidim	supernatural	perception	supernatural:perception	none	no	no
Khal-Hasidim_0248	Khal-Hasidim	times	death	times:death	none	no	no
Khal-Hasidim_0249	Khal-Hasidim	experience	revelation	experience:revelation	mention_only	yes	no
Khal-Hasidim_0249	Khal-Hasidim	folkloristics	story_type_death_of_the_tsaddik	folkloristics:story_type_death_of_the_tsaddik	mention_only	yes	no
Khal-Hasidim_0249	Khal-Hasidim	kabbalah		kabbalah	mention_only	yes	no
Khal-Hasidim_0249	Khal-Hasidim	supernatural	perception	supernatural:perception	mention_only	yes	no
Khal-Hasidim_0249	Khal-Hasidim	times	death	times:death	mention_only	yes	no
Khal-Hasidim_0250	Khal-Hasidim	experience	revelation	experience:revelation	minor	yes	yes
Khal-Hasidim_0250	Khal-Hasidim	practice	circumcision	practice:circumcision	minor	yes	yes
Khal-Hasidim_0250	Khal-Hasidim	practice	travel_to_the_tsaddik	practice:travel_to_the_tsaddik	minor	yes	yes
Khal-Hasidim_0250	Khal-Hasidim	supernatural	communicating_with_the_invisible	supernatural:communicating_with_the_invisible	minor	yes	yes
Khal-Hasidim_0250	Khal-Hasidim	supernatural	perception	supernatural:perception	minor	yes	yes
Khal-Hasidim_0251	Khal-Hasidim	ethics-and-emotions	fear	ethics-and-emotions:fear	catalyst	yes	yes
Khal-Hasidim_0251	Khal-Hasidim	ethics-and-emotions	prohibitions	ethics-and-emotions:prohibitions	catalyst	yes	yes
Khal-Hasidim_0251	Khal-Hasidim	ethics-and-emotions	punishment	ethics-and-emotions:punishment	catalyst	yes	yes
Khal-Hasidim_0251	Khal-Hasidim	ethics-and-emotions	repentance	ethics-and-emotions:repentance	catalyst	yes	yes
Khal-Hasidim_0251	Khal-Hasidim	experience	dream	experience:dream	catalyst	yes	yes
Khal-Hasidim_0251	Khal-Hasidim	social	conflict	social:conflict	catalyst	yes	yes
Khal-Hasidim_0251	Khal-Hasidim	supernatural	communicating_with_the_invisible	supernatural:communicating_with_the_invisible	catalyst	yes	yes
Khal-Hasidim_0251	Khal-Hasidim	supernatural	perception	supernatural:perception	catalyst	yes	yes
Khal-Hasidim_0252	Khal-Hasidim	ethics-and-emotions	anger	ethics-and-emotions:anger	mention_only	yes	no
Khal-Hasidim_0252	Khal-Hasidim	ethics-and-emotions	fear	ethics-and-emotions:fear	mention_only	yes	no
Khal-Hasidim_0252	Khal-Hasidim	folkloristics	story_type_inauguration	folkloristics:story_type_inauguration	mention_only	yes	no
Khal-Hasidim_0252	Khal-Hasidim	practice	fasting	practice:fasting	mention_only	yes	no
Khal-Hasidim_0252	Khal-Hasidim	practice	storytelling	practice:storytelling	mention_only	yes	no
Khal-Hasidim_0252	Khal-Hasidim	social	competition	social:competition	mention_only	yes	no
Khal-Hasidim_0252	Khal-Hasidim	social	conflict	social:conflict	mention_only	yes	no
Khal-Hasidim_0252	Khal-Hasidim	social	relations_with_non_jews	social:relations_with_non_jews	mention_only	yes	no
Khal-Hasidim_0252	Khal-Hasidim	social	retrospective_recognition	social:retrospective_recognition	mention_only	yes	no
Khal-Hasidim_0252	Khal-Hasidim	times	inauguration	times:inauguration	mention_only	yes	no
Khal-Hasidim_0253	Khal-Hasidim	characters-and-roles	angels	characters-and-roles:angels	none	no	no
Khal-Hasidim_0253	Khal-Hasidim	characters-and-roles	elijah_the_prophet	characters-and-roles:elijah_the_prophet	none	no	no
Khal-Hasidim_0253	Khal-Hasidim	characters-and-roles	hidden_righteous	characters-and-roles:hidden_righteous	none	no	no
Khal-Hasidim_0253	Khal-Hasidim	ethics-and-emotions	humility	ethics-and-emotions:humility	none	no	no
Khal-Hasidim_0253	Khal-Hasidim	ethics-and-emotions	lying	ethics-and-emotions:lying	none	no	no
Khal-Hasidim_0253	Khal-Hasidim	ethics-and-emotions	pride	ethics-and-emotions:pride	none	no	no
Khal-Hasidim_0253	Khal-Hasidim	ethics-and-emotions	prohibitions	ethics-and-emotions:prohibitions	none	no	no
Khal-Hasidim_0253	Khal-Hasidim	ethics-and-emotions	virtues	ethics-and-emotions:virtues	none	no	no
Khal-Hasidim_0253	Khal-Hasidim	experience	revelation	experience:revelation	none	no	no
Khal-Hasidim_0253	Khal-Hasidim	folkloristics	story_type_revelation	folkloristics:story_type_revelation	none	no	no
Khal-Hasidim_0253	Khal-Hasidim	folkloristics	story_type_virtues	folkloristics:story_type_virtues	none	no	no
Khal-Hasidim_0253	Khal-Hasidim	knowledge	esoteric	knowledge:esoteric	none	no	no
Khal-Hasidim_0253	Khal-Hasidim	practice	pilgrimage_to_the_graves_of_tsaddikim	practice:pilgrimage_to_the_graves_of_tsaddikim	none	no	no
Khal-Hasidim_0253	Khal-Hasidim	practice	recitation_of_psalms	practice:recitation_of_psalms	none	no	no
Khal-Hasidim_0253	Khal-Hasidim	practice	study	practice:study	none	no	no
Khal-Hasidim_0253	Khal-Hasidim	social	inter_hasidic	social:inter_hasidic	none	no	no
Khal-Hasidim_0253	Khal-Hasidim	social	marital_relationship	social:marital_relationship	none	no	no
Khal-Hasidim_0253	Khal-Hasidim	social	marriage	social:marriage	none	no	no
Khal-Hasidim_0253	Khal-Hasidim	social	retrospective_recognition	social:retrospective_recognition	none	no	no
Khal-Hasidim_0253	Khal-Hasidim	supernatural	communicating_with_the_invisible	supernatural:communicating_with_the_invisible	none	no	no
Khal-Hasidim_0253	Khal-Hasidim	supernatural	perception	supernatural:perception	none	no	no
Khal-Hasidim_0253	Khal-Hasidim	times	death	times:death	none	no	no
Khal-Hasidim_0254	Khal-Hasidim	characters-and-roles	agunah	characters-and-roles:agunah	minor	yes	yes
Khal-Hasidim_0254	Khal-Hasidim	ethics-and-emotions	adultery	ethics-and-emotions:adultery	minor	yes	yes
Khal-Hasidim_0254	Khal-Hasidim	ethics-and-emotions	lust	ethics-and-emotions:lust	minor	yes	yes
Khal-Hasidim_0254	Khal-Hasidim	ethics-and-emotions	prohibitions	ethics-and-emotions:prohibitions	minor	yes	yes
Khal-Hasidim_0254	Khal-Hasidim	ethics-and-emotions	punishment	ethics-and-emotions:punishment	minor	yes	yes
Khal-Hasidim_0254	Khal-Hasidim	practice	protection	practice:protection	minor	yes	yes
Khal-Hasidim_0254	Khal-Hasidim	practice	releasing_agunot	practice:releasing_agunot	minor	yes	yes
Khal-Hasidim_0254	Khal-Hasidim	supernatural	communicating_with_the_invisible	supernatural:communicating_with_the_invisible	minor	yes	yes
Khal-Hasidim_0254	Khal-Hasidim	supernatural	perception	supernatural:perception	minor	yes	yes
Khal-Hasidim_0254	Khal-Hasidim	times	death	times:death	minor	yes	yes
Khal-Kdoshim_0001	Khal-Kdoshim	ethics-and-emotions	sadness	ethics-and-emotions:sadness	mention_only	yes	no
Khal-Kdoshim_0001	Khal-Kdoshim	practice	drinking_alcohol	practice:drinking_alcohol	mention_only	yes	no
Khal-Kdoshim_0001	Khal-Kdoshim	practice	lifesaving	practice:lifesaving	mention_only	yes	no
Khal-Kdoshim_0001	Khal-Kdoshim	practice	prayer	practice:prayer	mention_only	yes	no
Khal-Kdoshim_0001	Khal-Kdoshim	practice	reception_of_hasidim	practice:reception_of_hasidim	mention_only	yes	no
Khal-Kdoshim_0001	Khal-Kdoshim	practice	travel_to_the_tsaddik	practice:travel_to_the_tsaddik	mention_only	yes	no
Khal-Kdoshim_0001	Khal-Kdoshim	social	disobedience	social:disobedience	mention_only	yes	no
Khal-Kdoshim_0001	Khal-Kdoshim	social	inter_hasidic	social:inter_hasidic	mention_only	yes	no
Khal-Kdoshim_0001	Khal-Kdoshim	social	inter_hasidic_master_disciple_relationship	social:inter_hasidic_master_disciple_relationship	mention_only	yes	no
Khal-Kdoshim_0001	Khal-Kdoshim	social	marital_relationship	social:marital_relationship	mention_only	yes	no
Khal-Kdoshim_0001	Khal-Kdoshim	supernatural	perception	supernatural:perception	mention_only	yes	no
Khal-Kdoshim_0001	Khal-Kdoshim	supernatural	prognostication	supernatural:prognostication	mention_only	yes	no
Khal-Kdoshim_0002	Khal-Kdoshim	characters-and-roles	hidden_righteous	characters-and-roles:hidden_righteous	none	no	no
Khal-Kdoshim_0002	Khal-Kdoshim	folkloristics	story_type_protection	folkloristics:story_type_protection	none	no	no
Khal-Kdoshim_0002	Khal-Kdoshim	practice	fasting	practice:fasting	none	no	no
Khal-Kdoshim_0002	Khal-Kdoshim	practice	prayer	practice:prayer	none	no	no
Khal-Kdoshim_0002	Khal-Kdoshim	practice	protection	practice:protection	none	no	no
Khal-Kdoshim_0002	Khal-Kdoshim	social	relations_with_non_jews	social:relations_with_non_jews	none	no	no
Khal-Kdoshim_0002	Khal-Kdoshim	supernatural	prognostication	supernatural:prognostication	none	no	no
Khal-Kdoshim_0003	Khal-Kdoshim	ethics-and-emotions	fear	ethics-and-emotions:fear	minor	yes	yes
Khal-Kdoshim_0003	Khal-Kdoshim	experience	revelation	experience:revelation	minor	yes	yes
Khal-Kdoshim_0003	Khal-Kdoshim	folkloristics	story_type_protection	folkloristics:story_type_protection	minor	yes	yes
Khal-Kdoshim_0003	Khal-Kdoshim	practice	protection	practice:protection	minor	yes	yes
Khal-Kdoshim_0003	Khal-Kdoshim	practice	recitation_of_psalms	practice:recitation_of_psalms	minor	yes	yes
Khal-Kdoshim_0003	Khal-Kdoshim	social	conflict	social:conflict	minor	yes	yes
Khal-Kdoshim_0003	Khal-Kdoshim	social	relations_with_non_jews	social:relations_with_non_jews	minor	yes	yes
Khal-Kdoshim_0003	Khal-Kdoshim	social	relations_with_the_authorities	social:relations_with_the_authorities	minor	yes	yes
Khal-Kdoshim_0003	Khal-Kdoshim	social	retrospective_recognition	social:retrospective_recognition	minor	yes	yes
Khal-Kdoshim_0004	Khal-Kdoshim	characters-and-roles	demons	characters-and-roles:demons	mention_only	yes	no
Khal-Kdoshim_0004	Khal-Kdoshim	social	conflict	social:conflict	mention_only	yes	no
Khal-Kdoshim_0004	Khal-Kdoshim	social	marriage	social:marriage	mention_only	yes	no
Khal-Kdoshim_0004	Khal-Kdoshim	supernatural	perception	supernatural:perception	mention_only	yes	no
Khal-Kdoshim_0005	Khal-Kdoshim	characters-and-roles	hidden_righteous	characters-and-roles:hidden_righteous	none	no	no
Khal-Kdoshim_0005	Khal-Kdoshim	ethics-and-emotions	prohibitions	ethics-and-emotions:prohibitions	none	no	no
Khal-Kdoshim_0005	Khal-Kdoshim	kabbalah		kabbalah	none	no	no
Khal-Kdoshim_0005	Khal-Kdoshim	knowledge	esoteric	knowledge:esoteric	none	no	no
Khal-Kdoshim_0005	Khal-Kdoshim	knowledge	practical_kabbalah	knowledge:practical_kabbalah	none	no	no
Khal-Kdoshim_0005	Khal-Kdoshim	practice	study	practice:study	none	no	no
Khal-Kdoshim_0005	Khal-Kdoshim	practice	tvilah	practice:tvilah	none	no	no
Khal-Kdoshim_0005	Khal-Kdoshim	social	relations_with_non_jews	social:relations_with_non_jews	none	no	no
Khal-Kdoshim_0005	Khal-Kdoshim	supernatural	magic	supernatural:magic	none	no	no
Khal-Kdoshim_0005	Khal-Kdoshim	supernatural	miracle	supernatural:miracle	none	no	no
Khal-Kdoshim_0005	Khal-Kdoshim	supernatural	prognostication	supernatural:prognostication	none	no	no
Khal-Kdoshim_0005	Khal-Kdoshim	times	death	times:death	none	no	no
Khal-Kdoshim_0005	Khal-Kdoshim	times	holidays	times:holidays	none	no	no
Khal-Kdoshim_0006	Khal-Kdoshim	characters-and-roles	the_family_of_the_tsaddik	characters-and-roles:the_family_of_the_tsaddik	none	no	no
Khal-Kdoshim_0006	Khal-Kdoshim	ethics-and-emotions	fear	ethics-and-emotions:fear	none	no	no
Khal-Kdoshim_0006	Khal-Kdoshim	ethics-and-emotions	joy	ethics-and-emotions:joy	none	no	no
Khal-Kdoshim_0006	Khal-Kdoshim	practice	dance	practice:dance	none	no	no
Khal-Kdoshim_0006	Khal-Kdoshim	practice	drinking_alcohol	practice:drinking_alcohol	none	no	no
Khal-Kdoshim_0006	Khal-Kdoshim	practice	healing	practice:healing	none	no	no
Khal-Kdoshim_0006	Khal-Kdoshim	practice	lifesaving	practice:lifesaving	none	no	no
Khal-Kdoshim_0006	Khal-Kdoshim	practice	music	practice:music	none	no	no
Khal-Kdoshim_0006	Khal-Kdoshim	social	inter_hasidic	social:inter_hasidic	none	no	no
Khal-Kdoshim_0006	Khal-Kdoshim	social	inter_hasidic_master_disciple_relationship	social:inter_hasidic_master_disciple_relationship	none	no	no
Khal-Kdoshim_0006	Khal-Kdoshim	times	holidays	times:holidays	none	no	no
Khal-Kdoshim_0007	Khal-Kdoshim	characters-and-roles	demons	characters-and-roles:demons	minor	yes	yes
Khal-Kdoshim_0007	Khal-Kdoshim	social	conflict	social:conflict	minor	yes	yes
Khal-Kdoshim_0007	Khal-Kdoshim	social	marriage	social:marriage	minor	yes	yes
Khal-Kdoshim_0007	Khal-Kdoshim	supernatural	perception	supernatural:perception	minor	yes	yes
Khal-Kdoshim_0008	Khal-Kdoshim	ethics-and-emotions	humility	ethics-and-emotions:humility	none	no	no
Khal-Kdoshim_0008	Khal-Kdoshim	ethics-and-emotions	pride	ethics-and-emotions:pride	none	no	no
Khal-Kdoshim_0008	Khal-Kdoshim	ethics-and-emotions	prohibitions	ethics-and-emotions:prohibitions	none	no	no
Khal-Kdoshim_0008	Khal-Kdoshim	ethics-and-emotions	virtues	ethics-and-emotions:virtues	none	no	no
Khal-Kdoshim_0008	Khal-Kdoshim	folkloristics	story_type_virtues	folkloristics:story_type_virtues	none	no	no
Khal-Kdoshim_0008	Khal-Kdoshim	times	death	times:death	none	no	no
Khal-Kdoshim_0009	Khal-Kdoshim	ethics-and-emotions	fear	ethics-and-emotions:fear	none	no	no
Khal-Kdoshim_0009	Khal-Kdoshim	practice	prayer	practice:prayer	none	no	no
Khal-Kdoshim_0009	Khal-Kdoshim	social	relations_with_the_authorities	social:relations_with_the_authorities	none	no	no
Khal-Kdoshim_0009	Khal-Kdoshim	social	retrospective_recognition	social:retrospective_recognition	none	no	no
Khal-Kdoshim_0009	Khal-Kdoshim	supernatural	miracle	supernatural:miracle	none	no	no
Khal-Kdoshim_0009	Khal-Kdoshim	supernatural	perception	supernatural:perception	none	no	no
Khal-Kdoshim_0010	Khal-Kdoshim	ethics-and-emotions	anger	ethics-and-emotions:anger	mention_only	yes	no
Khal-Kdoshim_0010	Khal-Kdoshim	ethics-and-emotions	fear	ethics-and-emotions:fear	mention_only	yes	no
Khal-Kdoshim_0010	Khal-Kdoshim	ethics-and-emotions	prohibitions	ethics-and-emotions:prohibitions	mention_only	yes	no
Khal-Kdoshim_0010	Khal-Kdoshim	ethics-and-emotions	punishment	ethics-and-emotions:punishment	mention_only	yes	no
Khal-Kdoshim_0010	Khal-Kdoshim	kabbalah		kabbalah	mention_only	yes	no
Khal-Kdoshim_0010	Khal-Kdoshim	knowledge	esoteric	knowledge:esoteric	mention_only	yes	no
Khal-Kdoshim_0010	Khal-Kdoshim	practice	prayer	practice:prayer	mention_only	yes	no
Khal-Kdoshim_0010	Khal-Kdoshim	practice	protection	practice:protection	mention_only	yes	no
Khal-Kdoshim_0010	Khal-Kdoshim	practice	storytelling	practice:storytelling	mention_only	yes	no
Khal-Kdoshim_0010	Khal-Kdoshim	practice	study	practice:study	mention_only	yes	no
Khal-Kdoshim_0010	Khal-Kdoshim	social	excommunication	social:excommunication	mention_only	yes	no
Khal-Kdoshim_0010	Khal-Kdoshim	social	relations_with_non_jews	social:relations_with_non_jews	mention_only	yes	no
Khal-Kdoshim_0010	Khal-Kdoshim	social	relations_with_the_authorities	social:relations_with_the_authorities	mention_only	yes	no
Khal-Kdoshim_0010	Khal-Kdoshim	social	retrospective_recognition	social:retrospective_recognition	mention_only	yes	no
Khal-Kdoshim_0010	Khal-Kdoshim	supernatural	communicating_with_the_invisible	supernatural:communicating_with_the_invisible	mention_only	yes	no
Khal-Kdoshim_0010	Khal-Kdoshim	supernatural	perception	supernatural:perception	mention_only	yes	no
Khal-Kdoshim_0011	Khal-Kdoshim	ethics-and-emotions	fear	ethics-and-emotions:fear	minor	yes	yes
Khal-Kdoshim_0011	Khal-Kdoshim	ethics-and-emotions	prohibitions	ethics-and-emotions:prohibitions	minor	yes	yes
Khal-Kdoshim_0011	Khal-Kdoshim	ethics-and-emotions	punishment	ethics-and-emotions:punishment	minor	yes	yes
Khal-Kdoshim_0011	Khal-Kdoshim	ethics-and-emotions	repentance	ethics-and-emotions:repentance	minor	yes	yes
Khal-Kdoshim_0011	Khal-Kdoshim	ethics-and-emotions	sadness	ethics-and-emotions:sadness	minor	yes	yes
Khal-Kdoshim_0011	Khal-Kdoshim	ethics-and-emotions	virtues	ethics-and-emotions:virtues	minor	yes	yes
Khal-Kdoshim_0011	Khal-Kdoshim	experience	dream	experience:dream	minor	yes	yes
Khal-Kdoshim_0011	Khal-Kdoshim	experience	revelation	experience:revelation	minor	yes	yes
Khal-Kdoshim_0011	Khal-Kdoshim	folkloristics	story_type_virtues	folkloristics:story_type_virtues	minor	yes	yes
Khal-Kdoshim_0011	Khal-Kdoshim	kabbalah	kabbalistic_terms_kavvanot	kabbalah:kabbalistic_terms_kavvanot	minor	yes	yes
Khal-Kdoshim_0011	Khal-Kdoshim	knowledge	esoteric	knowledge:esoteric	minor	yes	yes
Khal-Kdoshim_0011	Khal-Kdoshim	practice	asceticism	practice:asceticism	minor	yes	yes
Khal-Kdoshim_0011	Khal-Kdoshim	practice	fasting	practice:fasting	minor	yes	yes
Khal-Kdoshim_0011	Khal-Kdoshim	practice	meditation	practice:meditation	minor	yes	yes
Khal-Kdoshim_0011	Khal-Kdoshim	practice	pilgrimage_to_the_graves_of_tsaddikim	practice:pilgrimage_to_the_graves_of_tsaddikim	minor	yes	yes
Khal-Kdoshim_0011	Khal-Kdoshim	practice	prayer	practice:prayer	minor	yes	yes
Khal-Kdoshim_0011	Khal-Kdoshim	practice	study	practice:study	minor	yes	yes
Khal-Kdoshim_0011	Khal-Kdoshim	social	marital_relationship	social:marital_relationship	minor	yes	yes
Khal-Kdoshim_0011	Khal-Kdoshim	social	retrospective_recognition	social:retrospective_recognition	minor	yes	yes
Khal-Kdoshim_0011	Khal-Kdoshim	spaces	heaven	spaces:heaven	minor	yes	yes
Khal-Kdoshim_0011	Khal-Kdoshim	supernatural	communicating_with_the_invisible	supernatural:communicating_with_the_invisible	minor	yes	yes
Khal-Kdoshim_0011	Khal-Kdoshim	supernatural	perception	supernatural:perception	minor	yes	yes
Khal-Kdoshim_0011	Khal-Kdoshim	times	death	times:death	minor	yes	yes
Khal-Kdoshim_0012	Khal-Kdoshim	ethics-and-emotions	adultery	ethics-and-emotions:adultery	minor	yes	yes
Khal-Kdoshim_0012	Khal-Kdoshim	ethics-and-emotions	lust	ethics-and-emotions:lust	minor	yes	yes
Khal-Kdoshim_0012	Khal-Kdoshim	ethics-and-emotions	prohibitions	ethics-and-emotions:prohibitions	minor	yes	yes
Khal-Kdoshim_0012	Khal-Kdoshim	ethics-and-emotions	repentance	ethics-and-emotions:repentance	minor	yes	yes
Khal-Kdoshim_0012	Khal-Kdoshim	practice	fasting	practice:fasting	minor	yes	yes
Khal-Kdoshim_0012	Khal-Kdoshim	practice	sermon	practice:sermon	minor	yes	yes
Khal-Kdoshim_0012	Khal-Kdoshim	supernatural	magic	supernatural:magic	minor	yes	yes
Khal-Kdoshim_0012	Khal-Kdoshim	supernatural	perception	supernatural:perception	minor	yes	yes
Khal-Kdoshim_0012	Khal-Kdoshim	supernatural	prognostication	supernatural:prognostication	minor	yes	yes
Maase-Zadikim_0001	Maase-Zadikim	characters-and-roles	the_family_of_the_tsaddik	characters-and-roles:the_family_of_the_tsaddik	major	yes	yes
Maase-Zadikim_0001	Maase-Zadikim	ethics-and-emotions	awe	ethics-and-emotions:awe	major	yes	yes
Maase-Zadikim_0001	Maase-Zadikim	ethics-and-emotions	fear	ethics-and-emotions:fear	major	yes	yes
Maase-Zadikim_0001	Maase-Zadikim	ethics-and-emotions	punishment	ethics-and-emotions:punishment	major	yes	yes
Maase-Zadikim_0001	Maase-Zadikim	ethics-and-emotions	repentance	ethics-and-emotions:repentance	major	yes	yes
Maase-Zadikim_0001	Maase-Zadikim	ethics-and-emotions	virtues	ethics-and-emotions:virtues	major	yes	yes
Maase-Zadikim_0001	Maase-Zadikim	experience	revelation	experience:revelation	major	yes	yes
Maase-Zadikim_0001	Maase-Zadikim	knowledge	esoteric	knowledge:esoteric	major	yes	yes
Maase-Zadikim_0001	Maase-Zadikim	practice	study	practice:study	major	yes	yes
Maase-Zadikim_0001	Maase-Zadikim	social	inter_hasidic_master_disciple_relationship	social:inter_hasidic_master_disciple_relationship	major	yes	yes
Maase-Zadikim_0001	Maase-Zadikim	social	marital_relationship	social:marital_relationship	major	yes	yes
Maase-Zadikim_0001	Maase-Zadikim	social	poverty	social:poverty	major	yes	yes
Maase-Zadikim_0001	Maase-Zadikim	social	relations_with_non_hasidim	social:relations_with_non_hasidim	major	yes	yes
Maase-Zadikim_0001	Maase-Zadikim	social	retrospective_recognition	social:retrospective_recognition	major	yes	yes
Maase-Zadikim_0001	Maase-Zadikim	supernatural	perception	supernatural:perception	major	yes	yes
Maase-Zadikim_0001	Maase-Zadikim	supernatural	reincarnation	supernatural:reincarnation	major	yes	yes
Maase-Zadikim_0001	Maase-Zadikim	times	death	times:death	major	yes	yes
Maase-Zadikim_0002	Maase-Zadikim	ethics-and-emotions	joy	ethics-and-emotions:joy	mention_only	yes	no
Maase-Zadikim_0002	Maase-Zadikim	ethics-and-emotions	prohibitions	ethics-and-emotions:prohibitions	mention_only	yes	no
Maase-Zadikim_0002	Maase-Zadikim	ethics-and-emotions	punishment	ethics-and-emotions:punishment	mention_only	yes	no
Maase-Zadikim_0002	Maase-Zadikim	ethics-and-emotions	sadness	ethics-and-emotions:sadness	mention_only	yes	no
Maase-Zadikim_0002	Maase-Zadikim	practice	halakhah	practice:halakhah	mention_only	yes	no
Maase-Zadikim_0002	Maase-Zadikim	social	marriage	social:marriage	mention_only	yes	no
Maase-Zadikim_0002	Maase-Zadikim	spaces	heaven	spaces:heaven	mention_only	yes	no
Maase-Zadikim_0002	Maase-Zadikim	supernatural	perception	supernatural:perception	mention_only	yes	no
Maase-Zadikim_0002	Maase-Zadikim	supernatural	reincarnation	supernatural:reincarnation	mention_only	yes	no
Maase-Zadikim_0003	Maase-Zadikim	folkloristics	story_type_advent	folkloristics:story_type_advent	catalyst	yes	yes
Maase-Zadikim_0003	Maase-Zadikim	practice	healing	practice:healing	catalyst	yes	yes
Maase-Zadikim_0003	Maase-Zadikim	practice	protection	practice:protection	catalyst	yes	yes
Maase-Zadikim_0003	Maase-Zadikim	practice	solitude	practice:solitude	catalyst	yes	yes
Maase-Zadikim_0003	Maase-Zadikim	social	relations_with_non_jews	social:relations_with_non_jews	catalyst	yes	yes
Maase-Zadikim_0003	Maase-Zadikim	social	relations_with_the_authorities	social:relations_with_the_authorities	catalyst	yes	yes
Maase-Zadikim_0003	Maase-Zadikim	supernatural	perception	supernatural:perception	catalyst	yes	yes
Maase-Zadikim_0004	Maase-Zadikim	ethics-and-emotions	awe	ethics-and-emotions:awe	none	no	no
Maase-Zadikim_0004	Maase-Zadikim	ethics-and-emotions	fear	ethics-and-emotions:fear	none	no	no
Maase-Zadikim_0004	Maase-Zadikim	folkloristics	story_type_rapprochement	folkloristics:story_type_rapprochement	none	no	no
Maase-Zadikim_0004	Maase-Zadikim	practice	healing_of_the_soul	practice:healing_of_the_soul	none	no	no
Maase-Zadikim_0004	Maase-Zadikim	practice	prayer	practice:prayer	none	no	no
Maase-Zadikim_0004	Maase-Zadikim	social	relations_with_non_hasidim	social:relations_with_non_hasidim	none	no	no
Maase-Zadikim_0004	Maase-Zadikim	social	retrospective_recognition	social:retrospective_recognition	none	no	no
Maase-Zadikim_0005	Maase-Zadikim	characters-and-roles	the_family_of_the_tsaddik	characters-and-roles:the_family_of_the_tsaddik	major	yes	yes
Maase-Zadikim_0005	Maase-Zadikim	ethics-and-emotions	joy	ethics-and-emotions:joy	major	yes	yes
Maase-Zadikim_0005	Maase-Zadikim	ethics-and-emotions	sadness	ethics-and-emotions:sadness	major	yes	yes
Maase-Zadikim_0005	Maase-Zadikim	experience	enthusiasm	experience:enthusiasm	major	yes	yes
Maase-Zadikim_0005	Maase-Zadikim	experience	journey_to_heaven	experience:journey_to_heaven	major	yes	yes
Maase-Zadikim_0005	Maase-Zadikim	practice	drinking_alcohol	practice:drinking_alcohol	major	yes	yes
Maase-Zadikim_0005	Maase-Zadikim	practice	prayer	practice:prayer	major	yes	yes
Maase-Zadikim_0005	Maase-Zadikim	practice	protection	practice:protection	major	yes	yes
Maase-Zadikim_0005	Maase-Zadikim	practice	recitation_of_psalms	practice:recitation_of_psalms	major	yes	yes
Maase-Zadikim_0005	Maase-Zadikim	social	relations_with_non_jews	social:relations_with_non_jews	major	yes	yes
Maase-Zadikim_0005	Maase-Zadikim	social	retrospective_recognition	social:retrospective_recognition	major	yes	yes
Maase-Zadikim_0005	Maase-Zadikim	spaces	the_land_of_israel	spaces:the_land_of_israel	major	yes	yes
Maase-Zadikim_0005	Maase-Zadikim	supernatural	perception	supernatural:perception	major	yes	yes
Maase-Zadikim_0005	Maase-Zadikim	times	holidays	times:holidays	major	yes	yes
Maase-Zadikim_0006	Maase-Zadikim	characters-and-roles	hidden_righteous	characters-and-roles:hidden_righteous	minor	yes	yes
Maase-Zadikim_0006	Maase-Zadikim	ethics-and-emotions	adultery	ethics-and-emotions:adultery	minor	yes	yes
Maase-Zadikim_0006	Maase-Zadikim	ethics-and-emotions	lust	ethics-and-emotions:lust	minor	yes	yes
Maase-Zadikim_0006	Maase-Zadikim	ethics-and-emotions	prohibitions	ethics-and-emotions:prohibitions	minor	yes	yes
Maase-Zadikim_0006	Maase-Zadikim	ethics-and-emotions	punishment	ethics-and-emotions:punishment	minor	yes	yes
Maase-Zadikim_0006	Maase-Zadikim	ethics-and-emotions	repentance	ethics-and-emotions:repentance	minor	yes	yes
Maase-Zadikim_0006	Maase-Zadikim	ethics-and-emotions	resisting_temptation	ethics-and-emotions:resisting_temptation	minor	yes	yes
Maase-Zadikim_0006	Maase-Zadikim	ethics-and-emotions	virtues	ethics-and-emotions:virtues	minor	yes	yes
Maase-Zadikim_0006	Maase-Zadikim	experience	revelation	experience:revelation	minor	yes	yes
Maase-Zadikim_0006	Maase-Zadikim	folkloristics	story_type_protection	folkloristics:story_type_protection	minor	yes	yes
Maase-Zadikim_0006	Maase-Zadikim	folkloristics	story_type_revelation	folkloristics:story_type_revelation	minor	yes	yes
Maase-Zadikim_0006	Maase-Zadikim	folkloristics	story_type_virtues	folkloristics:story_type_virtues	minor	yes	yes
Maase-Zadikim_0006	Maase-Zadikim	knowledge	esoteric	knowledge:esoteric	minor	yes	yes
Maase-Zadikim_0006	Maase-Zadikim	practice	drinking_alcohol	practice:drinking_alcohol	minor	yes	yes
Maase-Zadikim_0006	Maase-Zadikim	practice	pidyon_shvuyim	practice:pidyon_shvuyim	minor	yes	yes
Maase-Zadikim_0006	Maase-Zadikim	practice	protection	practice:protection	minor	yes	yes
Maase-Zadikim_0006	Maase-Zadikim	social	inter_hasidic_master_disciple_relationship	social:inter_hasidic_master_disciple_relationship	minor	yes	yes
Maase-Zadikim_0006	Maase-Zadikim	social	relations_with_non_jews	social:relations_with_non_jews	minor	yes	yes
Maase-Zadikim_0006	Maase-Zadikim	social	retrospective_recognition	social:retrospective_recognition	minor	yes	yes
Maase-Zadikim_0006	Maase-Zadikim	supernatural	miracle	supernatural:miracle	minor	yes	yes
Maase-Zadikim_0006	Maase-Zadikim	supernatural	perception	supernatural:perception	minor	yes	yes
Maase-Zadikim_0007	Maase-Zadikim	characters-and-roles	the_family_of_the_tsaddik	characters-and-roles:the_family_of_the_tsaddik	minor	yes	yes
Maase-Zadikim_0007	Maase-Zadikim	ethics-and-emotions	anger	ethics-and-emotions:anger	minor	yes	yes
Maase-Zadikim_0007	Maase-Zadikim	ethics-and-emotions	fear	ethics-and-emotions:fear	minor	yes	yes
Maase-Zadikim_0007	Maase-Zadikim	experience	devekut	experience:devekut	minor	yes	yes
Maase-Zadikim_0007	Maase-Zadikim	experience	enthusiasm	experience:enthusiasm	minor	yes	yes
Maase-Zadikim_0007	Maase-Zadikim	folkloristics	story_type_rapprochement	folkloristics:story_type_rapprochement	minor	yes	yes
Maase-Zadikim_0007	Maase-Zadikim	kabbalah	kabbalistic_terms_yihudim	kabbalah:kabbalistic_terms_yihudim	minor	yes	yes
Maase-Zadikim_0007	Maase-Zadikim	practice	circumcision	practice:circumcision	minor	yes	yes
Maase-Zadikim_0007	Maase-Zadikim	practice	devekut	practice:devekut	minor	yes	yes
Maase-Zadikim_0007	Maase-Zadikim	practice	meditation	practice:meditation	minor	yes	yes
Maase-Zadikim_0007	Maase-Zadikim	practice	study	practice:study	minor	yes	yes
Maase-Zadikim_0007	Maase-Zadikim	practice	travel_to_other_tsaddik	practice:travel_to_other_tsaddik	minor	yes	yes
Maase-Zadikim_0007	Maase-Zadikim	practice	travel_to_the_tsaddik	practice:travel_to_the_tsaddik	minor	yes	yes
Maase-Zadikim_0007	Maase-Zadikim	practice	tvilah	practice:tvilah	minor	yes	yes
Maase-Zadikim_0007	Maase-Zadikim	social	inter_hasidic	social:inter_hasidic	minor	yes	yes
Maase-Zadikim_0007	Maase-Zadikim	social	inter_hasidic_conflict_between_tsaddikim	social:inter_hasidic_conflict_between_tsaddikim	minor	yes	yes
Maase-Zadikim_0007	Maase-Zadikim	social	inter_hasidic_master_disciple_relationship	social:inter_hasidic_master_disciple_relationship	minor	yes	yes
Maase-Zadikim_0007	Maase-Zadikim	supernatural	light_or_fire_as_a_sign_of_righteousness	supernatural:light_or_fire_as_a_sign_of_righteousness	minor	yes	yes
Maase-Zadikim_0007	Maase-Zadikim	supernatural	perception	supernatural:perception	minor	yes	yes
Maase-Zadikim_0008	Maase-Zadikim	ethics-and-emotions	humility	ethics-and-emotions:humility	none	no	no
Maase-Zadikim_0008	Maase-Zadikim	ethics-and-emotions	virtues	ethics-and-emotions:virtues	none	no	no
Maase-Zadikim_0008	Maase-Zadikim	experience	devekut	experience:devekut	none	no	no
Maase-Zadikim_0008	Maase-Zadikim	experience	enthusiasm	experience:enthusiasm	none	no	no
Maase-Zadikim_0008	Maase-Zadikim	folkloristics	story_type_parable	folkloristics:story_type_parable	none	no	no
Maase-Zadikim_0008	Maase-Zadikim	folkloristics	story_type_rapprochement	folkloristics:story_type_rapprochement	none	no	no
Maase-Zadikim_0008	Maase-Zadikim	folkloristics	story_type_virtues	folkloristics:story_type_virtues	none	no	no
Maase-Zadikim_0008	Maase-Zadikim	practice	devekut	practice:devekut	none	no	no
Maase-Zadikim_0008	Maase-Zadikim	practice	music	practice:music	none	no	no
Maase-Zadikim_0008	Maase-Zadikim	practice	storytelling	practice:storytelling	none	no	no
Maase-Zadikim_0008	Maase-Zadikim	practice	study	practice:study	none	no	no
Maase-Zadikim_0008	Maase-Zadikim	social	inter_hasidic	social:inter_hasidic	none	no	no
Maase-Zadikim_0008	Maase-Zadikim	social	inter_hasidic_master_disciple_relationship	social:inter_hasidic_master_disciple_relationship	none	no	no
Maase-Zadikim_0008	Maase-Zadikim	social	relations_with_non_hasidim	social:relations_with_non_hasidim	none	no	no
Maase-Zadikim_0009	Maase-Zadikim	ethics-and-emotions	virtues	ethics-and-emotions:virtues	none	no	no
Maase-Zadikim_0009	Maase-Zadikim	folkloristics	story_type_rapprochement	folkloristics:story_type_rapprochement	none	no	no
Maase-Zadikim_0009	Maase-Zadikim	practice	reception_of_hasidim	practice:reception_of_hasidim	none	no	no
Maase-Zadikim_0009	Maase-Zadikim	practice	sermon	practice:sermon	none	no	no
Maase-Zadikim_0009	Maase-Zadikim	practice	study	practice:study	none	no	no
Maase-Zadikim_0009	Maase-Zadikim	practice	travel_to_the_tsaddik	practice:travel_to_the_tsaddik	none	no	no
Maase-Zadikim_0009	Maase-Zadikim	social	inter_hasidic	social:inter_hasidic	none	no	no
Maase-Zadikim_0009	Maase-Zadikim	social	inter_hasidic_master_disciple_relationship	social:inter_hasidic_master_disciple_relationship	none	no	no
Maase-Zadikim_0009	Maase-Zadikim	social	relations_with_non_hasidim	social:relations_with_non_hasidim	none	no	no
Maase-Zadikim_0009	Maase-Zadikim	supernatural	perception	supernatural:perception	none	no	no
Maase-Zadikim_0010	Maase-Zadikim	ethics-and-emotions	humility	ethics-and-emotions:humility	none	no	no
Maase-Zadikim_0010	Maase-Zadikim	ethics-and-emotions	pride	ethics-and-emotions:pride	none	no	no
Maase-Zadikim_0010	Maase-Zadikim	ethics-and-emotions	prohibitions	ethics-and-emotions:prohibitions	none	no	no
Maase-Zadikim_0010	Maase-Zadikim	ethics-and-emotions	virtues	ethics-and-emotions:virtues	none	no	no
Maase-Zadikim_0010	Maase-Zadikim	social	relations_with_non_hasidim	social:relations_with_non_hasidim	none	no	no
Maase-Zadikim_0011	Maase-Zadikim	practice	asceticism	practice:asceticism	none	no	no
Maase-Zadikim_0011	Maase-Zadikim	practice	fasting	practice:fasting	none	no	no
Maase-Zadikim_0011	Maase-Zadikim	practice	study	practice:study	none	no	no
Maase-Zadikim_0011	Maase-Zadikim	social	conflict	social:conflict	none	no	no
Maase-Zadikim_0011	Maase-Zadikim	social	relations_with_non_hasidim	social:relations_with_non_hasidim	none	no	no
Maase-Zadikim_0011	Maase-Zadikim	social	relations_with_non_jews	social:relations_with_non_jews	none	no	no
Maase-Zadikim_0011	Maase-Zadikim	social	relations_with_the_authorities	social:relations_with_the_authorities	none	no	no
Maase-Zadikim_0011	Maase-Zadikim	supernatural	perception	supernatural:perception	none	no	no
Maase-Zadikim_0012	Maase-Zadikim	ethics-and-emotions	awe	ethics-and-emotions:awe	none	no	no
Maase-Zadikim_0012	Maase-Zadikim	ethics-and-emotions	fear	ethics-and-emotions:fear	none	no	no
Maase-Zadikim_0012	Maase-Zadikim	ethics-and-emotions	prohibitions	ethics-and-emotions:prohibitions	none	no	no
Maase-Zadikim_0012	Maase-Zadikim	practice	asceticism	practice:asceticism	none	no	no
Maase-Zadikim_0012	Maase-Zadikim	practice	fasting	practice:fasting	none	no	no
Maase-Zadikim_0012	Maase-Zadikim	practice	reception_of_hasidim	practice:reception_of_hasidim	none	no	no
Maase-Zadikim_0012	Maase-Zadikim	practice	travel_to_other_tsaddik	practice:travel_to_other_tsaddik	none	no	no
Maase-Zadikim_0012	Maase-Zadikim	practice	travel_to_the_tsaddik	practice:travel_to_the_tsaddik	none	no	no
Maase-Zadikim_0012	Maase-Zadikim	social	inter_hasidic	social:inter_hasidic	none	no	no
Maase-Zadikim_0012	Maase-Zadikim	social	inter_hasidic_conflict_between_tsaddikim	social:inter_hasidic_conflict_between_tsaddikim	none	no	no
Maase-Zadikim_0012	Maase-Zadikim	social	inter_hasidic_inheritance_of_leadership	social:inter_hasidic_inheritance_of_leadership	none	no	no
Maase-Zadikim_0012	Maase-Zadikim	social	inter_hasidic_master_disciple_relationship	social:inter_hasidic_master_disciple_relationship	none	no	no
Maase-Zadikim_0013	Maase-Zadikim	ethics-and-emotions	awe	ethics-and-emotions:awe	none	no	no
Maase-Zadikim_0013	Maase-Zadikim	ethics-and-emotions	fear	ethics-and-emotions:fear	none	no	no
Maase-Zadikim_0013	Maase-Zadikim	ethics-and-emotions	virtues	ethics-and-emotions:virtues	none	no	no
Maase-Zadikim_0013	Maase-Zadikim	folkloristics	story_type_virtues	folkloristics:story_type_virtues	none	no	no
Maase-Zadikim_0014	Maase-Zadikim	ethics-and-emotions	repentance	ethics-and-emotions:repentance	none	no	no
Maase-Zadikim_0014	Maase-Zadikim	experience	enthusiasm	experience:enthusiasm	none	no	no
Maase-Zadikim_0014	Maase-Zadikim	practice	coping_with_alien_thoughts	practice:coping_with_alien_thoughts	none	no	no
Maase-Zadikim_0014	Maase-Zadikim	practice	healing_of_the_soul	practice:healing_of_the_soul	none	no	no
Maase-Zadikim_0014	Maase-Zadikim	practice	reception_of_hasidim	practice:reception_of_hasidim	none	no	no
Maase-Zadikim_0014	Maase-Zadikim	practice	torat_ha_tsaddik	practice:torat_ha_tsaddik	none	no	no
Maase-Zadikim_0014	Maase-Zadikim	practice	travel_to_the_tsaddik	practice:travel_to_the_tsaddik	none	no	no
Maase-Zadikim_0014	Maase-Zadikim	social	inter_hasidic	social:inter_hasidic	none	no	no
Maase-Zadikim_0014	Maase-Zadikim	social	inter_hasidic_master_disciple_relationship	social:inter_hasidic_master_disciple_relationship	none	no	no
Maase-Zadikim_0014	Maase-Zadikim	social	relations_with_non_hasidim	social:relations_with_non_hasidim	none	no	no
Maase-Zadikim_0014	Maase-Zadikim	supernatural	perception	supernatural:perception	none	no	no
Maase-Zadikim_0015	Maase-Zadikim	characters-and-roles	hidden_righteous	characters-and-roles:hidden_righteous	minor	yes	yes
Maase-Zadikim_0015	Maase-Zadikim	ethics-and-emotions	adultery	ethics-and-emotions:adultery	minor	yes	yes
Maase-Zadikim_0015	Maase-Zadikim	ethics-and-emotions	fear	ethics-and-emotions:fear	minor	yes	yes
Maase-Zadikim_0015	Maase-Zadikim	ethics-and-emotions	lust	ethics-and-emotions:lust	minor	yes	yes
Maase-Zadikim_0015	Maase-Zadikim	ethics-and-emotions	prohibitions	ethics-and-emotions:prohibitions	minor	yes	yes
Maase-Zadikim_0015	Maase-Zadikim	ethics-and-emotions	punishment	ethics-and-emotions:punishment	minor	yes	yes
Maase-Zadikim_0015	Maase-Zadikim	ethics-and-emotions	repentance	ethics-and-emotions:repentance	minor	yes	yes
Maase-Zadikim_0015	Maase-Zadikim	ethics-and-emotions	sadness	ethics-and-emotions:sadness	minor	yes	yes
Maase-Zadikim_0015	Maase-Zadikim	experience	enthusiasm	experience:enthusiasm	minor	yes	yes
Maase-Zadikim_0015	Maase-Zadikim	folkloristics	story_type_prognostication	folkloristics:story_type_prognostication	minor	yes	yes
Maase-Zadikim_0015	Maase-Zadikim	folkloristics	story_type_virtues	folkloristics:story_type_virtues	minor	yes	yes
Maase-Zadikim_0015	Maase-Zadikim	practice	reception_of_hasidim	practice:reception_of_hasidim	minor	yes	yes
Maase-Zadikim_0015	Maase-Zadikim	practice	recitation_of_psalms	practice:recitation_of_psalms	minor	yes	yes
Maase-Zadikim_0015	Maase-Zadikim	practice	study	practice:study	minor	yes	yes
Maase-Zadikim_0015	Maase-Zadikim	practice	travel_to_the_tsaddik	practice:travel_to_the_tsaddik	minor	yes	yes
Maase-Zadikim_0015	Maase-Zadikim	social	inter_hasidic	social:inter_hasidic	minor	yes	yes
Maase-Zadikim_0015	Maase-Zadikim	social	inter_hasidic_master_disciple_relationship	social:inter_hasidic_master_disciple_relationship	minor	yes	yes
Maase-Zadikim_0015	Maase-Zadikim	social	relations_with_non_jews	social:relations_with_non_jews	minor	yes	yes
Maase-Zadikim_0015	Maase-Zadikim	social	retrospective_recognition	social:retrospective_recognition	minor	yes	yes
Maase-Zadikim_0015	Maase-Zadikim	spaces	heaven	spaces:heaven	minor	yes	yes
Maase-Zadikim_0015	Maase-Zadikim	supernatural	miracle	supernatural:miracle	minor	yes	yes
Maase-Zadikim_0015	Maase-Zadikim	supernatural	perception	supernatural:perception	minor	yes	yes
Maase-Zadikim_0015	Maase-Zadikim	supernatural	prognostication	supernatural:prognostication	minor	yes	yes
Maase-Zadikim_0015	Maase-Zadikim	times	death	times:death	minor	yes	yes
Maase-Zadikim_0016	Maase-Zadikim	characters-and-roles	the_family_of_the_tsaddik	characters-and-roles:the_family_of_the_tsaddik	minor	yes	yes
Maase-Zadikim_0016	Maase-Zadikim	ethics-and-emotions	anger	ethics-and-emotions:anger	minor	yes	yes
Maase-Zadikim_0016	Maase-Zadikim	ethics-and-emotions	awe	ethics-and-emotions:awe	minor	yes	yes
Maase-Zadikim_0016	Maase-Zadikim	ethics-and-emotions	charity	ethics-and-emotions:charity	minor	yes	yes
Maase-Zadikim_0016	Maase-Zadikim	ethics-and-emotions	fear	ethics-and-emotions:fear	minor	yes	yes
Maase-Zadikim_0016	Maase-Zadikim	ethics-and-emotions	joy	ethics-and-emotions:joy	minor	yes	yes
Maase-Zadikim_0016	Maase-Zadikim	ethics-and-emotions	punishment	ethics-and-emotions:punishment	minor	yes	yes
Maase-Zadikim_0016	Maase-Zadikim	ethics-and-emotions	repentance	ethics-and-emotions:repentance	minor	yes	yes
Maase-Zadikim_0016	Maase-Zadikim	experience	enthusiasm	experience:enthusiasm	minor	yes	yes
Maase-Zadikim_0016	Maase-Zadikim	folkloristics	story_type_prognostication	folkloristics:story_type_prognostication	minor	yes	yes
Maase-Zadikim_0016	Maase-Zadikim	folkloristics	story_type_virtues	folkloristics:story_type_virtues	minor	yes	yes
Maase-Zadikim_0016	Maase-Zadikim	practice	storytelling	practice:storytelling	minor	yes	yes
Maase-Zadikim_0016	Maase-Zadikim	practice	study	practice:study	minor	yes	yes
Maase-Zadikim_0016	Maase-Zadikim	practice	tvilah	practice:tvilah	minor	yes	yes
Maase-Zadikim_0016	Maase-Zadikim	social	conflict	social:conflict	minor	yes	yes
Maase-Zadikim_0016	Maase-Zadikim	social	disobedience	social:disobedience	minor	yes	yes
Maase-Zadikim_0016	Maase-Zadikim	social	inter_hasidic	social:inter_hasidic	minor	yes	yes
Maase-Zadikim_0016	Maase-Zadikim	social	inter_hasidic_master_disciple_relationship	social:inter_hasidic_master_disciple_relationship	minor	yes	yes
Maase-Zadikim_0016	Maase-Zadikim	social	poverty	social:poverty	minor	yes	yes
Maase-Zadikim_0016	Maase-Zadikim	social	relations_with_sinners	social:relations_with_sinners	minor	yes	yes
Maase-Zadikim_0016	Maase-Zadikim	social	relations_with_the_authorities	social:relations_with_the_authorities	minor	yes	yes
Maase-Zadikim_0016	Maase-Zadikim	social	retrospective_recognition	social:retrospective_recognition	minor	yes	yes
Maase-Zadikim_0016	Maase-Zadikim	spaces	beth_midrash	spaces:beth_midrash	minor	yes	yes
Maase-Zadikim_0016	Maase-Zadikim	spaces	heaven	spaces:heaven	minor	yes	yes
Maase-Zadikim_0016	Maase-Zadikim	supernatural	miracle	supernatural:miracle	minor	yes	yes
Maase-Zadikim_0016	Maase-Zadikim	supernatural	perception	supernatural:perception	minor	yes	yes
Maase-Zadikim_0016	Maase-Zadikim	supernatural	pregnancy	supernatural:pregnancy	minor	yes	yes
Maase-Zadikim_0016	Maase-Zadikim	supernatural	prognostication	supernatural:prognostication	minor	yes	yes
Maase-Zadikim_0016	Maase-Zadikim	times	birth	times:birth	minor	yes	yes
Maase-Zadikim_0016	Maase-Zadikim	times	holidays	times:holidays	minor	yes	yes
Maase-Zadikim_0017	Maase-Zadikim	experience	devekut	experience:devekut	none	no	no
Maase-Zadikim_0017	Maase-Zadikim	practice	devekut	practice:devekut	none	no	no
Maase-Zadikim_0017	Maase-Zadikim	practice	prayer	practice:prayer	none	no	no
Maase-Zadikim_0018	Maase-Zadikim	characters-and-roles	hidden_righteous	characters-and-roles:hidden_righteous	mention_only	yes	no
Maase-Zadikim_0018	Maase-Zadikim	ethics-and-emotions	charity	ethics-and-emotions:charity	mention_only	yes	no
Maase-Zadikim_0018	Maase-Zadikim	ethics-and-emotions	joy	ethics-and-emotions:joy	mention_only	yes	no
Maase-Zadikim_0018	Maase-Zadikim	ethics-and-emotions	lying	ethics-and-emotions:lying	mention_only	yes	no
Maase-Zadikim_0018	Maase-Zadikim	ethics-and-emotions	virtues	ethics-and-emotions:virtues	mention_only	yes	no
Maase-Zadikim_0018	Maase-Zadikim	folkloristics	story_type_virtues	folkloristics:story_type_virtues	mention_only	yes	no
Maase-Zadikim_0018	Maase-Zadikim	practice	healing	practice:healing	mention_only	yes	no
Maase-Zadikim_0018	Maase-Zadikim	practice	pidyon_nefesh	practice:pidyon_nefesh	mention_only	yes	no
Maase-Zadikim_0018	Maase-Zadikim	practice	prayer	practice:prayer	mention_only	yes	no
Maase-Zadikim_0018	Maase-Zadikim	social	relations_with_non_jews	social:relations_with_non_jews	mention_only	yes	no
Maase-Zadikim_0018	Maase-Zadikim	social	retrospective_recognition	social:retrospective_recognition	mention_only	yes	no
Maase-Zadikim_0018	Maase-Zadikim	supernatural	magic	supernatural:magic	mention_only	yes	no
Maase-Zadikim_0018	Maase-Zadikim	supernatural	perception	supernatural:perception	mention_only	yes	no
Maase-Zadikim_0019	Maase-Zadikim	ethics-and-emotions	lying	ethics-and-emotions:lying	none	no	no
Maase-Zadikim_0019	Maase-Zadikim	ethics-and-emotions	virtues	ethics-and-emotions:virtues	none	no	no
Maase-Zadikim_0019	Maase-Zadikim	folkloristics	story_type_virtues	folkloristics:story_type_virtues	none	no	no
Maase-Zadikim_0019	Maase-Zadikim	practice	tvilah	practice:tvilah	none	no	no
Maase-Zadikim_0019	Maase-Zadikim	social	relations_with_non_hasidim	social:relations_with_non_hasidim	none	no	no
Maase-Zadikim_0020	Maase-Zadikim	practice	prayer	practice:prayer	mention_only	yes	no
Maase-Zadikim_0020	Maase-Zadikim	practice	protection	practice:protection	mention_only	yes	no
Maase-Zadikim_0020	Maase-Zadikim	social	relations_with_non_jews	social:relations_with_non_jews	mention_only	yes	no
Maase-Zadikim_0020	Maase-Zadikim	social	relations_with_the_authorities	social:relations_with_the_authorities	mention_only	yes	no
Maase-Zadikim_0020	Maase-Zadikim	supernatural	perception	supernatural:perception	mention_only	yes	no
Maase-Zadikim_0020	Maase-Zadikim	times	shabbat	times:shabbat	mention_only	yes	no
Maase-Zadikim_0021	Maase-Zadikim	ethics-and-emotions	humility	ethics-and-emotions:humility	none	no	no
Maase-Zadikim_0021	Maase-Zadikim	ethics-and-emotions	virtues	ethics-and-emotions:virtues	none	no	no
Maase-Zadikim_0021	Maase-Zadikim	practice	halakhah	practice:halakhah	none	no	no
Maase-Zadikim_0022	Maase-Zadikim	ethics-and-emotions	virtues	ethics-and-emotions:virtues	mention_only	yes	no
Maase-Zadikim_0022	Maase-Zadikim	practice	prayer	practice:prayer	mention_only	yes	no
Maase-Zadikim_0022	Maase-Zadikim	times	holidays	times:holidays	mention_only	yes	no
Maase-Zadikim_0023	Maase-Zadikim	ethics-and-emotions	virtues	ethics-and-emotions:virtues	none	no	no
Maase-Zadikim_0023	Maase-Zadikim	folkloristics	story_type_virtues	folkloristics:story_type_virtues	none	no	no
Maase-Zadikim_0024	Maase-Zadikim	ethics-and-emotions	charity	ethics-and-emotions:charity	none	no	no
Maase-Zadikim_0024	Maase-Zadikim	ethics-and-emotions	virtues	ethics-and-emotions:virtues	none	no	no
Maase-Zadikim_0024	Maase-Zadikim	folkloristics	story_type_virtues	folkloristics:story_type_virtues	none	no	no
Maase-Zadikim_0025	Maase-Zadikim	characters-and-roles	hidden_righteous	characters-and-roles:hidden_righteous	catalyst	yes	yes
Maase-Zadikim_0025	Maase-Zadikim	ethics-and-emotions	virtues	ethics-and-emotions:virtues	catalyst	yes	yes
Maase-Zadikim_0025	Maase-Zadikim	practice	drinking_alcohol	practice:drinking_alcohol	catalyst	yes	yes
Maase-Zadikim_0025	Maase-Zadikim	practice	healing	practice:healing	catalyst	yes	yes
Maase-Zadikim_0025	Maase-Zadikim	supernatural	perception	supernatural:perception	catalyst	yes	yes
Maase-Zadikim_0026	Maase-Zadikim	practice	travel_to_other_tsaddik	practice:travel_to_other_tsaddik	none	no	no
Maase-Zadikim_0026	Maase-Zadikim	practice	travel_to_the_tsaddik	practice:travel_to_the_tsaddik	none	no	no
Maase-Zadikim_0026	Maase-Zadikim	social	inter_hasidic	social:inter_hasidic	none	no	no
Maase-Zadikim_0026	Maase-Zadikim	social	inter_hasidic_master_disciple_relationship	social:inter_hasidic_master_disciple_relationship	none	no	no
Maase-Zadikim_0026	Maase-Zadikim	supernatural	prognostication	supernatural:prognostication	none	no	no
Maase-Zadikim_0026	Maase-Zadikim	times	death	times:death	none	no	no
Maase-Zadikim_0027	Maase-Zadikim	kabbalah	kabbalistic_terms_yihudim	kabbalah:kabbalistic_terms_yihudim	none	no	no
Maase-Zadikim_0027	Maase-Zadikim	practice	dance	practice:dance	none	no	no
Maase-Zadikim_0027	Maase-Zadikim	practice	healing	practice:healing	none	no	no
Maase-Zadikim_0027	Maase-Zadikim	practice	meditation	practice:meditation	none	no	no
Maase-Zadikim_0027	Maase-Zadikim	supernatural	light_or_fire_as_a_sign_of_righteousness	supernatural:light_or_fire_as_a_sign_of_righteousness	none	no	no
Maase-Zadikim_0027	Maase-Zadikim	times	shabbat	times:shabbat	none	no	no
Maase-Zadikim_0028	Maase-Zadikim	practice	prayer	practice:prayer	catalyst	yes	yes
Maase-Zadikim_0028	Maase-Zadikim	practice	travel_to_the_tsaddik	practice:travel_to_the_tsaddik	catalyst	yes	yes
Maase-Zadikim_0028	Maase-Zadikim	social	inter_hasidic_master_disciple_relationship	social:inter_hasidic_master_disciple_relationship	catalyst	yes	yes
Maase-Zadikim_0028	Maase-Zadikim	supernatural	perception	supernatural:perception	catalyst	yes	yes
Maase-Zadikim_0029	Maase-Zadikim	ethics-and-emotions	virtues	ethics-and-emotions:virtues	none	no	no
Maase-Zadikim_0029	Maase-Zadikim	practice	healing	practice:healing	none	no	no
Maase-Zadikim_0030	Maase-Zadikim	ethics-and-emotions	humility	ethics-and-emotions:humility	none	no	no
Maase-Zadikim_0030	Maase-Zadikim	ethics-and-emotions	pride	ethics-and-emotions:pride	none	no	no
Maase-Zadikim_0030	Maase-Zadikim	ethics-and-emotions	prohibitions	ethics-and-emotions:prohibitions	none	no	no
Maase-Zadikim_0030	Maase-Zadikim	folkloristics	story_type_virtues	folkloristics:story_type_virtues	none	no	no
Maase-Zadikim_0030	Maase-Zadikim	social	conflict	social:conflict	none	no	no
Maase-Zadikim_0031	Maase-Zadikim	ethics-and-emotions	adultery	ethics-and-emotions:adultery	mention_only	yes	no
Maase-Zadikim_0031	Maase-Zadikim	ethics-and-emotions	repentance	ethics-and-emotions:repentance	mention_only	yes	no
Maase-Zadikim_0031	Maase-Zadikim	ethics-and-emotions	virtues	ethics-and-emotions:virtues	mention_only	yes	no
Maase-Zadikim_0031	Maase-Zadikim	folkloristics	story_type_rapprochement	folkloristics:story_type_rapprochement	mention_only	yes	no
Maase-Zadikim_0031	Maase-Zadikim	practice	reception_of_hasidim	practice:reception_of_hasidim	mention_only	yes	no
Maase-Zadikim_0031	Maase-Zadikim	practice	travel_to_other_tsaddik	practice:travel_to_other_tsaddik	mention_only	yes	no
Maase-Zadikim_0031	Maase-Zadikim	practice	travel_to_the_tsaddik	practice:travel_to_the_tsaddik	mention_only	yes	no
Maase-Zadikim_0031	Maase-Zadikim	social	inter_hasidic	social:inter_hasidic	mention_only	yes	no
Maase-Zadikim_0031	Maase-Zadikim	social	inter_hasidic_inheritance_of_leadership	social:inter_hasidic_inheritance_of_leadership	mention_only	yes	no
Maase-Zadikim_0031	Maase-Zadikim	social	inter_hasidic_master_disciple_relationship	social:inter_hasidic_master_disciple_relationship	mention_only	yes	no
Maase-Zadikim_0031	Maase-Zadikim	social	relations_with_non_hasidim	social:relations_with_non_hasidim	mention_only	yes	no
Maase-Zadikim_0031	Maase-Zadikim	social	relations_with_sinners	social:relations_with_sinners	mention_only	yes	no
Maase-Zadikim_0031	Maase-Zadikim	supernatural	perception	supernatural:perception	mention_only	yes	no
Maase-Zadikim_0031	Maase-Zadikim	times	death	times:death	mention_only	yes	no
Maase-Zadikim_0032	Maase-Zadikim	ethics-and-emotions	repentance	ethics-and-emotions:repentance	major	yes	yes
Maase-Zadikim_0032	Maase-Zadikim	ethics-and-emotions	shame	ethics-and-emotions:shame	major	yes	yes
Maase-Zadikim_0032	Maase-Zadikim	ethics-and-emotions	virtues	ethics-and-emotions:virtues	major	yes	yes
Maase-Zadikim_0032	Maase-Zadikim	experience	revelation	experience:revelation	major	yes	yes
Maase-Zadikim_0032	Maase-Zadikim	social	relations_with_sinners	social:relations_with_sinners	major	yes	yes
Maase-Zadikim_0032	Maase-Zadikim	supernatural	perception	supernatural:perception	major	yes	yes
Maase-Zadikim_0033	Maase-Zadikim	ethics-and-emotions	adultery	ethics-and-emotions:adultery	mention_only	yes	no
Maase-Zadikim_0033	Maase-Zadikim	ethics-and-emotions	repentance	ethics-and-emotions:repentance	mention_only	yes	no
Maase-Zadikim_0033	Maase-Zadikim	supernatural	perception	supernatural:perception	mention_only	yes	no
Maase-Zadikim_0034	Maase-Zadikim	ethics-and-emotions	awe	ethics-and-emotions:awe	none	no	no
Maase-Zadikim_0034	Maase-Zadikim	ethics-and-emotions	humility	ethics-and-emotions:humility	none	no	no
Maase-Zadikim_0034	Maase-Zadikim	folkloristics	story_type_rapprochement	folkloristics:story_type_rapprochement	none	no	no
Maase-Zadikim_0034	Maase-Zadikim	practice	prayer	practice:prayer	none	no	no
Maase-Zadikim_0034	Maase-Zadikim	practice	reception_of_hasidim	practice:reception_of_hasidim	none	no	no
Maase-Zadikim_0034	Maase-Zadikim	practice	travel_to_the_tsaddik	practice:travel_to_the_tsaddik	none	no	no
Maase-Zadikim_0034	Maase-Zadikim	social	inter_hasidic_master_disciple_relationship	social:inter_hasidic_master_disciple_relationship	none	no	no
Maase-Zadikim_0034	Maase-Zadikim	spaces	beth_midrash	spaces:beth_midrash	none	no	no
Maase-Zadikim_0034	Maase-Zadikim	supernatural	perception	supernatural:perception	none	no	no
Maase-Zadikim_0034	Maase-Zadikim	times	death	times:death	none	no	no
Maase-Zadikim_0035	Maase-Zadikim	experience	revelation	experience:revelation	none	no	no
Maase-Zadikim_0035	Maase-Zadikim	folkloristics	story_type_death_of_the_tsaddik	folkloristics:story_type_death_of_the_tsaddik	none	no	no
Maase-Zadikim_0035	Maase-Zadikim	kabbalah		kabbalah	none	no	no
Maase-Zadikim_0035	Maase-Zadikim	supernatural	perception	supernatural:perception	none	no	no
Maase-Zadikim_0035	Maase-Zadikim	times	death	times:death	none	no	no
Maase-Zadikim_0036	Maase-Zadikim	ethics-and-emotions	virtues	ethics-and-emotions:virtues	none	no	no
Maase-Zadikim_0036	Maase-Zadikim	social	relations_with_non_hasidim	social:relations_with_non_hasidim	none	no	no
Maase-Zadikim_0036	Maase-Zadikim	supernatural	perception	supernatural:perception	none	no	no
Maase-Zadikim_0037	Maase-Zadikim	characters-and-roles	the_family_of_the_tsaddik	characters-and-roles:the_family_of_the_tsaddik	minor	yes	yes
Maase-Zadikim_0037	Maase-Zadikim	social	conflict	social:conflict	minor	yes	yes
Maase-Zadikim_0037	Maase-Zadikim	social	marital_relationship	social:marital_relationship	minor	yes	yes
Maase-Zadikim_0037	Maase-Zadikim	spaces	rabbinical_court	spaces:rabbinical_court	minor	yes	yes
Maase-Zadikim_0038	Maase-Zadikim	ethics-and-emotions	virtues	ethics-and-emotions:virtues	none	no	no
Maase-Zadikim_0039	Maase-Zadikim	ethics-and-emotions	virtues	ethics-and-emotions:virtues	none	no	no
Maase-Zadikim_0040	Maase-Zadikim	practice	sermon	practice:sermon	none	no	no
Maase-Zadikim_0041	Maase-Zadikim	ethics-and-emotions	lying	ethics-and-emotions:lying	none	no	no
Maase-Zadikim_0041	Maase-Zadikim	ethics-and-emotions	virtues	ethics-and-emotions:virtues	none	no	no
Maase-Zadikim_0041	Maase-Zadikim	folkloristics	story_type_virtues	folkloristics:story_type_virtues	none	no	no
Mifalot-HaZadikim_0001	Mifalot-HaZadikim	characters-and-roles	agunah	characters-and-roles:agunah	major	yes	yes
Mifalot-HaZadikim_0001	Mifalot-HaZadikim	ethics-and-emotions	lying	ethics-and-emotions:lying	major	yes	yes
Mifalot-HaZadikim_0001	Mifalot-HaZadikim	ethics-and-emotions	repentance	ethics-and-emotions:repentance	major	yes	yes
Mifalot-HaZadikim_0001	Mifalot-HaZadikim	experience	revelation	experience:revelation	major	yes	yes
Mifalot-HaZadikim_0001	Mifalot-HaZadikim	practice	releasing_agunot	practice:releasing_agunot	major	yes	yes
Mifalot-HaZadikim_0001	Mifalot-HaZadikim	practice	the_travels_of_the_tsaddik	practice:the_travels_of_the_tsaddik	major	yes	yes
Mifalot-HaZadikim_0001	Mifalot-HaZadikim	social	converts_and_conversion	social:converts_and_conversion	major	yes	yes
Mifalot-HaZadikim_0001	Mifalot-HaZadikim	social	divorce	social:divorce	major	yes	yes
Mifalot-HaZadikim_0001	Mifalot-HaZadikim	supernatural	miracle	supernatural:miracle	major	yes	yes
Mifalot-HaZadikim_0001	Mifalot-HaZadikim	supernatural	perception	supernatural:perception	major	yes	yes
Mifalot-HaZadikim_0001	Mifalot-HaZadikim	supernatural	prognostication	supernatural:prognostication	major	yes	yes
Mifalot-HaZadikim_0001	Mifalot-HaZadikim	times	historical_event	times:historical_event	major	yes	yes
Mifalot-HaZadikim_0002	Mifalot-HaZadikim	experience	dream	experience:dream	none	no	no
Mifalot-HaZadikim_0002	Mifalot-HaZadikim	knowledge	esoteric	knowledge:esoteric	none	no	no
Mifalot-HaZadikim_0003	Mifalot-HaZadikim	folkloristics	story_type_rapprochement	folkloristics:story_type_rapprochement	none	no	no
Mifalot-HaZadikim_0003	Mifalot-HaZadikim	practice	prayer	practice:prayer	none	no	no
Mifalot-HaZadikim_0003	Mifalot-HaZadikim	practice	travel_to_the_tsaddik	practice:travel_to_the_tsaddik	none	no	no
Mifalot-HaZadikim_0003	Mifalot-HaZadikim	social	inter_hasidic_master_disciple_relationship	social:inter_hasidic_master_disciple_relationship	none	no	no
Mifalot-HaZadikim_0003	Mifalot-HaZadikim	supernatural	perception	supernatural:perception	none	no	no
Mifalot-HaZadikim_0004	Mifalot-HaZadikim	practice	travel_to_the_tsaddik	practice:travel_to_the_tsaddik	none	no	no
Mifalot-HaZadikim_0004	Mifalot-HaZadikim	social	inter_hasidic_master_disciple_relationship	social:inter_hasidic_master_disciple_relationship	none	no	no
Mifalot-HaZadikim_0005	Mifalot-HaZadikim	practice	prayer	practice:prayer	none	no	no
Mifalot-HaZadikim_0006	Mifalot-HaZadikim	characters-and-roles	elijah_the_prophet	characters-and-roles:elijah_the_prophet	minor	yes	yes
Mifalot-HaZadikim_0006	Mifalot-HaZadikim	characters-and-roles	hidden_righteous	characters-and-roles:hidden_righteous	minor	yes	yes
Mifalot-HaZadikim_0006	Mifalot-HaZadikim	characters-and-roles	preacher	characters-and-roles:preacher	minor	yes	yes
Mifalot-HaZadikim_0006	Mifalot-HaZadikim	characters-and-roles	the_family_of_the_tsaddik	characters-and-roles:the_family_of_the_tsaddik	minor	yes	yes
Mifalot-HaZadikim_0006	Mifalot-HaZadikim	ethics-and-emotions	anger	ethics-and-emotions:anger	minor	yes	yes
Mifalot-HaZadikim_0006	Mifalot-HaZadikim	ethics-and-emotions	charity	ethics-and-emotions:charity	minor	yes	yes
Mifalot-HaZadikim_0006	Mifalot-HaZadikim	ethics-and-emotions	fear	ethics-and-emotions:fear	minor	yes	yes
Mifalot-HaZadikim_0006	Mifalot-HaZadikim	ethics-and-emotions	joy	ethics-and-emotions:joy	minor	yes	yes
Mifalot-HaZadikim_0006	Mifalot-HaZadikim	ethics-and-emotions	prohibitions	ethics-and-emotions:prohibitions	minor	yes	yes
Mifalot-HaZadikim_0006	Mifalot-HaZadikim	ethics-and-emotions	sadness	ethics-and-emotions:sadness	minor	yes	yes
Mifalot-HaZadikim_0006	Mifalot-HaZadikim	ethics-and-emotions	shame	ethics-and-emotions:shame	minor	yes	yes
Mifalot-HaZadikim_0006	Mifalot-HaZadikim	ethics-and-emotions	virtues	ethics-and-emotions:virtues	minor	yes	yes
Mifalot-HaZadikim_0006	Mifalot-HaZadikim	experience	revelation	experience:revelation	minor	yes	yes
Mifalot-HaZadikim_0006	Mifalot-HaZadikim	folkloristics	story_type_prognostication	folkloristics:story_type_prognostication	minor	yes	yes
Mifalot-HaZadikim_0006	Mifalot-HaZadikim	knowledge	esoteric	knowledge:esoteric	minor	yes	yes
Mifalot-HaZadikim_0006	Mifalot-HaZadikim	practice	drinking_alcohol	practice:drinking_alcohol	minor	yes	yes
Mifalot-HaZadikim_0006	Mifalot-HaZadikim	practice	music	practice:music	minor	yes	yes
Mifalot-HaZadikim_0006	Mifalot-HaZadikim	practice	prayer	practice:prayer	minor	yes	yes
Mifalot-HaZadikim_0006	Mifalot-HaZadikim	practice	recitation_of_psalms	practice:recitation_of_psalms	minor	yes	yes
Mifalot-HaZadikim_0006	Mifalot-HaZadikim	practice	releasing_agunot	practice:releasing_agunot	minor	yes	yes
Mifalot-HaZadikim_0006	Mifalot-HaZadikim	practice	sermon	practice:sermon	minor	yes	yes
Mifalot-HaZadikim_0006	Mifalot-HaZadikim	practice	study	practice:study	minor	yes	yes
Mifalot-HaZadikim_0006	Mifalot-HaZadikim	social	marital_relationship	social:marital_relationship	minor	yes	yes
Mifalot-HaZadikim_0006	Mifalot-HaZadikim	social	marriage	social:marriage	minor	yes	yes
Mifalot-HaZadikim_0006	Mifalot-HaZadikim	social	poverty	social:poverty	minor	yes	yes
Mifalot-HaZadikim_0006	Mifalot-HaZadikim	social	retrospective_recognition	social:retrospective_recognition	minor	yes	yes
Mifalot-HaZadikim_0006	Mifalot-HaZadikim	supernatural	communicating_with_the_invisible	supernatural:communicating_with_the_invisible	minor	yes	yes
Mifalot-HaZadikim_0006	Mifalot-HaZadikim	supernatural	light_or_fire_as_a_sign_of_righteousness	supernatural:light_or_fire_as_a_sign_of_righteousness	minor	yes	yes
Mifalot-HaZadikim_0006	Mifalot-HaZadikim	supernatural	magic	supernatural:magic	minor	yes	yes
Mifalot-HaZadikim_0006	Mifalot-HaZadikim	supernatural	miracle	supernatural:miracle	minor	yes	yes
Mifalot-HaZadikim_0006	Mifalot-HaZadikim	supernatural	perception	supernatural:perception	minor	yes	yes
Mifalot-HaZadikim_0006	Mifalot-HaZadikim	supernatural	pregnancy	supernatural:pregnancy	minor	yes	yes
Mifalot-HaZadikim_0006	Mifalot-HaZadikim	supernatural	prognostication	supernatural:prognostication	minor	yes	yes
Mifalot-HaZadikim_0006	Mifalot-HaZadikim	times	birth	times:birth	minor	yes	yes
Mifalot-HaZadikim_0006	Mifalot-HaZadikim	times	death	times:death	minor	yes	yes
Mifalot-HaZadikim_0007	Mifalot-HaZadikim	characters-and-roles	preacher	characters-and-roles:preacher	none	no	no
Mifalot-HaZadikim_0007	Mifalot-HaZadikim	characters-and-roles	ritual_slaughterer	characters-and-roles:ritual_slaughterer	none	no	no
Mifalot-HaZadikim_0007	Mifalot-HaZadikim	ethics-and-emotions	joy	ethics-and-emotions:joy	none	no	no
Mifalot-HaZadikim_0007	Mifalot-HaZadikim	folkloristics	story_type_virtues	folkloristics:story_type_virtues	none	no	no
Mifalot-HaZadikim_0007	Mifalot-HaZadikim	practice	ritual_slaughtering	practice:ritual_slaughtering	none	no	no
Mifalot-HaZadikim_0007	Mifalot-HaZadikim	practice	the_travels_of_the_tsaddik	practice:the_travels_of_the_tsaddik	none	no	no
Mifalot-HaZadikim_0007	Mifalot-HaZadikim	social	inter_hasidic	social:inter_hasidic	none	no	no
Mifalot-HaZadikim_0007	Mifalot-HaZadikim	social	inter_hasidic_master_disciple_relationship	social:inter_hasidic_master_disciple_relationship	none	no	no
Mifalot-HaZadikim_0007	Mifalot-HaZadikim	social	retrospective_recognition	social:retrospective_recognition	none	no	no
Mifalot-HaZadikim_0007	Mifalot-HaZadikim	supernatural	perception	supernatural:perception	none	no	no
Mifalot-HaZadikim_0007	Mifalot-HaZadikim	supernatural	prognostication	supernatural:prognostication	none	no	no
Mifalot-HaZadikim_0007	Mifalot-HaZadikim	times	shabbat	times:shabbat	none	no	no
Mifalot-HaZadikim_0008	Mifalot-HaZadikim	characters-and-roles	angels	characters-and-roles:angels	minor	yes	yes
Mifalot-HaZadikim_0008	Mifalot-HaZadikim	experience	dream	experience:dream	minor	yes	yes
Mifalot-HaZadikim_0008	Mifalot-HaZadikim	practice	pidyon_nefesh	practice:pidyon_nefesh	minor	yes	yes
Mifalot-HaZadikim_0008	Mifalot-HaZadikim	practice	prayer	practice:prayer	minor	yes	yes
Mifalot-HaZadikim_0008	Mifalot-HaZadikim	practice	protection	practice:protection	minor	yes	yes
Mifalot-HaZadikim_0008	Mifalot-HaZadikim	practice	the_travels_of_the_tsaddik	practice:the_travels_of_the_tsaddik	minor	yes	yes
Mifalot-HaZadikim_0008	Mifalot-HaZadikim	practice	torat_ha_tsaddik	practice:torat_ha_tsaddik	minor	yes	yes
Mifalot-HaZadikim_0008	Mifalot-HaZadikim	social	inter_hasidic	social:inter_hasidic	minor	yes	yes
Mifalot-HaZadikim_0008	Mifalot-HaZadikim	social	inter_hasidic_master_disciple_relationship	social:inter_hasidic_master_disciple_relationship	minor	yes	yes
Mifalot-HaZadikim_0008	Mifalot-HaZadikim	spaces	heaven	spaces:heaven	minor	yes	yes
Mifalot-HaZadikim_0008	Mifalot-HaZadikim	supernatural	communicating_with_the_invisible	supernatural:communicating_with_the_invisible	minor	yes	yes
Mifalot-HaZadikim_0008	Mifalot-HaZadikim	supernatural	perception	supernatural:perception	minor	yes	yes
Mifalot-HaZadikim_0009	Mifalot-HaZadikim	ethics-and-emotions	awe	ethics-and-emotions:awe	none	no	no
Mifalot-HaZadikim_0009	Mifalot-HaZadikim	ethics-and-emotions	fear	ethics-and-emotions:fear	none	no	no
Mifalot-HaZadikim_0009	Mifalot-HaZadikim	ethics-and-emotions	virtues	ethics-and-emotions:virtues	none	no	no
Mifalot-HaZadikim_0009	Mifalot-HaZadikim	experience	enthusiasm	experience:enthusiasm	none	no	no
Mifalot-HaZadikim_0009	Mifalot-HaZadikim	folkloristics	story_type_protection	folkloristics:story_type_protection	none	no	no
Mifalot-HaZadikim_0009	Mifalot-HaZadikim	practice	drinking_alcohol	practice:drinking_alcohol	none	no	no
Mifalot-HaZadikim_0009	Mifalot-HaZadikim	practice	protection	practice:protection	none	no	no
Mifalot-HaZadikim_0009	Mifalot-HaZadikim	social	inter_hasidic	social:inter_hasidic	none	no	no
Mifalot-HaZadikim_0009	Mifalot-HaZadikim	social	inter_hasidic_master_disciple_relationship	social:inter_hasidic_master_disciple_relationship	none	no	no
Mifalot-HaZadikim_0009	Mifalot-HaZadikim	spaces	beth_midrash	spaces:beth_midrash	none	no	no
Mifalot-HaZadikim_0009	Mifalot-HaZadikim	spaces	institutions_hassidic_court	spaces:institutions_hassidic_court	none	no	no
Mifalot-HaZadikim_0009	Mifalot-HaZadikim	supernatural	perception	supernatural:perception	none	no	no
Mifalot-HaZadikim_0010	Mifalot-HaZadikim	practice	the_travels_of_the_tsaddik	practice:the_travels_of_the_tsaddik	none	no	no
Mifalot-HaZadikim_0010	Mifalot-HaZadikim	social	inter_hasidic	social:inter_hasidic	none	no	no
Mifalot-HaZadikim_0010	Mifalot-HaZadikim	social	inter_hasidic_conflict_between_tsaddikim	social:inter_hasidic_conflict_between_tsaddikim	none	no	no
Mifalot-HaZadikim_0010	Mifalot-HaZadikim	social	inter_hasidic_master_disciple_relationship	social:inter_hasidic_master_disciple_relationship	none	no	no
Mifalot-HaZadikim_0011	Mifalot-HaZadikim	ethics-and-emotions	anger	ethics-and-emotions:anger	none	no	no
Mifalot-HaZadikim_0011	Mifalot-HaZadikim	ethics-and-emotions	prohibitions	ethics-and-emotions:prohibitions	none	no	no
Mifalot-HaZadikim_0011	Mifalot-HaZadikim	experience	enthusiasm	experience:enthusiasm	none	no	no
Mifalot-HaZadikim_0011	Mifalot-HaZadikim	practice	sermon	practice:sermon	none	no	no
Mifalot-HaZadikim_0011	Mifalot-HaZadikim	practice	travel_to_other_tsaddik	practice:travel_to_other_tsaddik	none	no	no
Mifalot-HaZadikim_0011	Mifalot-HaZadikim	practice	travel_to_the_tsaddik	practice:travel_to_the_tsaddik	none	no	no
Mifalot-HaZadikim_0011	Mifalot-HaZadikim	social	inter_hasidic	social:inter_hasidic	none	no	no
Mifalot-HaZadikim_0011	Mifalot-HaZadikim	social	inter_hasidic_master_disciple_relationship	social:inter_hasidic_master_disciple_relationship	none	no	no
Mifalot-HaZadikim_0012	Mifalot-HaZadikim	ethics-and-emotions	humility	ethics-and-emotions:humility	none	no	no
Mifalot-HaZadikim_0012	Mifalot-HaZadikim	practice	storytelling	practice:storytelling	none	no	no
Mifalot-HaZadikim_0012	Mifalot-HaZadikim	practice	study	practice:study	none	no	no
Mifalot-HaZadikim_0012	Mifalot-HaZadikim	social	relations_with_non_jews	social:relations_with_non_jews	none	no	no
Mifalot-HaZadikim_0012	Mifalot-HaZadikim	supernatural	perception	supernatural:perception	none	no	no
Mifalot-HaZadikim_0012	Mifalot-HaZadikim	times	shabbat	times:shabbat	none	no	no
Mifalot-HaZadikim_0013	Mifalot-HaZadikim	ethics-and-emotions	lust	ethics-and-emotions:lust	minor	yes	yes
Mifalot-HaZadikim_0013	Mifalot-HaZadikim	ethics-and-emotions	prohibitions	ethics-and-emotions:prohibitions	minor	yes	yes
Mifalot-HaZadikim_0014	Mifalot-HaZadikim	characters-and-roles	elijah_the_prophet	characters-and-roles:elijah_the_prophet	mention_only	yes	no
Mifalot-HaZadikim_0014	Mifalot-HaZadikim	characters-and-roles	hidden_righteous	characters-and-roles:hidden_righteous	mention_only	yes	no
Mifalot-HaZadikim_0014	Mifalot-HaZadikim	characters-and-roles	preacher	characters-and-roles:preacher	mention_only	yes	no
Mifalot-HaZadikim_0014	Mifalot-HaZadikim	ethics-and-emotions	fear	ethics-and-emotions:fear	mention_only	yes	no
Mifalot-HaZadikim_0014	Mifalot-HaZadikim	ethics-and-emotions	joy	ethics-and-emotions:joy	mention_only	yes	no
Mifalot-HaZadikim_0014	Mifalot-HaZadikim	experience	revelation	experience:revelation	mention_only	yes	no
Mifalot-HaZadikim_0014	Mifalot-HaZadikim	folkloristics	story_type_advent	folkloristics:story_type_advent	mention_only	yes	no
Mifalot-HaZadikim_0014	Mifalot-HaZadikim	social	relations_with_non_jews	social:relations_with_non_jews	mention_only	yes	no
Mifalot-HaZadikim_0014	Mifalot-HaZadikim	social	retrospective_recognition	social:retrospective_recognition	mention_only	yes	no
Mifalot-HaZadikim_0014	Mifalot-HaZadikim	supernatural	communicating_with_the_invisible	supernatural:communicating_with_the_invisible	mention_only	yes	no
Mifalot-HaZadikim_0014	Mifalot-HaZadikim	supernatural	light_or_fire_as_a_sign_of_righteousness	supernatural:light_or_fire_as_a_sign_of_righteousness	mention_only	yes	no
Mifalot-HaZadikim_0014	Mifalot-HaZadikim	supernatural	miracle	supernatural:miracle	mention_only	yes	no
Mifalot-HaZadikim_0014	Mifalot-HaZadikim	supernatural	perception	supernatural:perception	mention_only	yes	no
Mifalot-HaZadikim_0014	Mifalot-HaZadikim	supernatural	prognostication	supernatural:prognostication	mention_only	yes	no
Mifalot-HaZadikim_0015	Mifalot-HaZadikim	characters-and-roles	hidden_righteous	characters-and-roles:hidden_righteous	minor	yes	yes
Mifalot-HaZadikim_0015	Mifalot-HaZadikim	characters-and-roles	the_family_of_the_tsaddik	characters-and-roles:the_family_of_the_tsaddik	minor	yes	yes
Mifalot-HaZadikim_0015	Mifalot-HaZadikim	ethics-and-emotions	prohibitions	ethics-and-emotions:prohibitions	minor	yes	yes
Mifalot-HaZadikim_0015	Mifalot-HaZadikim	experience	enthusiasm	experience:enthusiasm	minor	yes	yes
Mifalot-HaZadikim_0015	Mifalot-HaZadikim	kabbalah	kabbalistic_terms_yihudim	kabbalah:kabbalistic_terms_yihudim	minor	yes	yes
Mifalot-HaZadikim_0015	Mifalot-HaZadikim	practice	meditation	practice:meditation	minor	yes	yes
Mifalot-HaZadikim_0015	Mifalot-HaZadikim	practice	prayer	practice:prayer	minor	yes	yes
Mifalot-HaZadikim_0015	Mifalot-HaZadikim	practice	tefillin	practice:tefillin	minor	yes	yes
Mifalot-HaZadikim_0015	Mifalot-HaZadikim	practice	travel_to_the_tsaddik	practice:travel_to_the_tsaddik	minor	yes	yes
Mifalot-HaZadikim_0015	Mifalot-HaZadikim	practice	worship_through_corporeality	practice:worship_through_corporeality	minor	yes	yes
Mifalot-HaZadikim_0015	Mifalot-HaZadikim	social	inter_hasidic	social:inter_hasidic	minor	yes	yes
Mifalot-HaZadikim_0015	Mifalot-HaZadikim	social	retrospective_recognition	social:retrospective_recognition	minor	yes	yes
Mifalot-HaZadikim_0015	Mifalot-HaZadikim	spaces	institutions_hassidic_court	spaces:institutions_hassidic_court	minor	yes	yes
Mifalot-HaZadikim_0016	Mifalot-HaZadikim	ethics-and-emotions	joy	ethics-and-emotions:joy	none	no	no
Mifalot-HaZadikim_0016	Mifalot-HaZadikim	ethics-and-emotions	prohibitions	ethics-and-emotions:prohibitions	none	no	no
Mifalot-HaZadikim_0016	Mifalot-HaZadikim	ethics-and-emotions	repentance	ethics-and-emotions:repentance	none	no	no
Mifalot-HaZadikim_0016	Mifalot-HaZadikim	ethics-and-emotions	sadness	ethics-and-emotions:sadness	none	no	no
Mifalot-HaZadikim_0016	Mifalot-HaZadikim	practice	asceticism	practice:asceticism	none	no	no
Mifalot-HaZadikim_0016	Mifalot-HaZadikim	practice	travel_to_the_tsaddik	practice:travel_to_the_tsaddik	none	no	no
Mifalot-HaZadikim_0016	Mifalot-HaZadikim	social	inter_hasidic_master_disciple_relationship	social:inter_hasidic_master_disciple_relationship	none	no	no
Mifalot-HaZadikim_0016	Mifalot-HaZadikim	supernatural	perception	supernatural:perception	none	no	no
Mifalot-HaZadikim_0016	Mifalot-HaZadikim	times	shabbat	times:shabbat	none	no	no
Mifalot-HaZadikim_0017	Mifalot-HaZadikim	characters-and-roles	the_family_of_the_tsaddik	characters-and-roles:the_family_of_the_tsaddik	minor	yes	yes
Mifalot-HaZadikim_0017	Mifalot-HaZadikim	practice	asceticism	practice:asceticism	minor	yes	yes
Mifalot-HaZadikim_0017	Mifalot-HaZadikim	practice	study	practice:study	minor	yes	yes
Mifalot-HaZadikim_0017	Mifalot-HaZadikim	social	poverty	social:poverty	minor	yes	yes
Mifalot-HaZadikim_0017	Mifalot-HaZadikim	supernatural	magic	supernatural:magic	minor	yes	yes
Mifalot-HaZadikim_0018	Mifalot-HaZadikim	characters-and-roles	angel_of_death	characters-and-roles:angel_of_death	mention_only	yes	no
Mifalot-HaZadikim_0018	Mifalot-HaZadikim	characters-and-roles	demons	characters-and-roles:demons	mention_only	yes	no
Mifalot-HaZadikim_0018	Mifalot-HaZadikim	characters-and-roles	the_family_of_the_tsaddik	characters-and-roles:the_family_of_the_tsaddik	mention_only	yes	no
Mifalot-HaZadikim_0018	Mifalot-HaZadikim	ethics-and-emotions	humility	ethics-and-emotions:humility	mention_only	yes	no
Mifalot-HaZadikim_0018	Mifalot-HaZadikim	ethics-and-emotions	lying	ethics-and-emotions:lying	mention_only	yes	no
Mifalot-HaZadikim_0018	Mifalot-HaZadikim	ethics-and-emotions	pride	ethics-and-emotions:pride	mention_only	yes	no
Mifalot-HaZadikim_0018	Mifalot-HaZadikim	ethics-and-emotions	prohibitions	ethics-and-emotions:prohibitions	mention_only	yes	no
Mifalot-HaZadikim_0018	Mifalot-HaZadikim	ethics-and-emotions	punishment	ethics-and-emotions:punishment	mention_only	yes	no
Mifalot-HaZadikim_0018	Mifalot-HaZadikim	ethics-and-emotions	resisting_temptation	ethics-and-emotions:resisting_temptation	mention_only	yes	no
Mifalot-HaZadikim_0018	Mifalot-HaZadikim	experience	revelation	experience:revelation	mention_only	yes	no
Mifalot-HaZadikim_0018	Mifalot-HaZadikim	folkloristics	story_type_protection	folkloristics:story_type_protection	mention_only	yes	no
Mifalot-HaZadikim_0018	Mifalot-HaZadikim	kabbalah	kabbalistic_terms_kavvanot	kabbalah:kabbalistic_terms_kavvanot	mention_only	yes	no
Mifalot-HaZadikim_0018	Mifalot-HaZadikim	kabbalah	kabbalistic_terms_yihudim	kabbalah:kabbalistic_terms_yihudim	mention_only	yes	no
Mifalot-HaZadikim_0018	Mifalot-HaZadikim	knowledge	esoteric	knowledge:esoteric	mention_only	yes	no
Mifalot-HaZadikim_0018	Mifalot-HaZadikim	knowledge	practical_kabbalah	knowledge:practical_kabbalah	mention_only	yes	no
Mifalot-HaZadikim_0018	Mifalot-HaZadikim	practice	protection	practice:protection	mention_only	yes	no
Mifalot-HaZadikim_0018	Mifalot-HaZadikim	practice	use_of_holy_names	practice:use_of_holy_names	mention_only	yes	no
Mifalot-HaZadikim_0018	Mifalot-HaZadikim	social	conflict	social:conflict	mention_only	yes	no
Mifalot-HaZadikim_0018	Mifalot-HaZadikim	social	inter_hasidic	social:inter_hasidic	mention_only	yes	no
Mifalot-HaZadikim_0018	Mifalot-HaZadikim	supernatural	communicating_with_the_invisible	supernatural:communicating_with_the_invisible	mention_only	yes	no
Mifalot-HaZadikim_0018	Mifalot-HaZadikim	supernatural	magic	supernatural:magic	mention_only	yes	no
Mifalot-HaZadikim_0018	Mifalot-HaZadikim	supernatural	miracle	supernatural:miracle	mention_only	yes	no
Mifalot-HaZadikim_0018	Mifalot-HaZadikim	supernatural	perception	supernatural:perception	mention_only	yes	no
Mifalot-HaZadikim_0019	Mifalot-HaZadikim	characters-and-roles	baal_shem	characters-and-roles:baal_shem	mention_only	yes	no
Mifalot-HaZadikim_0019	Mifalot-HaZadikim	ethics-and-emotions	prohibitions	ethics-and-emotions:prohibitions	mention_only	yes	no
Mifalot-HaZadikim_0019	Mifalot-HaZadikim	ethics-and-emotions	punishment	ethics-and-emotions:punishment	mention_only	yes	no
Mifalot-HaZadikim_0019	Mifalot-HaZadikim	knowledge	esoteric	knowledge:esoteric	mention_only	yes	no
Mifalot-HaZadikim_0019	Mifalot-HaZadikim	knowledge	practical_kabbalah	knowledge:practical_kabbalah	mention_only	yes	no
Mifalot-HaZadikim_0019	Mifalot-HaZadikim	practice	healing	practice:healing	mention_only	yes	no
Mifalot-HaZadikim_0019	Mifalot-HaZadikim	practice	protection	practice:protection	mention_only	yes	no
Mifalot-HaZadikim_0019	Mifalot-HaZadikim	practice	tvilah	practice:tvilah	mention_only	yes	no
Mifalot-HaZadikim_0019	Mifalot-HaZadikim	practice	use_of_holy_names	practice:use_of_holy_names	mention_only	yes	no
Mifalot-HaZadikim_0019	Mifalot-HaZadikim	practice	writing_amulets	practice:writing_amulets	mention_only	yes	no
Mifalot-HaZadikim_0019	Mifalot-HaZadikim	social	conflict	social:conflict	mention_only	yes	no
Mifalot-HaZadikim_0019	Mifalot-HaZadikim	social	relations_with_non_hasidim	social:relations_with_non_hasidim	mention_only	yes	no
Mifalot-HaZadikim_0019	Mifalot-HaZadikim	social	retrospective_recognition	social:retrospective_recognition	mention_only	yes	no
Mifalot-HaZadikim_0019	Mifalot-HaZadikim	supernatural	magic	supernatural:magic	mention_only	yes	no
Mifalot-HaZadikim_0019	Mifalot-HaZadikim	supernatural	miracle	supernatural:miracle	mention_only	yes	no
Mifalot-HaZadikim_0019	Mifalot-HaZadikim	supernatural	perception	supernatural:perception	mention_only	yes	no
Mifalot-HaZadikim_0019	Mifalot-HaZadikim	times	shabbat	times:shabbat	mention_only	yes	no
Mifalot-HaZadikim_0020	Mifalot-HaZadikim	practice	the_travels_of_the_tsaddik	practice:the_travels_of_the_tsaddik	none	no	no
Mifalot-HaZadikim_0020	Mifalot-HaZadikim	practice	tvilah	practice:tvilah	none	no	no
Mifalot-HaZadikim_0020	Mifalot-HaZadikim	spaces	mikveh	spaces:mikveh	none	no	no
Mifalot-HaZadikim_0021	Mifalot-HaZadikim	ethics-and-emotions	prohibitions	ethics-and-emotions:prohibitions	none	no	no
Mifalot-HaZadikim_0021	Mifalot-HaZadikim	ethics-and-emotions	repentance	ethics-and-emotions:repentance	none	no	no
Mifalot-HaZadikim_0021	Mifalot-HaZadikim	ethics-and-emotions	shame	ethics-and-emotions:shame	none	no	no
Mifalot-HaZadikim_0021	Mifalot-HaZadikim	ethics-and-emotions	virtues	ethics-and-emotions:virtues	none	no	no
Mifalot-HaZadikim_0021	Mifalot-HaZadikim	folkloristics	story_type_virtues	folkloristics:story_type_virtues	none	no	no
Mifalot-HaZadikim_0021	Mifalot-HaZadikim	practice	protection	practice:protection	none	no	no
Mifalot-HaZadikim_0021	Mifalot-HaZadikim	practice	storytelling	practice:storytelling	none	no	no
Mifalot-HaZadikim_0021	Mifalot-HaZadikim	practice	the_travels_of_the_tsaddik	practice:the_travels_of_the_tsaddik	none	no	no
Mifalot-HaZadikim_0021	Mifalot-HaZadikim	practice	travel_to_the_tsaddik	practice:travel_to_the_tsaddik	none	no	no
Mifalot-HaZadikim_0021	Mifalot-HaZadikim	social	inter_hasidic	social:inter_hasidic	none	no	no
Mifalot-HaZadikim_0021	Mifalot-HaZadikim	social	inter_hasidic_master_disciple_relationship	social:inter_hasidic_master_disciple_relationship	none	no	no
Mifalot-HaZadikim_0021	Mifalot-HaZadikim	social	relations_with_non_jews	social:relations_with_non_jews	none	no	no
Mifalot-HaZadikim_0021	Mifalot-HaZadikim	social	retrospective_recognition	social:retrospective_recognition	none	no	no
Mifalot-HaZadikim_0021	Mifalot-HaZadikim	supernatural	perception	supernatural:perception	none	no	no
Mifalot-HaZadikim_0022	Mifalot-HaZadikim	characters-and-roles	hidden_righteous	characters-and-roles:hidden_righteous	none	no	no
Mifalot-HaZadikim_0022	Mifalot-HaZadikim	ethics-and-emotions	charity	ethics-and-emotions:charity	none	no	no
Mifalot-HaZadikim_0022	Mifalot-HaZadikim	experience	devekut	experience:devekut	none	no	no
Mifalot-HaZadikim_0022	Mifalot-HaZadikim	experience	journey_to_heaven	experience:journey_to_heaven	none	no	no
Mifalot-HaZadikim_0022	Mifalot-HaZadikim	knowledge	esoteric	knowledge:esoteric	none	no	no
Mifalot-HaZadikim_0022	Mifalot-HaZadikim	practice	devekut	practice:devekut	none	no	no
Mifalot-HaZadikim_0022	Mifalot-HaZadikim	practice	fasting	practice:fasting	none	no	no
Mifalot-HaZadikim_0022	Mifalot-HaZadikim	practice	pidyon_shvuyim	practice:pidyon_shvuyim	none	no	no
Mifalot-HaZadikim_0022	Mifalot-HaZadikim	practice	redemption_of_captives	practice:redemption_of_captives	none	no	no
Mifalot-HaZadikim_0022	Mifalot-HaZadikim	practice	study	practice:study	none	no	no
Mifalot-HaZadikim_0022	Mifalot-HaZadikim	social	inter_hasidic	social:inter_hasidic	none	no	no
Mifalot-HaZadikim_0022	Mifalot-HaZadikim	social	inter_hasidic_master_disciple_relationship	social:inter_hasidic_master_disciple_relationship	none	no	no
Mifalot-HaZadikim_0022	Mifalot-HaZadikim	supernatural	perception	supernatural:perception	none	no	no
Mifalot-HaZadikim_0023	Mifalot-HaZadikim	characters-and-roles	demons	characters-and-roles:demons	minor	yes	yes
Mifalot-HaZadikim_0023	Mifalot-HaZadikim	characters-and-roles	the_family_of_the_tsaddik	characters-and-roles:the_family_of_the_tsaddik	minor	yes	yes
Mifalot-HaZadikim_0023	Mifalot-HaZadikim	social	marital_relationship	social:marital_relationship	minor	yes	yes
Mifalot-HaZadikim_0023	Mifalot-HaZadikim	social	poverty	social:poverty	minor	yes	yes
Mifalot-HaZadikim_0023	Mifalot-HaZadikim	supernatural	communicating_with_the_invisible	supernatural:communicating_with_the_invisible	minor	yes	yes
Mifalot-HaZadikim_0023	Mifalot-HaZadikim	supernatural	perception	supernatural:perception	minor	yes	yes
Mifalot-HaZadikim_0024	Mifalot-HaZadikim	knowledge	esoteric	knowledge:esoteric	minor	yes	yes
Mifalot-HaZadikim_0024	Mifalot-HaZadikim	social	inter_hasidic	social:inter_hasidic	minor	yes	yes
Mifalot-HaZadikim_0024	Mifalot-HaZadikim	supernatural	perception	supernatural:perception	minor	yes	yes
Mifalot-HaZadikim_0024	Mifalot-HaZadikim	supernatural	reincarnation	supernatural:reincarnation	minor	yes	yes
Mifalot-HaZadikim_0025	Mifalot-HaZadikim	characters-and-roles	demons	characters-and-roles:demons	mention_only	yes	no
Mifalot-HaZadikim_0025	Mifalot-HaZadikim	characters-and-roles	hidden_righteous	characters-and-roles:hidden_righteous	mention_only	yes	no
Mifalot-HaZadikim_0025	Mifalot-HaZadikim	ethics-and-emotions	adultery	ethics-and-emotions:adultery	mention_only	yes	no
Mifalot-HaZadikim_0025	Mifalot-HaZadikim	ethics-and-emotions	lust	ethics-and-emotions:lust	mention_only	yes	no
Mifalot-HaZadikim_0025	Mifalot-HaZadikim	ethics-and-emotions	repentance	ethics-and-emotions:repentance	mention_only	yes	no
Mifalot-HaZadikim_0025	Mifalot-HaZadikim	practice	lifesaving	practice:lifesaving	mention_only	yes	no
Mifalot-HaZadikim_0025	Mifalot-HaZadikim	practice	tvilah	practice:tvilah	mention_only	yes	no
Mifalot-HaZadikim_0025	Mifalot-HaZadikim	social	marital_relationship	social:marital_relationship	mention_only	yes	no
Mifalot-HaZadikim_0025	Mifalot-HaZadikim	social	relations_with_non_jews	social:relations_with_non_jews	mention_only	yes	no
Mifalot-HaZadikim_0025	Mifalot-HaZadikim	supernatural	communicating_with_the_invisible	supernatural:communicating_with_the_invisible	mention_only	yes	no
Mifalot-HaZadikim_0025	Mifalot-HaZadikim	supernatural	miracle	supernatural:miracle	mention_only	yes	no
Mifalot-HaZadikim_0025	Mifalot-HaZadikim	supernatural	perception	supernatural:perception	mention_only	yes	no
Mifalot-HaZadikim_0025	Mifalot-HaZadikim	times	holidays	times:holidays	mention_only	yes	no
Mifalot-HaZadikim_0026	Mifalot-HaZadikim	characters-and-roles	hidden_righteous	characters-and-roles:hidden_righteous	none	no	no
Mifalot-HaZadikim_0026	Mifalot-HaZadikim	characters-and-roles	preacher	characters-and-roles:preacher	none	no	no
Mifalot-HaZadikim_0026	Mifalot-HaZadikim	ethics-and-emotions	fear	ethics-and-emotions:fear	none	no	no
Mifalot-HaZadikim_0026	Mifalot-HaZadikim	ethics-and-emotions	lying	ethics-and-emotions:lying	none	no	no
Mifalot-HaZadikim_0026	Mifalot-HaZadikim	experience	enthusiasm	experience:enthusiasm	none	no	no
Mifalot-HaZadikim_0026	Mifalot-HaZadikim	folkloristics	story_type_rapprochement	folkloristics:story_type_rapprochement	none	no	no
Mifalot-HaZadikim_0026	Mifalot-HaZadikim	folkloristics	story_type_revelation	folkloristics:story_type_revelation	none	no	no
Mifalot-HaZadikim_0026	Mifalot-HaZadikim	folkloristics	story_type_virtues	folkloristics:story_type_virtues	none	no	no
Mifalot-HaZadikim_0026	Mifalot-HaZadikim	knowledge	esoteric	knowledge:esoteric	none	no	no
Mifalot-HaZadikim_0026	Mifalot-HaZadikim	practice	reception_of_hasidim	practice:reception_of_hasidim	none	no	no
Mifalot-HaZadikim_0026	Mifalot-HaZadikim	practice	smoking	practice:smoking	none	no	no
Mifalot-HaZadikim_0026	Mifalot-HaZadikim	practice	travel_to_the_tsaddik	practice:travel_to_the_tsaddik	none	no	no
Mifalot-HaZadikim_0026	Mifalot-HaZadikim	social	inter_hasidic	social:inter_hasidic	none	no	no
Mifalot-HaZadikim_0026	Mifalot-HaZadikim	social	inter_hasidic_master_disciple_relationship	social:inter_hasidic_master_disciple_relationship	none	no	no
Mifalot-HaZadikim_0026	Mifalot-HaZadikim	social	retrospective_recognition	social:retrospective_recognition	none	no	no
Mifalot-HaZadikim_0026	Mifalot-HaZadikim	spaces	institutions_hassidic_court	spaces:institutions_hassidic_court	none	no	no
Mifalot-HaZadikim_0026	Mifalot-HaZadikim	supernatural	perception	supernatural:perception	none	no	no
Mifalot-HaZadikim_0026	Mifalot-HaZadikim	supernatural	prognostication	supernatural:prognostication	none	no	no
Mifalot-HaZadikim_0026	Mifalot-HaZadikim	times	death	times:death	none	no	no
Mifalot-HaZadikim_0027	Mifalot-HaZadikim	characters-and-roles	hidden_righteous	characters-and-roles:hidden_righteous	major	yes	yes
Mifalot-HaZadikim_0027	Mifalot-HaZadikim	ethics-and-emotions	anger	ethics-and-emotions:anger	major	yes	yes
Mifalot-HaZadikim_0027	Mifalot-HaZadikim	ethics-and-emotions	fear	ethics-and-emotions:fear	major	yes	yes
Mifalot-HaZadikim_0027	Mifalot-HaZadikim	ethics-and-emotions	joy	ethics-and-emotions:joy	major	yes	yes
Mifalot-HaZadikim_0027	Mifalot-HaZadikim	ethics-and-emotions	lying	ethics-and-emotions:lying	major	yes	yes
Mifalot-HaZadikim_0027	Mifalot-HaZadikim	ethics-and-emotions	prohibitions	ethics-and-emotions:prohibitions	major	yes	yes
Mifalot-HaZadikim_0027	Mifalot-HaZadikim	ethics-and-emotions	punishment	ethics-and-emotions:punishment	major	yes	yes
Mifalot-HaZadikim_0027	Mifalot-HaZadikim	ethics-and-emotions	sadness	ethics-and-emotions:sadness	major	yes	yes
Mifalot-HaZadikim_0027	Mifalot-HaZadikim	ethics-and-emotions	shame	ethics-and-emotions:shame	major	yes	yes
Mifalot-HaZadikim_0027	Mifalot-HaZadikim	ethics-and-emotions	virtues	ethics-and-emotions:virtues	major	yes	yes
Mifalot-HaZadikim_0027	Mifalot-HaZadikim	experience	revelation	experience:revelation	major	yes	yes
Mifalot-HaZadikim_0027	Mifalot-HaZadikim	folkloristics	story_type_revelation	folkloristics:story_type_revelation	major	yes	yes
Mifalot-HaZadikim_0027	Mifalot-HaZadikim	knowledge	esoteric	knowledge:esoteric	major	yes	yes
Mifalot-HaZadikim_0027	Mifalot-HaZadikim	knowledge	practical_kabbalah	knowledge:practical_kabbalah	major	yes	yes
Mifalot-HaZadikim_0027	Mifalot-HaZadikim	practice	pidyon_nefesh	practice:pidyon_nefesh	major	yes	yes
Mifalot-HaZadikim_0027	Mifalot-HaZadikim	practice	prayer	practice:prayer	major	yes	yes
Mifalot-HaZadikim_0027	Mifalot-HaZadikim	practice	storytelling	practice:storytelling	major	yes	yes
Mifalot-HaZadikim_0027	Mifalot-HaZadikim	practice	tvilah	practice:tvilah	major	yes	yes
Mifalot-HaZadikim_0027	Mifalot-HaZadikim	social	conflict	social:conflict	major	yes	yes
Mifalot-HaZadikim_0027	Mifalot-HaZadikim	social	inter_hasidic	social:inter_hasidic	major	yes	yes
Mifalot-HaZadikim_0027	Mifalot-HaZadikim	social	inter_hasidic_master_disciple_relationship	social:inter_hasidic_master_disciple_relationship	major	yes	yes
Mifalot-HaZadikim_0027	Mifalot-HaZadikim	social	relations_with_non_jews	social:relations_with_non_jews	major	yes	yes
Mifalot-HaZadikim_0027	Mifalot-HaZadikim	social	retrospective_recognition	social:retrospective_recognition	major	yes	yes
Mifalot-HaZadikim_0027	Mifalot-HaZadikim	supernatural	communicating_with_the_invisible	supernatural:communicating_with_the_invisible	major	yes	yes
Mifalot-HaZadikim_0027	Mifalot-HaZadikim	supernatural	contraction_of_the_road	supernatural:contraction_of_the_road	major	yes	yes
Mifalot-HaZadikim_0027	Mifalot-HaZadikim	supernatural	light_or_fire_as_a_sign_of_righteousness	supernatural:light_or_fire_as_a_sign_of_righteousness	major	yes	yes
Mifalot-HaZadikim_0027	Mifalot-HaZadikim	supernatural	miracle	supernatural:miracle	major	yes	yes
Mifalot-HaZadikim_0027	Mifalot-HaZadikim	supernatural	perception	supernatural:perception	major	yes	yes
Mifalot-HaZadikim_0027	Mifalot-HaZadikim	times	shabbat	times:shabbat	major	yes	yes
Mifalot-HaZadikim_0028	Mifalot-HaZadikim	ethics-and-emotions	lust	ethics-and-emotions:lust	major	yes	yes
Mifalot-HaZadikim_0028	Mifalot-HaZadikim	ethics-and-emotions	prohibitions	ethics-and-emotions:prohibitions	major	yes	yes
Mifalot-HaZadikim_0028	Mifalot-HaZadikim	ethics-and-emotions	resisting_temptation	ethics-and-emotions:resisting_temptation	major	yes	yes
Mifalot-HaZadikim_0028	Mifalot-HaZadikim	practice	meditation	practice:meditation	major	yes	yes
Mifalot-HaZadikim_0029	Mifalot-HaZadikim	ethics-and-emotions	lust	ethics-and-emotions:lust	minor	yes	yes
Mifalot-HaZadikim_0029	Mifalot-HaZadikim	ethics-and-emotions	prohibitions	ethics-and-emotions:prohibitions	minor	yes	yes
Mifalot-HaZadikim_0029	Mifalot-HaZadikim	ethics-and-emotions	punishment	ethics-and-emotions:punishment	minor	yes	yes
Mifalot-HaZadikim_0029	Mifalot-HaZadikim	ethics-and-emotions	resisting_temptation	ethics-and-emotions:resisting_temptation	minor	yes	yes
Mifalot-HaZadikim_0029	Mifalot-HaZadikim	practice	study	practice:study	minor	yes	yes
Mifalot-HaZadikim_0030	Mifalot-HaZadikim	ethics-and-emotions	repentance	ethics-and-emotions:repentance	none	no	no
Mifalot-HaZadikim_0030	Mifalot-HaZadikim	ethics-and-emotions	sadness	ethics-and-emotions:sadness	none	no	no
Mifalot-HaZadikim_0030	Mifalot-HaZadikim	experience	devekut	experience:devekut	none	no	no
Mifalot-HaZadikim_0030	Mifalot-HaZadikim	experience	enthusiasm	experience:enthusiasm	none	no	no
Mifalot-HaZadikim_0030	Mifalot-HaZadikim	practice	devekut	practice:devekut	none	no	no
Mifalot-HaZadikim_0030	Mifalot-HaZadikim	practice	meditation	practice:meditation	none	no	no
Mifalot-HaZadikim_0030	Mifalot-HaZadikim	practice	reception_of_hasidim	practice:reception_of_hasidim	none	no	no
Mifalot-HaZadikim_0030	Mifalot-HaZadikim	practice	torat_ha_tsaddik	practice:torat_ha_tsaddik	none	no	no
Mifalot-HaZadikim_0030	Mifalot-HaZadikim	practice	travel_to_the_tsaddik	practice:travel_to_the_tsaddik	none	no	no
Mifalot-HaZadikim_0030	Mifalot-HaZadikim	social	inter_hasidic	social:inter_hasidic	none	no	no
Mifalot-HaZadikim_0030	Mifalot-HaZadikim	social	inter_hasidic_master_disciple_relationship	social:inter_hasidic_master_disciple_relationship	none	no	no
Mifalot-HaZadikim_0031	Mifalot-HaZadikim	practice	sermon	practice:sermon	none	no	no
Mifalot-HaZadikim_0032	Mifalot-HaZadikim	practice	protection	practice:protection	none	no	no
Mifalot-HaZadikim_0032	Mifalot-HaZadikim	practice	sermon	practice:sermon	none	no	no
Mifalot-HaZadikim_0034	Mifalot-HaZadikim	ethics-and-emotions	repentance	ethics-and-emotions:repentance	none	no	no
Mifalot-HaZadikim_0034	Mifalot-HaZadikim	practice	sermon	practice:sermon	none	no	no
Mifalot-HaZadikim_0035	Mifalot-HaZadikim	ethics-and-emotions	repentance	ethics-and-emotions:repentance	none	no	no
Mifalot-HaZadikim_0035	Mifalot-HaZadikim	practice	sermon	practice:sermon	none	no	no
Mifalot-HaZadikim_0036	Mifalot-HaZadikim	practice	sermon	practice:sermon	none	no	no
Mifalot-HaZadikim_0037	Mifalot-HaZadikim	practice	sermon	practice:sermon	none	no	no
Mifalot-HaZadikim_0038	Mifalot-HaZadikim	practice	prayer	practice:prayer	none	no	no
Mifalot-HaZadikim_0038	Mifalot-HaZadikim	practice	sermon	practice:sermon	none	no	no
Mifalot-HaZadikim_0039	Mifalot-HaZadikim	practice	sermon	practice:sermon	none	no	no
Mifalot-HaZadikim_0040	Mifalot-HaZadikim	practice	prayer	practice:prayer	none	no	no
Mifalot-HaZadikim_0040	Mifalot-HaZadikim	practice	sermon	practice:sermon	none	no	no
Mifalot-HaZadikim_0041	Mifalot-HaZadikim	practice	sermon	practice:sermon	none	no	no
Mifalot-HaZadikim_0041	Mifalot-HaZadikim	times	shabbat	times:shabbat	none	no	no
Mifalot-HaZadikim_0042	Mifalot-HaZadikim	ethics-and-emotions	anger	ethics-and-emotions:anger	none	no	no
Mifalot-HaZadikim_0042	Mifalot-HaZadikim	ethics-and-emotions	pride	ethics-and-emotions:pride	none	no	no
Mifalot-HaZadikim_0042	Mifalot-HaZadikim	kabbalah	kabbalistic_terms_yihudim	kabbalah:kabbalistic_terms_yihudim	none	no	no
Mifalot-HaZadikim_0042	Mifalot-HaZadikim	knowledge	esoteric	knowledge:esoteric	none	no	no
Mifalot-HaZadikim_0042	Mifalot-HaZadikim	practice	meditation	practice:meditation	none	no	no
Mifalot-HaZadikim_0042	Mifalot-HaZadikim	practice	sermon	practice:sermon	none	no	no
Mifalot-HaZadikim_0042	Mifalot-HaZadikim	practice	study	practice:study	none	no	no
Mifalot-HaZadikim_0042	Mifalot-HaZadikim	practice	travel_to_other_tsaddik	practice:travel_to_other_tsaddik	none	no	no
Mifalot-HaZadikim_0042	Mifalot-HaZadikim	social	inter_hasidic	social:inter_hasidic	none	no	no
Mifalot-HaZadikim_0042	Mifalot-HaZadikim	social	inter_hasidic_master_disciple_relationship	social:inter_hasidic_master_disciple_relationship	none	no	no
Mifalot-HaZadikim_0042	Mifalot-HaZadikim	social	retrospective_recognition	social:retrospective_recognition	none	no	no
Mifalot-HaZadikim_0043	Mifalot-HaZadikim	ethics-and-emotions	repentance	ethics-and-emotions:repentance	none	no	no
Mifalot-HaZadikim_0043	Mifalot-HaZadikim	folkloristics	story_type_death_of_the_tsaddik	folkloristics:story_type_death_of_the_tsaddik	none	no	no
Mifalot-HaZadikim_0043	Mifalot-HaZadikim	practice	sermon	practice:sermon	none	no	no
Mifalot-HaZadikim_0043	Mifalot-HaZadikim	social	inter_hasidic_master_disciple_relationship	social:inter_hasidic_master_disciple_relationship	none	no	no
Mifalot-HaZadikim_0043	Mifalot-HaZadikim	times	death	times:death	none	no	no
Mifalot-HaZadikim_0044	Mifalot-HaZadikim	ethics-and-emotions	pride	ethics-and-emotions:pride	none	no	no
Mifalot-HaZadikim_0044	Mifalot-HaZadikim	ethics-and-emotions	prohibitions	ethics-and-emotions:prohibitions	none	no	no
Mifalot-HaZadikim_0044	Mifalot-HaZadikim	practice	study	practice:study	none	no	no
Mifalot-HaZadikim_0044	Mifalot-HaZadikim	practice	travel_to_other_tsaddik	practice:travel_to_other_tsaddik	none	no	no
Mifalot-HaZadikim_0044	Mifalot-HaZadikim	practice	travel_to_the_tsaddik	practice:travel_to_the_tsaddik	none	no	no
Mifalot-HaZadikim_0044	Mifalot-HaZadikim	social	inter_hasidic_master_disciple_relationship	social:inter_hasidic_master_disciple_relationship	none	no	no
Mifalot-HaZadikim_0045	Mifalot-HaZadikim	ethics-and-emotions	awe	ethics-and-emotions:awe	none	no	no
Mifalot-HaZadikim_0045	Mifalot-HaZadikim	ethics-and-emotions	fear	ethics-and-emotions:fear	none	no	no
Mifalot-HaZadikim_0045	Mifalot-HaZadikim	ethics-and-emotions	humility	ethics-and-emotions:humility	none	no	no
Mifalot-HaZadikim_0045	Mifalot-HaZadikim	ethics-and-emotions	joy	ethics-and-emotions:joy	none	no	no
Mifalot-HaZadikim_0045	Mifalot-HaZadikim	ethics-and-emotions	pride	ethics-and-emotions:pride	none	no	no
Mifalot-HaZadikim_0045	Mifalot-HaZadikim	ethics-and-emotions	prohibitions	ethics-and-emotions:prohibitions	none	no	no
Mifalot-HaZadikim_0045	Mifalot-HaZadikim	ethics-and-emotions	shame	ethics-and-emotions:shame	none	no	no
Mifalot-HaZadikim_0045	Mifalot-HaZadikim	ethics-and-emotions	virtues	ethics-and-emotions:virtues	none	no	no
Mifalot-HaZadikim_0045	Mifalot-HaZadikim	folkloristics	story_type_virtues	folkloristics:story_type_virtues	none	no	no
Mifalot-HaZadikim_0045	Mifalot-HaZadikim	practice	reception_of_hasidim	practice:reception_of_hasidim	none	no	no
Mifalot-HaZadikim_0045	Mifalot-HaZadikim	practice	study	practice:study	none	no	no
Mifalot-HaZadikim_0045	Mifalot-HaZadikim	practice	travel_to_the_tsaddik	practice:travel_to_the_tsaddik	none	no	no
Mifalot-HaZadikim_0045	Mifalot-HaZadikim	social	inter_hasidic_master_disciple_relationship	social:inter_hasidic_master_disciple_relationship	none	no	no
Mifalot-HaZadikim_0045	Mifalot-HaZadikim	supernatural	perception	supernatural:perception	none	no	no
Mifalot-HaZadikim_0045	Mifalot-HaZadikim	times	shabbat	times:shabbat	none	no	no
Mifalot-HaZadikim_0046	Mifalot-HaZadikim	practice	ritual_slaughtering	practice:ritual_slaughtering	none	no	no
Mifalot-HaZadikim_0046	Mifalot-HaZadikim	practice	study	practice:study	none	no	no
Mifalot-HaZadikim_0046	Mifalot-HaZadikim	practice	travel_to_the_tsaddik	practice:travel_to_the_tsaddik	none	no	no
Mifalot-HaZadikim_0046	Mifalot-HaZadikim	social	conflict	social:conflict	none	no	no
Mifalot-HaZadikim_0046	Mifalot-HaZadikim	social	inter_hasidic_master_disciple_relationship	social:inter_hasidic_master_disciple_relationship	none	no	no
Mifalot-HaZadikim_0046	Mifalot-HaZadikim	social	relations_with_non_hasidim	social:relations_with_non_hasidim	none	no	no
Mifalot-HaZadikim_0047	Mifalot-HaZadikim	experience	dream	experience:dream	none	no	no
Mifalot-HaZadikim_0047	Mifalot-HaZadikim	practice	reception_of_hasidim	practice:reception_of_hasidim	none	no	no
Mifalot-HaZadikim_0047	Mifalot-HaZadikim	practice	travel_to_the_tsaddik	practice:travel_to_the_tsaddik	none	no	no
Mifalot-HaZadikim_0047	Mifalot-HaZadikim	social	inter_hasidic_master_disciple_relationship	social:inter_hasidic_master_disciple_relationship	none	no	no
Mifalot-HaZadikim_0048	Mifalot-HaZadikim	ethics-and-emotions	punishment	ethics-and-emotions:punishment	none	no	no
Mifalot-HaZadikim_0048	Mifalot-HaZadikim	ethics-and-emotions	repentance	ethics-and-emotions:repentance	none	no	no
Mifalot-HaZadikim_0048	Mifalot-HaZadikim	practice	prayer	practice:prayer	none	no	no
Mifalot-HaZadikim_0048	Mifalot-HaZadikim	practice	sermon	practice:sermon	none	no	no
Mifalot-HaZadikim_0048	Mifalot-HaZadikim	practice	study	practice:study	none	no	no
Mifalot-HaZadikim_0049	Mifalot-HaZadikim	ethics-and-emotions	sadness	ethics-and-emotions:sadness	none	no	no
Mifalot-HaZadikim_0049	Mifalot-HaZadikim	folkloristics	story_type_death_of_the_tsaddik	folkloristics:story_type_death_of_the_tsaddik	none	no	no
Mifalot-HaZadikim_0049	Mifalot-HaZadikim	social	inter_hasidic	social:inter_hasidic	none	no	no
Mifalot-HaZadikim_0049	Mifalot-HaZadikim	social	inter_hasidic_inheritance_of_leadership	social:inter_hasidic_inheritance_of_leadership	none	no	no
Mifalot-HaZadikim_0049	Mifalot-HaZadikim	social	inter_hasidic_master_disciple_relationship	social:inter_hasidic_master_disciple_relationship	none	no	no
Mifalot-HaZadikim_0049	Mifalot-HaZadikim	times	death	times:death	none	no	no
Mifalot-HaZadikim_0050	Mifalot-HaZadikim	ethics-and-emotions	sadness	ethics-and-emotions:sadness	none	no	no
Mifalot-HaZadikim_0050	Mifalot-HaZadikim	folkloristics	story_type_death_of_the_tsaddik	folkloristics:story_type_death_of_the_tsaddik	none	no	no
Mifalot-HaZadikim_0050	Mifalot-HaZadikim	social	inter_hasidic_inheritance_of_leadership	social:inter_hasidic_inheritance_of_leadership	none	no	no
Mifalot-HaZadikim_0050	Mifalot-HaZadikim	social	inter_hasidic_master_disciple_relationship	social:inter_hasidic_master_disciple_relationship	none	no	no
Mifalot-HaZadikim_0050	Mifalot-HaZadikim	supernatural	perception	supernatural:perception	none	no	no
Mifalot-HaZadikim_0050	Mifalot-HaZadikim	times	death	times:death	none	no	no
Mifalot-HaZadikim_0051	Mifalot-HaZadikim	practice	sermon	practice:sermon	none	no	no
Mifalot-HaZadikim_0051	Mifalot-HaZadikim	times	shabbat	times:shabbat	none	no	no
Mifalot-HaZadikim_0052	Mifalot-HaZadikim	ethics-and-emotions	shame	ethics-and-emotions:shame	none	no	no
Mifalot-HaZadikim_0052	Mifalot-HaZadikim	social	conflict	social:conflict	none	no	no
Mifalot-HaZadikim_0052	Mifalot-HaZadikim	social	inter_hasidic_master_disciple_relationship	social:inter_hasidic_master_disciple_relationship	none	no	no
Mifalot-HaZadikim_0053	Mifalot-HaZadikim	ethics-and-emotions	prohibitions	ethics-and-emotions:prohibitions	minor	yes	yes
Mifalot-HaZadikim_0053	Mifalot-HaZadikim	ethics-and-emotions	virtues	ethics-and-emotions:virtues	minor	yes	yes
Mifalot-HaZadikim_0053	Mifalot-HaZadikim	practice	clothing	practice:clothing	minor	yes	yes
Mifalot-HaZadikim_0053	Mifalot-HaZadikim	social	inter_hasidic	social:inter_hasidic	minor	yes	yes
Mifalot-HaZadikim_0053	Mifalot-HaZadikim	supernatural	magic	supernatural:magic	minor	yes	yes
Mifalot-HaZadikim_0053	Mifalot-HaZadikim	supernatural	miracle	supernatural:miracle	minor	yes	yes
Mifalot-HaZadikim_0053	Mifalot-HaZadikim	supernatural	perception	supernatural:perception	minor	yes	yes
Mifalot-HaZadikim_0054	Mifalot-HaZadikim	characters-and-roles	preacher	characters-and-roles:preacher	none	no	no
Mifalot-HaZadikim_0054	Mifalot-HaZadikim	ethics-and-emotions	humility	ethics-and-emotions:humility	none	no	no
Mifalot-HaZadikim_0054	Mifalot-HaZadikim	ethics-and-emotions	pride	ethics-and-emotions:pride	none	no	no
Mifalot-HaZadikim_0054	Mifalot-HaZadikim	ethics-and-emotions	repentance	ethics-and-emotions:repentance	none	no	no
Mifalot-HaZadikim_0054	Mifalot-HaZadikim	ethics-and-emotions	shame	ethics-and-emotions:shame	none	no	no
Mifalot-HaZadikim_0054	Mifalot-HaZadikim	practice	the_travels_of_the_tsaddik	practice:the_travels_of_the_tsaddik	none	no	no
Mifalot-HaZadikim_0054	Mifalot-HaZadikim	social	conflict	social:conflict	none	no	no
Peer-MiKdoshim_0001	Peer-MiKdoshim	ethics-and-emotions	anger	ethics-and-emotions:anger	catalyst	yes	yes
Peer-MiKdoshim_0001	Peer-MiKdoshim	ethics-and-emotions	charity	ethics-and-emotions:charity	catalyst	yes	yes
Peer-MiKdoshim_0001	Peer-MiKdoshim	ethics-and-emotions	fear	ethics-and-emotions:fear	catalyst	yes	yes
Peer-MiKdoshim_0001	Peer-MiKdoshim	ethics-and-emotions	humility	ethics-and-emotions:humility	catalyst	yes	yes
Peer-MiKdoshim_0001	Peer-MiKdoshim	ethics-and-emotions	pride	ethics-and-emotions:pride	catalyst	yes	yes
Peer-MiKdoshim_0001	Peer-MiKdoshim	ethics-and-emotions	prohibitions	ethics-and-emotions:prohibitions	catalyst	yes	yes
Peer-MiKdoshim_0001	Peer-MiKdoshim	ethics-and-emotions	punishment	ethics-and-emotions:punishment	catalyst	yes	yes
Peer-MiKdoshim_0001	Peer-MiKdoshim	ethics-and-emotions	repentance	ethics-and-emotions:repentance	catalyst	yes	yes
Peer-MiKdoshim_0001	Peer-MiKdoshim	ethics-and-emotions	virtues	ethics-and-emotions:virtues	catalyst	yes	yes
Peer-MiKdoshim_0001	Peer-MiKdoshim	folkloristics	story_type_rapprochement	folkloristics:story_type_rapprochement	catalyst	yes	yes
Peer-MiKdoshim_0001	Peer-MiKdoshim	knowledge	esoteric	knowledge:esoteric	catalyst	yes	yes
Peer-MiKdoshim_0001	Peer-MiKdoshim	practice	pidyon_nefesh	practice:pidyon_nefesh	catalyst	yes	yes
Peer-MiKdoshim_0001	Peer-MiKdoshim	practice	releasing_agunot	practice:releasing_agunot	catalyst	yes	yes
Peer-MiKdoshim_0001	Peer-MiKdoshim	practice	storytelling	practice:storytelling	catalyst	yes	yes
Peer-MiKdoshim_0001	Peer-MiKdoshim	practice	travel_to_the_tsaddik	practice:travel_to_the_tsaddik	catalyst	yes	yes
Peer-MiKdoshim_0001	Peer-MiKdoshim	social	conflict	social:conflict	catalyst	yes	yes
Peer-MiKdoshim_0001	Peer-MiKdoshim	social	inter_hasidic	social:inter_hasidic	catalyst	yes	yes
Peer-MiKdoshim_0001	Peer-MiKdoshim	social	retrospective_recognition	social:retrospective_recognition	catalyst	yes	yes
Peer-MiKdoshim_0001	Peer-MiKdoshim	spaces	heaven	spaces:heaven	catalyst	yes	yes
Peer-MiKdoshim_0001	Peer-MiKdoshim	supernatural	miracle	supernatural:miracle	catalyst	yes	yes
Peer-MiKdoshim_0001	Peer-MiKdoshim	supernatural	perception	supernatural:perception	catalyst	yes	yes
Peer-MiKdoshim_0001	Peer-MiKdoshim	supernatural	prognostication	supernatural:prognostication	catalyst	yes	yes
Peer-MiKdoshim_0001	Peer-MiKdoshim	supernatural	reincarnation	supernatural:reincarnation	catalyst	yes	yes
Peer-MiKdoshim_0001	Peer-MiKdoshim	times	death	times:death	catalyst	yes	yes
Peer-MiKdoshim_0002	Peer-MiKdoshim	practice	solitude	practice:solitude	none	no	no
Peer-MiKdoshim_0002	Peer-MiKdoshim	practice	study	practice:study	none	no	no
Peer-MiKdoshim_0002	Peer-MiKdoshim	social	relations_with_the_authorities	social:relations_with_the_authorities	none	no	no
Peer-MiKdoshim_0002	Peer-MiKdoshim	supernatural	communicating_with_the_invisible	supernatural:communicating_with_the_invisible	none	no	no
Peer-MiKdoshim_0002	Peer-MiKdoshim	supernatural	magic	supernatural:magic	none	no	no
Peer-MiKdoshim_0002	Peer-MiKdoshim	supernatural	perception	supernatural:perception	none	no	no
Peer-MiKdoshim_0002	Peer-MiKdoshim	supernatural	reincarnation	supernatural:reincarnation	none	no	no
Peer-MiKdoshim_0003	Peer-MiKdoshim	ethics-and-emotions	prohibitions	ethics-and-emotions:prohibitions	none	no	no
Peer-MiKdoshim_0003	Peer-MiKdoshim	social	retrospective_recognition	social:retrospective_recognition	none	no	no
Peer-MiKdoshim_0003	Peer-MiKdoshim	supernatural	magic	supernatural:magic	none	no	no
Peer-MiKdoshim_0003	Peer-MiKdoshim	supernatural	perception	supernatural:perception	none	no	no
Peer-MiKdoshim_0003	Peer-MiKdoshim	supernatural	reincarnation	supernatural:reincarnation	none	no	no
Peer-MiKdoshim_0004	Peer-MiKdoshim	ethics-and-emotions	anger	ethics-and-emotions:anger	catalyst	yes	yes
Peer-MiKdoshim_0004	Peer-MiKdoshim	ethics-and-emotions	fear	ethics-and-emotions:fear	catalyst	yes	yes
Peer-MiKdoshim_0004	Peer-MiKdoshim	ethics-and-emotions	prohibitions	ethics-and-emotions:prohibitions	catalyst	yes	yes
Peer-MiKdoshim_0004	Peer-MiKdoshim	ethics-and-emotions	punishment	ethics-and-emotions:punishment	catalyst	yes	yes
Peer-MiKdoshim_0004	Peer-MiKdoshim	experience	dream	experience:dream	catalyst	yes	yes
Peer-MiKdoshim_0004	Peer-MiKdoshim	practice	fasting	practice:fasting	catalyst	yes	yes
Peer-MiKdoshim_0004	Peer-MiKdoshim	social	conflict	social:conflict	catalyst	yes	yes
Peer-MiKdoshim_0004	Peer-MiKdoshim	social	relations_with_non_jews	social:relations_with_non_jews	catalyst	yes	yes
Peer-MiKdoshim_0004	Peer-MiKdoshim	spaces	rabbinical_court	spaces:rabbinical_court	catalyst	yes	yes
Peer-MiKdoshim_0004	Peer-MiKdoshim	supernatural	perception	supernatural:perception	catalyst	yes	yes
Peer-MiKdoshim_0004	Peer-MiKdoshim	supernatural	reincarnation	supernatural:reincarnation	catalyst	yes	yes
Peer-MiKdoshim_0005	Peer-MiKdoshim	characters-and-roles	demons	characters-and-roles:demons	mention_only	yes	no
Peer-MiKdoshim_0005	Peer-MiKdoshim	ethics-and-emotions	fear	ethics-and-emotions:fear	mention_only	yes	no
Peer-MiKdoshim_0005	Peer-MiKdoshim	ethics-and-emotions	prohibitions	ethics-and-emotions:prohibitions	mention_only	yes	no
Peer-MiKdoshim_0005	Peer-MiKdoshim	ethics-and-emotions	sadness	ethics-and-emotions:sadness	mention_only	yes	no
Peer-MiKdoshim_0005	Peer-MiKdoshim	folkloristics	story_type_virtues	folkloristics:story_type_virtues	mention_only	yes	no
Peer-MiKdoshim_0005	Peer-MiKdoshim	practice	fasting	practice:fasting	mention_only	yes	no
Peer-MiKdoshim_0005	Peer-MiKdoshim	practice	healing_of_the_soul	practice:healing_of_the_soul	mention_only	yes	no
Peer-MiKdoshim_0005	Peer-MiKdoshim	practice	prayer	practice:prayer	mention_only	yes	no
Peer-MiKdoshim_0005	Peer-MiKdoshim	practice	protection	practice:protection	mention_only	yes	no
Peer-MiKdoshim_0005	Peer-MiKdoshim	practice	sermon	practice:sermon	mention_only	yes	no
Peer-MiKdoshim_0005	Peer-MiKdoshim	practice	study	practice:study	mention_only	yes	no
Peer-MiKdoshim_0005	Peer-MiKdoshim	social	conflict	social:conflict	mention_only	yes	no
Peer-MiKdoshim_0005	Peer-MiKdoshim	social	marriage	social:marriage	mention_only	yes	no
Peer-MiKdoshim_0005	Peer-MiKdoshim	social	relations_with_non_jews	social:relations_with_non_jews	mention_only	yes	no
Peer-MiKdoshim_0005	Peer-MiKdoshim	social	retrospective_recognition	social:retrospective_recognition	mention_only	yes	no
Peer-MiKdoshim_0005	Peer-MiKdoshim	supernatural	communicating_with_the_invisible	supernatural:communicating_with_the_invisible	mention_only	yes	no
Peer-MiKdoshim_0005	Peer-MiKdoshim	supernatural	magic	supernatural:magic	mention_only	yes	no
Peer-MiKdoshim_0005	Peer-MiKdoshim	supernatural	miracle	supernatural:miracle	mention_only	yes	no
Peer-MiKdoshim_0006	Peer-MiKdoshim	characters-and-roles	the_family_of_the_tsaddik	characters-and-roles:the_family_of_the_tsaddik	catalyst	yes	yes
Peer-MiKdoshim_0006	Peer-MiKdoshim	ethics-and-emotions	charity	ethics-and-emotions:charity	catalyst	yes	yes
Peer-MiKdoshim_0006	Peer-MiKdoshim	ethics-and-emotions	fear	ethics-and-emotions:fear	catalyst	yes	yes
Peer-MiKdoshim_0006	Peer-MiKdoshim	ethics-and-emotions	lying	ethics-and-emotions:lying	catalyst	yes	yes
Peer-MiKdoshim_0006	Peer-MiKdoshim	ethics-and-emotions	prohibitions	ethics-and-emotions:prohibitions	catalyst	yes	yes
Peer-MiKdoshim_0006	Peer-MiKdoshim	ethics-and-emotions	punishment	ethics-and-emotions:punishment	catalyst	yes	yes
Peer-MiKdoshim_0006	Peer-MiKdoshim	ethics-and-emotions	virtues	ethics-and-emotions:virtues	catalyst	yes	yes
Peer-MiKdoshim_0006	Peer-MiKdoshim	folkloristics	story_type_prognostication	folkloristics:story_type_prognostication	catalyst	yes	yes
Peer-MiKdoshim_0006	Peer-MiKdoshim	folkloristics	story_type_virtues	folkloristics:story_type_virtues	catalyst	yes	yes
Peer-MiKdoshim_0006	Peer-MiKdoshim	practice	recitation_of_psalms	practice:recitation_of_psalms	catalyst	yes	yes
Peer-MiKdoshim_0006	Peer-MiKdoshim	practice	releasing_agunot	practice:releasing_agunot	catalyst	yes	yes
Peer-MiKdoshim_0006	Peer-MiKdoshim	practice	storytelling	practice:storytelling	catalyst	yes	yes
Peer-MiKdoshim_0006	Peer-MiKdoshim	practice	study	practice:study	catalyst	yes	yes
Peer-MiKdoshim_0006	Peer-MiKdoshim	practice	torat_ha_tsaddik	practice:torat_ha_tsaddik	catalyst	yes	yes
Peer-MiKdoshim_0006	Peer-MiKdoshim	practice	travel_to_the_tsaddik	practice:travel_to_the_tsaddik	catalyst	yes	yes
Peer-MiKdoshim_0006	Peer-MiKdoshim	social	converts_and_conversion	social:converts_and_conversion	catalyst	yes	yes
Peer-MiKdoshim_0006	Peer-MiKdoshim	social	inter_hasidic_master_disciple_relationship	social:inter_hasidic_master_disciple_relationship	catalyst	yes	yes
Peer-MiKdoshim_0006	Peer-MiKdoshim	social	marriage	social:marriage	catalyst	yes	yes
Peer-MiKdoshim_0006	Peer-MiKdoshim	social	retrospective_recognition	social:retrospective_recognition	catalyst	yes	yes
Peer-MiKdoshim_0006	Peer-MiKdoshim	supernatural	miracle	supernatural:miracle	catalyst	yes	yes
Peer-MiKdoshim_0006	Peer-MiKdoshim	supernatural	perception	supernatural:perception	catalyst	yes	yes
Peer-MiKdoshim_0006	Peer-MiKdoshim	supernatural	prognostication	supernatural:prognostication	catalyst	yes	yes
Peer-MiKdoshim_0006	Peer-MiKdoshim	times	death	times:death	catalyst	yes	yes
Peer-MiKdoshim_0007	Peer-MiKdoshim	ethics-and-emotions	anger	ethics-and-emotions:anger	none	no	no
Peer-MiKdoshim_0007	Peer-MiKdoshim	ethics-and-emotions	fear	ethics-and-emotions:fear	none	no	no
Peer-MiKdoshim_0007	Peer-MiKdoshim	ethics-and-emotions	lying	ethics-and-emotions:lying	none	no	no
Peer-MiKdoshim_0007	Peer-MiKdoshim	ethics-and-emotions	pride	ethics-and-emotions:pride	none	no	no
Peer-MiKdoshim_0007	Peer-MiKdoshim	ethics-and-emotions	prohibitions	ethics-and-emotions:prohibitions	none	no	no
Peer-MiKdoshim_0007	Peer-MiKdoshim	ethics-and-emotions	repentance	ethics-and-emotions:repentance	none	no	no
Peer-MiKdoshim_0007	Peer-MiKdoshim	ethics-and-emotions	shame	ethics-and-emotions:shame	none	no	no
Peer-MiKdoshim_0007	Peer-MiKdoshim	ethics-and-emotions	virtues	ethics-and-emotions:virtues	none	no	no
Peer-MiKdoshim_0007	Peer-MiKdoshim	experience	trembling	experience:trembling	none	no	no
Peer-MiKdoshim_0007	Peer-MiKdoshim	folkloristics	story_type_rapprochement	folkloristics:story_type_rapprochement	none	no	no
Peer-MiKdoshim_0007	Peer-MiKdoshim	folkloristics	story_type_revelation	folkloristics:story_type_revelation	none	no	no
Peer-MiKdoshim_0007	Peer-MiKdoshim	folkloristics	story_type_virtues	folkloristics:story_type_virtues	none	no	no
Peer-MiKdoshim_0007	Peer-MiKdoshim	practice	reception_of_hasidim	practice:reception_of_hasidim	none	no	no
Peer-MiKdoshim_0007	Peer-MiKdoshim	practice	travel_to_the_tsaddik	practice:travel_to_the_tsaddik	none	no	no
Peer-MiKdoshim_0007	Peer-MiKdoshim	social	conflict	social:conflict	none	no	no
Peer-MiKdoshim_0007	Peer-MiKdoshim	social	inter_hasidic_master_disciple_relationship	social:inter_hasidic_master_disciple_relationship	none	no	no
Peer-MiKdoshim_0007	Peer-MiKdoshim	social	relations_with_non_hasidim	social:relations_with_non_hasidim	none	no	no
Peer-MiKdoshim_0007	Peer-MiKdoshim	social	relations_with_sinners	social:relations_with_sinners	none	no	no
Peer-MiKdoshim_0007	Peer-MiKdoshim	social	retrospective_recognition	social:retrospective_recognition	none	no	no
Peer-MiKdoshim_0007	Peer-MiKdoshim	supernatural	perception	supernatural:perception	none	no	no
Peer-MiKdoshim_0008	Peer-MiKdoshim	characters-and-roles	elijah_the_prophet	characters-and-roles:elijah_the_prophet	none	no	no
Peer-MiKdoshim_0008	Peer-MiKdoshim	ethics-and-emotions	anger	ethics-and-emotions:anger	none	no	no
Peer-MiKdoshim_0008	Peer-MiKdoshim	ethics-and-emotions	charity	ethics-and-emotions:charity	none	no	no
Peer-MiKdoshim_0008	Peer-MiKdoshim	ethics-and-emotions	fear	ethics-and-emotions:fear	none	no	no
Peer-MiKdoshim_0008	Peer-MiKdoshim	ethics-and-emotions	prohibitions	ethics-and-emotions:prohibitions	none	no	no
Peer-MiKdoshim_0008	Peer-MiKdoshim	ethics-and-emotions	punishment	ethics-and-emotions:punishment	none	no	no
Peer-MiKdoshim_0008	Peer-MiKdoshim	ethics-and-emotions	repentance	ethics-and-emotions:repentance	none	no	no
Peer-MiKdoshim_0008	Peer-MiKdoshim	ethics-and-emotions	sadness	ethics-and-emotions:sadness	none	no	no
Peer-MiKdoshim_0008	Peer-MiKdoshim	ethics-and-emotions	virtues	ethics-and-emotions:virtues	none	no	no
Peer-MiKdoshim_0008	Peer-MiKdoshim	experience	revelation	experience:revelation	none	no	no
Peer-MiKdoshim_0008	Peer-MiKdoshim	folkloristics	story_type_virtues	folkloristics:story_type_virtues	none	no	no
Peer-MiKdoshim_0008	Peer-MiKdoshim	practice	lifesaving	practice:lifesaving	none	no	no
Peer-MiKdoshim_0008	Peer-MiKdoshim	practice	prayer	practice:prayer	none	no	no
Peer-MiKdoshim_0008	Peer-MiKdoshim	practice	protection	practice:protection	none	no	no
Peer-MiKdoshim_0008	Peer-MiKdoshim	practice	reception_of_hasidim	practice:reception_of_hasidim	none	no	no
Peer-MiKdoshim_0008	Peer-MiKdoshim	practice	travel_to_the_tsaddik	practice:travel_to_the_tsaddik	none	no	no
Peer-MiKdoshim_0008	Peer-MiKdoshim	social	retrospective_recognition	social:retrospective_recognition	none	no	no
Peer-MiKdoshim_0008	Peer-MiKdoshim	spaces	heaven	spaces:heaven	none	no	no
Peer-MiKdoshim_0008	Peer-MiKdoshim	supernatural	communicating_with_the_invisible	supernatural:communicating_with_the_invisible	none	no	no
Peer-MiKdoshim_0008	Peer-MiKdoshim	supernatural	miracle	supernatural:miracle	none	no	no
Peer-MiKdoshim_0008	Peer-MiKdoshim	supernatural	perception	supernatural:perception	none	no	no
Peer-MiKdoshim_0009	Peer-MiKdoshim	characters-and-roles	agunah	characters-and-roles:agunah	catalyst	yes	yes
Peer-MiKdoshim_0009	Peer-MiKdoshim	ethics-and-emotions	adultery	ethics-and-emotions:adultery	catalyst	yes	yes
Peer-MiKdoshim_0009	Peer-MiKdoshim	ethics-and-emotions	anger	ethics-and-emotions:anger	catalyst	yes	yes
Peer-MiKdoshim_0009	Peer-MiKdoshim	ethics-and-emotions	joy	ethics-and-emotions:joy	catalyst	yes	yes
Peer-MiKdoshim_0009	Peer-MiKdoshim	ethics-and-emotions	lust	ethics-and-emotions:lust	catalyst	yes	yes
Peer-MiKdoshim_0009	Peer-MiKdoshim	ethics-and-emotions	lying	ethics-and-emotions:lying	catalyst	yes	yes
Peer-MiKdoshim_0009	Peer-MiKdoshim	ethics-and-emotions	pride	ethics-and-emotions:pride	catalyst	yes	yes
Peer-MiKdoshim_0009	Peer-MiKdoshim	ethics-and-emotions	prohibitions	ethics-and-emotions:prohibitions	catalyst	yes	yes
Peer-MiKdoshim_0009	Peer-MiKdoshim	ethics-and-emotions	punishment	ethics-and-emotions:punishment	catalyst	yes	yes
Peer-MiKdoshim_0009	Peer-MiKdoshim	ethics-and-emotions	sadness	ethics-and-emotions:sadness	catalyst	yes	yes
Peer-MiKdoshim_0009	Peer-MiKdoshim	experience	revelation	experience:revelation	catalyst	yes	yes
Peer-MiKdoshim_0009	Peer-MiKdoshim	folkloristics	story_type_prognostication	folkloristics:story_type_prognostication	catalyst	yes	yes
Peer-MiKdoshim_0009	Peer-MiKdoshim	folkloristics	story_type_virtues	folkloristics:story_type_virtues	catalyst	yes	yes
Peer-MiKdoshim_0009	Peer-MiKdoshim	practice	releasing_agunot	practice:releasing_agunot	catalyst	yes	yes
Peer-MiKdoshim_0009	Peer-MiKdoshim	practice	study	practice:study	catalyst	yes	yes
Peer-MiKdoshim_0009	Peer-MiKdoshim	practice	travel_to_the_tsaddik	practice:travel_to_the_tsaddik	catalyst	yes	yes
Peer-MiKdoshim_0009	Peer-MiKdoshim	social	conflict	social:conflict	catalyst	yes	yes
Peer-MiKdoshim_0009	Peer-MiKdoshim	social	disobedience	social:disobedience	catalyst	yes	yes
Peer-MiKdoshim_0009	Peer-MiKdoshim	social	divorce	social:divorce	catalyst	yes	yes
Peer-MiKdoshim_0009	Peer-MiKdoshim	social	inter_hasidic_master_disciple_relationship	social:inter_hasidic_master_disciple_relationship	catalyst	yes	yes
Peer-MiKdoshim_0009	Peer-MiKdoshim	social	marital_relationship	social:marital_relationship	catalyst	yes	yes
Peer-MiKdoshim_0009	Peer-MiKdoshim	social	marriage	social:marriage	catalyst	yes	yes
Peer-MiKdoshim_0009	Peer-MiKdoshim	social	relations_with_the_authorities	social:relations_with_the_authorities	catalyst	yes	yes
Peer-MiKdoshim_0009	Peer-MiKdoshim	social	retrospective_recognition	social:retrospective_recognition	catalyst	yes	yes
Peer-MiKdoshim_0009	Peer-MiKdoshim	spaces	rabbinical_court	spaces:rabbinical_court	catalyst	yes	yes
Peer-MiKdoshim_0009	Peer-MiKdoshim	supernatural	perception	supernatural:perception	catalyst	yes	yes
Peer-MiKdoshim_0009	Peer-MiKdoshim	supernatural	prognostication	supernatural:prognostication	catalyst	yes	yes
Peer-MiKdoshim_0010	Peer-MiKdoshim	ethics-and-emotions	charity	ethics-and-emotions:charity	major	yes	yes
Peer-MiKdoshim_0010	Peer-MiKdoshim	ethics-and-emotions	fear	ethics-and-emotions:fear	major	yes	yes
Peer-MiKdoshim_0010	Peer-MiKdoshim	ethics-and-emotions	lust	ethics-and-emotions:lust	major	yes	yes
Peer-MiKdoshim_0010	Peer-MiKdoshim	ethics-and-emotions	prohibitions	ethics-and-emotions:prohibitions	major	yes	yes
Peer-MiKdoshim_0010	Peer-MiKdoshim	ethics-and-emotions	resisting_temptation	ethics-and-emotions:resisting_temptation	major	yes	yes
Peer-MiKdoshim_0010	Peer-MiKdoshim	ethics-and-emotions	virtues	ethics-and-emotions:virtues	major	yes	yes
Peer-MiKdoshim_0010	Peer-MiKdoshim	folkloristics	story_type_virtues	folkloristics:story_type_virtues	major	yes	yes
Peer-MiKdoshim_0010	Peer-MiKdoshim	practice	releasing_agunot	practice:releasing_agunot	major	yes	yes
Peer-MiKdoshim_0010	Peer-MiKdoshim	practice	study	practice:study	major	yes	yes
Peer-MiKdoshim_0010	Peer-MiKdoshim	social	marital_relationship	social:marital_relationship	major	yes	yes
Peer-MiKdoshim_0010	Peer-MiKdoshim	social	marriage	social:marriage	major	yes	yes
Peer-MiKdoshim_0010	Peer-MiKdoshim	social	retrospective_recognition	social:retrospective_recognition	major	yes	yes
Peer-MiKdoshim_0010	Peer-MiKdoshim	spaces	rabbinical_court	spaces:rabbinical_court	major	yes	yes
Peer-MiKdoshim_0010	Peer-MiKdoshim	supernatural	miracle	supernatural:miracle	major	yes	yes
Peer-MiKdoshim_0010	Peer-MiKdoshim	times	death	times:death	major	yes	yes
Peer-MiKdoshim_0011	Peer-MiKdoshim	ethics-and-emotions	joy	ethics-and-emotions:joy	catalyst	yes	yes
Peer-MiKdoshim_0011	Peer-MiKdoshim	ethics-and-emotions	lying	ethics-and-emotions:lying	catalyst	yes	yes
Peer-MiKdoshim_0011	Peer-MiKdoshim	ethics-and-emotions	sadness	ethics-and-emotions:sadness	catalyst	yes	yes
Peer-MiKdoshim_0011	Peer-MiKdoshim	practice	circumcision	practice:circumcision	catalyst	yes	yes
Peer-MiKdoshim_0011	Peer-MiKdoshim	practice	recitation_of_psalms	practice:recitation_of_psalms	catalyst	yes	yes
Peer-MiKdoshim_0011	Peer-MiKdoshim	social	conflict	social:conflict	catalyst	yes	yes
Peer-MiKdoshim_0011	Peer-MiKdoshim	social	relations_with_non_jews	social:relations_with_non_jews	catalyst	yes	yes
Peer-MiKdoshim_0011	Peer-MiKdoshim	social	relations_with_the_authorities	social:relations_with_the_authorities	catalyst	yes	yes
Peer-MiKdoshim_0011	Peer-MiKdoshim	social	retrospective_recognition	social:retrospective_recognition	catalyst	yes	yes
Peer-MiKdoshim_0011	Peer-MiKdoshim	supernatural	miracle	supernatural:miracle	catalyst	yes	yes
Peer-MiKdoshim_0013	Peer-MiKdoshim	ethics-and-emotions	prohibitions	ethics-and-emotions:prohibitions	none	no	no
Peer-MiKdoshim_0013	Peer-MiKdoshim	practice	halakhah	practice:halakhah	none	no	no
Peer-MiKdoshim_0013	Peer-MiKdoshim	practice	storytelling	practice:storytelling	none	no	no
Peer-MiKdoshim_0013	Peer-MiKdoshim	spaces	heaven	spaces:heaven	none	no	no
Peer-MiKdoshim_0014	Peer-MiKdoshim	characters-and-roles	tavern_keeper	characters-and-roles:tavern_keeper	minor	yes	yes
Peer-MiKdoshim_0014	Peer-MiKdoshim	ethics-and-emotions	fear	ethics-and-emotions:fear	minor	yes	yes
Peer-MiKdoshim_0014	Peer-MiKdoshim	experience	dream	experience:dream	minor	yes	yes
Peer-MiKdoshim_0014	Peer-MiKdoshim	folkloristics	story_type_prognostication	folkloristics:story_type_prognostication	minor	yes	yes
Peer-MiKdoshim_0014	Peer-MiKdoshim	folkloristics	story_type_protection	folkloristics:story_type_protection	minor	yes	yes
Peer-MiKdoshim_0014	Peer-MiKdoshim	folkloristics	story_type_virtues	folkloristics:story_type_virtues	minor	yes	yes
Peer-MiKdoshim_0014	Peer-MiKdoshim	practice	protection	practice:protection	minor	yes	yes
Peer-MiKdoshim_0014	Peer-MiKdoshim	practice	travel_to_the_tsaddik	practice:travel_to_the_tsaddik	minor	yes	yes
Peer-MiKdoshim_0014	Peer-MiKdoshim	social	relations_with_non_jews	social:relations_with_non_jews	minor	yes	yes
Peer-MiKdoshim_0014	Peer-MiKdoshim	supernatural	communicating_with_the_invisible	supernatural:communicating_with_the_invisible	minor	yes	yes
Peer-MiKdoshim_0014	Peer-MiKdoshim	supernatural	miracle	supernatural:miracle	minor	yes	yes
Peer-MiKdoshim_0014	Peer-MiKdoshim	supernatural	perception	supernatural:perception	minor	yes	yes
Peer-MiKdoshim_0014	Peer-MiKdoshim	supernatural	prognostication	supernatural:prognostication	minor	yes	yes
Peer-MiKdoshim_0015	Peer-MiKdoshim	characters-and-roles	demons	characters-and-roles:demons	major	yes	yes
Peer-MiKdoshim_0015	Peer-MiKdoshim	characters-and-roles	tavern_keeper	characters-and-roles:tavern_keeper	major	yes	yes
Peer-MiKdoshim_0015	Peer-MiKdoshim	ethics-and-emotions	anger	ethics-and-emotions:anger	major	yes	yes
Peer-MiKdoshim_0015	Peer-MiKdoshim	ethics-and-emotions	fear	ethics-and-emotions:fear	major	yes	yes
Peer-MiKdoshim_0015	Peer-MiKdoshim	ethics-and-emotions	lying	ethics-and-emotions:lying	major	yes	yes
Peer-MiKdoshim_0015	Peer-MiKdoshim	ethics-and-emotions	punishment	ethics-and-emotions:punishment	major	yes	yes
Peer-MiKdoshim_0015	Peer-MiKdoshim	ethics-and-emotions	repentance	ethics-and-emotions:repentance	major	yes	yes
Peer-MiKdoshim_0015	Peer-MiKdoshim	ethics-and-emotions	sadness	ethics-and-emotions:sadness	major	yes	yes
Peer-MiKdoshim_0015	Peer-MiKdoshim	folkloristics	story_type_prognostication	folkloristics:story_type_prognostication	major	yes	yes
Peer-MiKdoshim_0015	Peer-MiKdoshim	folkloristics	story_type_virtues	folkloristics:story_type_virtues	major	yes	yes
Peer-MiKdoshim_0015	Peer-MiKdoshim	practice	business_advice	practice:business_advice	major	yes	yes
Peer-MiKdoshim_0015	Peer-MiKdoshim	practice	travel_to_the_tsaddik	practice:travel_to_the_tsaddik	major	yes	yes
Peer-MiKdoshim_0015	Peer-MiKdoshim	social	conflict	social:conflict	major	yes	yes
Peer-MiKdoshim_0015	Peer-MiKdoshim	social	marriage	social:marriage	major	yes	yes
Peer-MiKdoshim_0015	Peer-MiKdoshim	social	relations_with_non_jews	social:relations_with_non_jews	major	yes	yes
Peer-MiKdoshim_0015	Peer-MiKdoshim	social	relations_with_the_authorities	social:relations_with_the_authorities	major	yes	yes
Peer-MiKdoshim_0015	Peer-MiKdoshim	social	retrospective_recognition	social:retrospective_recognition	major	yes	yes
Peer-MiKdoshim_0015	Peer-MiKdoshim	supernatural	magic	supernatural:magic	major	yes	yes
Peer-MiKdoshim_0015	Peer-MiKdoshim	supernatural	miracle	supernatural:miracle	major	yes	yes
Peer-MiKdoshim_0015	Peer-MiKdoshim	supernatural	perception	supernatural:perception	major	yes	yes
Peer-MiKdoshim_0015	Peer-MiKdoshim	supernatural	prognostication	supernatural:prognostication	major	yes	yes
Peer-MiKdoshim_0015	Peer-MiKdoshim	times	death	times:death	major	yes	yes
Peer-MiKdoshim_0016	Peer-MiKdoshim	ethics-and-emotions	charity	ethics-and-emotions:charity	minor	yes	yes
Peer-MiKdoshim_0016	Peer-MiKdoshim	ethics-and-emotions	joy	ethics-and-emotions:joy	minor	yes	yes
Peer-MiKdoshim_0016	Peer-MiKdoshim	ethics-and-emotions	virtues	ethics-and-emotions:virtues	minor	yes	yes
Peer-MiKdoshim_0016	Peer-MiKdoshim	folkloristics	story_type_virtues	folkloristics:story_type_virtues	minor	yes	yes
Peer-MiKdoshim_0016	Peer-MiKdoshim	practice	releasing_agunot	practice:releasing_agunot	minor	yes	yes
Peer-MiKdoshim_0016	Peer-MiKdoshim	practice	storytelling	practice:storytelling	minor	yes	yes
Peer-MiKdoshim_0016	Peer-MiKdoshim	practice	study	practice:study	minor	yes	yes
Peer-MiKdoshim_0016	Peer-MiKdoshim	social	inter_hasidic	social:inter_hasidic	minor	yes	yes
Peer-MiKdoshim_0016	Peer-MiKdoshim	social	marital_relationship	social:marital_relationship	minor	yes	yes
Peer-MiKdoshim_0016	Peer-MiKdoshim	social	marriage	social:marriage	minor	yes	yes
Peer-MiKdoshim_0016	Peer-MiKdoshim	social	poverty	social:poverty	minor	yes	yes
Peer-MiKdoshim_0016	Peer-MiKdoshim	social	retrospective_recognition	social:retrospective_recognition	minor	yes	yes
Peer-MiKdoshim_0016	Peer-MiKdoshim	supernatural	miracle	supernatural:miracle	minor	yes	yes
Peer-MiKdoshim_0017	Peer-MiKdoshim	ethics-and-emotions	anger	ethics-and-emotions:anger	none	no	no
Peer-MiKdoshim_0017	Peer-MiKdoshim	practice	drinking_alcohol	practice:drinking_alcohol	none	no	no
Peer-MiKdoshim_0017	Peer-MiKdoshim	practice	protection	practice:protection	none	no	no
Peer-MiKdoshim_0017	Peer-MiKdoshim	supernatural	perception	supernatural:perception	none	no	no
Peer-MiKdoshim_0017	Peer-MiKdoshim	times	holidays	times:holidays	none	no	no
Peer-MiKdoshim_0018	Peer-MiKdoshim	folkloristics	story_type_virtues	folkloristics:story_type_virtues	mention_only	yes	no
Peer-MiKdoshim_0018	Peer-MiKdoshim	practice	business_advice	practice:business_advice	mention_only	yes	no
Peer-MiKdoshim_0018	Peer-MiKdoshim	practice	drinking_alcohol	practice:drinking_alcohol	mention_only	yes	no
Peer-MiKdoshim_0018	Peer-MiKdoshim	practice	pidyon_nefesh	practice:pidyon_nefesh	mention_only	yes	no
Peer-MiKdoshim_0018	Peer-MiKdoshim	social	relations_with_non_jews	social:relations_with_non_jews	mention_only	yes	no
Peer-MiKdoshim_0018	Peer-MiKdoshim	supernatural	prognostication	supernatural:prognostication	mention_only	yes	no
Shivhei-Habesht_0001	Shivhei-Habesht	characters-and-roles	demons	characters-and-roles:demons	mention_only	yes	no
Shivhei-Habesht_0001	Shivhei-Habesht	characters-and-roles	elijah_the_prophet	characters-and-roles:elijah_the_prophet	mention_only	yes	no
Shivhei-Habesht_0001	Shivhei-Habesht	characters-and-roles	the_family_of_the_tsaddik	characters-and-roles:the_family_of_the_tsaddik	mention_only	yes	no
Shivhei-Habesht_0001	Shivhei-Habesht	ethics-and-emotions	anger	ethics-and-emotions:anger	mention_only	yes	no
Shivhei-Habesht_0001	Shivhei-Habesht	ethics-and-emotions	fear	ethics-and-emotions:fear	mention_only	yes	no
Shivhei-Habesht_0001	Shivhei-Habesht	ethics-and-emotions	joy	ethics-and-emotions:joy	mention_only	yes	no
Shivhei-Habesht_0001	Shivhei-Habesht	ethics-and-emotions	lying	ethics-and-emotions:lying	mention_only	yes	no
Shivhei-Habesht_0001	Shivhei-Habesht	ethics-and-emotions	punishment	ethics-and-emotions:punishment	mention_only	yes	no
Shivhei-Habesht_0001	Shivhei-Habesht	experience	dream	experience:dream	mention_only	yes	no
Shivhei-Habesht_0001	Shivhei-Habesht	experience	revelation	experience:revelation	mention_only	yes	no
Shivhei-Habesht_0001	Shivhei-Habesht	folkloristics	story_type_birth_of_the_tsaddik	folkloristics:story_type_birth_of_the_tsaddik	mention_only	yes	no
Shivhei-Habesht_0001	Shivhei-Habesht	folkloristics	story_type_prognostication	folkloristics:story_type_prognostication	mention_only	yes	no
Shivhei-Habesht_0001	Shivhei-Habesht	folkloristics	story_type_protection	folkloristics:story_type_protection	mention_only	yes	no
Shivhei-Habesht_0001	Shivhei-Habesht	folkloristics	story_type_virtues	folkloristics:story_type_virtues	mention_only	yes	no
Shivhei-Habesht_0001	Shivhei-Habesht	knowledge	esoteric	knowledge:esoteric	mention_only	yes	no
Shivhei-Habesht_0001	Shivhei-Habesht	knowledge	practical_kabbalah	knowledge:practical_kabbalah	mention_only	yes	no
Shivhei-Habesht_0001	Shivhei-Habesht	practice	music	practice:music	mention_only	yes	no
Shivhei-Habesht_0001	Shivhei-Habesht	practice	protection	practice:protection	mention_only	yes	no
Shivhei-Habesht_0001	Shivhei-Habesht	practice	solitude	practice:solitude	mention_only	yes	no
Shivhei-Habesht_0001	Shivhei-Habesht	practice	study	practice:study	mention_only	yes	no
Shivhei-Habesht_0001	Shivhei-Habesht	social	conflict	social:conflict	mention_only	yes	no
Shivhei-Habesht_0001	Shivhei-Habesht	social	marital_relationship	social:marital_relationship	mention_only	yes	no
Shivhei-Habesht_0001	Shivhei-Habesht	social	marriage	social:marriage	mention_only	yes	no
Shivhei-Habesht_0001	Shivhei-Habesht	social	relations_with_non_jews	social:relations_with_non_jews	mention_only	yes	no
Shivhei-Habesht_0001	Shivhei-Habesht	social	relations_with_the_authorities	social:relations_with_the_authorities	mention_only	yes	no
Shivhei-Habesht_0001	Shivhei-Habesht	social	retrospective_recognition	social:retrospective_recognition	mention_only	yes	no
Shivhei-Habesht_0001	Shivhei-Habesht	spaces	beth_midrash	spaces:beth_midrash	mention_only	yes	no
Shivhei-Habesht_0001	Shivhei-Habesht	supernatural	communicating_with_the_invisible	supernatural:communicating_with_the_invisible	mention_only	yes	no
Shivhei-Habesht_0001	Shivhei-Habesht	supernatural	magic	supernatural:magic	mention_only	yes	no
Shivhei-Habesht_0001	Shivhei-Habesht	supernatural	miracle	supernatural:miracle	mention_only	yes	no
Shivhei-Habesht_0001	Shivhei-Habesht	supernatural	perception	supernatural:perception	mention_only	yes	no
Shivhei-Habesht_0001	Shivhei-Habesht	supernatural	pregnancy	supernatural:pregnancy	mention_only	yes	no
Shivhei-Habesht_0001	Shivhei-Habesht	supernatural	prognostication	supernatural:prognostication	mention_only	yes	no
Shivhei-Habesht_0001	Shivhei-Habesht	times	birth	times:birth	mention_only	yes	no
Shivhei-Habesht_0001	Shivhei-Habesht	times	death	times:death	mention_only	yes	no
Shivhei-Habesht_0001	Shivhei-Habesht	times	inauguration	times:inauguration	mention_only	yes	no
Shivhei-Habesht_0002	Shivhei-Habesht	characters-and-roles	angels	characters-and-roles:angels	minor	yes	yes
Shivhei-Habesht_0002	Shivhei-Habesht	characters-and-roles	hidden_righteous	characters-and-roles:hidden_righteous	minor	yes	yes
Shivhei-Habesht_0002	Shivhei-Habesht	characters-and-roles	the_family_of_the_tsaddik	characters-and-roles:the_family_of_the_tsaddik	minor	yes	yes
Shivhei-Habesht_0002	Shivhei-Habesht	ethics-and-emotions	lying	ethics-and-emotions:lying	minor	yes	yes
Shivhei-Habesht_0002	Shivhei-Habesht	ethics-and-emotions	punishment	ethics-and-emotions:punishment	minor	yes	yes
Shivhei-Habesht_0002	Shivhei-Habesht	ethics-and-emotions	shame	ethics-and-emotions:shame	minor	yes	yes
Shivhei-Habesht_0002	Shivhei-Habesht	experience	dream	experience:dream	minor	yes	yes
Shivhei-Habesht_0002	Shivhei-Habesht	experience	revelation	experience:revelation	minor	yes	yes
Shivhei-Habesht_0002	Shivhei-Habesht	folkloristics	story_type_inauguration	folkloristics:story_type_inauguration	minor	yes	yes
Shivhei-Habesht_0002	Shivhei-Habesht	folkloristics	story_type_rapprochement	folkloristics:story_type_rapprochement	minor	yes	yes
Shivhei-Habesht_0002	Shivhei-Habesht	kabbalah	kabbalistic_terms_kavvanot	kabbalah:kabbalistic_terms_kavvanot	minor	yes	yes
Shivhei-Habesht_0002	Shivhei-Habesht	knowledge	esoteric	knowledge:esoteric	minor	yes	yes
Shivhei-Habesht_0002	Shivhei-Habesht	knowledge	practical_kabbalah	knowledge:practical_kabbalah	minor	yes	yes
Shivhei-Habesht_0002	Shivhei-Habesht	knowledge	secret_texts	knowledge:secret_texts	minor	yes	yes
Shivhei-Habesht_0002	Shivhei-Habesht	practice	asceticism	practice:asceticism	minor	yes	yes
Shivhei-Habesht_0002	Shivhei-Habesht	practice	drinking_alcohol	practice:drinking_alcohol	minor	yes	yes
Shivhei-Habesht_0002	Shivhei-Habesht	practice	fasting	practice:fasting	minor	yes	yes
Shivhei-Habesht_0002	Shivhei-Habesht	practice	meditation	practice:meditation	minor	yes	yes
Shivhei-Habesht_0002	Shivhei-Habesht	practice	music	practice:music	minor	yes	yes
Shivhei-Habesht_0002	Shivhei-Habesht	practice	pidyon_nefesh	practice:pidyon_nefesh	minor	yes	yes
Shivhei-Habesht_0002	Shivhei-Habesht	practice	pilgrimage_to_the_graves_of_tsaddikim	practice:pilgrimage_to_the_graves_of_tsaddikim	minor	yes	yes
Shivhei-Habesht_0002	Shivhei-Habesht	practice	protection	practice:protection	minor	yes	yes
Shivhei-Habesht_0002	Shivhei-Habesht	practice	recitation_of_psalms	practice:recitation_of_psalms	minor	yes	yes
Shivhei-Habesht_0002	Shivhei-Habesht	practice	releasing_agunot	practice:releasing_agunot	minor	yes	yes
Shivhei-Habesht_0002	Shivhei-Habesht	practice	solitude	practice:solitude	minor	yes	yes
Shivhei-Habesht_0002	Shivhei-Habesht	practice	study	practice:study	minor	yes	yes
Shivhei-Habesht_0002	Shivhei-Habesht	social	conflict	social:conflict	minor	yes	yes
Shivhei-Habesht_0002	Shivhei-Habesht	social	inter_hasidic_master_disciple_relationship	social:inter_hasidic_master_disciple_relationship	minor	yes	yes
Shivhei-Habesht_0002	Shivhei-Habesht	social	marital_relationship	social:marital_relationship	minor	yes	yes
Shivhei-Habesht_0002	Shivhei-Habesht	social	marriage	social:marriage	minor	yes	yes
Shivhei-Habesht_0002	Shivhei-Habesht	social	poverty	social:poverty	minor	yes	yes
Shivhei-Habesht_0002	Shivhei-Habesht	social	relations_with_non_jews	social:relations_with_non_jews	minor	yes	yes
Shivhei-Habesht_0002	Shivhei-Habesht	social	relations_with_sinners	social:relations_with_sinners	minor	yes	yes
Shivhei-Habesht_0002	Shivhei-Habesht	social	relations_with_the_authorities	social:relations_with_the_authorities	minor	yes	yes
Shivhei-Habesht_0002	Shivhei-Habesht	social	retrospective_recognition	social:retrospective_recognition	minor	yes	yes
Shivhei-Habesht_0002	Shivhei-Habesht	spaces	beth_midrash	spaces:beth_midrash	minor	yes	yes
Shivhei-Habesht_0002	Shivhei-Habesht	supernatural	magic	supernatural:magic	minor	yes	yes
Shivhei-Habesht_0002	Shivhei-Habesht	supernatural	miracle	supernatural:miracle	minor	yes	yes
Shivhei-Habesht_0002	Shivhei-Habesht	supernatural	perception	supernatural:perception	minor	yes	yes
Shivhei-Habesht_0002	Shivhei-Habesht	supernatural	prognostication	supernatural:prognostication	minor	yes	yes
Shivhei-Habesht_0002	Shivhei-Habesht	times	death	times:death	minor	yes	yes
Shivhei-Habesht_0002	Shivhei-Habesht	times	inauguration	times:inauguration	minor	yes	yes
Shivhei-Habesht_0003	Shivhei-Habesht	characters-and-roles	hidden_righteous	characters-and-roles:hidden_righteous	minor	yes	yes
Shivhei-Habesht_0003	Shivhei-Habesht	characters-and-roles	the_family_of_the_tsaddik	characters-and-roles:the_family_of_the_tsaddik	minor	yes	yes
Shivhei-Habesht_0003	Shivhei-Habesht	ethics-and-emotions	punishment	ethics-and-emotions:punishment	minor	yes	yes
Shivhei-Habesht_0003	Shivhei-Habesht	ethics-and-emotions	repentance	ethics-and-emotions:repentance	minor	yes	yes
Shivhei-Habesht_0003	Shivhei-Habesht	practice	healing_of_the_soul	practice:healing_of_the_soul	minor	yes	yes
Shivhei-Habesht_0003	Shivhei-Habesht	practice	solitude	practice:solitude	minor	yes	yes
Shivhei-Habesht_0003	Shivhei-Habesht	social	relations_with_sinners	social:relations_with_sinners	minor	yes	yes
Shivhei-Habesht_0003	Shivhei-Habesht	spaces	the_land_of_israel	spaces:the_land_of_israel	minor	yes	yes
Shivhei-Habesht_0003	Shivhei-Habesht	supernatural	contraction_of_the_road	supernatural:contraction_of_the_road	minor	yes	yes
Shivhei-Habesht_0003	Shivhei-Habesht	supernatural	magic	supernatural:magic	minor	yes	yes
Shivhei-Habesht_0003	Shivhei-Habesht	supernatural	perception	supernatural:perception	minor	yes	yes
Shivhei-Habesht_0003	Shivhei-Habesht	supernatural	reincarnation	supernatural:reincarnation	minor	yes	yes
Shivhei-Habesht_0004	Shivhei-Habesht	characters-and-roles	hidden_righteous	characters-and-roles:hidden_righteous	minor	yes	yes
Shivhei-Habesht_0004	Shivhei-Habesht	characters-and-roles	preacher	characters-and-roles:preacher	minor	yes	yes
Shivhei-Habesht_0004	Shivhei-Habesht	characters-and-roles	the_family_of_the_tsaddik	characters-and-roles:the_family_of_the_tsaddik	minor	yes	yes
Shivhei-Habesht_0004	Shivhei-Habesht	ethics-and-emotions	anger	ethics-and-emotions:anger	minor	yes	yes
Shivhei-Habesht_0004	Shivhei-Habesht	ethics-and-emotions	awe	ethics-and-emotions:awe	minor	yes	yes
Shivhei-Habesht_0004	Shivhei-Habesht	ethics-and-emotions	fear	ethics-and-emotions:fear	minor	yes	yes
Shivhei-Habesht_0004	Shivhei-Habesht	ethics-and-emotions	prohibitions	ethics-and-emotions:prohibitions	minor	yes	yes
Shivhei-Habesht_0004	Shivhei-Habesht	experience	devekut	experience:devekut	minor	yes	yes
Shivhei-Habesht_0004	Shivhei-Habesht	experience	revelation	experience:revelation	minor	yes	yes
Shivhei-Habesht_0004	Shivhei-Habesht	experience	visions	experience:visions	minor	yes	yes
Shivhei-Habesht_0004	Shivhei-Habesht	folkloristics	story_type_advent	folkloristics:story_type_advent	minor	yes	yes
Shivhei-Habesht_0004	Shivhei-Habesht	folkloristics	story_type_inauguration	folkloristics:story_type_inauguration	minor	yes	yes
Shivhei-Habesht_0004	Shivhei-Habesht	folkloristics	story_type_rapprochement	folkloristics:story_type_rapprochement	minor	yes	yes
Shivhei-Habesht_0004	Shivhei-Habesht	folkloristics	story_type_revelation	folkloristics:story_type_revelation	minor	yes	yes
Shivhei-Habesht_0004	Shivhei-Habesht	folkloristics	story_type_virtues	folkloristics:story_type_virtues	minor	yes	yes
Shivhei-Habesht_0004	Shivhei-Habesht	knowledge	esoteric	knowledge:esoteric	minor	yes	yes
Shivhei-Habesht_0004	Shivhei-Habesht	knowledge	practical_kabbalah	knowledge:practical_kabbalah	minor	yes	yes
Shivhei-Habesht_0004	Shivhei-Habesht	knowledge	secret_texts	knowledge:secret_texts	minor	yes	yes
Shivhei-Habesht_0004	Shivhei-Habesht	practice	clothing	practice:clothing	minor	yes	yes
Shivhei-Habesht_0004	Shivhei-Habesht	practice	devekut	practice:devekut	minor	yes	yes
Shivhei-Habesht_0004	Shivhei-Habesht	practice	prayer	practice:prayer	minor	yes	yes
Shivhei-Habesht_0004	Shivhei-Habesht	practice	sermon	practice:sermon	minor	yes	yes
Shivhei-Habesht_0004	Shivhei-Habesht	practice	solitude	practice:solitude	minor	yes	yes
Shivhei-Habesht_0004	Shivhei-Habesht	practice	study	practice:study	minor	yes	yes
Shivhei-Habesht_0004	Shivhei-Habesht	practice	tefillin	practice:tefillin	minor	yes	yes
Shivhei-Habesht_0004	Shivhei-Habesht	practice	tvilah	practice:tvilah	minor	yes	yes
Shivhei-Habesht_0004	Shivhei-Habesht	ritual		ritual	minor	yes	yes
Shivhei-Habesht_0004	Shivhei-Habesht	ritual	debate	ritual:debate	minor	yes	yes
Shivhei-Habesht_0004	Shivhei-Habesht	social	conflict	social:conflict	minor	yes	yes
Shivhei-Habesht_0004	Shivhei-Habesht	social	disobedience	social:disobedience	minor	yes	yes
Shivhei-Habesht_0004	Shivhei-Habesht	social	inter_hasidic	social:inter_hasidic	minor	yes	yes
Shivhei-Habesht_0004	Shivhei-Habesht	social	inter_hasidic_master_disciple_relationship	social:inter_hasidic_master_disciple_relationship	minor	yes	yes
Shivhei-Habesht_0004	Shivhei-Habesht	social	marital_relationship	social:marital_relationship	minor	yes	yes
Shivhei-Habesht_0004	Shivhei-Habesht	social	retrospective_recognition	social:retrospective_recognition	minor	yes	yes
Shivhei-Habesht_0004	Shivhei-Habesht	spaces	mikveh	spaces:mikveh	minor	yes	yes
Shivhei-Habesht_0004	Shivhei-Habesht	supernatural	light_or_fire_as_a_sign_of_righteousness	supernatural:light_or_fire_as_a_sign_of_righteousness	minor	yes	yes
Shivhei-Habesht_0004	Shivhei-Habesht	supernatural	miracle	supernatural:miracle	minor	yes	yes
Shivhei-Habesht_0004	Shivhei-Habesht	supernatural	perception	supernatural:perception	minor	yes	yes
Shivhei-Habesht_0004	Shivhei-Habesht	supernatural	prognostication	supernatural:prognostication	minor	yes	yes
Shivhei-Habesht_0004	Shivhei-Habesht	times	holidays	times:holidays	minor	yes	yes
Shivhei-Habesht_0004	Shivhei-Habesht	times	inauguration	times:inauguration	minor	yes	yes
Shivhei-Habesht_0004	Shivhei-Habesht	times	shabbat	times:shabbat	minor	yes	yes
Shivhei-Habesht_0005A	Shivhei-Habesht	characters-and-roles	ritual_slaughterer	characters-and-roles:ritual_slaughterer	none	no	no
Shivhei-Habesht_0005A	Shivhei-Habesht	characters-and-roles	scribe	characters-and-roles:scribe	none	no	no
Shivhei-Habesht_0005A	Shivhei-Habesht	ethics-and-emotions	fear	ethics-and-emotions:fear	none	no	no
Shivhei-Habesht_0005A	Shivhei-Habesht	experience	journey_to_heaven	experience:journey_to_heaven	none	no	no
Shivhei-Habesht_0005A	Shivhei-Habesht	experience	visions	experience:visions	none	no	no
Shivhei-Habesht_0005A	Shivhei-Habesht	knowledge	esoteric	knowledge:esoteric	none	no	no
Shivhei-Habesht_0005A	Shivhei-Habesht	practice	healing	practice:healing	none	no	no
Shivhei-Habesht_0005A	Shivhei-Habesht	practice	storytelling	practice:storytelling	none	no	no
Shivhei-Habesht_0005A	Shivhei-Habesht	practice	use_of_holy_names	practice:use_of_holy_names	none	no	no
Shivhei-Habesht_0005A	Shivhei-Habesht	ritual	third_meal	ritual:third_meal	none	no	no
Shivhei-Habesht_0005A	Shivhei-Habesht	spaces	heaven	spaces:heaven	none	no	no
Shivhei-Habesht_0005A	Shivhei-Habesht	supernatural	magic	supernatural:magic	none	no	no
Shivhei-Habesht_0005B	Shivhei-Habesht	characters-and-roles	demons	characters-and-roles:demons	minor	yes	yes
Shivhei-Habesht_0005B	Shivhei-Habesht	characters-and-roles	melamed	characters-and-roles:melamed	minor	yes	yes
Shivhei-Habesht_0005B	Shivhei-Habesht	characters-and-roles	scribe	characters-and-roles:scribe	minor	yes	yes
Shivhei-Habesht_0005B	Shivhei-Habesht	characters-and-roles	tavern_keeper	characters-and-roles:tavern_keeper	minor	yes	yes
Shivhei-Habesht_0005B	Shivhei-Habesht	characters-and-roles	the_family_of_the_tsaddik	characters-and-roles:the_family_of_the_tsaddik	minor	yes	yes
Shivhei-Habesht_0005B	Shivhei-Habesht	ethics-and-emotions	fear	ethics-and-emotions:fear	minor	yes	yes
Shivhei-Habesht_0005B	Shivhei-Habesht	ethics-and-emotions	prohibitions	ethics-and-emotions:prohibitions	minor	yes	yes
Shivhei-Habesht_0005B	Shivhei-Habesht	ethics-and-emotions	punishment	ethics-and-emotions:punishment	minor	yes	yes
Shivhei-Habesht_0005B	Shivhei-Habesht	experience	revelation	experience:revelation	minor	yes	yes
Shivhei-Habesht_0005B	Shivhei-Habesht	folkloristics	story_type_advent	folkloristics:story_type_advent	minor	yes	yes
Shivhei-Habesht_0005B	Shivhei-Habesht	folkloristics	story_type_revelation	folkloristics:story_type_revelation	minor	yes	yes
Shivhei-Habesht_0005B	Shivhei-Habesht	folkloristics	story_type_virtues	folkloristics:story_type_virtues	minor	yes	yes
Shivhei-Habesht_0005B	Shivhei-Habesht	knowledge	esoteric	knowledge:esoteric	minor	yes	yes
Shivhei-Habesht_0005B	Shivhei-Habesht	knowledge	practical_kabbalah	knowledge:practical_kabbalah	minor	yes	yes
Shivhei-Habesht_0005B	Shivhei-Habesht	practice	asceticism	practice:asceticism	minor	yes	yes
Shivhei-Habesht_0005B	Shivhei-Habesht	practice	fasting	practice:fasting	minor	yes	yes
Shivhei-Habesht_0005B	Shivhei-Habesht	practice	healing	practice:healing	minor	yes	yes
Shivhei-Habesht_0005B	Shivhei-Habesht	practice	magic:make_it_rain	practice:magic:make_it_rain	minor	yes	yes
Shivhei-Habesht_0005B	Shivhei-Habesht	practice	prayer	practice:prayer	minor	yes	yes
Shivhei-Habesht_0005B	Shivhei-Habesht	practice	protection	practice:protection	minor	yes	yes
Shivhei-Habesht_0005B	Shivhei-Habesht	practice	ritual_bathing, practice:prayer	practice:ritual_bathing, practice:prayer	minor	yes	yes
Shivhei-Habesht_0005B	Shivhei-Habesht	practice	solitude	practice:solitude	minor	yes	yes
Shivhei-Habesht_0005B	Shivhei-Habesht	practice	tvilah	practice:tvilah	minor	yes	yes
Shivhei-Habesht_0005B	Shivhei-Habesht	practice	use_of_holy_names	practice:use_of_holy_names	minor	yes	yes
Shivhei-Habesht_0005B	Shivhei-Habesht	social	conflict	social:conflict	minor	yes	yes
Shivhei-Habesht_0005B	Shivhei-Habesht	social	marital_relationship	social:marital_relationship	minor	yes	yes
Shivhei-Habesht_0005B	Shivhei-Habesht	social	marriage	social:marriage	minor	yes	yes
Shivhei-Habesht_0005B	Shivhei-Habesht	social	poverty	social:poverty	minor	yes	yes
Shivhei-Habesht_0005B	Shivhei-Habesht	social	relations_with_non_jews	social:relations_with_non_jews	minor	yes	yes
Shivhei-Habesht_0005B	Shivhei-Habesht	social	retrospective_recognition	social:retrospective_recognition	minor	yes	yes
Shivhei-Habesht_0005B	Shivhei-Habesht	spaces	mikveh	spaces:mikveh	minor	yes	yes
Shivhei-Habesht_0005B	Shivhei-Habesht	supernatural	communicating_with_the_invisible	supernatural:communicating_with_the_invisible	minor	yes	yes
Shivhei-Habesht_0005B	Shivhei-Habesht	supernatural	magic	supernatural:magic	minor	yes	yes
Shivhei-Habesht_0005B	Shivhei-Habesht	supernatural	miracle	supernatural:miracle	minor	yes	yes
Shivhei-Habesht_0005B	Shivhei-Habesht	supernatural	perception	supernatural:perception	minor	yes	yes
Shivhei-Habesht_0005B	Shivhei-Habesht	supernatural	prognostication	supernatural:prognostication	minor	yes	yes
Shivhei-Habesht_0005B	Shivhei-Habesht	times	shabbat	times:shabbat	minor	yes	yes
Shivhei-Habesht_0006	Shivhei-Habesht	characters-and-roles	demons	characters-and-roles:demons	minor	yes	yes
Shivhei-Habesht_0006	Shivhei-Habesht	characters-and-roles	magician	characters-and-roles:magician	minor	yes	yes
Shivhei-Habesht_0006	Shivhei-Habesht	characters-and-roles	scribe	characters-and-roles:scribe	minor	yes	yes
Shivhei-Habesht_0006	Shivhei-Habesht	practice	writing_amulets	practice:writing_amulets	minor	yes	yes
Shivhei-Habesht_0006	Shivhei-Habesht	supernatural	communicating_with_the_invisible	supernatural:communicating_with_the_invisible	minor	yes	yes
Shivhei-Habesht_0006	Shivhei-Habesht	supernatural	magic	supernatural:magic	minor	yes	yes
Shivhei-Habesht_0007	Shivhei-Habesht	characters-and-roles	angel_of_death	characters-and-roles:angel_of_death	mention_only	yes	no
Shivhei-Habesht_0007	Shivhei-Habesht	ethics-and-emotions	repentance	ethics-and-emotions:repentance	mention_only	yes	no
Shivhei-Habesht_0007	Shivhei-Habesht	folkloristics	story_type_prognostication	folkloristics:story_type_prognostication	mention_only	yes	no
Shivhei-Habesht_0007	Shivhei-Habesht	social	marriage	social:marriage	mention_only	yes	no
Shivhei-Habesht_0007	Shivhei-Habesht	social	retrospective_recognition	social:retrospective_recognition	mention_only	yes	no
Shivhei-Habesht_0007	Shivhei-Habesht	supernatural	communicating_with_the_invisible	supernatural:communicating_with_the_invisible	mention_only	yes	no
Shivhei-Habesht_0007	Shivhei-Habesht	supernatural	perception	supernatural:perception	mention_only	yes	no
Shivhei-Habesht_0007	Shivhei-Habesht	supernatural	prognostication	supernatural:prognostication	mention_only	yes	no
Shivhei-Habesht_0008	Shivhei-Habesht	ethics-and-emotions	fear	ethics-and-emotions:fear	mention_only	yes	no
Shivhei-Habesht_0008	Shivhei-Habesht	experience	visions	experience:visions	mention_only	yes	no
Shivhei-Habesht_0008	Shivhei-Habesht	folkloristics	story_type_prognostication	folkloristics:story_type_prognostication	mention_only	yes	no
Shivhei-Habesht_0008	Shivhei-Habesht	supernatural	perception	supernatural:perception	mention_only	yes	no
Shivhei-Habesht_0008	Shivhei-Habesht	supernatural	prognostication	supernatural:prognostication	mention_only	yes	no
Shivhei-Habesht_0008A	Shivhei-Habesht	ethics-and-emotions	prohibitions	ethics-and-emotions:prohibitions	none	no	no
Shivhei-Habesht_0008A	Shivhei-Habesht	practice	prayer	practice:prayer	none	no	no
Shivhei-Habesht_0008A	Shivhei-Habesht	practice	study	practice:study	none	no	no
Shivhei-Habesht_0008A	Shivhei-Habesht	supernatural	perception	supernatural:perception	none	no	no
Shivhei-Habesht_0008B	Shivhei-Habesht	characters-and-roles	preacher	characters-and-roles:preacher	none	no	no
Shivhei-Habesht_0008B	Shivhei-Habesht	characters-and-roles	ritual_slaughterer	characters-and-roles:ritual_slaughterer	none	no	no
Shivhei-Habesht_0008B	Shivhei-Habesht	practice	healing	practice:healing	none	no	no
Shivhei-Habesht_0008B	Shivhei-Habesht	practice	ritual_slaughtering	practice:ritual_slaughtering	none	no	no
Shivhei-Habesht_0008B	Shivhei-Habesht	social	competition	social:competition	none	no	no
Shivhei-Habesht_0008B	Shivhei-Habesht	social	conflict	social:conflict	none	no	no
Shivhei-Habesht_0008B	Shivhei-Habesht	supernatural	perception	supernatural:perception	none	no	no
Shivhei-Habesht_0008B	Shivhei-Habesht	supernatural	prognostication	supernatural:prognostication	none	no	no
Shivhei-Habesht_0009	Shivhei-Habesht	kabbalah		kabbalah	none	no	no
Shivhei-Habesht_0009	Shivhei-Habesht	practice	prayer	practice:prayer	none	no	no
Shivhei-Habesht_0009	Shivhei-Habesht	spaces	beth_midrash	spaces:beth_midrash	none	no	no
Shivhei-Habesht_0009	Shivhei-Habesht	supernatural	perception	supernatural:perception	none	no	no
Shivhei-Habesht_0010	Shivhei-Habesht	characters-and-roles	elijah_the_prophet	characters-and-roles:elijah_the_prophet	major	yes	yes
Shivhei-Habesht_0010	Shivhei-Habesht	characters-and-roles	tavern_keeper	characters-and-roles:tavern_keeper	major	yes	yes
Shivhei-Habesht_0010	Shivhei-Habesht	characters-and-roles	the_family_of_the_tsaddik	characters-and-roles:the_family_of_the_tsaddik	major	yes	yes
Shivhei-Habesht_0010	Shivhei-Habesht	ethics-and-emotions	punishment	ethics-and-emotions:punishment	major	yes	yes
Shivhei-Habesht_0010	Shivhei-Habesht	experience	dream	experience:dream	major	yes	yes
Shivhei-Habesht_0010	Shivhei-Habesht	experience	gilui_eliyahu	experience:gilui_eliyahu	major	yes	yes
Shivhei-Habesht_0010	Shivhei-Habesht	experience	revelation	experience:revelation	major	yes	yes
Shivhei-Habesht_0010	Shivhei-Habesht	practice	prayer	practice:prayer	major	yes	yes
Shivhei-Habesht_0010	Shivhei-Habesht	practice	ritual_slaughtering	practice:ritual_slaughtering	major	yes	yes
Shivhei-Habesht_0010	Shivhei-Habesht	social	marital_relationship	social:marital_relationship	major	yes	yes
Shivhei-Habesht_0010	Shivhei-Habesht	social	poverty	social:poverty	major	yes	yes
Shivhei-Habesht_0010	Shivhei-Habesht	social	relations_with_non_jews	social:relations_with_non_jews	major	yes	yes
Shivhei-Habesht_0010	Shivhei-Habesht	supernatural	magic	supernatural:magic	major	yes	yes
Shivhei-Habesht_0011	Shivhei-Habesht	folkloristics	story_type_prognostication	folkloristics:story_type_prognostication	none	no	no
Shivhei-Habesht_0011	Shivhei-Habesht	social	retrospective_recognition	social:retrospective_recognition	none	no	no
Shivhei-Habesht_0011	Shivhei-Habesht	supernatural	prognostication	supernatural:prognostication	none	no	no
Shivhei-Habesht_0012	Shivhei-Habesht	characters-and-roles	hidden_righteous	characters-and-roles:hidden_righteous	minor	yes	yes
Shivhei-Habesht_0012	Shivhei-Habesht	characters-and-roles	the_family_of_the_tsaddik	characters-and-roles:the_family_of_the_tsaddik	minor	yes	yes
Shivhei-Habesht_0012	Shivhei-Habesht	experience	devekut	experience:devekut	minor	yes	yes
Shivhei-Habesht_0012	Shivhei-Habesht	experience	revelation	experience:revelation	minor	yes	yes
Shivhei-Habesht_0012	Shivhei-Habesht	folkloristics	story_type_advent	folkloristics:story_type_advent	minor	yes	yes
Shivhei-Habesht_0012	Shivhei-Habesht	folkloristics	story_type_rapprochement	folkloristics:story_type_rapprochement	minor	yes	yes
Shivhei-Habesht_0012	Shivhei-Habesht	folkloristics	story_type_revelation	folkloristics:story_type_revelation	minor	yes	yes
Shivhei-Habesht_0012	Shivhei-Habesht	practice	devekut	practice:devekut	minor	yes	yes
Shivhei-Habesht_0012	Shivhei-Habesht	practice	recitation_of_psalms	practice:recitation_of_psalms	minor	yes	yes
Shivhei-Habesht_0012	Shivhei-Habesht	practice	solitude	practice:solitude	minor	yes	yes
Shivhei-Habesht_0012	Shivhei-Habesht	social	inter_hasidic_master_disciple_relationship	social:inter_hasidic_master_disciple_relationship	minor	yes	yes
Shivhei-Habesht_0012	Shivhei-Habesht	social	marital_relationship	social:marital_relationship	minor	yes	yes
Shivhei-Habesht_0012	Shivhei-Habesht	social	retrospective_recognition	social:retrospective_recognition	minor	yes	yes
Shivhei-Habesht_0012	Shivhei-Habesht	supernatural	light_or_fire_as_a_sign_of_righteousness	supernatural:light_or_fire_as_a_sign_of_righteousness	minor	yes	yes
Shivhei-Habesht_0013	Shivhei-Habesht	ethics-and-emotions	fear	ethics-and-emotions:fear	none	no	no
Shivhei-Habesht_0013	Shivhei-Habesht	ethics-and-emotions	sadness	ethics-and-emotions:sadness	none	no	no
Shivhei-Habesht_0013	Shivhei-Habesht	experience	dream	experience:dream	none	no	no
Shivhei-Habesht_0013	Shivhei-Habesht	folkloristics	story_type_rapprochement	folkloristics:story_type_rapprochement	none	no	no
Shivhei-Habesht_0013	Shivhei-Habesht	practice	sermon	practice:sermon	none	no	no
Shivhei-Habesht_0013	Shivhei-Habesht	social	inter_hasidic_master_disciple_relationship	social:inter_hasidic_master_disciple_relationship	none	no	no
Shivhei-Habesht_0013	Shivhei-Habesht	social	relations_with_non_hasidim	social:relations_with_non_hasidim	none	no	no
Shivhei-Habesht_0013	Shivhei-Habesht	social	retrospective_recognition	social:retrospective_recognition	none	no	no
Shivhei-Habesht_0013	Shivhei-Habesht	supernatural	perception	supernatural:perception	none	no	no
Shivhei-Habesht_0014	Shivhei-Habesht	experience	revelation	experience:revelation	major	yes	yes
Shivhei-Habesht_0014	Shivhei-Habesht	folkloristics	story_type_prognostication	folkloristics:story_type_prognostication	major	yes	yes
Shivhei-Habesht_0014	Shivhei-Habesht	folkloristics	story_type_rapprochement	folkloristics:story_type_rapprochement	major	yes	yes
Shivhei-Habesht_0014	Shivhei-Habesht	kabbalah		kabbalah	major	yes	yes
Shivhei-Habesht_0014	Shivhei-Habesht	knowledge	esoteric	knowledge:esoteric	major	yes	yes
Shivhei-Habesht_0014	Shivhei-Habesht	knowledge	practical_kabbalah	knowledge:practical_kabbalah	major	yes	yes
Shivhei-Habesht_0014	Shivhei-Habesht	practice	magic,besht_as_kabbalist	practice:magic,besht_as_kabbalist	major	yes	yes
Shivhei-Habesht_0014	Shivhei-Habesht	social	marital_relationship	social:marital_relationship	major	yes	yes
Shivhei-Habesht_0014	Shivhei-Habesht	social	relations_with_non_hasidim	social:relations_with_non_hasidim	major	yes	yes
Shivhei-Habesht_0014	Shivhei-Habesht	social	relations_with_non_jews	social:relations_with_non_jews	major	yes	yes
Shivhei-Habesht_0014	Shivhei-Habesht	social	retrospective_recognition	social:retrospective_recognition	major	yes	yes
Shivhei-Habesht_0014	Shivhei-Habesht	supernatural	light_or_fire_as_a_sign_of_righteousness	supernatural:light_or_fire_as_a_sign_of_righteousness	major	yes	yes
Shivhei-Habesht_0014	Shivhei-Habesht	supernatural	perception	supernatural:perception	major	yes	yes
Shivhei-Habesht_0014	Shivhei-Habesht	supernatural	prognostication	supernatural:prognostication	major	yes	yes
Shivhei-Habesht_0014	Shivhei-Habesht	times	shabbat	times:shabbat	major	yes	yes
Shivhei-Habesht_0015	Shivhei-Habesht	characters-and-roles	preacher	characters-and-roles:preacher	none	no	no
Shivhei-Habesht_0015	Shivhei-Habesht	characters-and-roles	ritual_slaughterer	characters-and-roles:ritual_slaughterer	none	no	no
Shivhei-Habesht_0015	Shivhei-Habesht	ethics-and-emotions	awe	ethics-and-emotions:awe	none	no	no
Shivhei-Habesht_0015	Shivhei-Habesht	ethics-and-emotions	fear	ethics-and-emotions:fear	none	no	no
Shivhei-Habesht_0015	Shivhei-Habesht	ethics-and-emotions	shame	ethics-and-emotions:shame	none	no	no
Shivhei-Habesht_0015	Shivhei-Habesht	experience	devekut	experience:devekut	none	no	no
Shivhei-Habesht_0015	Shivhei-Habesht	experience	enthusiasm	experience:enthusiasm	none	no	no
Shivhei-Habesht_0015	Shivhei-Habesht	experience	revelation	experience:revelation	none	no	no
Shivhei-Habesht_0015	Shivhei-Habesht	experience	trembling	experience:trembling	none	no	no
Shivhei-Habesht_0015	Shivhei-Habesht	experience	visions	experience:visions	none	no	no
Shivhei-Habesht_0015	Shivhei-Habesht	folkloristics	story_type_protection	folkloristics:story_type_protection	none	no	no
Shivhei-Habesht_0015	Shivhei-Habesht	practice	coping_with_alien_thoughts	practice:coping_with_alien_thoughts	none	no	no
Shivhei-Habesht_0015	Shivhei-Habesht	practice	prayer	practice:prayer	none	no	no
Shivhei-Habesht_0015	Shivhei-Habesht	practice	prayer,experience:shaking_during_prayer	practice:prayer,experience:shaking_during_prayer	none	no	no
Shivhei-Habesht_0015	Shivhei-Habesht	social	conflict	social:conflict	none	no	no
Shivhei-Habesht_0015	Shivhei-Habesht	social	retrospective_recognition	social:retrospective_recognition	none	no	no
Shivhei-Habesht_0015	Shivhei-Habesht	spaces	beth_midrash	spaces:beth_midrash	none	no	no
Shivhei-Habesht_0015	Shivhei-Habesht	supernatural	communicating_with_the_invisible	supernatural:communicating_with_the_invisible	none	no	no
Shivhei-Habesht_0015	Shivhei-Habesht	supernatural	light_or_fire_as_a_sign_of_righteousness	supernatural:light_or_fire_as_a_sign_of_righteousness	none	no	no
Shivhei-Habesht_0015	Shivhei-Habesht	supernatural	miracle	supernatural:miracle	none	no	no
Shivhei-Habesht_0015	Shivhei-Habesht	supernatural	perception	supernatural:perception	none	no	no
Shivhei-Habesht_0015	Shivhei-Habesht	times	holidays	times:holidays	none	no	no
Shivhei-Habesht_0016	Shivhei-Habesht	characters-and-roles	angels	characters-and-roles:angels	catalyst	yes	yes
Shivhei-Habesht_0016	Shivhei-Habesht	experience	dream	experience:dream	catalyst	yes	yes
Shivhei-Habesht_0016	Shivhei-Habesht	experience	trembling	experience:trembling	catalyst	yes	yes
Shivhei-Habesht_0016	Shivhei-Habesht	experience	visions	experience:visions	catalyst	yes	yes
Shivhei-Habesht_0016	Shivhei-Habesht	practice	prayer	practice:prayer	catalyst	yes	yes
Shivhei-Habesht_0016	Shivhei-Habesht	social	marriage	social:marriage	catalyst	yes	yes
Shivhei-Habesht_0016	Shivhei-Habesht	supernatural	communicating_with_the_invisible	supernatural:communicating_with_the_invisible	catalyst	yes	yes
Shivhei-Habesht_0016	Shivhei-Habesht	supernatural	perception	supernatural:perception	catalyst	yes	yes
Shivhei-Habesht_0016	Shivhei-Habesht	supernatural	prognostication	supernatural:prognostication	catalyst	yes	yes
Shivhei-Habesht_0016	Shivhei-Habesht	times	death	times:death	catalyst	yes	yes
Shivhei-Habesht_0017	Shivhei-Habesht	characters-and-roles	angels	characters-and-roles:angels	mention_only	yes	no
Shivhei-Habesht_0017	Shivhei-Habesht	characters-and-roles	messiah	characters-and-roles:messiah	mention_only	yes	no
Shivhei-Habesht_0017	Shivhei-Habesht	characters-and-roles	sabbatai_zevi	characters-and-roles:sabbatai_zevi	mention_only	yes	no
Shivhei-Habesht_0017	Shivhei-Habesht	ethics-and-emotions	anger	ethics-and-emotions:anger	mention_only	yes	no
Shivhei-Habesht_0017	Shivhei-Habesht	ethics-and-emotions	awe	ethics-and-emotions:awe	mention_only	yes	no
Shivhei-Habesht_0017	Shivhei-Habesht	ethics-and-emotions	lying	ethics-and-emotions:lying	mention_only	yes	no
Shivhei-Habesht_0017	Shivhei-Habesht	ethics-and-emotions	sadness	ethics-and-emotions:sadness	mention_only	yes	no
Shivhei-Habesht_0017	Shivhei-Habesht	experience	journey_to_heaven	experience:journey_to_heaven	mention_only	yes	no
Shivhei-Habesht_0017	Shivhei-Habesht	folkloristics	story_type_protection	folkloristics:story_type_protection	mention_only	yes	no
Shivhei-Habesht_0017	Shivhei-Habesht	practice	prayer	practice:prayer	mention_only	yes	no
Shivhei-Habesht_0017	Shivhei-Habesht	practice	protection	practice:protection	mention_only	yes	no
Shivhei-Habesht_0017	Shivhei-Habesht	practice	sermon	practice:sermon	mention_only	yes	no
Shivhei-Habesht_0017	Shivhei-Habesht	practice	storytelling	practice:storytelling	mention_only	yes	no
Shivhei-Habesht_0017	Shivhei-Habesht	social	converts_and_conversion	social:converts_and_conversion	mention_only	yes	no
Shivhei-Habesht_0017	Shivhei-Habesht	social	inter_hasidic_master_disciple_relationship	social:inter_hasidic_master_disciple_relationship	mention_only	yes	no
Shivhei-Habesht_0017	Shivhei-Habesht	spaces	beth_midrash	spaces:beth_midrash	mention_only	yes	no
Shivhei-Habesht_0017	Shivhei-Habesht	supernatural	communicating_with_the_invisible	supernatural:communicating_with_the_invisible	mention_only	yes	no
Shivhei-Habesht_0017	Shivhei-Habesht	supernatural	perception	supernatural:perception	mention_only	yes	no
Shivhei-Habesht_0017	Shivhei-Habesht	times	eschatology	times:eschatology	mention_only	yes	no
Shivhei-Habesht_0017	Shivhei-Habesht	times	historical_event	times:historical_event	mention_only	yes	no
Shivhei-Habesht_0017	Shivhei-Habesht	times	holidays	times:holidays	mention_only	yes	no
Shivhei-Habesht_0018	Shivhei-Habesht	ethics-and-emotions	anger	ethics-and-emotions:anger	none	no	no
Shivhei-Habesht_0018	Shivhei-Habesht	ethics-and-emotions	punishment	ethics-and-emotions:punishment	none	no	no
Shivhei-Habesht_0018	Shivhei-Habesht	folkloristics	story_type_prognostication	folkloristics:story_type_prognostication	none	no	no
Shivhei-Habesht_0018	Shivhei-Habesht	social	relations_with_non_jews	social:relations_with_non_jews	none	no	no
Shivhei-Habesht_0018	Shivhei-Habesht	supernatural	prognostication	supernatural:prognostication	none	no	no
Shivhei-Habesht_0018	Shivhei-Habesht	times	historical_event	times:historical_event	none	no	no
Shivhei-Habesht_0019	Shivhei-Habesht	folkloristics	story_type_prognostication	folkloristics:story_type_prognostication	none	no	no
Shivhei-Habesht_0019	Shivhei-Habesht	supernatural	prognostication	supernatural:prognostication	none	no	no
Shivhei-Habesht_0019	Shivhei-Habesht	times	historical_event	times:historical_event	none	no	no
Shivhei-Habesht_0020	Shivhei-Habesht	characters-and-roles	the_family_of_the_tsaddik	characters-and-roles:the_family_of_the_tsaddik	none	no	no
Shivhei-Habesht_0020	Shivhei-Habesht	ethics-and-emotions	fear	ethics-and-emotions:fear	none	no	no
Shivhei-Habesht_0020	Shivhei-Habesht	experience	enthusiasm	experience:enthusiasm	none	no	no
Shivhei-Habesht_0020	Shivhei-Habesht	experience	revelation	experience:revelation	none	no	no
Shivhei-Habesht_0020	Shivhei-Habesht	experience	trembling	experience:trembling	none	no	no
Shivhei-Habesht_0020	Shivhei-Habesht	experience	visions	experience:visions	none	no	no
Shivhei-Habesht_0020	Shivhei-Habesht	kabbalah	kabbalistic_terms_kavvanot	kabbalah:kabbalistic_terms_kavvanot	none	no	no
Shivhei-Habesht_0020	Shivhei-Habesht	kabbalah	kabbalistic_terms_yihudim	kabbalah:kabbalistic_terms_yihudim	none	no	no
Shivhei-Habesht_0020	Shivhei-Habesht	knowledge	esoteric	knowledge:esoteric	none	no	no
Shivhei-Habesht_0020	Shivhei-Habesht	knowledge	practical_kabbalah	knowledge:practical_kabbalah	none	no	no
Shivhei-Habesht_0020	Shivhei-Habesht	practice	healing_of_the_soul	practice:healing_of_the_soul	none	no	no
Shivhei-Habesht_0020	Shivhei-Habesht	practice	meditation	practice:meditation	none	no	no
Shivhei-Habesht_0020	Shivhei-Habesht	practice	prayer	practice:prayer	none	no	no
Shivhei-Habesht_0020	Shivhei-Habesht	social	retrospective_recognition	social:retrospective_recognition	none	no	no
Shivhei-Habesht_0020	Shivhei-Habesht	spaces	the_land_of_israel	spaces:the_land_of_israel	none	no	no
Shivhei-Habesht_0020	Shivhei-Habesht	supernatural	communicating_with_the_invisible	supernatural:communicating_with_the_invisible	none	no	no
Shivhei-Habesht_0020	Shivhei-Habesht	supernatural	miracle	supernatural:miracle	none	no	no
Shivhei-Habesht_0020	Shivhei-Habesht	supernatural	perception	supernatural:perception	none	no	no
Shivhei-Habesht_0020	Shivhei-Habesht	times	death	times:death	none	no	no
Shivhei-Habesht_0020	Shivhei-Habesht	times	shabbat	times:shabbat	none	no	no
Shivhei-Habesht_0021	Shivhei-Habesht	characters-and-roles	preacher	characters-and-roles:preacher	none	no	no
Shivhei-Habesht_0021	Shivhei-Habesht	ethics-and-emotions	anger	ethics-and-emotions:anger	none	no	no
Shivhei-Habesht_0021	Shivhei-Habesht	ethics-and-emotions	prohibitions	ethics-and-emotions:prohibitions	none	no	no
Shivhei-Habesht_0021	Shivhei-Habesht	ethics-and-emotions	repentance	ethics-and-emotions:repentance	none	no	no
Shivhei-Habesht_0021	Shivhei-Habesht	ethics-and-emotions	sadness	ethics-and-emotions:sadness	none	no	no
Shivhei-Habesht_0021	Shivhei-Habesht	folkloristics	story_type_prognostication	folkloristics:story_type_prognostication	none	no	no
Shivhei-Habesht_0021	Shivhei-Habesht	folkloristics	story_type_rapprochement	folkloristics:story_type_rapprochement	none	no	no
Shivhei-Habesht_0021	Shivhei-Habesht	practice	sermon	practice:sermon	none	no	no
Shivhei-Habesht_0021	Shivhei-Habesht	practice	smoking	practice:smoking	none	no	no
Shivhei-Habesht_0021	Shivhei-Habesht	practice	travel_to_the_tsaddik	practice:travel_to_the_tsaddik	none	no	no
Shivhei-Habesht_0021	Shivhei-Habesht	social	conflict	social:conflict	none	no	no
Shivhei-Habesht_0021	Shivhei-Habesht	social	inter_hasidic	social:inter_hasidic	none	no	no
Shivhei-Habesht_0021	Shivhei-Habesht	social	inter_hasidic_master_disciple_relationship	social:inter_hasidic_master_disciple_relationship	none	no	no
Shivhei-Habesht_0021	Shivhei-Habesht	social	relations_with_non_hasidim	social:relations_with_non_hasidim	none	no	no
Shivhei-Habesht_0021	Shivhei-Habesht	social	retrospective_recognition	social:retrospective_recognition	none	no	no
Shivhei-Habesht_0021	Shivhei-Habesht	spaces	the_land_of_israel	spaces:the_land_of_israel	none	no	no
Shivhei-Habesht_0021	Shivhei-Habesht	supernatural	communicating_with_the_invisible	supernatural:communicating_with_the_invisible	none	no	no
Shivhei-Habesht_0021	Shivhei-Habesht	supernatural	perception	supernatural:perception	none	no	no
Shivhei-Habesht_0021	Shivhei-Habesht	supernatural	prognostication	supernatural:prognostication	none	no	no
Shivhei-Habesht_0021	Shivhei-Habesht	times	shabbat	times:shabbat	none	no	no
Shivhei-Habesht_0022	Shivhei-Habesht	characters-and-roles	preacher	characters-and-roles:preacher	minor	yes	yes
Shivhei-Habesht_0022	Shivhei-Habesht	ethics-and-emotions	joy	ethics-and-emotions:joy	minor	yes	yes
Shivhei-Habesht_0022	Shivhei-Habesht	ethics-and-emotions	prohibitions	ethics-and-emotions:prohibitions	minor	yes	yes
Shivhei-Habesht_0022	Shivhei-Habesht	ethics-and-emotions	sadness	ethics-and-emotions:sadness	minor	yes	yes
Shivhei-Habesht_0022	Shivhei-Habesht	experience	devekut	experience:devekut	minor	yes	yes
Shivhei-Habesht_0022	Shivhei-Habesht	folkloristics	story_type_virtues	folkloristics:story_type_virtues	minor	yes	yes
Shivhei-Habesht_0022	Shivhei-Habesht	practice	asceticism	practice:asceticism	minor	yes	yes
Shivhei-Habesht_0022	Shivhei-Habesht	practice	devekut	practice:devekut	minor	yes	yes
Shivhei-Habesht_0022	Shivhei-Habesht	practice	fasting	practice:fasting	minor	yes	yes
Shivhei-Habesht_0022	Shivhei-Habesht	social	inter_hasidic_master_disciple_relationship	social:inter_hasidic_master_disciple_relationship	minor	yes	yes
Shivhei-Habesht_0022	Shivhei-Habesht	supernatural	perception	supernatural:perception	minor	yes	yes
Shivhei-Habesht_0023	Shivhei-Habesht	ethics-and-emotions	anger	ethics-and-emotions:anger	none	no	no
Shivhei-Habesht_0023	Shivhei-Habesht	ethics-and-emotions	punishment	ethics-and-emotions:punishment	none	no	no
Shivhei-Habesht_0023	Shivhei-Habesht	practice	prayer	practice:prayer	none	no	no
Shivhei-Habesht_0023	Shivhei-Habesht	practice	protection	practice:protection	none	no	no
Shivhei-Habesht_0023	Shivhei-Habesht	social	inter_hasidic_master_disciple_relationship	social:inter_hasidic_master_disciple_relationship	none	no	no
Shivhei-Habesht_0023	Shivhei-Habesht	social	relations_with_non_hasidim	social:relations_with_non_hasidim	none	no	no
Shivhei-Habesht_0023	Shivhei-Habesht	spaces	the_land_of_israel	spaces:the_land_of_israel	none	no	no
Shivhei-Habesht_0023	Shivhei-Habesht	supernatural	perception	supernatural:perception	none	no	no
Shivhei-Habesht_0023	Shivhei-Habesht	supernatural	prognostication	supernatural:prognostication	none	no	no
Shivhei-Habesht_0023	Shivhei-Habesht	times	historical_event	times:historical_event	none	no	no
Shivhei-Habesht_0024	Shivhei-Habesht	ethics-and-emotions	anger	ethics-and-emotions:anger	none	no	no
Shivhei-Habesht_0024	Shivhei-Habesht	folkloristics	story_type_protection	folkloristics:story_type_protection	none	no	no
Shivhei-Habesht_0024	Shivhei-Habesht	practice	prayer	practice:prayer	none	no	no
Shivhei-Habesht_0024	Shivhei-Habesht	practice	protection	practice:protection	none	no	no
Shivhei-Habesht_0024	Shivhei-Habesht	practice	recitation_of_psalms	practice:recitation_of_psalms	none	no	no
Shivhei-Habesht_0024	Shivhei-Habesht	practice	tefillin	practice:tefillin	none	no	no
Shivhei-Habesht_0024	Shivhei-Habesht	social	relations_with_non_jews	social:relations_with_non_jews	none	no	no
Shivhei-Habesht_0024	Shivhei-Habesht	supernatural	miracle	supernatural:miracle	none	no	no
Shivhei-Habesht_0024	Shivhei-Habesht	supernatural	perception	supernatural:perception	none	no	no
Shivhei-Habesht_0024	Shivhei-Habesht	supernatural	prognostication	supernatural:prognostication	none	no	no
Shivhei-Habesht_0024	Shivhei-Habesht	times	historical_event	times:historical_event	none	no	no
Shivhei-Habesht_0025	Shivhei-Habesht	ethics-and-emotions	charity	ethics-and-emotions:charity	none	no	no
Shivhei-Habesht_0025	Shivhei-Habesht	practice	prayer	practice:prayer	none	no	no
Shivhei-Habesht_0025	Shivhei-Habesht	practice	study	practice:study	none	no	no
Shivhei-Habesht_0025	Shivhei-Habesht	social	poverty	social:poverty	none	no	no
Shivhei-Habesht_0025	Shivhei-Habesht	supernatural	prognostication	supernatural:prognostication	none	no	no
Shivhei-Habesht_0026	Shivhei-Habesht	characters-and-roles	elijah_the_prophet	characters-and-roles:elijah_the_prophet	none	no	no
Shivhei-Habesht_0026	Shivhei-Habesht	ethics-and-emotions	prohibitions	ethics-and-emotions:prohibitions	none	no	no
Shivhei-Habesht_0026	Shivhei-Habesht	experience	revelation	experience:revelation	none	no	no
Shivhei-Habesht_0026	Shivhei-Habesht	folkloristics	story_type_revelation	folkloristics:story_type_revelation	none	no	no
Shivhei-Habesht_0026	Shivhei-Habesht	practice	protection	practice:protection	none	no	no
Shivhei-Habesht_0026	Shivhei-Habesht	practice	tvilah	practice:tvilah	none	no	no
Shivhei-Habesht_0026	Shivhei-Habesht	supernatural	miracle	supernatural:miracle	none	no	no
Shivhei-Habesht_0027	Shivhei-Habesht	ethics-and-emotions	anger	ethics-and-emotions:anger	mention_only	yes	no
Shivhei-Habesht_0027	Shivhei-Habesht	ethics-and-emotions	prohibitions	ethics-and-emotions:prohibitions	mention_only	yes	no
Shivhei-Habesht_0027	Shivhei-Habesht	ethics-and-emotions	repentance	ethics-and-emotions:repentance	mention_only	yes	no
Shivhei-Habesht_0027	Shivhei-Habesht	kabbalah	kabbalistic_terms_yihudim	kabbalah:kabbalistic_terms_yihudim	mention_only	yes	no
Shivhei-Habesht_0027	Shivhei-Habesht	practice	asceticism	practice:asceticism	mention_only	yes	no
Shivhei-Habesht_0027	Shivhei-Habesht	practice	halakhah	practice:halakhah	mention_only	yes	no
Shivhei-Habesht_0027	Shivhei-Habesht	practice	meditation	practice:meditation	mention_only	yes	no
Shivhei-Habesht_0027	Shivhei-Habesht	practice	sexual_abstinence	practice:sexual_abstinence	mention_only	yes	no
Shivhei-Habesht_0027	Shivhei-Habesht	social	conflict	social:conflict	mention_only	yes	no
Shivhei-Habesht_0027	Shivhei-Habesht	social	marital_relationship	social:marital_relationship	mention_only	yes	no
Shivhei-Habesht_0027	Shivhei-Habesht	spaces	the_land_of_israel	spaces:the_land_of_israel	mention_only	yes	no
Shivhei-Habesht_0027	Shivhei-Habesht	supernatural	perception	supernatural:perception	mention_only	yes	no
Shivhei-Habesht_0027	Shivhei-Habesht	times	birth	times:birth	mention_only	yes	no
Shivhei-Habesht_0028	Shivhei-Habesht	practice	fasting	practice:fasting	none	no	no
Shivhei-Habesht_0028	Shivhei-Habesht	practice	prayer	practice:prayer	none	no	no
Shivhei-Habesht_0028	Shivhei-Habesht	practice	sermon	practice:sermon	none	no	no
Shivhei-Habesht_0028	Shivhei-Habesht	spaces	beth_midrash	spaces:beth_midrash	none	no	no
Shivhei-Habesht_0028	Shivhei-Habesht	spaces	the_land_of_israel	spaces:the_land_of_israel	none	no	no
Shivhei-Habesht_0028	Shivhei-Habesht	supernatural	miracle	supernatural:miracle	none	no	no
Shivhei-Habesht_0028	Shivhei-Habesht	supernatural	prognostication	supernatural:prognostication	none	no	no
Shivhei-Habesht_0029	Shivhei-Habesht	ethics-and-emotions	fear	ethics-and-emotions:fear	none	no	no
Shivhei-Habesht_0029	Shivhei-Habesht	ethics-and-emotions	lying	ethics-and-emotions:lying	none	no	no
Shivhei-Habesht_0029	Shivhei-Habesht	ethics-and-emotions	punishment	ethics-and-emotions:punishment	none	no	no
Shivhei-Habesht_0029	Shivhei-Habesht	practice	protection	practice:protection	none	no	no
Shivhei-Habesht_0029	Shivhei-Habesht	social	conflict	social:conflict	none	no	no
Shivhei-Habesht_0029	Shivhei-Habesht	social	excommunication	social:excommunication	none	no	no
Shivhei-Habesht_0029	Shivhei-Habesht	social	inter_hasidic_master_disciple_relationship	social:inter_hasidic_master_disciple_relationship	none	no	no
Shivhei-Habesht_0029	Shivhei-Habesht	spaces	the_land_of_israel	spaces:the_land_of_israel	none	no	no
Shivhei-Habesht_0029	Shivhei-Habesht	supernatural	perception	supernatural:perception	none	no	no
Shivhei-Habesht_0029	Shivhei-Habesht	supernatural	prognostication	supernatural:prognostication	none	no	no
Shivhei-Habesht_0030	Shivhei-Habesht	characters-and-roles	the_family_of_the_tsaddik	characters-and-roles:the_family_of_the_tsaddik	major	yes	yes
Shivhei-Habesht_0030	Shivhei-Habesht	ethics-and-emotions	punishment	ethics-and-emotions:punishment	major	yes	yes
Shivhei-Habesht_0030	Shivhei-Habesht	social	marital_relationship	social:marital_relationship	major	yes	yes
Shivhei-Habesht_0030	Shivhei-Habesht	spaces	the_land_of_israel	spaces:the_land_of_israel	major	yes	yes
Shivhei-Habesht_0030	Shivhei-Habesht	supernatural	miracle	supernatural:miracle	major	yes	yes
Shivhei-Habesht_0031	Shivhei-Habesht	ethics-and-emotions	anger	ethics-and-emotions:anger	catalyst	yes	yes
Shivhei-Habesht_0031	Shivhei-Habesht	practice	healing	practice:healing	catalyst	yes	yes
Shivhei-Habesht_0031	Shivhei-Habesht	practice	prayer	practice:prayer	catalyst	yes	yes
Shivhei-Habesht_0031	Shivhei-Habesht	practice	recitation_of_psalms	practice:recitation_of_psalms	catalyst	yes	yes
Shivhei-Habesht_0031	Shivhei-Habesht	supernatural	miracle	supernatural:miracle	catalyst	yes	yes
Shivhei-Habesht_0031	Shivhei-Habesht	supernatural	pregnancy	supernatural:pregnancy	catalyst	yes	yes
Shivhei-Habesht_0031	Shivhei-Habesht	times	birth	times:birth	catalyst	yes	yes
Shivhei-Habesht_0031	Shivhei-Habesht	times	shabbat	times:shabbat	catalyst	yes	yes
Shivhei-Habesht_0032	Shivhei-Habesht	ethics-and-emotions	fear	ethics-and-emotions:fear	minor	yes	yes
Shivhei-Habesht_0032	Shivhei-Habesht	ethics-and-emotions	prohibitions	ethics-and-emotions:prohibitions	minor	yes	yes
Shivhei-Habesht_0032	Shivhei-Habesht	experience	enthusiasm	experience:enthusiasm	minor	yes	yes
Shivhei-Habesht_0032	Shivhei-Habesht	folkloristics	story_type_protection	folkloristics:story_type_protection	minor	yes	yes
Shivhei-Habesht_0032	Shivhei-Habesht	kabbalah		kabbalah	minor	yes	yes
Shivhei-Habesht_0032	Shivhei-Habesht	knowledge	esoteric	knowledge:esoteric	minor	yes	yes
Shivhei-Habesht_0032	Shivhei-Habesht	practice	prayer	practice:prayer	minor	yes	yes
Shivhei-Habesht_0032	Shivhei-Habesht	practice	protection	practice:protection	minor	yes	yes
Shivhei-Habesht_0032	Shivhei-Habesht	practice	tvilah	practice:tvilah	minor	yes	yes
Shivhei-Habesht_0032	Shivhei-Habesht	social	relations_with_non_jews	social:relations_with_non_jews	minor	yes	yes
Shivhei-Habesht_0032	Shivhei-Habesht	social	relations_with_the_authorities	social:relations_with_the_authorities	minor	yes	yes
Shivhei-Habesht_0032	Shivhei-Habesht	spaces	mikveh	spaces:mikveh	minor	yes	yes
Shivhei-Habesht_0032	Shivhei-Habesht	supernatural	perception	supernatural:perception	minor	yes	yes
Shivhei-Habesht_0032	Shivhei-Habesht	supernatural	prognostication	supernatural:prognostication	minor	yes	yes
Shivhei-Habesht_0032	Shivhei-Habesht	times	death	times:death	minor	yes	yes
Shivhei-Habesht_0032	Shivhei-Habesht	times	shabbat	times:shabbat	minor	yes	yes
Shivhei-Habesht_0033	Shivhei-Habesht	characters-and-roles	the_family_of_the_tsaddik	characters-and-roles:the_family_of_the_tsaddik	major	yes	yes
Shivhei-Habesht_0033	Shivhei-Habesht	practice	dance	practice:dance	major	yes	yes
Shivhei-Habesht_0033	Shivhei-Habesht	practice	drinking_alcohol	practice:drinking_alcohol	major	yes	yes
Shivhei-Habesht_0033	Shivhei-Habesht	social	marital_relationship	social:marital_relationship	major	yes	yes
Shivhei-Habesht_0033	Shivhei-Habesht	supernatural	light_or_fire_as_a_sign_of_righteousness	supernatural:light_or_fire_as_a_sign_of_righteousness	major	yes	yes
Shivhei-Habesht_0034	Shivhei-Habesht	characters-and-roles	angels	characters-and-roles:angels	none	no	no
Shivhei-Habesht_0034	Shivhei-Habesht	characters-and-roles	preacher	characters-and-roles:preacher	none	no	no
Shivhei-Habesht_0034	Shivhei-Habesht	ethics-and-emotions	anger	ethics-and-emotions:anger	none	no	no
Shivhei-Habesht_0034	Shivhei-Habesht	ethics-and-emotions	awe	ethics-and-emotions:awe	none	no	no
Shivhei-Habesht_0034	Shivhei-Habesht	ethics-and-emotions	fear	ethics-and-emotions:fear	none	no	no
Shivhei-Habesht_0034	Shivhei-Habesht	ethics-and-emotions	sadness	ethics-and-emotions:sadness	none	no	no
Shivhei-Habesht_0034	Shivhei-Habesht	experience	revelation	experience:revelation	none	no	no
Shivhei-Habesht_0034	Shivhei-Habesht	experience	trembling	experience:trembling	none	no	no
Shivhei-Habesht_0034	Shivhei-Habesht	experience	visions	experience:visions	none	no	no
Shivhei-Habesht_0034	Shivhei-Habesht	folkloristics	story_type_advent	folkloristics:story_type_advent	none	no	no
Shivhei-Habesht_0034	Shivhei-Habesht	folkloristics	story_type_rapprochement	folkloristics:story_type_rapprochement	none	no	no
Shivhei-Habesht_0034	Shivhei-Habesht	folkloristics	story_type_revelation	folkloristics:story_type_revelation	none	no	no
Shivhei-Habesht_0034	Shivhei-Habesht	kabbalah		kabbalah	none	no	no
Shivhei-Habesht_0034	Shivhei-Habesht	knowledge	esoteric	knowledge:esoteric	none	no	no
Shivhei-Habesht_0034	Shivhei-Habesht	knowledge	practical_kabbalah	knowledge:practical_kabbalah	none	no	no
Shivhei-Habesht_0034	Shivhei-Habesht	practice	asceticism	practice:asceticism	none	no	no
Shivhei-Habesht_0034	Shivhei-Habesht	practice	fasting	practice:fasting	none	no	no
Shivhei-Habesht_0034	Shivhei-Habesht	practice	healing	practice:healing	none	no	no
Shivhei-Habesht_0034	Shivhei-Habesht	practice	recitation_of_psalms	practice:recitation_of_psalms	none	no	no
Shivhei-Habesht_0034	Shivhei-Habesht	practice	study	practice:study	none	no	no
Shivhei-Habesht_0034	Shivhei-Habesht	practice	tvilah	practice:tvilah	none	no	no
Shivhei-Habesht_0034	Shivhei-Habesht	social	inter_hasidic	social:inter_hasidic	none	no	no
Shivhei-Habesht_0034	Shivhei-Habesht	social	inter_hasidic_master_disciple_relationship	social:inter_hasidic_master_disciple_relationship	none	no	no
Shivhei-Habesht_0034	Shivhei-Habesht	social	relations_with_non_hasidim	social:relations_with_non_hasidim	none	no	no
Shivhei-Habesht_0034	Shivhei-Habesht	social	retrospective_recognition	social:retrospective_recognition	none	no	no
Shivhei-Habesht_0034	Shivhei-Habesht	spaces	mikveh	spaces:mikveh	none	no	no
Shivhei-Habesht_0034	Shivhei-Habesht	supernatural	communicating_with_the_invisible	supernatural:communicating_with_the_invisible	none	no	no
Shivhei-Habesht_0034	Shivhei-Habesht	supernatural	miracle	supernatural:miracle	none	no	no
Shivhei-Habesht_0034	Shivhei-Habesht	supernatural	perception	supernatural:perception	none	no	no
Shivhei-Habesht_0035	Shivhei-Habesht	characters-and-roles	sabbatai_zevi	characters-and-roles:sabbatai_zevi	mention_only	yes	no
Shivhei-Habesht_0035	Shivhei-Habesht	ethics-and-emotions	anger	ethics-and-emotions:anger	mention_only	yes	no
Shivhei-Habesht_0035	Shivhei-Habesht	ethics-and-emotions	punishment	ethics-and-emotions:punishment	mention_only	yes	no
Shivhei-Habesht_0035	Shivhei-Habesht	experience	dream	experience:dream	mention_only	yes	no
Shivhei-Habesht_0035	Shivhei-Habesht	experience	revelation	experience:revelation	mention_only	yes	no
Shivhei-Habesht_0035	Shivhei-Habesht	experience	visions	experience:visions	mention_only	yes	no
Shivhei-Habesht_0035	Shivhei-Habesht	folkloristics	story_type_prognostication	folkloristics:story_type_prognostication	mention_only	yes	no
Shivhei-Habesht_0035	Shivhei-Habesht	knowledge	esoteric	knowledge:esoteric	mention_only	yes	no
Shivhei-Habesht_0035	Shivhei-Habesht	practice	healing_of_the_soul	practice:healing_of_the_soul	mention_only	yes	no
Shivhei-Habesht_0035	Shivhei-Habesht	social	conflict	social:conflict	mention_only	yes	no
Shivhei-Habesht_0035	Shivhei-Habesht	social	relations_with_sinners	social:relations_with_sinners	mention_only	yes	no
Shivhei-Habesht_0035	Shivhei-Habesht	social	retrospective_recognition	social:retrospective_recognition	mention_only	yes	no
Shivhei-Habesht_0035	Shivhei-Habesht	spaces	hell	spaces:hell	mention_only	yes	no
Shivhei-Habesht_0035	Shivhei-Habesht	spaces	the_land_of_israel	spaces:the_land_of_israel	mention_only	yes	no
Shivhei-Habesht_0035	Shivhei-Habesht	supernatural	communicating_with_the_invisible	supernatural:communicating_with_the_invisible	mention_only	yes	no
Shivhei-Habesht_0035	Shivhei-Habesht	supernatural	perception	supernatural:perception	mention_only	yes	no
Shivhei-Habesht_0035	Shivhei-Habesht	supernatural	prognostication	supernatural:prognostication	mention_only	yes	no
Shivhei-Habesht_0035	Shivhei-Habesht	times	death	times:death	mention_only	yes	no
Shivhei-Habesht_0035	Shivhei-Habesht	times	holidays	times:holidays	mention_only	yes	no
Shivhei-Habesht_0035	Shivhei-Habesht	times	shabbat	times:shabbat	mention_only	yes	no
Shivhei-Habesht_0036	Shivhei-Habesht	ethics-and-emotions	prohibitions	ethics-and-emotions:prohibitions	minor	yes	yes
Shivhei-Habesht_0036	Shivhei-Habesht	ethics-and-emotions	punishment	ethics-and-emotions:punishment	minor	yes	yes
Shivhei-Habesht_0036	Shivhei-Habesht	social	conflict	social:conflict	minor	yes	yes
Shivhei-Habesht_0036	Shivhei-Habesht	social	disobedience	social:disobedience	minor	yes	yes
Shivhei-Habesht_0036	Shivhei-Habesht	supernatural	perception	supernatural:perception	minor	yes	yes
Shivhei-Habesht_0036	Shivhei-Habesht	supernatural	prognostication	supernatural:prognostication	minor	yes	yes
Shivhei-Habesht_0037	Shivhei-Habesht	ethics-and-emotions	prohibitions	ethics-and-emotions:prohibitions	none	no	no
Shivhei-Habesht_0037	Shivhei-Habesht	ethics-and-emotions	punishment	ethics-and-emotions:punishment	none	no	no
Shivhei-Habesht_0038	Shivhei-Habesht	kabbalah		kabbalah	none	no	no
Shivhei-Habesht_0038	Shivhei-Habesht	knowledge	esoteric	knowledge:esoteric	none	no	no
Shivhei-Habesht_0038	Shivhei-Habesht	supernatural	perception	supernatural:perception	none	no	no
Shivhei-Habesht_0038	Shivhei-Habesht	times	historical_event	times:historical_event	none	no	no
Shivhei-Habesht_0039	Shivhei-Habesht	characters-and-roles	ritual_slaughterer	characters-and-roles:ritual_slaughterer	none	no	no
Shivhei-Habesht_0039	Shivhei-Habesht	practice	ritual_slaughtering	practice:ritual_slaughtering	none	no	no
Shivhei-Habesht_0039	Shivhei-Habesht	supernatural	perception	supernatural:perception	none	no	no
Shivhei-Habesht_0040	Shivhei-Habesht	characters-and-roles	the_family_of_the_tsaddik	characters-and-roles:the_family_of_the_tsaddik	none	no	no
Shivhei-Habesht_0040	Shivhei-Habesht	ethics-and-emotions	fear	ethics-and-emotions:fear	none	no	no
Shivhei-Habesht_0040	Shivhei-Habesht	ethics-and-emotions	sadness	ethics-and-emotions:sadness	none	no	no
Shivhei-Habesht_0040	Shivhei-Habesht	experience	dream	experience:dream	none	no	no
Shivhei-Habesht_0040	Shivhei-Habesht	experience	revelation	experience:revelation	none	no	no
Shivhei-Habesht_0040	Shivhei-Habesht	folkloristics	story_type_death_of_the_tsaddik	folkloristics:story_type_death_of_the_tsaddik	none	no	no
Shivhei-Habesht_0040	Shivhei-Habesht	practice	prayer	practice:prayer	none	no	no
Shivhei-Habesht_0040	Shivhei-Habesht	practice	storytelling	practice:storytelling	none	no	no
Shivhei-Habesht_0040	Shivhei-Habesht	practice	tvilah	practice:tvilah	none	no	no
Shivhei-Habesht_0040	Shivhei-Habesht	social	conflict	social:conflict	none	no	no
Shivhei-Habesht_0040	Shivhei-Habesht	social	inter_hasidic_inheritance_of_leadership	social:inter_hasidic_inheritance_of_leadership	none	no	no
Shivhei-Habesht_0040	Shivhei-Habesht	spaces	beth_midrash	spaces:beth_midrash	none	no	no
Shivhei-Habesht_0040	Shivhei-Habesht	spaces	mikveh	spaces:mikveh	none	no	no
Shivhei-Habesht_0040	Shivhei-Habesht	supernatural	communicating_with_the_invisible	supernatural:communicating_with_the_invisible	none	no	no
Shivhei-Habesht_0040	Shivhei-Habesht	supernatural	perception	supernatural:perception	none	no	no
Shivhei-Habesht_0040	Shivhei-Habesht	times	death	times:death	none	no	no
Shivhei-Habesht_0041	Shivhei-Habesht	ethics-and-emotions	awe	ethics-and-emotions:awe	none	no	no
Shivhei-Habesht_0041	Shivhei-Habesht	ethics-and-emotions	fear	ethics-and-emotions:fear	none	no	no
Shivhei-Habesht_0041	Shivhei-Habesht	practice	circumcision	practice:circumcision	none	no	no
Shivhei-Habesht_0041	Shivhei-Habesht	practice	prayer	practice:prayer	none	no	no
Shivhei-Habesht_0041	Shivhei-Habesht	social	inter_hasidic_master_disciple_relationship	social:inter_hasidic_master_disciple_relationship	none	no	no
Shivhei-Habesht_0042	Shivhei-Habesht	ethics-and-emotions	awe	ethics-and-emotions:awe	none	no	no
Shivhei-Habesht_0042	Shivhei-Habesht	ethics-and-emotions	fear	ethics-and-emotions:fear	none	no	no
Shivhei-Habesht_0042	Shivhei-Habesht	practice	circumcision	practice:circumcision	none	no	no
Shivhei-Habesht_0043	Shivhei-Habesht	characters-and-roles	the_family_of_the_tsaddik	characters-and-roles:the_family_of_the_tsaddik	major	yes	yes
Shivhei-Habesht_0043	Shivhei-Habesht	ethics-and-emotions	sadness	ethics-and-emotions:sadness	major	yes	yes
Shivhei-Habesht_0043	Shivhei-Habesht	ethics-and-emotions	shame	ethics-and-emotions:shame	major	yes	yes
Shivhei-Habesht_0043	Shivhei-Habesht	experience	dream	experience:dream	major	yes	yes
Shivhei-Habesht_0043	Shivhei-Habesht	experience	revelation	experience:revelation	major	yes	yes
Shivhei-Habesht_0043	Shivhei-Habesht	experience	visions	experience:visions	major	yes	yes
Shivhei-Habesht_0043	Shivhei-Habesht	practice	lifesaving	practice:lifesaving	major	yes	yes
Shivhei-Habesht_0043	Shivhei-Habesht	practice	music	practice:music	major	yes	yes
Shivhei-Habesht_0043	Shivhei-Habesht	practice	sexual_abstinence	practice:sexual_abstinence	major	yes	yes
Shivhei-Habesht_0043	Shivhei-Habesht	practice	study	practice:study	major	yes	yes
Shivhei-Habesht_0043	Shivhei-Habesht	social	disobedience	social:disobedience	major	yes	yes
Shivhei-Habesht_0043	Shivhei-Habesht	social	marital_relationship	social:marital_relationship	major	yes	yes
Shivhei-Habesht_0043	Shivhei-Habesht	social	marriage	social:marriage	major	yes	yes
Shivhei-Habesht_0043	Shivhei-Habesht	social	retrospective_recognition	social:retrospective_recognition	major	yes	yes
Shivhei-Habesht_0043	Shivhei-Habesht	spaces	beth_midrash	spaces:beth_midrash	major	yes	yes
Shivhei-Habesht_0043	Shivhei-Habesht	spaces	heaven	spaces:heaven	major	yes	yes
Shivhei-Habesht_0043	Shivhei-Habesht	supernatural	communicating_with_the_invisible	supernatural:communicating_with_the_invisible	major	yes	yes
Shivhei-Habesht_0043	Shivhei-Habesht	supernatural	perception	supernatural:perception	major	yes	yes
Shivhei-Habesht_0043	Shivhei-Habesht	supernatural	prognostication	supernatural:prognostication	major	yes	yes
Shivhei-Habesht_0043	Shivhei-Habesht	times	death	times:death	major	yes	yes
Shivhei-Habesht_0044	Shivhei-Habesht	ethics-and-emotions	adultery	ethics-and-emotions:adultery	mention_only	yes	no
Shivhei-Habesht_0044	Shivhei-Habesht	ethics-and-emotions	prohibitions	ethics-and-emotions:prohibitions	mention_only	yes	no
Shivhei-Habesht_0044	Shivhei-Habesht	ethics-and-emotions	punishment	ethics-and-emotions:punishment	mention_only	yes	no
Shivhei-Habesht_0044	Shivhei-Habesht	ethics-and-emotions	repentance	ethics-and-emotions:repentance	mention_only	yes	no
Shivhei-Habesht_0044	Shivhei-Habesht	social	divorce	social:divorce	mention_only	yes	no
Shivhei-Habesht_0044	Shivhei-Habesht	social	inter_hasidic_master_disciple_relationship	social:inter_hasidic_master_disciple_relationship	mention_only	yes	no
Shivhei-Habesht_0044	Shivhei-Habesht	social	relations_with_non_jews	social:relations_with_non_jews	mention_only	yes	no
Shivhei-Habesht_0044	Shivhei-Habesht	social	relations_with_the_authorities	social:relations_with_the_authorities	mention_only	yes	no
Shivhei-Habesht_0044	Shivhei-Habesht	supernatural	perception	supernatural:perception	mention_only	yes	no
Shivhei-Habesht_0044	Shivhei-Habesht	supernatural	prognostication	supernatural:prognostication	mention_only	yes	no
Shivhei-Habesht_0045	Shivhei-Habesht	ethics-and-emotions	fear	ethics-and-emotions:fear	none	no	no
Shivhei-Habesht_0045	Shivhei-Habesht	folkloristics	story_type_prognostication	folkloristics:story_type_prognostication	none	no	no
Shivhei-Habesht_0045	Shivhei-Habesht	practice	reception_of_hasidim	practice:reception_of_hasidim	none	no	no
Shivhei-Habesht_0045	Shivhei-Habesht	social	relations_with_non_jews	social:relations_with_non_jews	none	no	no
Shivhei-Habesht_0045	Shivhei-Habesht	social	relations_with_the_authorities	social:relations_with_the_authorities	none	no	no
Shivhei-Habesht_0045	Shivhei-Habesht	social	retrospective_recognition	social:retrospective_recognition	none	no	no
Shivhei-Habesht_0045	Shivhei-Habesht	spaces	institutions_hassidic_court	spaces:institutions_hassidic_court	none	no	no
Shivhei-Habesht_0045	Shivhei-Habesht	supernatural	perception	supernatural:perception	none	no	no
Shivhei-Habesht_0045	Shivhei-Habesht	supernatural	prognostication	supernatural:prognostication	none	no	no
Shivhei-Habesht_0046	Shivhei-Habesht	experience	journey_to_heaven	experience:journey_to_heaven	none	no	no
Shivhei-Habesht_0046	Shivhei-Habesht	spaces	heaven	spaces:heaven	none	no	no
Shivhei-Habesht_0046	Shivhei-Habesht	supernatural	communicating_with_the_invisible	supernatural:communicating_with_the_invisible	none	no	no
Shivhei-Habesht_0047	Shivhei-Habesht	ethics-and-emotions	humility	ethics-and-emotions:humility	none	no	no
Shivhei-Habesht_0047	Shivhei-Habesht	kabbalah		kabbalah	none	no	no
Shivhei-Habesht_0047	Shivhei-Habesht	knowledge	esoteric	knowledge:esoteric	none	no	no
Shivhei-Habesht_0047	Shivhei-Habesht	practice	storytelling	practice:storytelling	none	no	no
Shivhei-Habesht_0047	Shivhei-Habesht	social	inter_hasidic_master_disciple_relationship	social:inter_hasidic_master_disciple_relationship	none	no	no
Shivhei-Habesht_0048	Shivhei-Habesht	ethics-and-emotions	anger	ethics-and-emotions:anger	none	no	no
Shivhei-Habesht_0048	Shivhei-Habesht	folkloristics	story_type_protection	folkloristics:story_type_protection	none	no	no
Shivhei-Habesht_0048	Shivhei-Habesht	folkloristics	story_type_rapprochement	folkloristics:story_type_rapprochement	none	no	no
Shivhei-Habesht_0048	Shivhei-Habesht	practice	healing	practice:healing	none	no	no
Shivhei-Habesht_0048	Shivhei-Habesht	practice	lifesaving	practice:lifesaving	none	no	no
Shivhei-Habesht_0048	Shivhei-Habesht	practice	smoking	practice:smoking	none	no	no
Shivhei-Habesht_0048	Shivhei-Habesht	social	relations_with_non_hasidim	social:relations_with_non_hasidim	none	no	no
Shivhei-Habesht_0048	Shivhei-Habesht	social	retrospective_recognition	social:retrospective_recognition	none	no	no
Shivhei-Habesht_0048	Shivhei-Habesht	supernatural	perception	supernatural:perception	none	no	no
Shivhei-Habesht_0048	Shivhei-Habesht	supernatural	prognostication	supernatural:prognostication	none	no	no
Shivhei-Habesht_0048	Shivhei-Habesht	times	shabbat	times:shabbat	none	no	no
Shivhei-Habesht_0049	Shivhei-Habesht	practice	sermon	practice:sermon	mention_only	yes	no
Shivhei-Habesht_0049	Shivhei-Habesht	supernatural	reincarnation	supernatural:reincarnation	mention_only	yes	no
Shivhei-Habesht_0050A	Shivhei-Habesht	characters-and-roles	demons	characters-and-roles:demons	minor	yes	yes
Shivhei-Habesht_0050A	Shivhei-Habesht	ethics-and-emotions	fear	ethics-and-emotions:fear	minor	yes	yes
Shivhei-Habesht_0050A	Shivhei-Habesht	ethics-and-emotions	lust	ethics-and-emotions:lust	minor	yes	yes
Shivhei-Habesht_0050A	Shivhei-Habesht	ethics-and-emotions	prohibitions	ethics-and-emotions:prohibitions	minor	yes	yes
Shivhei-Habesht_0050A	Shivhei-Habesht	experience	visions	experience:visions	minor	yes	yes
Shivhei-Habesht_0050A	Shivhei-Habesht	folkloristics	story_type_protection	folkloristics:story_type_protection	minor	yes	yes
Shivhei-Habesht_0050A	Shivhei-Habesht	practice	music	practice:music	minor	yes	yes
Shivhei-Habesht_0050A	Shivhei-Habesht	practice	protection	practice:protection	minor	yes	yes
Shivhei-Habesht_0050A	Shivhei-Habesht	practice	study	practice:study	minor	yes	yes
Shivhei-Habesht_0050A	Shivhei-Habesht	supernatural	communicating_with_the_invisible	supernatural:communicating_with_the_invisible	minor	yes	yes
Shivhei-Habesht_0050A	Shivhei-Habesht	supernatural	magic	supernatural:magic	minor	yes	yes
Shivhei-Habesht_0050A	Shivhei-Habesht	supernatural	perception	supernatural:perception	minor	yes	yes
Shivhei-Habesht_0050B	Shivhei-Habesht	kabbalah	kabbalistic_terms_kavvanot	kabbalah:kabbalistic_terms_kavvanot	catalyst	yes	yes
Shivhei-Habesht_0050B	Shivhei-Habesht	practice	healing	practice:healing	catalyst	yes	yes
Shivhei-Habesht_0050B	Shivhei-Habesht	practice	meditation	practice:meditation	catalyst	yes	yes
Shivhei-Habesht_0050B	Shivhei-Habesht	practice	pidyon_nefesh	practice:pidyon_nefesh	catalyst	yes	yes
Shivhei-Habesht_0050B	Shivhei-Habesht	practice	tvilah	practice:tvilah	catalyst	yes	yes
Shivhei-Habesht_0050B	Shivhei-Habesht	social	conflict	social:conflict	catalyst	yes	yes
Shivhei-Habesht_0050B	Shivhei-Habesht	spaces	mikveh	spaces:mikveh	catalyst	yes	yes
Shivhei-Habesht_0051	Shivhei-Habesht	social	relations_with_non_jews	social:relations_with_non_jews	none	no	no
Shivhei-Habesht_0051	Shivhei-Habesht	supernatural	magic	supernatural:magic	none	no	no
Shivhei-Habesht_0051	Shivhei-Habesht	supernatural	perception	supernatural:perception	none	no	no
Shivhei-Habesht_0052	Shivhei-Habesht	characters-and-roles	hidden_righteous	characters-and-roles:hidden_righteous	mention_only	yes	no
Shivhei-Habesht_0052	Shivhei-Habesht	ethics-and-emotions	virtues	ethics-and-emotions:virtues	mention_only	yes	no
Shivhei-Habesht_0052	Shivhei-Habesht	practice	prayer	practice:prayer	mention_only	yes	no
Shivhei-Habesht_0052	Shivhei-Habesht	practice	recitation_of_psalms	practice:recitation_of_psalms	mention_only	yes	no
Shivhei-Habesht_0052	Shivhei-Habesht	supernatural	perception	supernatural:perception	mention_only	yes	no
Shivhei-Habesht_0053	Shivhei-Habesht	ethics-and-emotions	fear	ethics-and-emotions:fear	none	no	no
Shivhei-Habesht_0053	Shivhei-Habesht	ethics-and-emotions	humility	ethics-and-emotions:humility	none	no	no
Shivhei-Habesht_0053	Shivhei-Habesht	ethics-and-emotions	pride	ethics-and-emotions:pride	none	no	no
Shivhei-Habesht_0053	Shivhei-Habesht	ethics-and-emotions	prohibitions	ethics-and-emotions:prohibitions	none	no	no
Shivhei-Habesht_0053	Shivhei-Habesht	experience	revelation	experience:revelation	none	no	no
Shivhei-Habesht_0053	Shivhei-Habesht	social	inter_hasidic_master_disciple_relationship	social:inter_hasidic_master_disciple_relationship	none	no	no
Shivhei-Habesht_0053	Shivhei-Habesht	supernatural	communicating_with_the_invisible	supernatural:communicating_with_the_invisible	none	no	no
Shivhei-Habesht_0053	Shivhei-Habesht	supernatural	prognostication	supernatural:prognostication	none	no	no
Shivhei-Habesht_0054	Shivhei-Habesht	characters-and-roles	angels	characters-and-roles:angels	none	no	no
Shivhei-Habesht_0054	Shivhei-Habesht	ethics-and-emotions	awe	ethics-and-emotions:awe	none	no	no
Shivhei-Habesht_0054	Shivhei-Habesht	ethics-and-emotions	prohibitions	ethics-and-emotions:prohibitions	none	no	no
Shivhei-Habesht_0054	Shivhei-Habesht	ethics-and-emotions	shame	ethics-and-emotions:shame	none	no	no
Shivhei-Habesht_0054	Shivhei-Habesht	experience	dream	experience:dream	none	no	no
Shivhei-Habesht_0054	Shivhei-Habesht	spaces	heaven	spaces:heaven	none	no	no
Shivhei-Habesht_0054	Shivhei-Habesht	spaces	hell	spaces:hell	none	no	no
Shivhei-Habesht_0054	Shivhei-Habesht	supernatural	perception	supernatural:perception	none	no	no
Shivhei-Habesht_0055	Shivhei-Habesht	characters-and-roles	angel_of_death	characters-and-roles:angel_of_death	none	no	no
Shivhei-Habesht_0055	Shivhei-Habesht	characters-and-roles	angels	characters-and-roles:angels	none	no	no
Shivhei-Habesht_0055	Shivhei-Habesht	ethics-and-emotions	prohibitions	ethics-and-emotions:prohibitions	none	no	no
Shivhei-Habesht_0055	Shivhei-Habesht	ethics-and-emotions	punishment	ethics-and-emotions:punishment	none	no	no
Shivhei-Habesht_0055	Shivhei-Habesht	experience	dream	experience:dream	none	no	no
Shivhei-Habesht_0055	Shivhei-Habesht	experience	journey_to_heaven	experience:journey_to_heaven	none	no	no
Shivhei-Habesht_0055	Shivhei-Habesht	folkloristics	story_type_prognostication	folkloristics:story_type_prognostication	none	no	no
Shivhei-Habesht_0055	Shivhei-Habesht	practice	pidyon_shvuyim	practice:pidyon_shvuyim	none	no	no
Shivhei-Habesht_0055	Shivhei-Habesht	social	relations_with_non_jews	social:relations_with_non_jews	none	no	no
Shivhei-Habesht_0055	Shivhei-Habesht	spaces	heaven	spaces:heaven	none	no	no
Shivhei-Habesht_0055	Shivhei-Habesht	supernatural	communicating_with_the_invisible	supernatural:communicating_with_the_invisible	none	no	no
Shivhei-Habesht_0055	Shivhei-Habesht	supernatural	perception	supernatural:perception	none	no	no
Shivhei-Habesht_0056	Shivhei-Habesht	characters-and-roles	angel_of_death	characters-and-roles:angel_of_death	none	no	no
Shivhei-Habesht_0056	Shivhei-Habesht	practice	healing	practice:healing	none	no	no
Shivhei-Habesht_0056	Shivhei-Habesht	practice	lifesaving	practice:lifesaving	none	no	no
Shivhei-Habesht_0056	Shivhei-Habesht	practice	prayer	practice:prayer	none	no	no
Shivhei-Habesht_0056	Shivhei-Habesht	social	inter_hasidic_master_disciple_relationship	social:inter_hasidic_master_disciple_relationship	none	no	no
Shivhei-Habesht_0056	Shivhei-Habesht	spaces	beth_midrash	spaces:beth_midrash	none	no	no
Shivhei-Habesht_0056	Shivhei-Habesht	supernatural	communicating_with_the_invisible	supernatural:communicating_with_the_invisible	none	no	no
Shivhei-Habesht_0056	Shivhei-Habesht	supernatural	perception	supernatural:perception	none	no	no
Shivhei-Habesht_0056	Shivhei-Habesht	times	holidays	times:holidays	none	no	no
Shivhei-Habesht_0057	Shivhei-Habesht	ethics-and-emotions	charity	ethics-and-emotions:charity	none	no	no
Shivhei-Habesht_0057	Shivhei-Habesht	experience	visions	experience:visions	none	no	no
Shivhei-Habesht_0057	Shivhei-Habesht	kabbalah		kabbalah	none	no	no
Shivhei-Habesht_0057	Shivhei-Habesht	knowledge	esoteric	knowledge:esoteric	none	no	no
Shivhei-Habesht_0057	Shivhei-Habesht	practice	study	practice:study	none	no	no
Shivhei-Habesht_0057	Shivhei-Habesht	social	inter_hasidic_master_disciple_relationship	social:inter_hasidic_master_disciple_relationship	none	no	no
Shivhei-Habesht_0057	Shivhei-Habesht	social	retrospective_recognition	social:retrospective_recognition	none	no	no
Shivhei-Habesht_0057	Shivhei-Habesht	spaces	heaven	spaces:heaven	none	no	no
Shivhei-Habesht_0057	Shivhei-Habesht	supernatural	communicating_with_the_invisible	supernatural:communicating_with_the_invisible	none	no	no
Shivhei-Habesht_0057	Shivhei-Habesht	supernatural	perception	supernatural:perception	none	no	no
Shivhei-Habesht_0057	Shivhei-Habesht	times	death	times:death	none	no	no
Shivhei-Habesht_0058	Shivhei-Habesht	characters-and-roles	preacher	characters-and-roles:preacher	none	no	no
Shivhei-Habesht_0058	Shivhei-Habesht	ethics-and-emotions	shame	ethics-and-emotions:shame	none	no	no
Shivhei-Habesht_0058	Shivhei-Habesht	practice	tefillin	practice:tefillin	none	no	no
Shivhei-Habesht_0058	Shivhei-Habesht	social	competition	social:competition	none	no	no
Shivhei-Habesht_0058	Shivhei-Habesht	social	conflict	social:conflict	none	no	no
Shivhei-Habesht_0058	Shivhei-Habesht	supernatural	perception	supernatural:perception	none	no	no
Shivhei-Habesht_0058	Shivhei-Habesht	times	shabbat	times:shabbat	none	no	no
Shivhei-Habesht_0059	Shivhei-Habesht	practice	tefillin	practice:tefillin	none	no	no
Shivhei-Habesht_0059	Shivhei-Habesht	supernatural	perception	supernatural:perception	none	no	no
Shivhei-Habesht_0060	Shivhei-Habesht	ethics-and-emotions	adultery	ethics-and-emotions:adultery	major	yes	yes
Shivhei-Habesht_0060	Shivhei-Habesht	ethics-and-emotions	charity	ethics-and-emotions:charity	major	yes	yes
Shivhei-Habesht_0060	Shivhei-Habesht	ethics-and-emotions	humility	ethics-and-emotions:humility	major	yes	yes
Shivhei-Habesht_0060	Shivhei-Habesht	ethics-and-emotions	shame	ethics-and-emotions:shame	major	yes	yes
Shivhei-Habesht_0060	Shivhei-Habesht	ethics-and-emotions	virtues	ethics-and-emotions:virtues	major	yes	yes
Shivhei-Habesht_0060	Shivhei-Habesht	experience	revelation	experience:revelation	major	yes	yes
Shivhei-Habesht_0060	Shivhei-Habesht	folkloristics	story_type_revelation	folkloristics:story_type_revelation	major	yes	yes
Shivhei-Habesht_0060	Shivhei-Habesht	folkloristics	story_type_virtues	folkloristics:story_type_virtues	major	yes	yes
Shivhei-Habesht_0060	Shivhei-Habesht	practice	healing	practice:healing	major	yes	yes
Shivhei-Habesht_0060	Shivhei-Habesht	social	poverty	social:poverty	major	yes	yes
Shivhei-Habesht_0060	Shivhei-Habesht	social	retrospective_recognition	social:retrospective_recognition	major	yes	yes
Shivhei-Habesht_0060	Shivhei-Habesht	supernatural	light_or_fire_as_a_sign_of_righteousness	supernatural:light_or_fire_as_a_sign_of_righteousness	major	yes	yes
Shivhei-Habesht_0060	Shivhei-Habesht	supernatural	miracle	supernatural:miracle	major	yes	yes
Shivhei-Habesht_0060	Shivhei-Habesht	supernatural	perception	supernatural:perception	major	yes	yes
Shivhei-Habesht_0060	Shivhei-Habesht	supernatural	prognostication	supernatural:prognostication	major	yes	yes
Shivhei-Habesht_0060	Shivhei-Habesht	times	shabbat	times:shabbat	major	yes	yes
Shivhei-Habesht_0061	Shivhei-Habesht	practice	healing	practice:healing	mention_only	yes	no
Shivhei-Habesht_0061	Shivhei-Habesht	practice	pidyon_shvuyim	practice:pidyon_shvuyim	mention_only	yes	no
Shivhei-Habesht_0061	Shivhei-Habesht	social	inter_hasidic_master_disciple_relationship	social:inter_hasidic_master_disciple_relationship	mention_only	yes	no
Shivhei-Habesht_0061	Shivhei-Habesht	supernatural	pregnancy	supernatural:pregnancy	mention_only	yes	no
Shivhei-Habesht_0061	Shivhei-Habesht	times	birth	times:birth	mention_only	yes	no
Shivhei-Habesht_0062	Shivhei-Habesht	characters-and-roles	demons	characters-and-roles:demons	minor	yes	yes
Shivhei-Habesht_0062	Shivhei-Habesht	characters-and-roles	magician	characters-and-roles:magician	minor	yes	yes
Shivhei-Habesht_0062	Shivhei-Habesht	characters-and-roles	tavern_keeper	characters-and-roles:tavern_keeper	minor	yes	yes
Shivhei-Habesht_0062	Shivhei-Habesht	characters-and-roles	the_family_of_the_tsaddik	characters-and-roles:the_family_of_the_tsaddik	minor	yes	yes
Shivhei-Habesht_0062	Shivhei-Habesht	characters-and-roles	witch	characters-and-roles:witch	minor	yes	yes
Shivhei-Habesht_0062	Shivhei-Habesht	folkloristics	story_type_protection	folkloristics:story_type_protection	minor	yes	yes
Shivhei-Habesht_0062	Shivhei-Habesht	practice	prayer	practice:prayer	minor	yes	yes
Shivhei-Habesht_0062	Shivhei-Habesht	practice	protection	practice:protection	minor	yes	yes
Shivhei-Habesht_0062	Shivhei-Habesht	social	competition	social:competition	minor	yes	yes
Shivhei-Habesht_0062	Shivhei-Habesht	social	conflict	social:conflict	minor	yes	yes
Shivhei-Habesht_0062	Shivhei-Habesht	social	relations_with_non_jews	social:relations_with_non_jews	minor	yes	yes
Shivhei-Habesht_0062	Shivhei-Habesht	supernatural	communicating_with_the_invisible	supernatural:communicating_with_the_invisible	minor	yes	yes
Shivhei-Habesht_0062	Shivhei-Habesht	supernatural	magic	supernatural:magic	minor	yes	yes
Shivhei-Habesht_0062	Shivhei-Habesht	supernatural	perception	supernatural:perception	minor	yes	yes
Shivhei-Habesht_0063	Shivhei-Habesht	practice	drinking_alcohol	practice:drinking_alcohol	mention_only	yes	no
Shivhei-Habesht_0063	Shivhei-Habesht	practice	joke	practice:joke	mention_only	yes	no
Shivhei-Habesht_0063	Shivhei-Habesht	practice	prayer	practice:prayer	mention_only	yes	no
Shivhei-Habesht_0063	Shivhei-Habesht	supernatural	perception	supernatural:perception	mention_only	yes	no
Shivhei-Habesht_0063	Shivhei-Habesht	supernatural	prognostication	supernatural:prognostication	mention_only	yes	no
Shivhei-Habesht_0064	Shivhei-Habesht	characters-and-roles	the_family_of_the_tsaddik	characters-and-roles:the_family_of_the_tsaddik	none	no	no
Shivhei-Habesht_0064	Shivhei-Habesht	ethics-and-emotions	anger	ethics-and-emotions:anger	none	no	no
Shivhei-Habesht_0064	Shivhei-Habesht	ethics-and-emotions	fear	ethics-and-emotions:fear	none	no	no
Shivhei-Habesht_0064	Shivhei-Habesht	ethics-and-emotions	sadness	ethics-and-emotions:sadness	none	no	no
Shivhei-Habesht_0064	Shivhei-Habesht	experience	revelation	experience:revelation	none	no	no
Shivhei-Habesht_0064	Shivhei-Habesht	experience	visions	experience:visions	none	no	no
Shivhei-Habesht_0064	Shivhei-Habesht	knowledge	esoteric	knowledge:esoteric	none	no	no
Shivhei-Habesht_0064	Shivhei-Habesht	practice	study	practice:study	none	no	no
Shivhei-Habesht_0064	Shivhei-Habesht	social	inter_hasidic_master_disciple_relationship	social:inter_hasidic_master_disciple_relationship	none	no	no
Shivhei-Habesht_0064	Shivhei-Habesht	supernatural	communicating_with_the_invisible	supernatural:communicating_with_the_invisible	none	no	no
Shivhei-Habesht_0064	Shivhei-Habesht	supernatural	perception	supernatural:perception	none	no	no
Shivhei-Habesht_0064	Shivhei-Habesht	times	shabbat	times:shabbat	none	no	no
Shivhei-Habesht_0065	Shivhei-Habesht	kabbalah		kabbalah	none	no	no
Shivhei-Habesht_0065	Shivhei-Habesht	knowledge	esoteric	knowledge:esoteric	none	no	no
Shivhei-Habesht_0065	Shivhei-Habesht	practice	asceticism	practice:asceticism	none	no	no
Shivhei-Habesht_0065	Shivhei-Habesht	practice	fasting	practice:fasting	none	no	no
Shivhei-Habesht_0065	Shivhei-Habesht	practice	smoking	practice:smoking	none	no	no
Shivhei-Habesht_0065	Shivhei-Habesht	practice	tvilah	practice:tvilah	none	no	no
Shivhei-Habesht_0065	Shivhei-Habesht	social	inter_hasidic_master_disciple_relationship	social:inter_hasidic_master_disciple_relationship	none	no	no
Shivhei-Habesht_0065	Shivhei-Habesht	spaces	mikveh	spaces:mikveh	none	no	no
Shivhei-Habesht_0065	Shivhei-Habesht	supernatural	communicating_with_the_invisible	supernatural:communicating_with_the_invisible	none	no	no
Shivhei-Habesht_0065	Shivhei-Habesht	supernatural	perception	supernatural:perception	none	no	no
Shivhei-Habesht_0065	Shivhei-Habesht	supernatural	prognostication	supernatural:prognostication	none	no	no
Shivhei-Habesht_0066	Shivhei-Habesht	experience	visions	experience:visions	none	no	no
Shivhei-Habesht_0066	Shivhei-Habesht	supernatural	light_or_fire_as_a_sign_of_righteousness	supernatural:light_or_fire_as_a_sign_of_righteousness	none	no	no
Shivhei-Habesht_0066	Shivhei-Habesht	supernatural	perception	supernatural:perception	none	no	no
Shivhei-Habesht_0066	Shivhei-Habesht	times	shabbat	times:shabbat	none	no	no
Shivhei-Habesht_0067	Shivhei-Habesht	ethics-and-emotions	anger	ethics-and-emotions:anger	none	no	no
Shivhei-Habesht_0067	Shivhei-Habesht	ethics-and-emotions	fear	ethics-and-emotions:fear	none	no	no
Shivhei-Habesht_0067	Shivhei-Habesht	ethics-and-emotions	lying	ethics-and-emotions:lying	none	no	no
Shivhei-Habesht_0067	Shivhei-Habesht	knowledge	practical_kabbalah	knowledge:practical_kabbalah	none	no	no
Shivhei-Habesht_0067	Shivhei-Habesht	practice	protection	practice:protection	none	no	no
Shivhei-Habesht_0067	Shivhei-Habesht	practice	tvilah	practice:tvilah	none	no	no
Shivhei-Habesht_0067	Shivhei-Habesht	social	relations_with_non_jews	social:relations_with_non_jews	none	no	no
Shivhei-Habesht_0067	Shivhei-Habesht	social	relations_with_the_authorities	social:relations_with_the_authorities	none	no	no
Shivhei-Habesht_0067	Shivhei-Habesht	supernatural	perception	supernatural:perception	none	no	no
Shivhei-Habesht_0068	Shivhei-Habesht	experience	devekut	experience:devekut	none	no	no
Shivhei-Habesht_0068	Shivhei-Habesht	practice	devekut	practice:devekut	none	no	no
Shivhei-Habesht_0068	Shivhei-Habesht	social	inter_hasidic_master_disciple_relationship	social:inter_hasidic_master_disciple_relationship	none	no	no
Shivhei-Habesht_0069	Shivhei-Habesht	ethics-and-emotions	fear	ethics-and-emotions:fear	minor	yes	yes
Shivhei-Habesht_0069	Shivhei-Habesht	ethics-and-emotions	sadness	ethics-and-emotions:sadness	minor	yes	yes
Shivhei-Habesht_0069	Shivhei-Habesht	folkloristics	story_type_prognostication	folkloristics:story_type_prognostication	minor	yes	yes
Shivhei-Habesht_0069	Shivhei-Habesht	folkloristics	story_type_protection	folkloristics:story_type_protection	minor	yes	yes
Shivhei-Habesht_0069	Shivhei-Habesht	practice	healing	practice:healing	minor	yes	yes
Shivhei-Habesht_0069	Shivhei-Habesht	practice	lifesaving	practice:lifesaving	minor	yes	yes
Shivhei-Habesht_0069	Shivhei-Habesht	practice	prayer	practice:prayer	minor	yes	yes
Shivhei-Habesht_0069	Shivhei-Habesht	practice	tvilah	practice:tvilah	minor	yes	yes
Shivhei-Habesht_0069	Shivhei-Habesht	social	retrospective_recognition	social:retrospective_recognition	minor	yes	yes
Shivhei-Habesht_0069	Shivhei-Habesht	spaces	mikveh	spaces:mikveh	minor	yes	yes
Shivhei-Habesht_0069	Shivhei-Habesht	supernatural	communicating_with_the_invisible	supernatural:communicating_with_the_invisible	minor	yes	yes
Shivhei-Habesht_0069	Shivhei-Habesht	supernatural	magic	supernatural:magic	minor	yes	yes
Shivhei-Habesht_0069	Shivhei-Habesht	supernatural	miracle	supernatural:miracle	minor	yes	yes
Shivhei-Habesht_0069	Shivhei-Habesht	supernatural	perception	supernatural:perception	minor	yes	yes
Shivhei-Habesht_0070	Shivhei-Habesht	practice	prayer	practice:prayer	none	no	no
Shivhei-Habesht_0070	Shivhei-Habesht	social	inter_hasidic_master_disciple_relationship	social:inter_hasidic_master_disciple_relationship	none	no	no
Shivhei-Habesht_0070	Shivhei-Habesht	supernatural	magic	supernatural:magic	none	no	no
Shivhei-Habesht_0071	Shivhei-Habesht	folkloristics	story_type_prognostication	folkloristics:story_type_prognostication	catalyst	yes	yes
Shivhei-Habesht_0071	Shivhei-Habesht	practice	writing_amulets	practice:writing_amulets	catalyst	yes	yes
Shivhei-Habesht_0071	Shivhei-Habesht	social	inter_hasidic_master_disciple_relationship	social:inter_hasidic_master_disciple_relationship	catalyst	yes	yes
Shivhei-Habesht_0071	Shivhei-Habesht	social	marital_relationship	social:marital_relationship	catalyst	yes	yes
Shivhei-Habesht_0071	Shivhei-Habesht	supernatural	magic	supernatural:magic	catalyst	yes	yes
Shivhei-Habesht_0071	Shivhei-Habesht	supernatural	perception	supernatural:perception	catalyst	yes	yes
Shivhei-Habesht_0071	Shivhei-Habesht	supernatural	pregnancy	supernatural:pregnancy	catalyst	yes	yes
Shivhei-Habesht_0071	Shivhei-Habesht	supernatural	prognostication	supernatural:prognostication	catalyst	yes	yes
Shivhei-Habesht_0071	Shivhei-Habesht	times	birth	times:birth	catalyst	yes	yes
Shivhei-Habesht_0072	Shivhei-Habesht	characters-and-roles	preacher	characters-and-roles:preacher	none	no	no
Shivhei-Habesht_0072	Shivhei-Habesht	ethics-and-emotions	punishment	ethics-and-emotions:punishment	none	no	no
Shivhei-Habesht_0072	Shivhei-Habesht	experience	dream	experience:dream	none	no	no
Shivhei-Habesht_0072	Shivhei-Habesht	practice	healing_of_the_soul	practice:healing_of_the_soul	none	no	no
Shivhei-Habesht_0072	Shivhei-Habesht	practice	ritual_slaughtering	practice:ritual_slaughtering	none	no	no
Shivhei-Habesht_0072	Shivhei-Habesht	social	inter_hasidic_master_disciple_relationship	social:inter_hasidic_master_disciple_relationship	none	no	no
Shivhei-Habesht_0072	Shivhei-Habesht	supernatural	communicating_with_the_invisible	supernatural:communicating_with_the_invisible	none	no	no
Shivhei-Habesht_0072	Shivhei-Habesht	supernatural	reincarnation	supernatural:reincarnation	none	no	no
Shivhei-Habesht_0072	Shivhei-Habesht	times	death	times:death	none	no	no
Shivhei-Habesht_0072	Shivhei-Habesht	times	shabbat	times:shabbat	none	no	no
Shivhei-Habesht_0073	Shivhei-Habesht	experience	enthusiasm	experience:enthusiasm	none	no	no
Shivhei-Habesht_0073	Shivhei-Habesht	practice	dance	practice:dance	none	no	no
Shivhei-Habesht_0073	Shivhei-Habesht	practice	prayer	practice:prayer	none	no	no
Shivhei-Habesht_0073	Shivhei-Habesht	practice	tvilah	practice:tvilah	none	no	no
Shivhei-Habesht_0073	Shivhei-Habesht	social	inter_hasidic_master_disciple_relationship	social:inter_hasidic_master_disciple_relationship	none	no	no
Shivhei-Habesht_0073	Shivhei-Habesht	spaces	beth_midrash	spaces:beth_midrash	none	no	no
Shivhei-Habesht_0073	Shivhei-Habesht	spaces	mikveh	spaces:mikveh	none	no	no
Shivhei-Habesht_0074	Shivhei-Habesht	practice	prayer	practice:prayer	none	no	no
Shivhei-Habesht_0075	Shivhei-Habesht	ethics-and-emotions	anger	ethics-and-emotions:anger	none	no	no
Shivhei-Habesht_0075	Shivhei-Habesht	practice	prayer	practice:prayer	none	no	no
Shivhei-Habesht_0075	Shivhei-Habesht	social	conflict	social:conflict	none	no	no
Shivhei-Habesht_0075	Shivhei-Habesht	social	relations_with_non_hasidim	social:relations_with_non_hasidim	none	no	no
Shivhei-Habesht_0075	Shivhei-Habesht	spaces	beth_midrash	spaces:beth_midrash	none	no	no
Shivhei-Habesht_0076	Shivhei-Habesht	practice	prayer	practice:prayer	none	no	no
Shivhei-Habesht_0076	Shivhei-Habesht	practice	study	practice:study	none	no	no
Shivhei-Habesht_0077	Shivhei-Habesht	characters-and-roles	elijah_the_prophet	characters-and-roles:elijah_the_prophet	minor	yes	yes
Shivhei-Habesht_0077	Shivhei-Habesht	characters-and-roles	the_family_of_the_tsaddik	characters-and-roles:the_family_of_the_tsaddik	minor	yes	yes
Shivhei-Habesht_0077	Shivhei-Habesht	ethics-and-emotions	fear	ethics-and-emotions:fear	minor	yes	yes
Shivhei-Habesht_0077	Shivhei-Habesht	experience	enthusiasm	experience:enthusiasm	minor	yes	yes
Shivhei-Habesht_0077	Shivhei-Habesht	experience	revelation	experience:revelation	minor	yes	yes
Shivhei-Habesht_0077	Shivhei-Habesht	folkloristics	story_type_death_of_the_tsaddik	folkloristics:story_type_death_of_the_tsaddik	minor	yes	yes
Shivhei-Habesht_0077	Shivhei-Habesht	practice	solitude	practice:solitude	minor	yes	yes
Shivhei-Habesht_0077	Shivhei-Habesht	practice	storytelling	practice:storytelling	minor	yes	yes
Shivhei-Habesht_0077	Shivhei-Habesht	social	inter_hasidic_master_disciple_relationship	social:inter_hasidic_master_disciple_relationship	minor	yes	yes
Shivhei-Habesht_0077	Shivhei-Habesht	supernatural	communicating_with_the_invisible	supernatural:communicating_with_the_invisible	minor	yes	yes
Shivhei-Habesht_0077	Shivhei-Habesht	supernatural	light_or_fire_as_a_sign_of_righteousness	supernatural:light_or_fire_as_a_sign_of_righteousness	minor	yes	yes
Shivhei-Habesht_0077	Shivhei-Habesht	supernatural	perception	supernatural:perception	minor	yes	yes
Shivhei-Habesht_0077	Shivhei-Habesht	times	death	times:death	minor	yes	yes
Shivhei-Habesht_0078	Shivhei-Habesht	folkloristics	story_type_prognostication	folkloristics:story_type_prognostication	none	no	no
Shivhei-Habesht_0078	Shivhei-Habesht	practice	prayer	practice:prayer	none	no	no
Shivhei-Habesht_0078	Shivhei-Habesht	practice	tvilah	practice:tvilah	none	no	no
Shivhei-Habesht_0078	Shivhei-Habesht	social	inter_hasidic_master_disciple_relationship	social:inter_hasidic_master_disciple_relationship	none	no	no
Shivhei-Habesht_0078	Shivhei-Habesht	spaces	mikveh	spaces:mikveh	none	no	no
Shivhei-Habesht_0078	Shivhei-Habesht	supernatural	perception	supernatural:perception	none	no	no
Shivhei-Habesht_0078	Shivhei-Habesht	supernatural	prognostication	supernatural:prognostication	none	no	no
Shivhei-Habesht_0078	Shivhei-Habesht	times	death	times:death	none	no	no
Shivhei-Habesht_0079	Shivhei-Habesht	ethics-and-emotions	punishment	ethics-and-emotions:punishment	minor	yes	yes
Shivhei-Habesht_0079	Shivhei-Habesht	experience	dream	experience:dream	minor	yes	yes
Shivhei-Habesht_0079	Shivhei-Habesht	practice	prayer	practice:prayer	minor	yes	yes
Shivhei-Habesht_0079	Shivhei-Habesht	practice	recitation_of_psalms	practice:recitation_of_psalms	minor	yes	yes
Shivhei-Habesht_0079	Shivhei-Habesht	social	conflict	social:conflict	minor	yes	yes
Shivhei-Habesht_0079	Shivhei-Habesht	social	excommunication	social:excommunication	minor	yes	yes
Shivhei-Habesht_0079	Shivhei-Habesht	spaces	heaven	spaces:heaven	minor	yes	yes
Shivhei-Habesht_0079	Shivhei-Habesht	spaces	hell	spaces:hell	minor	yes	yes
Shivhei-Habesht_0079	Shivhei-Habesht	supernatural	communicating_with_the_invisible	supernatural:communicating_with_the_invisible	minor	yes	yes
Shivhei-Habesht_0079	Shivhei-Habesht	supernatural	perception	supernatural:perception	minor	yes	yes
Shivhei-Habesht_0079	Shivhei-Habesht	times	shabbat	times:shabbat	minor	yes	yes
Shivhei-Habesht_0080	Shivhei-Habesht	ethics-and-emotions	anger	ethics-and-emotions:anger	catalyst	yes	yes
Shivhei-Habesht_0080	Shivhei-Habesht	practice	protection	practice:protection	catalyst	yes	yes
Shivhei-Habesht_0080	Shivhei-Habesht	supernatural	perception	supernatural:perception	catalyst	yes	yes
Shivhei-Habesht_0081	Shivhei-Habesht	ethics-and-emotions	adultery	ethics-and-emotions:adultery	mention_only	yes	no
Shivhei-Habesht_0081	Shivhei-Habesht	ethics-and-emotions	prohibitions	ethics-and-emotions:prohibitions	mention_only	yes	no
Shivhei-Habesht_0081	Shivhei-Habesht	practice	sexual_abstinence	practice:sexual_abstinence	mention_only	yes	no
Shivhei-Habesht_0081	Shivhei-Habesht	social	inter_hasidic_master_disciple_relationship	social:inter_hasidic_master_disciple_relationship	mention_only	yes	no
Shivhei-Habesht_0081	Shivhei-Habesht	social	marital_relationship	social:marital_relationship	mention_only	yes	no
Shivhei-Habesht_0081	Shivhei-Habesht	social	relations_with_sinners	social:relations_with_sinners	mention_only	yes	no
Shivhei-Habesht_0081	Shivhei-Habesht	supernatural	perception	supernatural:perception	mention_only	yes	no
Shivhei-Habesht_0082	Shivhei-Habesht	folkloristics	story_type_prognostication	folkloristics:story_type_prognostication	mention_only	yes	no
Shivhei-Habesht_0082	Shivhei-Habesht	practice	healing	practice:healing	mention_only	yes	no
Shivhei-Habesht_0082	Shivhei-Habesht	practice	tvilah	practice:tvilah	mention_only	yes	no
Shivhei-Habesht_0082	Shivhei-Habesht	social	inter_hasidic_master_disciple_relationship	social:inter_hasidic_master_disciple_relationship	mention_only	yes	no
Shivhei-Habesht_0082	Shivhei-Habesht	spaces	mikveh	spaces:mikveh	mention_only	yes	no
Shivhei-Habesht_0082	Shivhei-Habesht	supernatural	perception	supernatural:perception	mention_only	yes	no
Shivhei-Habesht_0082	Shivhei-Habesht	supernatural	prognostication	supernatural:prognostication	mention_only	yes	no
Shivhei-Habesht_0083	Shivhei-Habesht	folkloristics	story_type_prognostication	folkloristics:story_type_prognostication	none	no	no
Shivhei-Habesht_0083	Shivhei-Habesht	supernatural	communicating_with_the_invisible	supernatural:communicating_with_the_invisible	none	no	no
Shivhei-Habesht_0083	Shivhei-Habesht	supernatural	perception	supernatural:perception	none	no	no
Shivhei-Habesht_0083	Shivhei-Habesht	supernatural	prognostication	supernatural:prognostication	none	no	no
Shivhei-Habesht_0084	Shivhei-Habesht	ethics-and-emotions	punishment	ethics-and-emotions:punishment	mention_only	yes	no
Shivhei-Habesht_0084	Shivhei-Habesht	ethics-and-emotions	shame	ethics-and-emotions:shame	mention_only	yes	no
Shivhei-Habesht_0084	Shivhei-Habesht	folkloristics	story_type_parable	folkloristics:story_type_parable	mention_only	yes	no
Shivhei-Habesht_0084	Shivhei-Habesht	practice	storytelling	practice:storytelling	mention_only	yes	no
Shivhei-Habesht_0084	Shivhei-Habesht	social	relations_with_the_authorities	social:relations_with_the_authorities	mention_only	yes	no
Shivhei-Habesht_0084	Shivhei-Habesht	supernatural	communicating_with_the_invisible	supernatural:communicating_with_the_invisible	mention_only	yes	no
Shivhei-Habesht_0084	Shivhei-Habesht	supernatural	reincarnation	supernatural:reincarnation	mention_only	yes	no
Shivhei-Habesht_0085	Shivhei-Habesht	social	relations_with_the_authorities	social:relations_with_the_authorities	none	no	no
Shivhei-Habesht_0086	Shivhei-Habesht	ethics-and-emotions	anger	ethics-and-emotions:anger	mention_only	yes	no
Shivhei-Habesht_0086	Shivhei-Habesht	ethics-and-emotions	charity	ethics-and-emotions:charity	mention_only	yes	no
Shivhei-Habesht_0086	Shivhei-Habesht	folkloristics	story_type_protection	folkloristics:story_type_protection	mention_only	yes	no
Shivhei-Habesht_0086	Shivhei-Habesht	folkloristics	story_type_virtues	folkloristics:story_type_virtues	mention_only	yes	no
Shivhei-Habesht_0086	Shivhei-Habesht	practice	drinking_alcohol	practice:drinking_alcohol	mention_only	yes	no
Shivhei-Habesht_0086	Shivhei-Habesht	practice	joke	practice:joke	mention_only	yes	no
Shivhei-Habesht_0086	Shivhei-Habesht	practice	pidyon_shvuyim	practice:pidyon_shvuyim	mention_only	yes	no
Shivhei-Habesht_0086	Shivhei-Habesht	practice	study	practice:study	mention_only	yes	no
Shivhei-Habesht_0086	Shivhei-Habesht	social	marriage	social:marriage	mention_only	yes	no
Shivhei-Habesht_0086	Shivhei-Habesht	social	relations_with_non_jews	social:relations_with_non_jews	mention_only	yes	no
Shivhei-Habesht_0086	Shivhei-Habesht	social	relations_with_the_authorities	social:relations_with_the_authorities	mention_only	yes	no
Shivhei-Habesht_0086	Shivhei-Habesht	social	retrospective_recognition	social:retrospective_recognition	mention_only	yes	no
Shivhei-Habesht_0086	Shivhei-Habesht	supernatural	perception	supernatural:perception	mention_only	yes	no
Shivhei-Habesht_0087	Shivhei-Habesht	characters-and-roles	angels	characters-and-roles:angels	none	no	no
Shivhei-Habesht_0087	Shivhei-Habesht	experience	dream	experience:dream	none	no	no
Shivhei-Habesht_0087	Shivhei-Habesht	experience	journey_to_heaven	experience:journey_to_heaven	none	no	no
Shivhei-Habesht_0087	Shivhei-Habesht	folkloristics	story_type_revelation	folkloristics:story_type_revelation	none	no	no
Shivhei-Habesht_0087	Shivhei-Habesht	knowledge	esoteric	knowledge:esoteric	none	no	no
Shivhei-Habesht_0087	Shivhei-Habesht	practice	pidyon_shvuyim	practice:pidyon_shvuyim	none	no	no
Shivhei-Habesht_0087	Shivhei-Habesht	practice	prayer	practice:prayer	none	no	no
Shivhei-Habesht_0087	Shivhei-Habesht	practice	sermon	practice:sermon	none	no	no
Shivhei-Habesht_0087	Shivhei-Habesht	practice	tvilah	practice:tvilah	none	no	no
Shivhei-Habesht_0087	Shivhei-Habesht	social	conflict	social:conflict	none	no	no
Shivhei-Habesht_0087	Shivhei-Habesht	social	inter_hasidic_master_disciple_relationship	social:inter_hasidic_master_disciple_relationship	none	no	no
Shivhei-Habesht_0087	Shivhei-Habesht	social	relations_with_non_hasidim	social:relations_with_non_hasidim	none	no	no
Shivhei-Habesht_0087	Shivhei-Habesht	social	retrospective_recognition	social:retrospective_recognition	none	no	no
Shivhei-Habesht_0087	Shivhei-Habesht	spaces	heaven	spaces:heaven	none	no	no
Shivhei-Habesht_0087	Shivhei-Habesht	spaces	mikveh	spaces:mikveh	none	no	no
Shivhei-Habesht_0087	Shivhei-Habesht	supernatural	communicating_with_the_invisible	supernatural:communicating_with_the_invisible	none	no	no
Shivhei-Habesht_0087	Shivhei-Habesht	supernatural	perception	supernatural:perception	none	no	no
Shivhei-Habesht_0087	Shivhei-Habesht	times	shabbat	times:shabbat	none	no	no
Shivhei-Habesht_0088	Shivhei-Habesht	characters-and-roles	magician	characters-and-roles:magician	none	no	no
Shivhei-Habesht_0088	Shivhei-Habesht	folkloristics	story_type_protection	folkloristics:story_type_protection	none	no	no
Shivhei-Habesht_0088	Shivhei-Habesht	practice	prayer	practice:prayer	none	no	no
Shivhei-Habesht_0088	Shivhei-Habesht	practice	protection	practice:protection	none	no	no
Shivhei-Habesht_0088	Shivhei-Habesht	social	competition	social:competition	none	no	no
Shivhei-Habesht_0088	Shivhei-Habesht	social	relations_with_non_jews	social:relations_with_non_jews	none	no	no
Shivhei-Habesht_0088	Shivhei-Habesht	social	relations_with_the_authorities	social:relations_with_the_authorities	none	no	no
Shivhei-Habesht_0088	Shivhei-Habesht	supernatural	magic	supernatural:magic	none	no	no
Shivhei-Habesht_0089	Shivhei-Habesht	practice	sermon	practice:sermon	none	no	no
Shivhei-Habesht_0089	Shivhei-Habesht	supernatural	perception	supernatural:perception	none	no	no
Shivhei-Habesht_0090	Shivhei-Habesht	folkloristics	story_type_death_of_the_tsaddik	folkloristics:story_type_death_of_the_tsaddik	none	no	no
Shivhei-Habesht_0090	Shivhei-Habesht	social	inter_hasidic_master_disciple_relationship	social:inter_hasidic_master_disciple_relationship	none	no	no
Shivhei-Habesht_0090	Shivhei-Habesht	supernatural	perception	supernatural:perception	none	no	no
Shivhei-Habesht_0090	Shivhei-Habesht	times	death	times:death	none	no	no
Shivhei-Habesht_0091	Shivhei-Habesht	characters-and-roles	preacher	characters-and-roles:preacher	none	no	no
Shivhei-Habesht_0091	Shivhei-Habesht	ethics-and-emotions	anger	ethics-and-emotions:anger	none	no	no
Shivhei-Habesht_0091	Shivhei-Habesht	ethics-and-emotions	joy	ethics-and-emotions:joy	none	no	no
Shivhei-Habesht_0091	Shivhei-Habesht	folkloristics	story_type_death_of_the_tsaddik	folkloristics:story_type_death_of_the_tsaddik	none	no	no
Shivhei-Habesht_0091	Shivhei-Habesht	kabbalah		kabbalah	none	no	no
Shivhei-Habesht_0091	Shivhei-Habesht	practice	coping_with_alien_thoughts	practice:coping_with_alien_thoughts	none	no	no
Shivhei-Habesht_0091	Shivhei-Habesht	practice	pilgrimage_to_the_graves_of_tsaddikim	practice:pilgrimage_to_the_graves_of_tsaddikim	none	no	no
Shivhei-Habesht_0091	Shivhei-Habesht	practice	prayer	practice:prayer	none	no	no
Shivhei-Habesht_0091	Shivhei-Habesht	practice	study	practice:study	none	no	no
Shivhei-Habesht_0091	Shivhei-Habesht	practice	tefillin	practice:tefillin	none	no	no
Shivhei-Habesht_0091	Shivhei-Habesht	social	conflict	social:conflict	none	no	no
Shivhei-Habesht_0091	Shivhei-Habesht	social	inter_hasidic_conflict_between_tsaddikim	social:inter_hasidic_conflict_between_tsaddikim	none	no	no
Shivhei-Habesht_0091	Shivhei-Habesht	social	inter_hasidic_master_disciple_relationship	social:inter_hasidic_master_disciple_relationship	none	no	no
Shivhei-Habesht_0091	Shivhei-Habesht	spaces	the_land_of_israel	spaces:the_land_of_israel	none	no	no
Shivhei-Habesht_0091	Shivhei-Habesht	supernatural	communicating_with_the_invisible	supernatural:communicating_with_the_invisible	none	no	no
Shivhei-Habesht_0091	Shivhei-Habesht	supernatural	perception	supernatural:perception	none	no	no
Shivhei-Habesht_0091	Shivhei-Habesht	times	death	times:death	none	no	no
Shivhei-Habesht_0091	Shivhei-Habesht	times	shabbat	times:shabbat	none	no	no
Shivhei-Habesht_0092	Shivhei-Habesht	ethics-and-emotions	humility	ethics-and-emotions:humility	none	no	no
Shivhei-Habesht_0092	Shivhei-Habesht	practice	asceticism	practice:asceticism	none	no	no
Shivhei-Habesht_0092	Shivhei-Habesht	practice	prayer	practice:prayer	none	no	no
Shivhei-Habesht_0092	Shivhei-Habesht	practice	smoking	practice:smoking	none	no	no
Shivhei-Habesht_0092	Shivhei-Habesht	practice	tefillin	practice:tefillin	none	no	no
Shivhei-Habesht_0092	Shivhei-Habesht	social	inter_hasidic	social:inter_hasidic	none	no	no
Shivhei-Habesht_0092	Shivhei-Habesht	social	inter_hasidic_master_disciple_relationship	social:inter_hasidic_master_disciple_relationship	none	no	no
Shivhei-Habesht_0093	Shivhei-Habesht	ethics-and-emotions	humility	ethics-and-emotions:humility	none	no	no
Shivhei-Habesht_0093	Shivhei-Habesht	social	inter_hasidic_master_disciple_relationship	social:inter_hasidic_master_disciple_relationship	none	no	no
Shivhei-Habesht_0094	Shivhei-Habesht	practice	asceticism	practice:asceticism	none	no	no
Shivhei-Habesht_0094	Shivhei-Habesht	practice	coping_with_alien_thoughts	practice:coping_with_alien_thoughts	none	no	no
Shivhei-Habesht_0094	Shivhei-Habesht	practice	tvilah	practice:tvilah	none	no	no
Shivhei-Habesht_0094	Shivhei-Habesht	spaces	mikveh	spaces:mikveh	none	no	no
Shivhei-Habesht_0095	Shivhei-Habesht	ethics-and-emotions	humility	ethics-and-emotions:humility	none	no	no
Shivhei-Habesht_0095	Shivhei-Habesht	ethics-and-emotions	sadness	ethics-and-emotions:sadness	none	no	no
Shivhei-Habesht_0095	Shivhei-Habesht	experience	enthusiasm	experience:enthusiasm	none	no	no
Shivhei-Habesht_0095	Shivhei-Habesht	practice	coping_with_alien_thoughts	practice:coping_with_alien_thoughts	none	no	no
Shivhei-Habesht_0095	Shivhei-Habesht	practice	prayer	practice:prayer	none	no	no
Shivhei-Habesht_0096A	Shivhei-Habesht	characters-and-roles	angel_of_death	characters-and-roles:angel_of_death	mention_only	yes	no
Shivhei-Habesht_0096A	Shivhei-Habesht	characters-and-roles	demons	characters-and-roles:demons	mention_only	yes	no
Shivhei-Habesht_0096A	Shivhei-Habesht	characters-and-roles	preacher	characters-and-roles:preacher	mention_only	yes	no
Shivhei-Habesht_0096A	Shivhei-Habesht	ethics-and-emotions	pride	ethics-and-emotions:pride	mention_only	yes	no
Shivhei-Habesht_0096A	Shivhei-Habesht	ethics-and-emotions	punishment	ethics-and-emotions:punishment	mention_only	yes	no
Shivhei-Habesht_0096A	Shivhei-Habesht	experience	dream	experience:dream	mention_only	yes	no
Shivhei-Habesht_0096A	Shivhei-Habesht	experience	revelation	experience:revelation	mention_only	yes	no
Shivhei-Habesht_0096A	Shivhei-Habesht	experience	visions	experience:visions	mention_only	yes	no
Shivhei-Habesht_0096A	Shivhei-Habesht	folkloristics	story_type_protection	folkloristics:story_type_protection	mention_only	yes	no
Shivhei-Habesht_0096A	Shivhei-Habesht	folkloristics	story_type_rapprochement	folkloristics:story_type_rapprochement	mention_only	yes	no
Shivhei-Habesht_0096A	Shivhei-Habesht	practice	clothing	practice:clothing	mention_only	yes	no
Shivhei-Habesht_0096A	Shivhei-Habesht	practice	healing	practice:healing	mention_only	yes	no
Shivhei-Habesht_0096A	Shivhei-Habesht	practice	lifesaving	practice:lifesaving	mention_only	yes	no
Shivhei-Habesht_0096A	Shivhei-Habesht	practice	prayer	practice:prayer	mention_only	yes	no
Shivhei-Habesht_0096A	Shivhei-Habesht	practice	recitation_of_psalms	practice:recitation_of_psalms	mention_only	yes	no
Shivhei-Habesht_0096A	Shivhei-Habesht	practice	sermon	practice:sermon	mention_only	yes	no
Shivhei-Habesht_0096A	Shivhei-Habesht	practice	smoking	practice:smoking	mention_only	yes	no
Shivhei-Habesht_0096A	Shivhei-Habesht	social	inter_hasidic_master_disciple_relationship	social:inter_hasidic_master_disciple_relationship	mention_only	yes	no
Shivhei-Habesht_0096A	Shivhei-Habesht	social	retrospective_recognition	social:retrospective_recognition	mention_only	yes	no
Shivhei-Habesht_0096A	Shivhei-Habesht	spaces	beth_midrash	spaces:beth_midrash	mention_only	yes	no
Shivhei-Habesht_0096A	Shivhei-Habesht	supernatural	communicating_with_the_invisible	supernatural:communicating_with_the_invisible	mention_only	yes	no
Shivhei-Habesht_0096A	Shivhei-Habesht	supernatural	magic	supernatural:magic	mention_only	yes	no
Shivhei-Habesht_0096A	Shivhei-Habesht	supernatural	miracle	supernatural:miracle	mention_only	yes	no
Shivhei-Habesht_0096A	Shivhei-Habesht	supernatural	perception	supernatural:perception	mention_only	yes	no
Shivhei-Habesht_0096A	Shivhei-Habesht	supernatural	prognostication	supernatural:prognostication	mention_only	yes	no
Shivhei-Habesht_0096A	Shivhei-Habesht	times	death	times:death	mention_only	yes	no
Shivhei-Habesht_0096A	Shivhei-Habesht	times	shabbat	times:shabbat	mention_only	yes	no
Shivhei-Habesht_0096B	Shivhei-Habesht	practice	healing	practice:healing	mention_only	yes	no
Shivhei-Habesht_0096B	Shivhei-Habesht	supernatural	perception	supernatural:perception	mention_only	yes	no
Shivhei-Habesht_0097	Shivhei-Habesht	characters-and-roles	the_family_of_the_tsaddik	characters-and-roles:the_family_of_the_tsaddik	minor	yes	yes
Shivhei-Habesht_0097	Shivhei-Habesht	ethics-and-emotions	fear	ethics-and-emotions:fear	minor	yes	yes
Shivhei-Habesht_0097	Shivhei-Habesht	ethics-and-emotions	prohibitions	ethics-and-emotions:prohibitions	minor	yes	yes
Shivhei-Habesht_0097	Shivhei-Habesht	ethics-and-emotions	sadness	ethics-and-emotions:sadness	minor	yes	yes
Shivhei-Habesht_0097	Shivhei-Habesht	experience	revelation	experience:revelation	minor	yes	yes
Shivhei-Habesht_0097	Shivhei-Habesht	experience	visions	experience:visions	minor	yes	yes
Shivhei-Habesht_0097	Shivhei-Habesht	knowledge	esoteric	knowledge:esoteric	minor	yes	yes
Shivhei-Habesht_0097	Shivhei-Habesht	practice	failure	practice:failure	minor	yes	yes
Shivhei-Habesht_0097	Shivhei-Habesht	practice	prayer	practice:prayer	minor	yes	yes
Shivhei-Habesht_0097	Shivhei-Habesht	practice	protection	practice:protection	minor	yes	yes
Shivhei-Habesht_0097	Shivhei-Habesht	practice	redemption_of_captives	practice:redemption_of_captives	minor	yes	yes
Shivhei-Habesht_0097	Shivhei-Habesht	practice	tvilah	practice:tvilah	minor	yes	yes
Shivhei-Habesht_0097	Shivhei-Habesht	social	conflict	social:conflict	minor	yes	yes
Shivhei-Habesht_0097	Shivhei-Habesht	social	inter_hasidic_master_disciple_relationship	social:inter_hasidic_master_disciple_relationship	minor	yes	yes
Shivhei-Habesht_0097	Shivhei-Habesht	social	relations_with_non_jews	social:relations_with_non_jews	minor	yes	yes
Shivhei-Habesht_0097	Shivhei-Habesht	spaces	heaven	spaces:heaven	minor	yes	yes
Shivhei-Habesht_0097	Shivhei-Habesht	spaces	hell	spaces:hell	minor	yes	yes
Shivhei-Habesht_0097	Shivhei-Habesht	spaces	mikveh	spaces:mikveh	minor	yes	yes
Shivhei-Habesht_0097	Shivhei-Habesht	supernatural	communicating_with_the_invisible	supernatural:communicating_with_the_invisible	minor	yes	yes
Shivhei-Habesht_0097	Shivhei-Habesht	supernatural	light_or_fire_as_a_sign_of_righteousness	supernatural:light_or_fire_as_a_sign_of_righteousness	minor	yes	yes
Shivhei-Habesht_0097	Shivhei-Habesht	supernatural	perception	supernatural:perception	minor	yes	yes
Shivhei-Habesht_0097	Shivhei-Habesht	supernatural	prognostication	supernatural:prognostication	minor	yes	yes
Shivhei-Habesht_0097	Shivhei-Habesht	supernatural	reincarnation	supernatural:reincarnation	minor	yes	yes
Shivhei-Habesht_0097	Shivhei-Habesht	times	death	times:death	minor	yes	yes
Shivhei-Habesht_0097	Shivhei-Habesht	times	historical_event	times:historical_event	minor	yes	yes
Shivhei-Habesht_0097	Shivhei-Habesht	times	shabbat	times:shabbat	minor	yes	yes
Shivhei-Habesht_0098	Shivhei-Habesht	characters-and-roles	agunah	characters-and-roles:agunah	catalyst	yes	yes
Shivhei-Habesht_0098	Shivhei-Habesht	ethics-and-emotions	adultery	ethics-and-emotions:adultery	catalyst	yes	yes
Shivhei-Habesht_0098	Shivhei-Habesht	ethics-and-emotions	prohibitions	ethics-and-emotions:prohibitions	catalyst	yes	yes
Shivhei-Habesht_0098	Shivhei-Habesht	ethics-and-emotions	repentance	ethics-and-emotions:repentance	catalyst	yes	yes
Shivhei-Habesht_0098	Shivhei-Habesht	practice	lifesaving	practice:lifesaving	catalyst	yes	yes
Shivhei-Habesht_0098	Shivhei-Habesht	practice	tvilah	practice:tvilah	catalyst	yes	yes
Shivhei-Habesht_0098	Shivhei-Habesht	social	relations_with_non_jews	social:relations_with_non_jews	catalyst	yes	yes
Shivhei-Habesht_0098	Shivhei-Habesht	spaces	mikveh	spaces:mikveh	catalyst	yes	yes
Shivhei-Habesht_0098	Shivhei-Habesht	supernatural	magic	supernatural:magic	catalyst	yes	yes
Shivhei-Habesht_0098	Shivhei-Habesht	supernatural	perception	supernatural:perception	catalyst	yes	yes
Shivhei-Habesht_0099	Shivhei-Habesht	ethics-and-emotions	fear	ethics-and-emotions:fear	minor	yes	yes
Shivhei-Habesht_0099	Shivhei-Habesht	folkloristics	story_type_protection	folkloristics:story_type_protection	minor	yes	yes
Shivhei-Habesht_0099	Shivhei-Habesht	kabbalah		kabbalah	minor	yes	yes
Shivhei-Habesht_0099	Shivhei-Habesht	practice	protection	practice:protection	minor	yes	yes
Shivhei-Habesht_0099	Shivhei-Habesht	social	retrospective_recognition	social:retrospective_recognition	minor	yes	yes
Shivhei-Habesht_0099	Shivhei-Habesht	supernatural	perception	supernatural:perception	minor	yes	yes
Shivhei-Habesht_0100	Shivhei-Habesht	characters-and-roles	ritual_slaughterer	characters-and-roles:ritual_slaughterer	none	no	no
Shivhei-Habesht_0100	Shivhei-Habesht	practice	ritual_slaughtering	practice:ritual_slaughtering	none	no	no
Shivhei-Habesht_0100	Shivhei-Habesht	practice	smoking	practice:smoking	none	no	no
Shivhei-Habesht_0100	Shivhei-Habesht	social	inter_hasidic_master_disciple_relationship	social:inter_hasidic_master_disciple_relationship	none	no	no
Shivhei-Habesht_0100	Shivhei-Habesht	supernatural	perception	supernatural:perception	none	no	no
Shivhei-Habesht_0101	Shivhei-Habesht	ethics-and-emotions	virtues	ethics-and-emotions:virtues	none	no	no
Shivhei-Habesht_0101	Shivhei-Habesht	practice	prayer	practice:prayer	none	no	no
Shivhei-Habesht_0101	Shivhei-Habesht	practice	protection	practice:protection	none	no	no
Shivhei-Habesht_0101	Shivhei-Habesht	social	inter_hasidic_master_disciple_relationship	social:inter_hasidic_master_disciple_relationship	none	no	no
Shivhei-Habesht_0101	Shivhei-Habesht	social	relations_with_non_jews	social:relations_with_non_jews	none	no	no
Shivhei-Habesht_0102	Shivhei-Habesht	practice	prayer	practice:prayer	none	no	no
Shivhei-Habesht_0102	Shivhei-Habesht	social	inter_hasidic_master_disciple_relationship	social:inter_hasidic_master_disciple_relationship	none	no	no
Shivhei-Habesht_0102	Shivhei-Habesht	social	relations_with_non_jews	social:relations_with_non_jews	none	no	no
Shivhei-Habesht_0102	Shivhei-Habesht	supernatural	magic	supernatural:magic	none	no	no
Shivhei-Habesht_0103	Shivhei-Habesht	ethics-and-emotions	virtues	ethics-and-emotions:virtues	none	no	no
Shivhei-Habesht_0103	Shivhei-Habesht	practice	prayer	practice:prayer	none	no	no
Shivhei-Habesht_0103	Shivhei-Habesht	practice	tefillin	practice:tefillin	none	no	no
Shivhei-Habesht_0104	Shivhei-Habesht	ethics-and-emotions	humility	ethics-and-emotions:humility	mention_only	yes	no
Shivhei-Habesht_0104	Shivhei-Habesht	practice	prayer	practice:prayer	mention_only	yes	no
Shivhei-Habesht_0105	Shivhei-Habesht	ethics-and-emotions	sadness	ethics-and-emotions:sadness	mention_only	yes	no
Shivhei-Habesht_0105	Shivhei-Habesht	times	death	times:death	mention_only	yes	no
Shivhei-Habesht_0106	Shivhei-Habesht	characters-and-roles	messiah	characters-and-roles:messiah	none	no	no
Shivhei-Habesht_0106	Shivhei-Habesht	times	eschatology	times:eschatology	none	no	no
Shivhei-Habesht_0107	Shivhei-Habesht	folkloristics	story_type_death_of_the_tsaddik	folkloristics:story_type_death_of_the_tsaddik	none	no	no
Shivhei-Habesht_0107	Shivhei-Habesht	supernatural	reincarnation	supernatural:reincarnation	none	no	no
Shivhei-Habesht_0107	Shivhei-Habesht	times	death	times:death	none	no	no
Shivhei-Habesht_0108	Shivhei-Habesht	ethics-and-emotions	prohibitions	ethics-and-emotions:prohibitions	none	no	no
Shivhei-Habesht_0108	Shivhei-Habesht	supernatural	perception	supernatural:perception	none	no	no
Shivhei-Habesht_0109	Shivhei-Habesht	ethics-and-emotions	prohibitions	ethics-and-emotions:prohibitions	none	no	no
Shivhei-Habesht_0109	Shivhei-Habesht	supernatural	perception	supernatural:perception	none	no	no
Shivhei-Habesht_0110	Shivhei-Habesht	ethics-and-emotions	fear	ethics-and-emotions:fear	minor	yes	yes
Shivhei-Habesht_0110	Shivhei-Habesht	folkloristics	story_type_protection	folkloristics:story_type_protection	minor	yes	yes
Shivhei-Habesht_0110	Shivhei-Habesht	practice	business_advice	practice:business_advice	minor	yes	yes
Shivhei-Habesht_0110	Shivhei-Habesht	practice	drinking_alcohol	practice:drinking_alcohol	minor	yes	yes
Shivhei-Habesht_0110	Shivhei-Habesht	practice	smoking	practice:smoking	minor	yes	yes
Shivhei-Habesht_0110	Shivhei-Habesht	practice	travel_to_the_tsaddik	practice:travel_to_the_tsaddik	minor	yes	yes
Shivhei-Habesht_0110	Shivhei-Habesht	practice	tvilah	practice:tvilah	minor	yes	yes
Shivhei-Habesht_0110	Shivhei-Habesht	social	disobedience	social:disobedience	minor	yes	yes
Shivhei-Habesht_0110	Shivhei-Habesht	social	relations_with_non_jews	social:relations_with_non_jews	minor	yes	yes
Shivhei-Habesht_0110	Shivhei-Habesht	social	relations_with_the_authorities	social:relations_with_the_authorities	minor	yes	yes
Shivhei-Habesht_0110	Shivhei-Habesht	spaces	mikveh	spaces:mikveh	minor	yes	yes
Shivhei-Habesht_0110	Shivhei-Habesht	supernatural	miracle	supernatural:miracle	minor	yes	yes
Shivhei-Habesht_0110	Shivhei-Habesht	supernatural	perception	supernatural:perception	minor	yes	yes
Shivhei-Habesht_0110	Shivhei-Habesht	supernatural	prognostication	supernatural:prognostication	minor	yes	yes
Shivhei-Habesht_0111	Shivhei-Habesht	folkloristics	story_type_prognostication	folkloristics:story_type_prognostication	mention_only	yes	no
Shivhei-Habesht_0111	Shivhei-Habesht	practice	study	practice:study	mention_only	yes	no
Shivhei-Habesht_0111	Shivhei-Habesht	social	conflict	social:conflict	mention_only	yes	no
Shivhei-Habesht_0111	Shivhei-Habesht	supernatural	perception	supernatural:perception	mention_only	yes	no
Shivhei-Habesht_0111	Shivhei-Habesht	supernatural	prognostication	supernatural:prognostication	mention_only	yes	no
Shivhei-Habesht_0112	Shivhei-Habesht	characters-and-roles	baal_shem	characters-and-roles:baal_shem	none	no	no
Shivhei-Habesht_0112	Shivhei-Habesht	ethics-and-emotions	pride	ethics-and-emotions:pride	none	no	no
Shivhei-Habesht_0112	Shivhei-Habesht	experience	dream	experience:dream	none	no	no
Shivhei-Habesht_0112	Shivhei-Habesht	experience	journey_to_heaven	experience:journey_to_heaven	none	no	no
Shivhei-Habesht_0112	Shivhei-Habesht	experience	revelation	experience:revelation	none	no	no
Shivhei-Habesht_0112	Shivhei-Habesht	experience	visions	experience:visions	none	no	no
Shivhei-Habesht_0112	Shivhei-Habesht	folkloristics	story_type_advent	folkloristics:story_type_advent	none	no	no
Shivhei-Habesht_0112	Shivhei-Habesht	folkloristics	story_type_rapprochement	folkloristics:story_type_rapprochement	none	no	no
Shivhei-Habesht_0112	Shivhei-Habesht	folkloristics	story_type_revelation	folkloristics:story_type_revelation	none	no	no
Shivhei-Habesht_0112	Shivhei-Habesht	knowledge	esoteric	knowledge:esoteric	none	no	no
Shivhei-Habesht_0112	Shivhei-Habesht	knowledge	practical_kabbalah	knowledge:practical_kabbalah	none	no	no
Shivhei-Habesht_0112	Shivhei-Habesht	practice	sermon	practice:sermon	none	no	no
Shivhei-Habesht_0112	Shivhei-Habesht	social	conflict	social:conflict	none	no	no
Shivhei-Habesht_0112	Shivhei-Habesht	social	disobedience	social:disobedience	none	no	no
Shivhei-Habesht_0112	Shivhei-Habesht	social	retrospective_recognition	social:retrospective_recognition	none	no	no
Shivhei-Habesht_0112	Shivhei-Habesht	spaces	heaven	spaces:heaven	none	no	no
Shivhei-Habesht_0112	Shivhei-Habesht	supernatural	communicating_with_the_invisible	supernatural:communicating_with_the_invisible	none	no	no
Shivhei-Habesht_0112	Shivhei-Habesht	supernatural	miracle	supernatural:miracle	none	no	no
Shivhei-Habesht_0112	Shivhei-Habesht	supernatural	perception	supernatural:perception	none	no	no
Shivhei-Habesht_0112	Shivhei-Habesht	supernatural	prognostication	supernatural:prognostication	none	no	no
Shivhei-Habesht_0112	Shivhei-Habesht	times	death	times:death	none	no	no
Shivhei-Habesht_0112	Shivhei-Habesht	times	eschatology	times:eschatology	none	no	no
Shivhei-Habesht_0112	Shivhei-Habesht	times	shabbat	times:shabbat	none	no	no
Shivhei-Habesht_0113	Shivhei-Habesht	experience	dream	experience:dream	none	no	no
Shivhei-Habesht_0113	Shivhei-Habesht	folkloristics	story_type_rapprochement	folkloristics:story_type_rapprochement	none	no	no
Shivhei-Habesht_0113	Shivhei-Habesht	practice	study	practice:study	none	no	no
Shivhei-Habesht_0113	Shivhei-Habesht	social	relations_with_non_hasidim	social:relations_with_non_hasidim	none	no	no
Shivhei-Habesht_0113	Shivhei-Habesht	social	retrospective_recognition	social:retrospective_recognition	none	no	no
Shivhei-Habesht_0113	Shivhei-Habesht	spaces	heaven	spaces:heaven	none	no	no
Shivhei-Habesht_0114	Shivhei-Habesht	folkloristics	story_type_prognostication	folkloristics:story_type_prognostication	mention_only	yes	no
Shivhei-Habesht_0114	Shivhei-Habesht	supernatural	prognostication	supernatural:prognostication	mention_only	yes	no
Shivhei-Habesht_0115	Shivhei-Habesht	folkloristics	story_type_prognostication	folkloristics:story_type_prognostication	mention_only	yes	no
Shivhei-Habesht_0115	Shivhei-Habesht	supernatural	perception	supernatural:perception	mention_only	yes	no
Shivhei-Habesht_0115	Shivhei-Habesht	supernatural	prognostication	supernatural:prognostication	mention_only	yes	no
Shivhei-Habesht_0116	Shivhei-Habesht	folkloristics	story_type_prognostication	folkloristics:story_type_prognostication	none	no	no
Shivhei-Habesht_0116	Shivhei-Habesht	supernatural	communicating_with_the_invisible	supernatural:communicating_with_the_invisible	none	no	no
Shivhei-Habesht_0116	Shivhei-Habesht	supernatural	prognostication	supernatural:prognostication	none	no	no
Shivhei-Habesht_0117	Shivhei-Habesht	ethics-and-emotions	repentance	ethics-and-emotions:repentance	none	no	no
Shivhei-Habesht_0117	Shivhei-Habesht	practice	healing	practice:healing	none	no	no
Shivhei-Habesht_0118	Shivhei-Habesht	ethics-and-emotions	prohibitions	ethics-and-emotions:prohibitions	mention_only	yes	no
Shivhei-Habesht_0118	Shivhei-Habesht	supernatural	perception	supernatural:perception	mention_only	yes	no
Shivhei-Habesht_0119	Shivhei-Habesht	characters-and-roles	demons	characters-and-roles:demons	none	no	no
Shivhei-Habesht_0119	Shivhei-Habesht	ethics-and-emotions	prohibitions	ethics-and-emotions:prohibitions	none	no	no
Shivhei-Habesht_0119	Shivhei-Habesht	knowledge	esoteric	knowledge:esoteric	none	no	no
Shivhei-Habesht_0119	Shivhei-Habesht	social	inter_hasidic_master_disciple_relationship	social:inter_hasidic_master_disciple_relationship	none	no	no
Shivhei-Habesht_0119	Shivhei-Habesht	supernatural	communicating_with_the_invisible	supernatural:communicating_with_the_invisible	none	no	no
Shivhei-Habesht_0120	Shivhei-Habesht	characters-and-roles	the_family_of_the_tsaddik	characters-and-roles:the_family_of_the_tsaddik	none	no	no
Shivhei-Habesht_0120	Shivhei-Habesht	ethics-and-emotions	charity	ethics-and-emotions:charity	none	no	no
Shivhei-Habesht_0121	Shivhei-Habesht	ethics-and-emotions	charity	ethics-and-emotions:charity	none	no	no
Shivhei-Habesht_0122	Shivhei-Habesht	characters-and-roles	the_family_of_the_tsaddik	characters-and-roles:the_family_of_the_tsaddik	minor	yes	yes
Shivhei-Habesht_0122	Shivhei-Habesht	ethics-and-emotions	charity	ethics-and-emotions:charity	minor	yes	yes
Shivhei-Habesht_0122	Shivhei-Habesht	social	poverty	social:poverty	minor	yes	yes
Shivhei-Habesht_0122	Shivhei-Habesht	supernatural	perception	supernatural:perception	minor	yes	yes
Shivhei-Habesht_0123	Shivhei-Habesht	characters-and-roles	demons	characters-and-roles:demons	mention_only	yes	no
Shivhei-Habesht_0123	Shivhei-Habesht	characters-and-roles	the_family_of_the_tsaddik	characters-and-roles:the_family_of_the_tsaddik	mention_only	yes	no
Shivhei-Habesht_0123	Shivhei-Habesht	characters-and-roles	witch	characters-and-roles:witch	mention_only	yes	no
Shivhei-Habesht_0123	Shivhei-Habesht	ethics-and-emotions	fear	ethics-and-emotions:fear	mention_only	yes	no
Shivhei-Habesht_0123	Shivhei-Habesht	folkloristics	story_type_rapprochement	folkloristics:story_type_rapprochement	mention_only	yes	no
Shivhei-Habesht_0123	Shivhei-Habesht	practice	protection	practice:protection	mention_only	yes	no
Shivhei-Habesht_0123	Shivhei-Habesht	social	inter_hasidic_master_disciple_relationship	social:inter_hasidic_master_disciple_relationship	mention_only	yes	no
Shivhei-Habesht_0123	Shivhei-Habesht	social	relations_with_non_hasidim	social:relations_with_non_hasidim	mention_only	yes	no
Shivhei-Habesht_0123	Shivhei-Habesht	supernatural	communicating_with_the_invisible	supernatural:communicating_with_the_invisible	mention_only	yes	no
Shivhei-Habesht_0123	Shivhei-Habesht	supernatural	magic	supernatural:magic	mention_only	yes	no
Shivhei-Habesht_0124	Shivhei-Habesht	characters-and-roles	the_family_of_the_tsaddik	characters-and-roles:the_family_of_the_tsaddik	none	no	no
Shivhei-Habesht_0124	Shivhei-Habesht	ethics-and-emotions	fear	ethics-and-emotions:fear	none	no	no
Shivhei-Habesht_0124	Shivhei-Habesht	folkloristics	story_type_ joke	folkloristics:story_type_ joke	none	no	no
Shivhei-Habesht_0124	Shivhei-Habesht	practice	failure	practice:failure	none	no	no
Shivhei-Habesht_0125	Shivhei-Habesht	characters-and-roles	demons	characters-and-roles:demons	none	no	no
Shivhei-Habesht_0125	Shivhei-Habesht	ethics-and-emotions	fear	ethics-and-emotions:fear	none	no	no
Shivhei-Habesht_0125	Shivhei-Habesht	ethics-and-emotions	shame	ethics-and-emotions:shame	none	no	no
Shivhei-Habesht_0125	Shivhei-Habesht	social	inter_hasidic_master_disciple_relationship	social:inter_hasidic_master_disciple_relationship	none	no	no
Shivhei-Habesht_0125	Shivhei-Habesht	supernatural	perception	supernatural:perception	none	no	no
Shivhei-Habesht_0126	Shivhei-Habesht	characters-and-roles	preacher	characters-and-roles:preacher	none	no	no
Shivhei-Habesht_0126	Shivhei-Habesht	ethics-and-emotions	anger	ethics-and-emotions:anger	none	no	no
Shivhei-Habesht_0126	Shivhei-Habesht	ethics-and-emotions	fear	ethics-and-emotions:fear	none	no	no
Shivhei-Habesht_0126	Shivhei-Habesht	ethics-and-emotions	prohibitions	ethics-and-emotions:prohibitions	none	no	no
Shivhei-Habesht_0126	Shivhei-Habesht	supernatural	perception	supernatural:perception	none	no	no
Shivhei-Habesht_0127	Shivhei-Habesht	experience	dream	experience:dream	none	no	no
Shivhei-Habesht_0127	Shivhei-Habesht	experience	visions	experience:visions	none	no	no
Shivhei-Habesht_0127	Shivhei-Habesht	practice	protection	practice:protection	none	no	no
Shivhei-Habesht_0127	Shivhei-Habesht	practice	storytelling	practice:storytelling	none	no	no
Shivhei-Habesht_0127	Shivhei-Habesht	social	relations_with_non_jews	social:relations_with_non_jews	none	no	no
Shivhei-Habesht_0127	Shivhei-Habesht	spaces	heaven	spaces:heaven	none	no	no
Shivhei-Habesht_0127	Shivhei-Habesht	spaces	hell	spaces:hell	none	no	no
Shivhei-Habesht_0127	Shivhei-Habesht	times	shabbat	times:shabbat	none	no	no
Shivhei-Habesht_0128	Shivhei-Habesht	folkloristics	story_type_protection	folkloristics:story_type_protection	none	no	no
Shivhei-Habesht_0128	Shivhei-Habesht	practice	protection	practice:protection	none	no	no
Shivhei-Habesht_0128	Shivhei-Habesht	social	relations_with_non_jews	social:relations_with_non_jews	none	no	no
Shivhei-Habesht_0128	Shivhei-Habesht	supernatural	perception	supernatural:perception	none	no	no
Shivhei-Habesht_0129	Shivhei-Habesht	characters-and-roles	demons	characters-and-roles:demons	none	no	no
Shivhei-Habesht_0129	Shivhei-Habesht	social	relations_with_non_jews	social:relations_with_non_jews	none	no	no
Shivhei-Habesht_0129	Shivhei-Habesht	supernatural	perception	supernatural:perception	none	no	no
Shivhei-Habesht_0130	Shivhei-Habesht	experience	revelation	experience:revelation	none	no	no
Shivhei-Habesht_0130	Shivhei-Habesht	social	inter_hasidic_inheritance_of_leadership	social:inter_hasidic_inheritance_of_leadership	none	no	no
Shivhei-Habesht_0130	Shivhei-Habesht	social	inter_hasidic_master_disciple_relationship	social:inter_hasidic_master_disciple_relationship	none	no	no
Shivhei-Habesht_0130	Shivhei-Habesht	supernatural	perception	supernatural:perception	none	no	no
Shivhei-Habesht_0130	Shivhei-Habesht	times	death	times:death	none	no	no
Shivhei-Habesht_0131	Shivhei-Habesht	characters-and-roles	messiah	characters-and-roles:messiah	none	no	no
Shivhei-Habesht_0131	Shivhei-Habesht	spaces	the_land_of_israel	spaces:the_land_of_israel	none	no	no
Shivhei-Habesht_0131	Shivhei-Habesht	times	death	times:death	none	no	no
Shivhei-Habesht_0131	Shivhei-Habesht	times	eschatology	times:eschatology	none	no	no
Shivhei-Habesht_0132	Shivhei-Habesht	ethics-and-emotions	adultery	ethics-and-emotions:adultery	none	no	no
Shivhei-Habesht_0132	Shivhei-Habesht	ethics-and-emotions	prohibitions	ethics-and-emotions:prohibitions	none	no	no
Shivhei-Habesht_0132	Shivhei-Habesht	supernatural	perception	supernatural:perception	none	no	no
Shivhei-Habesht_0132	Shivhei-Habesht	supernatural	pregnancy	supernatural:pregnancy	none	no	no
Shivhei-Habesht_0133	Shivhei-Habesht	characters-and-roles	the_family_of_the_tsaddik	characters-and-roles:the_family_of_the_tsaddik	minor	yes	yes
Shivhei-Habesht_0133	Shivhei-Habesht	ethics-and-emotions	joy	ethics-and-emotions:joy	minor	yes	yes
Shivhei-Habesht_0133	Shivhei-Habesht	experience	dream	experience:dream	minor	yes	yes
Shivhei-Habesht_0133	Shivhei-Habesht	practice	prayer	practice:prayer	minor	yes	yes
Shivhei-Habesht_0133	Shivhei-Habesht	practice	protection	practice:protection	minor	yes	yes
Shivhei-Habesht_0133	Shivhei-Habesht	social	relations_with_non_jews	social:relations_with_non_jews	minor	yes	yes
Shivhei-Habesht_0133	Shivhei-Habesht	spaces	the_land_of_israel	spaces:the_land_of_israel	minor	yes	yes
Shivhei-Habesht_0133	Shivhei-Habesht	supernatural	communicating_with_the_invisible	supernatural:communicating_with_the_invisible	minor	yes	yes
Shivhei-Habesht_0133	Shivhei-Habesht	times	historical_event	times:historical_event	minor	yes	yes
Shivhei-Habesht_0133	Shivhei-Habesht	times	holidays	times:holidays	minor	yes	yes
Shivhei-Habesht_0134	Shivhei-Habesht	experience	revelation	experience:revelation	none	no	no
Shivhei-Habesht_0134	Shivhei-Habesht	folkloristics	story_type_protection	folkloristics:story_type_protection	none	no	no
Shivhei-Habesht_0134	Shivhei-Habesht	practice	lifesaving	practice:lifesaving	none	no	no
Shivhei-Habesht_0134	Shivhei-Habesht	practice	protection	practice:protection	none	no	no
Shivhei-Habesht_0134	Shivhei-Habesht	practice	tefillin	practice:tefillin	none	no	no
Shivhei-Habesht_0134	Shivhei-Habesht	supernatural	communicating_with_the_invisible	supernatural:communicating_with_the_invisible	none	no	no
Shivhei-Habesht_0135	Shivhei-Habesht	ethics-and-emotions	anger	ethics-and-emotions:anger	none	no	no
Shivhei-Habesht_0135	Shivhei-Habesht	ethics-and-emotions	fear	ethics-and-emotions:fear	none	no	no
Shivhei-Habesht_0135	Shivhei-Habesht	ethics-and-emotions	humility	ethics-and-emotions:humility	none	no	no
Shivhei-Habesht_0135	Shivhei-Habesht	ethics-and-emotions	pride	ethics-and-emotions:pride	none	no	no
Shivhei-Habesht_0135	Shivhei-Habesht	ethics-and-emotions	prohibitions	ethics-and-emotions:prohibitions	none	no	no
Shivhei-Habesht_0135	Shivhei-Habesht	ethics-and-emotions	punishment	ethics-and-emotions:punishment	none	no	no
Shivhei-Habesht_0135	Shivhei-Habesht	ethics-and-emotions	repentance	ethics-and-emotions:repentance	none	no	no
Shivhei-Habesht_0135	Shivhei-Habesht	ethics-and-emotions	sadness	ethics-and-emotions:sadness	none	no	no
Shivhei-Habesht_0135	Shivhei-Habesht	ethics-and-emotions	shame	ethics-and-emotions:shame	none	no	no
Shivhei-Habesht_0135	Shivhei-Habesht	ethics-and-emotions	virtues	ethics-and-emotions:virtues	none	no	no
Shivhei-Habesht_0135	Shivhei-Habesht	folkloristics	story_type_rapprochement	folkloristics:story_type_rapprochement	none	no	no
Shivhei-Habesht_0135	Shivhei-Habesht	knowledge	esoteric	knowledge:esoteric	none	no	no
Shivhei-Habesht_0135	Shivhei-Habesht	practice	sermon	practice:sermon	none	no	no
Shivhei-Habesht_0135	Shivhei-Habesht	practice	smoking	practice:smoking	none	no	no
Shivhei-Habesht_0135	Shivhei-Habesht	practice	study	practice:study	none	no	no
Shivhei-Habesht_0135	Shivhei-Habesht	social	competition	social:competition	none	no	no
Shivhei-Habesht_0135	Shivhei-Habesht	social	conflict	social:conflict	none	no	no
Shivhei-Habesht_0135	Shivhei-Habesht	social	inter_hasidic_master_disciple_relationship	social:inter_hasidic_master_disciple_relationship	none	no	no
Shivhei-Habesht_0135	Shivhei-Habesht	supernatural	miracle	supernatural:miracle	none	no	no
Shivhei-Habesht_0135	Shivhei-Habesht	supernatural	perception	supernatural:perception	none	no	no
Shivhei-Habesht_0135	Shivhei-Habesht	times	shabbat	times:shabbat	none	no	no
Shivhei-Habesht_0136	Shivhei-Habesht	characters-and-roles	angels	characters-and-roles:angels	none	no	no
Shivhei-Habesht_0136	Shivhei-Habesht	folkloristics	story_type_protection	folkloristics:story_type_protection	none	no	no
Shivhei-Habesht_0136	Shivhei-Habesht	practice	prayer	practice:prayer	none	no	no
Shivhei-Habesht_0136	Shivhei-Habesht	practice	protection	practice:protection	none	no	no
Shivhei-Habesht_0136	Shivhei-Habesht	social	relations_with_non_jews	social:relations_with_non_jews	none	no	no
Shivhei-Habesht_0136	Shivhei-Habesht	supernatural	perception	supernatural:perception	none	no	no
Shivhei-Habesht_0136	Shivhei-Habesht	supernatural	prognostication	supernatural:prognostication	none	no	no
Shivhei-Habesht_0136	Shivhei-Habesht	times	historical_event	times:historical_event	none	no	no
Shivhei-Habesht_0137	Shivhei-Habesht	ethics-and-emotions	prohibitions	ethics-and-emotions:prohibitions	mention_only	yes	no
Shivhei-Habesht_0137	Shivhei-Habesht	supernatural	perception	supernatural:perception	mention_only	yes	no
Shivhei-Habesht_0138	Shivhei-Habesht	characters-and-roles	ritual_slaughterer	characters-and-roles:ritual_slaughterer	none	no	no
Shivhei-Habesht_0138	Shivhei-Habesht	ethics-and-emotions	charity	ethics-and-emotions:charity	none	no	no
Shivhei-Habesht_0138	Shivhei-Habesht	ethics-and-emotions	virtues	ethics-and-emotions:virtues	none	no	no
Shivhei-Habesht_0138	Shivhei-Habesht	experience	visions	experience:visions	none	no	no
Shivhei-Habesht_0138	Shivhei-Habesht	practice	storytelling	practice:storytelling	none	no	no
Shivhei-Habesht_0138	Shivhei-Habesht	social	poverty	social:poverty	none	no	no
Shivhei-Habesht_0138	Shivhei-Habesht	spaces	beth_midrash	spaces:beth_midrash	none	no	no
Shivhei-Habesht_0138	Shivhei-Habesht	supernatural	perception	supernatural:perception	none	no	no
Shivhei-Habesht_0138	Shivhei-Habesht	supernatural	prognostication	supernatural:prognostication	none	no	no
Shivhei-Habesht_0139	Shivhei-Habesht	characters-and-roles	ritual_slaughterer	characters-and-roles:ritual_slaughterer	none	no	no
Shivhei-Habesht_0139	Shivhei-Habesht	practice	ritual_slaughtering	practice:ritual_slaughtering	none	no	no
Shivhei-Habesht_0139	Shivhei-Habesht	social	converts_and_conversion	social:converts_and_conversion	none	no	no
Shivhei-Habesht_0139	Shivhei-Habesht	supernatural	perception	supernatural:perception	none	no	no
Shivhei-Habesht_0140	Shivhei-Habesht	characters-and-roles	ritual_slaughterer	characters-and-roles:ritual_slaughterer	minor	yes	yes
Shivhei-Habesht_0140	Shivhei-Habesht	practice	ritual_slaughtering	practice:ritual_slaughtering	minor	yes	yes
Shivhei-Habesht_0141	Shivhei-Habesht	supernatural	perception	supernatural:perception	none	no	no
Shivhei-Habesht_0141	Shivhei-Habesht	times	death	times:death	none	no	no
Shivhei-Habesht_0142	Shivhei-Habesht	ethics-and-emotions	anger	ethics-and-emotions:anger	none	no	no
Shivhei-Habesht_0142	Shivhei-Habesht	social	relations_with_non_jews	social:relations_with_non_jews	none	no	no
Shivhei-Habesht_0142	Shivhei-Habesht	social	relations_with_the_authorities	social:relations_with_the_authorities	none	no	no
Shivhei-Habesht_0142	Shivhei-Habesht	supernatural	magic	supernatural:magic	none	no	no
Shivhei-Habesht_0143	Shivhei-Habesht	supernatural	perception	supernatural:perception	none	no	no
Shivhei-Habesht_0143	Shivhei-Habesht	times	death	times:death	none	no	no
Shivhei-Habesht_0144	Shivhei-Habesht	ethics-and-emotions	punishment	ethics-and-emotions:punishment	major	yes	yes
Shivhei-Habesht_0144	Shivhei-Habesht	practice	prayer	practice:prayer	major	yes	yes
Shivhei-Habesht_0144	Shivhei-Habesht	social	relations_with_non_hasidim	social:relations_with_non_hasidim	major	yes	yes
Shivhei-Habesht_0144	Shivhei-Habesht	supernatural	magic	supernatural:magic	major	yes	yes
Shivhei-Habesht_0144	Shivhei-Habesht	times	shabbat	times:shabbat	major	yes	yes
Shivhei-Habesht_0145	Shivhei-Habesht	ethics-and-emotions	prohibitions	ethics-and-emotions:prohibitions	mention_only	yes	no
Shivhei-Habesht_0145	Shivhei-Habesht	ethics-and-emotions	punishment	ethics-and-emotions:punishment	mention_only	yes	no
Shivhei-Habesht_0145	Shivhei-Habesht	social	disobedience	social:disobedience	mention_only	yes	no
Shivhei-Habesht_0145	Shivhei-Habesht	supernatural	prognostication	supernatural:prognostication	mention_only	yes	no
Shivhei-Habesht_0145	Shivhei-Habesht	times	holidays	times:holidays	mention_only	yes	no
Shivhei-Habesht_0146	Shivhei-Habesht	practice	circumcision	practice:circumcision	catalyst	yes	yes
Shivhei-Habesht_0146	Shivhei-Habesht	supernatural	perception	supernatural:perception	catalyst	yes	yes
Shivhei-Habesht_0147	Shivhei-Habesht	kabbalah	kabbalistic_terms_kavvanot	kabbalah:kabbalistic_terms_kavvanot	none	no	no
Shivhei-Habesht_0147	Shivhei-Habesht	practice	meditation	practice:meditation	none	no	no
Shivhei-Habesht_0147	Shivhei-Habesht	practice	prayer	practice:prayer	none	no	no
Shivhei-Habesht_0147	Shivhei-Habesht	practice	protection	practice:protection	none	no	no
Shivhei-Habesht_0147	Shivhei-Habesht	social	inter_hasidic_master_disciple_relationship	social:inter_hasidic_master_disciple_relationship	none	no	no
Shivhei-Habesht_0147	Shivhei-Habesht	supernatural	magic	supernatural:magic	none	no	no
Shivhei-Habesht_0147	Shivhei-Habesht	supernatural	perception	supernatural:perception	none	no	no
Shivhei-Habesht_0147	Shivhei-Habesht	times	shabbat	times:shabbat	none	no	no
Shivhei-Habesht_0148	Shivhei-Habesht	supernatural	perception	supernatural:perception	none	no	no
Shivhei-Habesht_0149	Shivhei-Habesht	practice	asceticism	practice:asceticism	none	no	no
Shivhei-Habesht_0149	Shivhei-Habesht	practice	tvilah	practice:tvilah	none	no	no
Shivhei-Habesht_0149	Shivhei-Habesht	practice	writing_amulets	practice:writing_amulets	none	no	no
Shivhei-Habesht_0149	Shivhei-Habesht	spaces	mikveh	spaces:mikveh	none	no	no
Shivhei-Habesht_0149	Shivhei-Habesht	supernatural	perception	supernatural:perception	none	no	no
Shivhei-Habesht_0150	Shivhei-Habesht	social	inter_hasidic_master_disciple_relationship	social:inter_hasidic_master_disciple_relationship	minor	yes	yes
Shivhei-Habesht_0150	Shivhei-Habesht	supernatural	perception	supernatural:perception	minor	yes	yes
Shivhei-Habesht_0151	Shivhei-Habesht	ethics-and-emotions	prohibitions	ethics-and-emotions:prohibitions	none	no	no
Shivhei-Habesht_0151	Shivhei-Habesht	supernatural	perception	supernatural:perception	none	no	no
Shivhei-Habesht_0152	Shivhei-Habesht	ethics-and-emotions	repentance	ethics-and-emotions:repentance	none	no	no
Shivhei-Habesht_0152	Shivhei-Habesht	ethics-and-emotions	shame	ethics-and-emotions:shame	none	no	no
Shivhei-Habesht_0152	Shivhei-Habesht	experience	revelation	experience:revelation	none	no	no
Shivhei-Habesht_0152	Shivhei-Habesht	experience	visions	experience:visions	none	no	no
Shivhei-Habesht_0152	Shivhei-Habesht	practice	study	practice:study	none	no	no
Shivhei-Habesht_0152	Shivhei-Habesht	social	inter_hasidic_master_disciple_relationship	social:inter_hasidic_master_disciple_relationship	none	no	no
Shivhei-Habesht_0152	Shivhei-Habesht	spaces	heaven	spaces:heaven	none	no	no
Shivhei-Habesht_0152	Shivhei-Habesht	supernatural	communicating_with_the_invisible	supernatural:communicating_with_the_invisible	none	no	no
Shivhei-Habesht_0152	Shivhei-Habesht	supernatural	perception	supernatural:perception	none	no	no
Shivhei-Habesht_0152	Shivhei-Habesht	times	death	times:death	none	no	no
Shivhei-Habesht_0153	Shivhei-Habesht	characters-and-roles	angels	characters-and-roles:angels	none	no	no
Shivhei-Habesht_0153	Shivhei-Habesht	experience	revelation	experience:revelation	none	no	no
Shivhei-Habesht_0154	Shivhei-Habesht	social	relations_with_non_jews	social:relations_with_non_jews	minor	yes	yes
Shivhei-Habesht_0154	Shivhei-Habesht	supernatural	perception	supernatural:perception	minor	yes	yes
Shivhei-Habesht_0155	Shivhei-Habesht	practice	prayer	practice:prayer	none	no	no
Shivhei-Habesht_0155	Shivhei-Habesht	spaces	the_land_of_israel	spaces:the_land_of_israel	none	no	no
Shivhei-Habesht_0155	Shivhei-Habesht	supernatural	perception	supernatural:perception	none	no	no
Shivhei-Habesht_0155	Shivhei-Habesht	times	shabbat	times:shabbat	none	no	no
Shivhei-Habesht_0156	Shivhei-Habesht	practice	storytelling	practice:storytelling	none	no	no
Shivhei-Habesht_0157	Shivhei-Habesht	characters-and-roles	angels	characters-and-roles:angels	catalyst	yes	yes
Shivhei-Habesht_0157	Shivhei-Habesht	characters-and-roles	demons	characters-and-roles:demons	catalyst	yes	yes
Shivhei-Habesht_0157	Shivhei-Habesht	folkloristics	story_type_protection	folkloristics:story_type_protection	catalyst	yes	yes
Shivhei-Habesht_0157	Shivhei-Habesht	practice	protection	practice:protection	catalyst	yes	yes
Shivhei-Habesht_0157	Shivhei-Habesht	supernatural	communicating_with_the_invisible	supernatural:communicating_with_the_invisible	catalyst	yes	yes
Shivhei-Habesht_0158	Shivhei-Habesht	ethics-and-emotions	prohibitions	ethics-and-emotions:prohibitions	catalyst	yes	yes
Shivhei-Habesht_0158	Shivhei-Habesht	ethics-and-emotions	punishment	ethics-and-emotions:punishment	catalyst	yes	yes
Shivhei-Habesht_0158	Shivhei-Habesht	social	disobedience	social:disobedience	catalyst	yes	yes
Shivhei-Habesht_0159	Shivhei-Habesht	folkloristics	story_type_prognostication	folkloristics:story_type_prognostication	none	no	no
Shivhei-Habesht_0159	Shivhei-Habesht	supernatural	prognostication	supernatural:prognostication	none	no	no
Shivhei-Habesht_0160	Shivhei-Habesht	characters-and-roles	preacher	characters-and-roles:preacher	none	no	no
Shivhei-Habesht_0160	Shivhei-Habesht	practice	failure	practice:failure	none	no	no
Shivhei-Habesht_0160	Shivhei-Habesht	practice	prayer	practice:prayer	none	no	no
Shivhei-Habesht_0160	Shivhei-Habesht	social	conflict	social:conflict	none	no	no
Shivhei-Habesht_0160	Shivhei-Habesht	supernatural	communicating_with_the_invisible	supernatural:communicating_with_the_invisible	none	no	no
Shivhei-Habesht_0160	Shivhei-Habesht	supernatural	perception	supernatural:perception	none	no	no
Shivhei-Habesht_0161	Shivhei-Habesht	ethics-and-emotions	anger	ethics-and-emotions:anger	none	no	no
Shivhei-Habesht_0161	Shivhei-Habesht	ethics-and-emotions	sadness	ethics-and-emotions:sadness	none	no	no
Shivhei-Habesht_0161	Shivhei-Habesht	practice	prayer	practice:prayer	none	no	no
Shivhei-Habesht_0161	Shivhei-Habesht	practice	sermon	practice:sermon	none	no	no
Shivhei-Habesht_0161	Shivhei-Habesht	spaces	beth_midrash	spaces:beth_midrash	none	no	no
Shivhei-Habesht_0161	Shivhei-Habesht	supernatural	perception	supernatural:perception	none	no	no
Shivhei-Habesht_0161	Shivhei-Habesht	times	holidays	times:holidays	none	no	no
Shivhei-Habesht_0162	Shivhei-Habesht	social	inter_hasidic_master_disciple_relationship	social:inter_hasidic_master_disciple_relationship	none	no	no
Shivhei-Habesht_0163	Shivhei-Habesht	practice	circumcision	practice:circumcision	none	no	no
Shivhei-Habesht_0164	Shivhei-Habesht	kabbalah	kabbalistic_terms_kavvanot	kabbalah:kabbalistic_terms_kavvanot	mention_only	yes	no
Shivhei-Habesht_0164	Shivhei-Habesht	kabbalah	kabbalistic_terms_yihudim	kabbalah:kabbalistic_terms_yihudim	mention_only	yes	no
Shivhei-Habesht_0164	Shivhei-Habesht	practice	meditation	practice:meditation	mention_only	yes	no
Shivhei-Habesht_0164	Shivhei-Habesht	practice	pidyon_haben	practice:pidyon_haben	mention_only	yes	no
Shivhei-Habesht_0164	Shivhei-Habesht	practice	worship_through_corporeality	practice:worship_through_corporeality	mention_only	yes	no
Shivhei-Habesht_0165	Shivhei-Habesht	characters-and-roles	the_family_of_the_tsaddik	characters-and-roles:the_family_of_the_tsaddik	catalyst	yes	yes
Shivhei-Habesht_0165	Shivhei-Habesht	folkloristics	story_type_birth_of_the_tsaddik	folkloristics:story_type_birth_of_the_tsaddik	catalyst	yes	yes
Shivhei-Habesht_0165	Shivhei-Habesht	folkloristics	story_type_prognostication	folkloristics:story_type_prognostication	catalyst	yes	yes
Shivhei-Habesht_0165	Shivhei-Habesht	knowledge	practical_kabbalah	knowledge:practical_kabbalah	catalyst	yes	yes
Shivhei-Habesht_0165	Shivhei-Habesht	practice	healing	practice:healing	catalyst	yes	yes
Shivhei-Habesht_0165	Shivhei-Habesht	social	inter_hasidic_master_disciple_relationship	social:inter_hasidic_master_disciple_relationship	catalyst	yes	yes
Shivhei-Habesht_0165	Shivhei-Habesht	spaces	beth_midrash	spaces:beth_midrash	catalyst	yes	yes
Shivhei-Habesht_0165	Shivhei-Habesht	supernatural	perception	supernatural:perception	catalyst	yes	yes
Shivhei-Habesht_0165	Shivhei-Habesht	supernatural	pregnancy	supernatural:pregnancy	catalyst	yes	yes
Shivhei-Habesht_0165	Shivhei-Habesht	supernatural	prognostication	supernatural:prognostication	catalyst	yes	yes
Shivhei-Habesht_0165	Shivhei-Habesht	times	birth	times:birth	catalyst	yes	yes
Shivhei-Habesht_0165	Shivhei-Habesht	times	shabbat	times:shabbat	catalyst	yes	yes
Shivhei-Habesht_0166	Shivhei-Habesht	knowledge	esoteric	knowledge:esoteric	none	no	no
Shivhei-Habesht_0166	Shivhei-Habesht	social	inter_hasidic_master_disciple_relationship	social:inter_hasidic_master_disciple_relationship	none	no	no
Shivhei-Habesht_0167	Shivhei-Habesht	experience	visions	experience:visions	none	no	no
Shivhei-Habesht_0167	Shivhei-Habesht	practice	tvilah	practice:tvilah	none	no	no
Shivhei-Habesht_0167	Shivhei-Habesht	spaces	mikveh	spaces:mikveh	none	no	no
Shivhei-Habesht_0167	Shivhei-Habesht	supernatural	perception	supernatural:perception	none	no	no
Shivhei-Habesht_0168	Shivhei-Habesht	supernatural	perception	supernatural:perception	none	no	no
Shivhei-Habesht_0168	Shivhei-Habesht	times	death	times:death	none	no	no
Shivhei-Habesht_0169	Shivhei-Habesht	practice	prayer	practice:prayer	mention_only	yes	no
Shivhei-Habesht_0169	Shivhei-Habesht	social	inter_hasidic_master_disciple_relationship	social:inter_hasidic_master_disciple_relationship	mention_only	yes	no
Shivhei-Habesht_0170	Shivhei-Habesht	characters-and-roles	preacher	characters-and-roles:preacher	none	no	no
Shivhei-Habesht_0170	Shivhei-Habesht	characters-and-roles	ritual_slaughterer	characters-and-roles:ritual_slaughterer	none	no	no
Shivhei-Habesht_0170	Shivhei-Habesht	ethics-and-emotions	anger	ethics-and-emotions:anger	none	no	no
Shivhei-Habesht_0170	Shivhei-Habesht	ethics-and-emotions	lust	ethics-and-emotions:lust	none	no	no
Shivhei-Habesht_0170	Shivhei-Habesht	ethics-and-emotions	prohibitions	ethics-and-emotions:prohibitions	none	no	no
Shivhei-Habesht_0170	Shivhei-Habesht	ethics-and-emotions	punishment	ethics-and-emotions:punishment	none	no	no
Shivhei-Habesht_0170	Shivhei-Habesht	ethics-and-emotions	repentance	ethics-and-emotions:repentance	none	no	no
Shivhei-Habesht_0170	Shivhei-Habesht	ethics-and-emotions	shame	ethics-and-emotions:shame	none	no	no
Shivhei-Habesht_0170	Shivhei-Habesht	experience	dream	experience:dream	none	no	no
Shivhei-Habesht_0170	Shivhei-Habesht	practice	asceticism	practice:asceticism	none	no	no
Shivhei-Habesht_0170	Shivhei-Habesht	practice	fasting	practice:fasting	none	no	no
Shivhei-Habesht_0170	Shivhei-Habesht	practice	healing_of_the_soul	practice:healing_of_the_soul	none	no	no
Shivhei-Habesht_0170	Shivhei-Habesht	practice	sermon	practice:sermon	none	no	no
Shivhei-Habesht_0170	Shivhei-Habesht	practice	study	practice:study	none	no	no
Shivhei-Habesht_0170	Shivhei-Habesht	social	excommunication	social:excommunication	none	no	no
Shivhei-Habesht_0170	Shivhei-Habesht	social	retrospective_recognition	social:retrospective_recognition	none	no	no
Shivhei-Habesht_0170	Shivhei-Habesht	spaces	heaven	spaces:heaven	none	no	no
Shivhei-Habesht_0170	Shivhei-Habesht	spaces	hell	spaces:hell	none	no	no
Shivhei-Habesht_0170	Shivhei-Habesht	supernatural	communicating_with_the_invisible	supernatural:communicating_with_the_invisible	none	no	no
Shivhei-Habesht_0170	Shivhei-Habesht	supernatural	perception	supernatural:perception	none	no	no
Shivhei-Habesht_0170	Shivhei-Habesht	times	death	times:death	none	no	no
Shivhei-Habesht_0171	Shivhei-Habesht	folkloristics	story_type_protection	folkloristics:story_type_protection	mention_only	yes	no
Shivhei-Habesht_0171	Shivhei-Habesht	practice	protection	practice:protection	mention_only	yes	no
Shivhei-Habesht_0171	Shivhei-Habesht	supernatural	perception	supernatural:perception	mention_only	yes	no
Shivhei-Habesht_0171	Shivhei-Habesht	supernatural	prognostication	supernatural:prognostication	mention_only	yes	no
Shivhei-Habesht_0171	Shivhei-Habesht	times	historical_event	times:historical_event	mention_only	yes	no
Shivhei-Habesht_0171	Shivhei-Habesht	times	shabbat	times:shabbat	mention_only	yes	no
Shivhei-Habesht_0172	Shivhei-Habesht	characters-and-roles	ritual_slaughterer	characters-and-roles:ritual_slaughterer	major	yes	yes
Shivhei-Habesht_0172	Shivhei-Habesht	ethics-and-emotions	anger	ethics-and-emotions:anger	major	yes	yes
Shivhei-Habesht_0172	Shivhei-Habesht	ethics-and-emotions	fear	ethics-and-emotions:fear	major	yes	yes
Shivhei-Habesht_0172	Shivhei-Habesht	ethics-and-emotions	lying	ethics-and-emotions:lying	major	yes	yes
Shivhei-Habesht_0172	Shivhei-Habesht	ethics-and-emotions	punishment	ethics-and-emotions:punishment	major	yes	yes
Shivhei-Habesht_0172	Shivhei-Habesht	ethics-and-emotions	shame	ethics-and-emotions:shame	major	yes	yes
Shivhei-Habesht_0172	Shivhei-Habesht	experience	visions	experience:visions	major	yes	yes
Shivhei-Habesht_0172	Shivhei-Habesht	folkloristics	story_type_prognostication	folkloristics:story_type_prognostication	major	yes	yes
Shivhei-Habesht_0172	Shivhei-Habesht	practice	failure	practice:failure	major	yes	yes
Shivhei-Habesht_0172	Shivhei-Habesht	practice	prayer	practice:prayer	major	yes	yes
Shivhei-Habesht_0172	Shivhei-Habesht	practice	ritual_slaughtering	practice:ritual_slaughtering	major	yes	yes
Shivhei-Habesht_0172	Shivhei-Habesht	social	conflict	social:conflict	major	yes	yes
Shivhei-Habesht_0172	Shivhei-Habesht	social	marital_relationship	social:marital_relationship	major	yes	yes
Shivhei-Habesht_0172	Shivhei-Habesht	social	relations_with_non_hasidim	social:relations_with_non_hasidim	major	yes	yes
Shivhei-Habesht_0172	Shivhei-Habesht	social	relations_with_the_authorities	social:relations_with_the_authorities	major	yes	yes
Shivhei-Habesht_0172	Shivhei-Habesht	social	retrospective_recognition	social:retrospective_recognition	major	yes	yes
Shivhei-Habesht_0172	Shivhei-Habesht	spaces	the_land_of_israel	spaces:the_land_of_israel	major	yes	yes
Shivhei-Habesht_0172	Shivhei-Habesht	supernatural	contraction_of_the_road	supernatural:contraction_of_the_road	major	yes	yes
Shivhei-Habesht_0172	Shivhei-Habesht	supernatural	miracle	supernatural:miracle	major	yes	yes
Shivhei-Habesht_0172	Shivhei-Habesht	supernatural	perception	supernatural:perception	major	yes	yes
Shivhei-Habesht_0172	Shivhei-Habesht	supernatural	prognostication	supernatural:prognostication	major	yes	yes
Shivhei-Habesht_0173A	Shivhei-Habesht	folkloristics	story_type_prognostication	folkloristics:story_type_prognostication	mention_only	yes	no
Shivhei-Habesht_0173A	Shivhei-Habesht	practice	healing	practice:healing	mention_only	yes	no
Shivhei-Habesht_0173A	Shivhei-Habesht	practice	prayer	practice:prayer	mention_only	yes	no
Shivhei-Habesht_0173A	Shivhei-Habesht	supernatural	contraction_of_the_road	supernatural:contraction_of_the_road	mention_only	yes	no
Shivhei-Habesht_0173A	Shivhei-Habesht	supernatural	magic	supernatural:magic	mention_only	yes	no
Shivhei-Habesht_0173A	Shivhei-Habesht	supernatural	perception	supernatural:perception	mention_only	yes	no
Shivhei-Habesht_0173A	Shivhei-Habesht	supernatural	prognostication	supernatural:prognostication	mention_only	yes	no
Shivhei-Habesht_0173B	Shivhei-Habesht	ethics-and-emotions	fear	ethics-and-emotions:fear	major	yes	yes
Shivhei-Habesht_0173B	Shivhei-Habesht	folkloristics	story_type_prognostication	folkloristics:story_type_prognostication	major	yes	yes
Shivhei-Habesht_0173B	Shivhei-Habesht	social	conflict	social:conflict	major	yes	yes
Shivhei-Habesht_0173B	Shivhei-Habesht	social	relations_with_the_authorities	social:relations_with_the_authorities	major	yes	yes
Shivhei-Habesht_0173B	Shivhei-Habesht	supernatural	prognostication	supernatural:prognostication	major	yes	yes
Shivhei-Habesht_0174	Shivhei-Habesht	practice	prayer	practice:prayer	none	no	no
Shivhei-Habesht_0174	Shivhei-Habesht	practice	protection	practice:protection	none	no	no
Shivhei-Habesht_0174	Shivhei-Habesht	social	relations_with_non_jews	social:relations_with_non_jews	none	no	no
Shivhei-Habesht_0174	Shivhei-Habesht	supernatural	perception	supernatural:perception	none	no	no
Shivhei-Habesht_0175	Shivhei-Habesht	ethics-and-emotions	punishment	ethics-and-emotions:punishment	none	no	no
Shivhei-Habesht_0175	Shivhei-Habesht	knowledge	esoteric	knowledge:esoteric	none	no	no
Shivhei-Habesht_0175	Shivhei-Habesht	supernatural	perception	supernatural:perception	none	no	no
Shivhei-Habesht_0175	Shivhei-Habesht	supernatural	reincarnation	supernatural:reincarnation	none	no	no
Shivhei-Habesht_0176	Shivhei-Habesht	folkloristics	story_type_prognostication	folkloristics:story_type_prognostication	minor	yes	yes
Shivhei-Habesht_0176	Shivhei-Habesht	supernatural	light_or_fire_as_a_sign_of_righteousness	supernatural:light_or_fire_as_a_sign_of_righteousness	minor	yes	yes
Shivhei-Habesht_0176	Shivhei-Habesht	supernatural	perception	supernatural:perception	minor	yes	yes
Shivhei-Habesht_0176	Shivhei-Habesht	supernatural	prognostication	supernatural:prognostication	minor	yes	yes
Shivhei-Habesht_0177	Shivhei-Habesht	supernatural	perception	supernatural:perception	none	no	no
Shivhei-Habesht_0178	Shivhei-Habesht	practice	smoking	practice:smoking	none	no	no
Shivhei-Habesht_0178	Shivhei-Habesht	supernatural	perception	supernatural:perception	none	no	no
Shivhei-Habesht_0179	Shivhei-Habesht	ethics-and-emotions	sadness	ethics-and-emotions:sadness	none	no	no
Shivhei-Habesht_0179	Shivhei-Habesht	practice	prayer	practice:prayer	none	no	no
Shivhei-Habesht_0179	Shivhei-Habesht	social	inter_hasidic_master_disciple_relationship	social:inter_hasidic_master_disciple_relationship	none	no	no
Shivhei-Habesht_0179	Shivhei-Habesht	supernatural	perception	supernatural:perception	none	no	no
Shivhei-Habesht_0179	Shivhei-Habesht	times	holidays	times:holidays	none	no	no
Shivhei-Habesht_0180	Shivhei-Habesht	practice	protection	practice:protection	none	no	no
Shivhei-Habesht_0180	Shivhei-Habesht	social	relations_with_non_jews	social:relations_with_non_jews	none	no	no
Shivhei-Habesht_0180	Shivhei-Habesht	supernatural	perception	supernatural:perception	none	no	no
Shivhei-Habesht_0181	Shivhei-Habesht	ethics-and-emotions	awe	ethics-and-emotions:awe	none	no	no
Shivhei-Habesht_0181	Shivhei-Habesht	ethics-and-emotions	pride	ethics-and-emotions:pride	none	no	no
Shivhei-Habesht_0181	Shivhei-Habesht	ethics-and-emotions	prohibitions	ethics-and-emotions:prohibitions	none	no	no
Shivhei-Habesht_0181	Shivhei-Habesht	experience	revelation	experience:revelation	none	no	no
Shivhei-Habesht_0181	Shivhei-Habesht	folkloristics	story_type_prognostication	folkloristics:story_type_prognostication	none	no	no
Shivhei-Habesht_0181	Shivhei-Habesht	folkloristics	story_type_rapprochement	folkloristics:story_type_rapprochement	none	no	no
Shivhei-Habesht_0181	Shivhei-Habesht	practice	halakhah	practice:halakhah	none	no	no
Shivhei-Habesht_0181	Shivhei-Habesht	social	conflict	social:conflict	none	no	no
Shivhei-Habesht_0181	Shivhei-Habesht	social	relations_with_non_hasidim	social:relations_with_non_hasidim	none	no	no
Shivhei-Habesht_0181	Shivhei-Habesht	social	retrospective_recognition	social:retrospective_recognition	none	no	no
Shivhei-Habesht_0181	Shivhei-Habesht	supernatural	perception	supernatural:perception	none	no	no
Shivhei-Habesht_0181	Shivhei-Habesht	supernatural	prognostication	supernatural:prognostication	none	no	no
Shivhei-Habesht_0182	Shivhei-Habesht	characters-and-roles	the_family_of_the_tsaddik	characters-and-roles:the_family_of_the_tsaddik	major	yes	yes
Shivhei-Habesht_0182	Shivhei-Habesht	practice	dance	practice:dance	major	yes	yes
Shivhei-Habesht_0182	Shivhei-Habesht	supernatural	pregnancy	supernatural:pregnancy	major	yes	yes
Shivhei-Habesht_0182	Shivhei-Habesht	times	birth	times:birth	major	yes	yes
Shivhei-Habesht_0182	Shivhei-Habesht	times	holidays	times:holidays	major	yes	yes
Shivhei-Habesht_0183	Shivhei-Habesht	characters-and-roles	demons	characters-and-roles:demons	mention_only	yes	no
Shivhei-Habesht_0183	Shivhei-Habesht	ethics-and-emotions	sadness	ethics-and-emotions:sadness	mention_only	yes	no
Shivhei-Habesht_0183	Shivhei-Habesht	experience	revelation	experience:revelation	mention_only	yes	no
Shivhei-Habesht_0183	Shivhei-Habesht	folkloristics	story_type_prognostication	folkloristics:story_type_prognostication	mention_only	yes	no
Shivhei-Habesht_0183	Shivhei-Habesht	practice	lifesaving	practice:lifesaving	mention_only	yes	no
Shivhei-Habesht_0183	Shivhei-Habesht	supernatural	pregnancy	supernatural:pregnancy	mention_only	yes	no
Shivhei-Habesht_0183	Shivhei-Habesht	supernatural	prognostication	supernatural:prognostication	mention_only	yes	no
Shivhei-Habesht_0184	Shivhei-Habesht	ethics-and-emotions	joy	ethics-and-emotions:joy	mention_only	yes	no
Shivhei-Habesht_0184	Shivhei-Habesht	ethics-and-emotions	punishment	ethics-and-emotions:punishment	mention_only	yes	no
Shivhei-Habesht_0184	Shivhei-Habesht	experience	revelation	experience:revelation	mention_only	yes	no
Shivhei-Habesht_0184	Shivhei-Habesht	folkloristics	story_type_prognostication	folkloristics:story_type_prognostication	mention_only	yes	no
Shivhei-Habesht_0184	Shivhei-Habesht	folkloristics	story_type_rapprochement	folkloristics:story_type_rapprochement	mention_only	yes	no
Shivhei-Habesht_0184	Shivhei-Habesht	practice	business_advice	practice:business_advice	mention_only	yes	no
Shivhei-Habesht_0184	Shivhei-Habesht	practice	healing	practice:healing	mention_only	yes	no
Shivhei-Habesht_0184	Shivhei-Habesht	practice	music	practice:music	mention_only	yes	no
Shivhei-Habesht_0184	Shivhei-Habesht	social	disobedience	social:disobedience	mention_only	yes	no
Shivhei-Habesht_0184	Shivhei-Habesht	social	relations_with_non_hasidim	social:relations_with_non_hasidim	mention_only	yes	no
Shivhei-Habesht_0184	Shivhei-Habesht	social	relations_with_non_jews	social:relations_with_non_jews	mention_only	yes	no
Shivhei-Habesht_0184	Shivhei-Habesht	social	retrospective_recognition	social:retrospective_recognition	mention_only	yes	no
Shivhei-Habesht_0184	Shivhei-Habesht	supernatural	miracle	supernatural:miracle	mention_only	yes	no
Shivhei-Habesht_0184	Shivhei-Habesht	supernatural	perception	supernatural:perception	mention_only	yes	no
Shivhei-Habesht_0184	Shivhei-Habesht	supernatural	pregnancy	supernatural:pregnancy	mention_only	yes	no
Shivhei-Habesht_0184	Shivhei-Habesht	supernatural	prognostication	supernatural:prognostication	mention_only	yes	no
Shivhei-Habesht_0184	Shivhei-Habesht	times	birth	times:birth	mention_only	yes	no
Shivhei-Habesht_0184	Shivhei-Habesht	times	shabbat	times:shabbat	mention_only	yes	no
Shivhei-Habesht_0185	Shivhei-Habesht	folkloristics	story_type_rapprochement	folkloristics:story_type_rapprochement	minor	yes	yes
Shivhei-Habesht_0185	Shivhei-Habesht	practice	healing	practice:healing	minor	yes	yes
Shivhei-Habesht_0185	Shivhei-Habesht	practice	lifesaving	practice:lifesaving	minor	yes	yes
Shivhei-Habesht_0185	Shivhei-Habesht	practice	prayer	practice:prayer	minor	yes	yes
Shivhei-Habesht_0185	Shivhei-Habesht	practice	study	practice:study	minor	yes	yes
Shivhei-Habesht_0185	Shivhei-Habesht	social	conflict	social:conflict	minor	yes	yes
Shivhei-Habesht_0185	Shivhei-Habesht	social	relations_with_non_hasidim	social:relations_with_non_hasidim	minor	yes	yes
Shivhei-Habesht_0185	Shivhei-Habesht	times	shabbat	times:shabbat	minor	yes	yes
Shivhei-Habesht_0186	Shivhei-Habesht	ethics-and-emotions	humility	ethics-and-emotions:humility	none	no	no
Shivhei-Habesht_0186	Shivhei-Habesht	ethics-and-emotions	pride	ethics-and-emotions:pride	none	no	no
Shivhei-Habesht_0186	Shivhei-Habesht	social	inter_hasidic	social:inter_hasidic	none	no	no
Shivhei-Habesht_0186	Shivhei-Habesht	social	inter_hasidic_master_disciple_relationship	social:inter_hasidic_master_disciple_relationship	none	no	no
Shivhei-Habesht_0186	Shivhei-Habesht	supernatural	perception	supernatural:perception	none	no	no
Shivhei-Habesht_0187	Shivhei-Habesht	experience	journey_to_heaven	experience:journey_to_heaven	mention_only	yes	no
Shivhei-Habesht_0187	Shivhei-Habesht	practice	reception_of_hasidim	practice:reception_of_hasidim	mention_only	yes	no
Shivhei-Habesht_0187	Shivhei-Habesht	practice	sexual_abstinence	practice:sexual_abstinence	mention_only	yes	no
Shivhei-Habesht_0187	Shivhei-Habesht	social	inter_hasidic	social:inter_hasidic	mention_only	yes	no
Shivhei-Habesht_0187	Shivhei-Habesht	social	inter_hasidic_master_disciple_relationship	social:inter_hasidic_master_disciple_relationship	mention_only	yes	no
Shivhei-Habesht_0187	Shivhei-Habesht	social	marital_relationship	social:marital_relationship	mention_only	yes	no
Shivhei-Habesht_0187	Shivhei-Habesht	spaces	heaven	spaces:heaven	mention_only	yes	no
Shivhei-Habesht_0187	Shivhei-Habesht	supernatural	communicating_with_the_invisible	supernatural:communicating_with_the_invisible	mention_only	yes	no
Shivhei-Habesht_0187	Shivhei-Habesht	supernatural	perception	supernatural:perception	mention_only	yes	no
Shivhei-Habesht_0188	Shivhei-Habesht	folkloristics	story_type_advent	folkloristics:story_type_advent	none	no	no
Shivhei-Habesht_0188	Shivhei-Habesht	knowledge	esoteric	knowledge:esoteric	none	no	no
Shivhei-Habesht_0188	Shivhei-Habesht	social	inter_hasidic_master_disciple_relationship	social:inter_hasidic_master_disciple_relationship	none	no	no
Shivhei-Habesht_0188	Shivhei-Habesht	social	relations_with_non_hasidim	social:relations_with_non_hasidim	none	no	no
Shivhei-Habesht_0188	Shivhei-Habesht	social	retrospective_recognition	social:retrospective_recognition	none	no	no
Shivhei-Habesht_0188	Shivhei-Habesht	supernatural	perception	supernatural:perception	none	no	no
Shivhei-Habesht_0188	Shivhei-Habesht	supernatural	reincarnation	supernatural:reincarnation	none	no	no
Shivhei-Habesht_0189	Shivhei-Habesht	ethics-and-emotions	joy	ethics-and-emotions:joy	none	no	no
Shivhei-Habesht_0189	Shivhei-Habesht	ethics-and-emotions	shame	ethics-and-emotions:shame	none	no	no
Shivhei-Habesht_0189	Shivhei-Habesht	social	inter_hasidic_master_disciple_relationship	social:inter_hasidic_master_disciple_relationship	none	no	no
Shivhei-Habesht_0189	Shivhei-Habesht	supernatural	magic	supernatural:magic	none	no	no
Shivhei-Habesht_0189	Shivhei-Habesht	supernatural	perception	supernatural:perception	none	no	no
Shivhei-Habesht_0189	Shivhei-Habesht	times	shabbat	times:shabbat	none	no	no
Shivhei-Habesht_0190	Shivhei-Habesht	practice	storytelling	practice:storytelling	none	no	no
Shivhei-Habesht_0190	Shivhei-Habesht	social	conflict	social:conflict	none	no	no
Shivhei-Habesht_0190	Shivhei-Habesht	social	inter_hasidic_conflict_between_tsaddikim	social:inter_hasidic_conflict_between_tsaddikim	none	no	no
Shivhei-Habesht_0190	Shivhei-Habesht	social	inter_hasidic_master_disciple_relationship	social:inter_hasidic_master_disciple_relationship	none	no	no
Shivhei-Habesht_0190	Shivhei-Habesht	social	relations_with_non_hasidim	social:relations_with_non_hasidim	none	no	no
Shivhei-Habesht_0191	Shivhei-Habesht	ethics-and-emotions	anger	ethics-and-emotions:anger	minor	yes	yes
Shivhei-Habesht_0191	Shivhei-Habesht	ethics-and-emotions	punishment	ethics-and-emotions:punishment	minor	yes	yes
Shivhei-Habesht_0191	Shivhei-Habesht	knowledge	esoteric	knowledge:esoteric	minor	yes	yes
Shivhei-Habesht_0191	Shivhei-Habesht	practice	healing	practice:healing	minor	yes	yes
Shivhei-Habesht_0191	Shivhei-Habesht	practice	use_of_holy_names	practice:use_of_holy_names	minor	yes	yes
Shivhei-Habesht_0191	Shivhei-Habesht	social	conflict	social:conflict	minor	yes	yes
Shivhei-Habesht_0191	Shivhei-Habesht	social	relations_with_non_hasidim	social:relations_with_non_hasidim	minor	yes	yes
Shivhei-Habesht_0192	Shivhei-Habesht	ethics-and-emotions	fear	ethics-and-emotions:fear	catalyst	yes	yes
Shivhei-Habesht_0192	Shivhei-Habesht	ethics-and-emotions	pride	ethics-and-emotions:pride	catalyst	yes	yes
Shivhei-Habesht_0192	Shivhei-Habesht	ethics-and-emotions	punishment	ethics-and-emotions:punishment	catalyst	yes	yes
Shivhei-Habesht_0192	Shivhei-Habesht	folkloristics	story_type_protection	folkloristics:story_type_protection	catalyst	yes	yes
Shivhei-Habesht_0192	Shivhei-Habesht	practice	healing	practice:healing	catalyst	yes	yes
Shivhei-Habesht_0192	Shivhei-Habesht	social	conflict	social:conflict	catalyst	yes	yes
Shivhei-Habesht_0192	Shivhei-Habesht	social	relations_with_non_jews	social:relations_with_non_jews	catalyst	yes	yes
Shivhei-Habesht_0192	Shivhei-Habesht	social	relations_with_the_authorities	social:relations_with_the_authorities	catalyst	yes	yes
Shivhei-Habesht_0192	Shivhei-Habesht	supernatural	magic	supernatural:magic	catalyst	yes	yes
Shivhei-Habesht_0192	Shivhei-Habesht	supernatural	miracle	supernatural:miracle	catalyst	yes	yes
Shivhei-Habesht_0192	Shivhei-Habesht	supernatural	perception	supernatural:perception	catalyst	yes	yes
Shivhei-Habesht_0192	Shivhei-Habesht	supernatural	prognostication	supernatural:prognostication	catalyst	yes	yes
Shivhei-Habesht_0193	Shivhei-Habesht	ethics-and-emotions	anger	ethics-and-emotions:anger	minor	yes	yes
Shivhei-Habesht_0193	Shivhei-Habesht	ethics-and-emotions	prohibitions	ethics-and-emotions:prohibitions	minor	yes	yes
Shivhei-Habesht_0193	Shivhei-Habesht	ethics-and-emotions	punishment	ethics-and-emotions:punishment	minor	yes	yes
Shivhei-Habesht_0193	Shivhei-Habesht	ethics-and-emotions	repentance	ethics-and-emotions:repentance	minor	yes	yes
Shivhei-Habesht_0193	Shivhei-Habesht	ethics-and-emotions	shame	ethics-and-emotions:shame	minor	yes	yes
Shivhei-Habesht_0193	Shivhei-Habesht	ethics-and-emotions	virtues	ethics-and-emotions:virtues	minor	yes	yes
Shivhei-Habesht_0193	Shivhei-Habesht	experience	revelation	experience:revelation	minor	yes	yes
Shivhei-Habesht_0193	Shivhei-Habesht	practice	fasting	practice:fasting	minor	yes	yes
Shivhei-Habesht_0193	Shivhei-Habesht	social	disobedience	social:disobedience	minor	yes	yes
Shivhei-Habesht_0193	Shivhei-Habesht	social	relations_with_sinners	social:relations_with_sinners	minor	yes	yes
Shivhei-Habesht_0193	Shivhei-Habesht	social	retrospective_recognition	social:retrospective_recognition	minor	yes	yes
Shivhei-Habesht_0193	Shivhei-Habesht	supernatural	perception	supernatural:perception	minor	yes	yes
Shivhei-Habesht_0193	Shivhei-Habesht	supernatural	prognostication	supernatural:prognostication	minor	yes	yes
Shivhei-Habesht_0193	Shivhei-Habesht	times	death	times:death	minor	yes	yes
Shivhei-Habesht_0194	Shivhei-Habesht	ethics-and-emotions	charity	ethics-and-emotions:charity	catalyst	yes	yes
Shivhei-Habesht_0194	Shivhei-Habesht	practice	sermon	practice:sermon	catalyst	yes	yes
Shivhei-Habesht_0194	Shivhei-Habesht	supernatural	perception	supernatural:perception	catalyst	yes	yes
Shivhei-Habesht_0194	Shivhei-Habesht	supernatural	prognostication	supernatural:prognostication	catalyst	yes	yes
Shivhei-Habesht_0195	Shivhei-Habesht	folkloristics	story_type_protection	folkloristics:story_type_protection	mention_only	yes	no
Shivhei-Habesht_0195	Shivhei-Habesht	practice	protection	practice:protection	mention_only	yes	no
Shivhei-Habesht_0195	Shivhei-Habesht	social	relations_with_non_jews	social:relations_with_non_jews	mention_only	yes	no
Shivhei-Habesht_0195	Shivhei-Habesht	supernatural	perception	supernatural:perception	mention_only	yes	no
Shivhei-Habesht_0195	Shivhei-Habesht	times	holidays	times:holidays	mention_only	yes	no
Shivhei-Habesht_0196	Shivhei-Habesht	practice	prayer	practice:prayer	none	no	no
Shivhei-Habesht_0196	Shivhei-Habesht	practice	protection	practice:protection	none	no	no
Shivhei-Habesht_0196	Shivhei-Habesht	social	relations_with_non_jews	social:relations_with_non_jews	none	no	no
Shivhei-Habesht_0196	Shivhei-Habesht	supernatural	perception	supernatural:perception	none	no	no
Shivhei-Habesht_0197	Shivhei-Habesht	ethics-and-emotions	awe	ethics-and-emotions:awe	none	no	no
Shivhei-Habesht_0197	Shivhei-Habesht	ethics-and-emotions	fear	ethics-and-emotions:fear	none	no	no
Shivhei-Habesht_0197	Shivhei-Habesht	experience	devekut	experience:devekut	none	no	no
Shivhei-Habesht_0197	Shivhei-Habesht	experience	enthusiasm	experience:enthusiasm	none	no	no
Shivhei-Habesht_0197	Shivhei-Habesht	experience	revelation	experience:revelation	none	no	no
Shivhei-Habesht_0197	Shivhei-Habesht	experience	visions	experience:visions	none	no	no
Shivhei-Habesht_0197	Shivhei-Habesht	folkloristics	story_type_virtues	folkloristics:story_type_virtues	none	no	no
Shivhei-Habesht_0197	Shivhei-Habesht	kabbalah		kabbalah	none	no	no
Shivhei-Habesht_0197	Shivhei-Habesht	kabbalah	kabbalistic_terms_kavvanot	kabbalah:kabbalistic_terms_kavvanot	none	no	no
Shivhei-Habesht_0197	Shivhei-Habesht	kabbalah	kabbalistic_terms_yihudim	kabbalah:kabbalistic_terms_yihudim	none	no	no
Shivhei-Habesht_0197	Shivhei-Habesht	knowledge	esoteric	knowledge:esoteric	none	no	no
Shivhei-Habesht_0197	Shivhei-Habesht	practice	meditation	practice:meditation	none	no	no
Shivhei-Habesht_0197	Shivhei-Habesht	practice	use_of_holy_names	practice:use_of_holy_names	none	no	no
Shivhei-Habesht_0197	Shivhei-Habesht	social	inter_hasidic_master_disciple_relationship	social:inter_hasidic_master_disciple_relationship	none	no	no
Shivhei-Habesht_0197	Shivhei-Habesht	supernatural	light_or_fire_as_a_sign_of_righteousness	supernatural:light_or_fire_as_a_sign_of_righteousness	none	no	no
Shivhei-Habesht_0197	Shivhei-Habesht	supernatural	miracle	supernatural:miracle	none	no	no
Shivhei-Habesht_0197	Shivhei-Habesht	supernatural	perception	supernatural:perception	none	no	no
Shivhei-Habesht_0198	Shivhei-Habesht	ethics-and-emotions	adultery	ethics-and-emotions:adultery	catalyst	yes	yes
Shivhei-Habesht_0198	Shivhei-Habesht	ethics-and-emotions	anger	ethics-and-emotions:anger	catalyst	yes	yes
Shivhei-Habesht_0198	Shivhei-Habesht	ethics-and-emotions	lust	ethics-and-emotions:lust	catalyst	yes	yes
Shivhei-Habesht_0198	Shivhei-Habesht	ethics-and-emotions	lying	ethics-and-emotions:lying	catalyst	yes	yes
Shivhei-Habesht_0198	Shivhei-Habesht	ethics-and-emotions	repentance	ethics-and-emotions:repentance	catalyst	yes	yes
Shivhei-Habesht_0198	Shivhei-Habesht	experience	dream	experience:dream	catalyst	yes	yes
Shivhei-Habesht_0198	Shivhei-Habesht	experience	revelation	experience:revelation	catalyst	yes	yes
Shivhei-Habesht_0198	Shivhei-Habesht	folkloristics	story_type_protection	folkloristics:story_type_protection	catalyst	yes	yes
Shivhei-Habesht_0198	Shivhei-Habesht	folkloristics	story_type_virtues	folkloristics:story_type_virtues	catalyst	yes	yes
Shivhei-Habesht_0198	Shivhei-Habesht	practice	pidyon_nefesh	practice:pidyon_nefesh	catalyst	yes	yes
Shivhei-Habesht_0198	Shivhei-Habesht	practice	smoking	practice:smoking	catalyst	yes	yes
Shivhei-Habesht_0198	Shivhei-Habesht	social	conflict	social:conflict	catalyst	yes	yes
Shivhei-Habesht_0198	Shivhei-Habesht	social	converts_and_conversion	social:converts_and_conversion	catalyst	yes	yes
Shivhei-Habesht_0198	Shivhei-Habesht	social	marriage	social:marriage	catalyst	yes	yes
Shivhei-Habesht_0198	Shivhei-Habesht	social	relations_with_non_jews	social:relations_with_non_jews	catalyst	yes	yes
Shivhei-Habesht_0198	Shivhei-Habesht	social	relations_with_sinners	social:relations_with_sinners	catalyst	yes	yes
Shivhei-Habesht_0198	Shivhei-Habesht	social	retrospective_recognition	social:retrospective_recognition	catalyst	yes	yes
Shivhei-Habesht_0198	Shivhei-Habesht	supernatural	communicating_with_the_invisible	supernatural:communicating_with_the_invisible	catalyst	yes	yes
Shivhei-Habesht_0198	Shivhei-Habesht	supernatural	contraction_of_the_road	supernatural:contraction_of_the_road	catalyst	yes	yes
Shivhei-Habesht_0198	Shivhei-Habesht	supernatural	miracle	supernatural:miracle	catalyst	yes	yes
Shivhei-Habesht_0198	Shivhei-Habesht	supernatural	perception	supernatural:perception	catalyst	yes	yes
Shivhei-Habesht_0199	Shivhei-Habesht	ethics-and-emotions	lust	ethics-and-emotions:lust	mention_only	yes	no
Shivhei-Habesht_0199	Shivhei-Habesht	ethics-and-emotions	prohibitions	ethics-and-emotions:prohibitions	mention_only	yes	no
Shivhei-Habesht_0199	Shivhei-Habesht	folkloristics	story_type_protection	folkloristics:story_type_protection	mention_only	yes	no
Shivhei-Habesht_0199	Shivhei-Habesht	knowledge	practical_kabbalah	knowledge:practical_kabbalah	mention_only	yes	no
Shivhei-Habesht_0199	Shivhei-Habesht	practice	prayer	practice:prayer	mention_only	yes	no
Shivhei-Habesht_0199	Shivhei-Habesht	practice	protection	practice:protection	mention_only	yes	no
Shivhei-Habesht_0199	Shivhei-Habesht	social	conflict	social:conflict	mention_only	yes	no
Shivhei-Habesht_0199	Shivhei-Habesht	social	relations_with_non_jews	social:relations_with_non_jews	mention_only	yes	no
Shivhei-Habesht_0199	Shivhei-Habesht	spaces	beth_midrash	spaces:beth_midrash	mention_only	yes	no
Shivhei-Habesht_0199	Shivhei-Habesht	supernatural	perception	supernatural:perception	mention_only	yes	no
Shivhei-Habesht_0199	Shivhei-Habesht	times	holidays	times:holidays	mention_only	yes	no
Shivhei-Habesht_0200	Shivhei-Habesht	ethics-and-emotions	fear	ethics-and-emotions:fear	none	no	no
Shivhei-Habesht_0200	Shivhei-Habesht	experience	visions	experience:visions	none	no	no
Shivhei-Habesht_0200	Shivhei-Habesht	social	inter_hasidic_master_disciple_relationship	social:inter_hasidic_master_disciple_relationship	none	no	no
Shivhei-Habesht_0200	Shivhei-Habesht	supernatural	perception	supernatural:perception	none	no	no
Shivhei-Habesht_0200	Shivhei-Habesht	times	holidays	times:holidays	none	no	no
Shivhei-Habesht_0201	Shivhei-Habesht	experience	dream	experience:dream	none	no	no
Shivhei-Habesht_0201	Shivhei-Habesht	experience	revelation	experience:revelation	none	no	no
Shivhei-Habesht_0201	Shivhei-Habesht	social	inter_hasidic_master_disciple_relationship	social:inter_hasidic_master_disciple_relationship	none	no	no
Shivhei-Habesht_0201	Shivhei-Habesht	supernatural	perception	supernatural:perception	none	no	no
Shivhei-Habesht_0202	Shivhei-Habesht	ethics-and-emotions	awe	ethics-and-emotions:awe	none	no	no
Shivhei-Habesht_0202	Shivhei-Habesht	ethics-and-emotions	fear	ethics-and-emotions:fear	none	no	no
Shivhei-Habesht_0202	Shivhei-Habesht	practice	drinking_alcohol	practice:drinking_alcohol	none	no	no
Shivhei-Habesht_0203	Shivhei-Habesht	ethics-and-emotions	lying	ethics-and-emotions:lying	none	no	no
Shivhei-Habesht_0203	Shivhei-Habesht	ethics-and-emotions	pride	ethics-and-emotions:pride	none	no	no
Shivhei-Habesht_0203	Shivhei-Habesht	experience	revelation	experience:revelation	none	no	no
Shivhei-Habesht_0203	Shivhei-Habesht	folkloristics	story_type_prognostication	folkloristics:story_type_prognostication	none	no	no
Shivhei-Habesht_0203	Shivhei-Habesht	folkloristics	story_type_rapprochement	folkloristics:story_type_rapprochement	none	no	no
Shivhei-Habesht_0203	Shivhei-Habesht	folkloristics	story_type_virtues	folkloristics:story_type_virtues	none	no	no
Shivhei-Habesht_0203	Shivhei-Habesht	kabbalah	kabbalistic_terms_kavvanot	kabbalah:kabbalistic_terms_kavvanot	none	no	no
Shivhei-Habesht_0203	Shivhei-Habesht	kabbalah	kabbalistic_terms_yihudim	kabbalah:kabbalistic_terms_yihudim	none	no	no
Shivhei-Habesht_0203	Shivhei-Habesht	knowledge	esoteric	knowledge:esoteric	none	no	no
Shivhei-Habesht_0203	Shivhei-Habesht	practice	asceticism	practice:asceticism	none	no	no
Shivhei-Habesht_0203	Shivhei-Habesht	practice	coping_with_alien_thoughts	practice:coping_with_alien_thoughts	none	no	no
Shivhei-Habesht_0203	Shivhei-Habesht	practice	fasting	practice:fasting	none	no	no
Shivhei-Habesht_0203	Shivhei-Habesht	practice	prayer	practice:prayer	none	no	no
Shivhei-Habesht_0203	Shivhei-Habesht	social	inter_hasidic_master_disciple_relationship	social:inter_hasidic_master_disciple_relationship	none	no	no
Shivhei-Habesht_0203	Shivhei-Habesht	social	relations_with_non_hasidim	social:relations_with_non_hasidim	none	no	no
Shivhei-Habesht_0203	Shivhei-Habesht	social	retrospective_recognition	social:retrospective_recognition	none	no	no
Shivhei-Habesht_0203	Shivhei-Habesht	supernatural	communicating_with_the_invisible	supernatural:communicating_with_the_invisible	none	no	no
Shivhei-Habesht_0203	Shivhei-Habesht	supernatural	perception	supernatural:perception	none	no	no
Shivhei-Habesht_0203	Shivhei-Habesht	supernatural	prognostication	supernatural:prognostication	none	no	no
Shivhei-Habesht_0204	Shivhei-Habesht	ethics-and-emotions	anger	ethics-and-emotions:anger	mention_only	yes	no
Shivhei-Habesht_0204	Shivhei-Habesht	practice	circumcision	practice:circumcision	mention_only	yes	no
Shivhei-Habesht_0204	Shivhei-Habesht	practice	healing	practice:healing	mention_only	yes	no
Shivhei-Habesht_0204	Shivhei-Habesht	practice	lifesaving	practice:lifesaving	mention_only	yes	no
Shivhei-Habesht_0204	Shivhei-Habesht	supernatural	magic	supernatural:magic	mention_only	yes	no
Shivhei-Habesht_0204	Shivhei-Habesht	supernatural	miracle	supernatural:miracle	mention_only	yes	no
Shivhei-Habesht_0204	Shivhei-Habesht	supernatural	pregnancy	supernatural:pregnancy	mention_only	yes	no
Shivhei-Habesht_0204	Shivhei-Habesht	supernatural	prognostication	supernatural:prognostication	mention_only	yes	no
Shivhei-Habesht_0205	Shivhei-Habesht	ethics-and-emotions	shame	ethics-and-emotions:shame	minor	yes	yes
Shivhei-Habesht_0205	Shivhei-Habesht	knowledge	esoteric	knowledge:esoteric	minor	yes	yes
Shivhei-Habesht_0205	Shivhei-Habesht	practice	healing	practice:healing	minor	yes	yes
Shivhei-Habesht_0205	Shivhei-Habesht	social	competition	social:competition	minor	yes	yes
Shivhei-Habesht_0205	Shivhei-Habesht	social	conflict	social:conflict	minor	yes	yes
Shivhei-Habesht_0205	Shivhei-Habesht	social	relations_with_non_jews	social:relations_with_non_jews	minor	yes	yes
Shivhei-Habesht_0205	Shivhei-Habesht	social	relations_with_the_authorities	social:relations_with_the_authorities	minor	yes	yes
Shivhei-Habesht_0205	Shivhei-Habesht	supernatural	perception	supernatural:perception	minor	yes	yes
Shivhei-Habesht_0206	Shivhei-Habesht	characters-and-roles	demons	characters-and-roles:demons	minor	yes	yes
Shivhei-Habesht_0206	Shivhei-Habesht	characters-and-roles	ritual_slaughterer	characters-and-roles:ritual_slaughterer	minor	yes	yes
Shivhei-Habesht_0206	Shivhei-Habesht	ethics-and-emotions	prohibitions	ethics-and-emotions:prohibitions	minor	yes	yes
Shivhei-Habesht_0206	Shivhei-Habesht	ethics-and-emotions	repentance	ethics-and-emotions:repentance	minor	yes	yes
Shivhei-Habesht_0206	Shivhei-Habesht	practice	prayer	practice:prayer	minor	yes	yes
Shivhei-Habesht_0206	Shivhei-Habesht	practice	ritual_slaughtering	practice:ritual_slaughtering	minor	yes	yes
Shivhei-Habesht_0206	Shivhei-Habesht	supernatural	magic	supernatural:magic	minor	yes	yes
Shivhei-Habesht_0206	Shivhei-Habesht	supernatural	perception	supernatural:perception	minor	yes	yes
Shivhei-Habesht_0206	Shivhei-Habesht	times	shabbat	times:shabbat	minor	yes	yes
Shivhei-Habesht_0207	Shivhei-Habesht	characters-and-roles	angels	characters-and-roles:angels	minor	yes	yes
Shivhei-Habesht_0207	Shivhei-Habesht	experience	revelation	experience:revelation	minor	yes	yes
Shivhei-Habesht_0207	Shivhei-Habesht	experience	visions	experience:visions	minor	yes	yes
Shivhei-Habesht_0207	Shivhei-Habesht	folkloristics	story_type_death_of_the_tsaddik	folkloristics:story_type_death_of_the_tsaddik	minor	yes	yes
Shivhei-Habesht_0207	Shivhei-Habesht	folkloristics	story_type_prognostication	folkloristics:story_type_prognostication	minor	yes	yes
Shivhei-Habesht_0207	Shivhei-Habesht	kabbalah	kabbalistic_terms_kavvanot	kabbalah:kabbalistic_terms_kavvanot	minor	yes	yes
Shivhei-Habesht_0207	Shivhei-Habesht	knowledge	esoteric	knowledge:esoteric	minor	yes	yes
Shivhei-Habesht_0207	Shivhei-Habesht	knowledge	practical_kabbalah	knowledge:practical_kabbalah	minor	yes	yes
Shivhei-Habesht_0207	Shivhei-Habesht	practice	meditation	practice:meditation	minor	yes	yes
Shivhei-Habesht_0207	Shivhei-Habesht	practice	prayer	practice:prayer	minor	yes	yes
Shivhei-Habesht_0207	Shivhei-Habesht	practice	sermon	practice:sermon	minor	yes	yes
Shivhei-Habesht_0207	Shivhei-Habesht	practice	study	practice:study	minor	yes	yes
Shivhei-Habesht_0207	Shivhei-Habesht	social	conflict	social:conflict	minor	yes	yes
Shivhei-Habesht_0207	Shivhei-Habesht	social	inter_hasidic_master_disciple_relationship	social:inter_hasidic_master_disciple_relationship	minor	yes	yes
Shivhei-Habesht_0207	Shivhei-Habesht	spaces	heaven	spaces:heaven	minor	yes	yes
Shivhei-Habesht_0207	Shivhei-Habesht	spaces	mikveh	spaces:mikveh	minor	yes	yes
Shivhei-Habesht_0207	Shivhei-Habesht	supernatural	communicating_with_the_invisible	supernatural:communicating_with_the_invisible	minor	yes	yes
Shivhei-Habesht_0207	Shivhei-Habesht	supernatural	light_or_fire_as_a_sign_of_righteousness	supernatural:light_or_fire_as_a_sign_of_righteousness	minor	yes	yes
Shivhei-Habesht_0207	Shivhei-Habesht	supernatural	perception	supernatural:perception	minor	yes	yes
Shivhei-Habesht_0207	Shivhei-Habesht	supernatural	prognostication	supernatural:prognostication	minor	yes	yes
Shivhei-Habesht_0207	Shivhei-Habesht	times	death	times:death	minor	yes	yes
Shivhei-Habesht_0207	Shivhei-Habesht	times	historical_event	times:historical_event	minor	yes	yes
Shivhei-Habesht_0207	Shivhei-Habesht	times	holidays	times:holidays	minor	yes	yes
Shivhei-Habesht_0208	Shivhei-Habesht	characters-and-roles	the_family_of_the_tsaddik	characters-and-roles:the_family_of_the_tsaddik	mention_only	yes	no
Shivhei-Habesht_0208	Shivhei-Habesht	ethics-and-emotions	sadness	ethics-and-emotions:sadness	mention_only	yes	no
Shivhei-Habesht_0208	Shivhei-Habesht	folkloristics	story_type_death_of_the_tsaddik	folkloristics:story_type_death_of_the_tsaddik	mention_only	yes	no
Shivhei-Habesht_0208	Shivhei-Habesht	kabbalah	kabbalistic_terms_kavvanot	kabbalah:kabbalistic_terms_kavvanot	mention_only	yes	no
Shivhei-Habesht_0208	Shivhei-Habesht	knowledge	esoteric	knowledge:esoteric	mention_only	yes	no
Shivhei-Habesht_0208	Shivhei-Habesht	practice	asceticism	practice:asceticism	mention_only	yes	no
Shivhei-Habesht_0208	Shivhei-Habesht	practice	sexual_abstinence	practice:sexual_abstinence	mention_only	yes	no
Shivhei-Habesht_0208	Shivhei-Habesht	practice	study	practice:study	mention_only	yes	no
Shivhei-Habesht_0208	Shivhei-Habesht	practice	use_of_holy_names	practice:use_of_holy_names	mention_only	yes	no
Shivhei-Habesht_0208	Shivhei-Habesht	social	marital_relationship	social:marital_relationship	mention_only	yes	no
Shivhei-Habesht_0208	Shivhei-Habesht	supernatural	perception	supernatural:perception	mention_only	yes	no
Shivhei-Habesht_0208	Shivhei-Habesht	supernatural	pregnancy	supernatural:pregnancy	mention_only	yes	no
Shivhei-Habesht_0208	Shivhei-Habesht	times	death	times:death	mention_only	yes	no
Shivhei-Habesht_0209	Shivhei-Habesht	ethics-and-emotions	punishment	ethics-and-emotions:punishment	none	no	no
Shivhei-Habesht_0209	Shivhei-Habesht	ethics-and-emotions	sadness	ethics-and-emotions:sadness	none	no	no
Shivhei-Habesht_0209	Shivhei-Habesht	knowledge	esoteric	knowledge:esoteric	none	no	no
Shivhei-Habesht_0209	Shivhei-Habesht	practice	prayer	practice:prayer	none	no	no
Shivhei-Habesht_0209	Shivhei-Habesht	practice	sermon	practice:sermon	none	no	no
Shivhei-Habesht_0209	Shivhei-Habesht	practice	travel_to_the_tsaddik	practice:travel_to_the_tsaddik	none	no	no
Shivhei-Habesht_0209	Shivhei-Habesht	practice	tvilah	practice:tvilah	none	no	no
Shivhei-Habesht_0209	Shivhei-Habesht	social	inter_hasidic_master_disciple_relationship	social:inter_hasidic_master_disciple_relationship	none	no	no
Shivhei-Habesht_0209	Shivhei-Habesht	supernatural	perception	supernatural:perception	none	no	no
Shivhei-Habesht_0209	Shivhei-Habesht	supernatural	reincarnation	supernatural:reincarnation	none	no	no
Shivhei-Habesht_0209	Shivhei-Habesht	times	shabbat	times:shabbat	none	no	no
Shivhei-Habesht_0210	Shivhei-Habesht	characters-and-roles	angels	characters-and-roles:angels	none	no	no
Shivhei-Habesht_0210	Shivhei-Habesht	characters-and-roles	the_family_of_the_tsaddik	characters-and-roles:the_family_of_the_tsaddik	none	no	no
Shivhei-Habesht_0210	Shivhei-Habesht	ethics-and-emotions	fear	ethics-and-emotions:fear	none	no	no
Shivhei-Habesht_0210	Shivhei-Habesht	experience	journey_to_heaven	experience:journey_to_heaven	none	no	no
Shivhei-Habesht_0210	Shivhei-Habesht	experience	revelation	experience:revelation	none	no	no
Shivhei-Habesht_0210	Shivhei-Habesht	experience	visions	experience:visions	none	no	no
Shivhei-Habesht_0210	Shivhei-Habesht	folkloristics	story_type_protection	folkloristics:story_type_protection	none	no	no
Shivhei-Habesht_0210	Shivhei-Habesht	practice	lifesaving	practice:lifesaving	none	no	no
Shivhei-Habesht_0210	Shivhei-Habesht	social	inter_hasidic_master_disciple_relationship	social:inter_hasidic_master_disciple_relationship	none	no	no
Shivhei-Habesht_0210	Shivhei-Habesht	social	relations_with_non_hasidim	social:relations_with_non_hasidim	none	no	no
Shivhei-Habesht_0210	Shivhei-Habesht	spaces	heaven	spaces:heaven	none	no	no
Shivhei-Habesht_0210	Shivhei-Habesht	supernatural	communicating_with_the_invisible	supernatural:communicating_with_the_invisible	none	no	no
Shivhei-Habesht_0210	Shivhei-Habesht	supernatural	magic	supernatural:magic	none	no	no
Shivhei-Habesht_0210	Shivhei-Habesht	supernatural	miracle	supernatural:miracle	none	no	no
Shivhei-Habesht_0210	Shivhei-Habesht	supernatural	perception	supernatural:perception	none	no	no
Shivhei-Habesht_0210	Shivhei-Habesht	supernatural	reincarnation	supernatural:reincarnation	none	no	no
Shivhei-Habesht_0210	Shivhei-Habesht	times	death	times:death	none	no	no
Shivhei-Harav_0001	Shivhei-Harav	characters-and-roles	the_family_of_the_tsaddik	characters-and-roles:the_family_of_the_tsaddik	minor	yes	yes
Shivhei-Harav_0001	Shivhei-Harav	ethics-and-emotions	lying	ethics-and-emotions:lying	minor	yes	yes
Shivhei-Harav_0001	Shivhei-Harav	experience	enthusiasm	experience:enthusiasm	minor	yes	yes
Shivhei-Harav_0001	Shivhei-Harav	practice	dance	practice:dance	minor	yes	yes
Shivhei-Harav_0001	Shivhei-Harav	practice	prayer	practice:prayer	minor	yes	yes
Shivhei-Harav_0001	Shivhei-Harav	practice	recitation_of_psalms	practice:recitation_of_psalms	minor	yes	yes
Shivhei-Harav_0001	Shivhei-Harav	practice	study	practice:study	minor	yes	yes
Shivhei-Harav_0001	Shivhei-Harav	practice	travel_to_the_tsaddik	practice:travel_to_the_tsaddik	minor	yes	yes
Shivhei-Harav_0001	Shivhei-Harav	social	conflict	social:conflict	minor	yes	yes
Shivhei-Harav_0001	Shivhei-Harav	social	inter_hasidic	social:inter_hasidic	minor	yes	yes
Shivhei-Harav_0001	Shivhei-Harav	social	poverty	social:poverty	minor	yes	yes
Shivhei-Harav_0001	Shivhei-Harav	social	relations_with_non_hasidim	social:relations_with_non_hasidim	minor	yes	yes
Shivhei-Harav_0001	Shivhei-Harav	times	birth	times:birth	minor	yes	yes
Shivhei-Harav_0002	Shivhei-Harav	ethics-and-emotions	lying	ethics-and-emotions:lying	none	no	no
Shivhei-Harav_0002	Shivhei-Harav	practice	prayer	practice:prayer	none	no	no
Shivhei-Harav_0002	Shivhei-Harav	social	conflict	social:conflict	none	no	no
Shivhei-Harav_0002	Shivhei-Harav	social	relations_with_non_hasidim	social:relations_with_non_hasidim	none	no	no
Shivhei-Harav_0002	Shivhei-Harav	social	relations_with_the_authorities	social:relations_with_the_authorities	none	no	no
Shivhei-Harav_0003	Shivhei-Harav	ethics-and-emotions	fear	ethics-and-emotions:fear	none	no	no
Shivhei-Harav_0003	Shivhei-Harav	ethics-and-emotions	prohibitions	ethics-and-emotions:prohibitions	none	no	no
Shivhei-Harav_0003	Shivhei-Harav	practice	recitation_of_psalms	practice:recitation_of_psalms	none	no	no
Shivhei-Harav_0003	Shivhei-Harav	practice	tefillin	practice:tefillin	none	no	no
Shivhei-Harav_0003	Shivhei-Harav	social	relations_with_the_authorities	social:relations_with_the_authorities	none	no	no
Shivhei-Harav_0003	Shivhei-Harav	supernatural	magic	supernatural:magic	none	no	no
Shivhei-Harav_0003	Shivhei-Harav	supernatural	miracle	supernatural:miracle	none	no	no
Shivhei-Harav_0003	Shivhei-Harav	supernatural	perception	supernatural:perception	none	no	no
Shivhei-Harav_0004	Shivhei-Harav	ethics-and-emotions	fear	ethics-and-emotions:fear	none	no	no
Shivhei-Harav_0004	Shivhei-Harav	knowledge	esoteric	knowledge:esoteric	none	no	no
Shivhei-Harav_0004	Shivhei-Harav	social	relations_with_the_authorities	social:relations_with_the_authorities	none	no	no
Shivhei-Harav_0004	Shivhei-Harav	supernatural	perception	supernatural:perception	none	no	no
Shivhei-Harav_0004	Shivhei-Harav	supernatural	prognostication	supernatural:prognostication	none	no	no
Shivhei-Harav_0005	Shivhei-Harav	ethics-and-emotions	fear	ethics-and-emotions:fear	none	no	no
Shivhei-Harav_0005	Shivhei-Harav	social	relations_with_the_authorities	social:relations_with_the_authorities	none	no	no
Shivhei-Harav_0006	Shivhei-Harav	experience	revelation	experience:revelation	none	no	no
Shivhei-Harav_0006	Shivhei-Harav	experience	trembling	experience:trembling	none	no	no
Shivhei-Harav_0006	Shivhei-Harav	knowledge	esoteric	knowledge:esoteric	none	no	no
Shivhei-Harav_0006	Shivhei-Harav	practice	sermon	practice:sermon	none	no	no
Shivhei-Harav_0006	Shivhei-Harav	social	inter_hasidic_master_disciple_relationship	social:inter_hasidic_master_disciple_relationship	none	no	no
Shivhei-Harav_0006	Shivhei-Harav	supernatural	communicating_with_the_invisible	supernatural:communicating_with_the_invisible	none	no	no
Shivhei-Harav_0006	Shivhei-Harav	supernatural	perception	supernatural:perception	none	no	no
Shivhei-Harav_0006	Shivhei-Harav	times	holidays	times:holidays	none	no	no
Shivhei-Harav_0007	Shivhei-Harav	social	conflict	social:conflict	none	no	no
Shivhei-Harav_0007	Shivhei-Harav	social	relations_with_non_jews	social:relations_with_non_jews	none	no	no
Shivhei-Harav_0007	Shivhei-Harav	social	relations_with_the_authorities	social:relations_with_the_authorities	none	no	no
Shivhei-Harav_0008	Shivhei-Harav	social	relations_with_non_jews	social:relations_with_non_jews	none	no	no
Shivhei-Harav_0008	Shivhei-Harav	social	relations_with_the_authorities	social:relations_with_the_authorities	none	no	no
Shivhei-Harav_0008	Shivhei-Harav	supernatural	perception	supernatural:perception	none	no	no
Shivhei-Harav_0008	Shivhei-Harav	supernatural	prognostication	supernatural:prognostication	none	no	no
Shivhei-Harav_0009	Shivhei-Harav	practice	recitation_of_psalms	practice:recitation_of_psalms	minor	yes	yes
Shivhei-Harav_0009	Shivhei-Harav	practice	tefillin	practice:tefillin	minor	yes	yes
Shivhei-Harav_0009	Shivhei-Harav	social	conflict	social:conflict	minor	yes	yes
Shivhei-Harav_0009	Shivhei-Harav	social	inter_hasidic	social:inter_hasidic	minor	yes	yes
Shivhei-Harav_0009	Shivhei-Harav	social	relations_with_non_hasidim	social:relations_with_non_hasidim	minor	yes	yes
Shivhei-Harav_0010	Shivhei-Harav	social	conflict	social:conflict	none	no	no
Shivhei-Harav_0010	Shivhei-Harav	social	relations_with_non_hasidim	social:relations_with_non_hasidim	none	no	no
Shivhei-Harav_0011	Shivhei-Harav	characters-and-roles	the_family_of_the_tsaddik	characters-and-roles:the_family_of_the_tsaddik	mention_only	yes	no
Shivhei-Harav_0011	Shivhei-Harav	ethics-and-emotions	adultery	ethics-and-emotions:adultery	mention_only	yes	no
Shivhei-Harav_0011	Shivhei-Harav	ethics-and-emotions	anger	ethics-and-emotions:anger	mention_only	yes	no
Shivhei-Harav_0011	Shivhei-Harav	ethics-and-emotions	fear	ethics-and-emotions:fear	mention_only	yes	no
Shivhei-Harav_0011	Shivhei-Harav	ethics-and-emotions	lust	ethics-and-emotions:lust	mention_only	yes	no
Shivhei-Harav_0011	Shivhei-Harav	ethics-and-emotions	lying	ethics-and-emotions:lying	mention_only	yes	no
Shivhei-Harav_0011	Shivhei-Harav	ethics-and-emotions	prohibitions	ethics-and-emotions:prohibitions	mention_only	yes	no
Shivhei-Harav_0011	Shivhei-Harav	ethics-and-emotions	punishment	ethics-and-emotions:punishment	mention_only	yes	no
Shivhei-Harav_0011	Shivhei-Harav	ethics-and-emotions	shame	ethics-and-emotions:shame	mention_only	yes	no
Shivhei-Harav_0011	Shivhei-Harav	experience	revelation	experience:revelation	mention_only	yes	no
Shivhei-Harav_0011	Shivhei-Harav	folkloristics	story_type_protection	folkloristics:story_type_protection	mention_only	yes	no
Shivhei-Harav_0011	Shivhei-Harav	practice	recitation_of_psalms	practice:recitation_of_psalms	mention_only	yes	no
Shivhei-Harav_0011	Shivhei-Harav	practice	study	practice:study	mention_only	yes	no
Shivhei-Harav_0011	Shivhei-Harav	social	conflict	social:conflict	mention_only	yes	no
Shivhei-Harav_0011	Shivhei-Harav	social	inter_hasidic	social:inter_hasidic	mention_only	yes	no
Shivhei-Harav_0011	Shivhei-Harav	social	inter_hasidic_master_disciple_relationship	social:inter_hasidic_master_disciple_relationship	mention_only	yes	no
Shivhei-Harav_0011	Shivhei-Harav	social	relations_with_non_hasidim	social:relations_with_non_hasidim	mention_only	yes	no
Shivhei-Harav_0011	Shivhei-Harav	social	relations_with_non_jews	social:relations_with_non_jews	mention_only	yes	no
Shivhei-Harav_0011	Shivhei-Harav	social	relations_with_the_authorities	social:relations_with_the_authorities	mention_only	yes	no
Shivhei-Harav_0011	Shivhei-Harav	social	retrospective_recognition	social:retrospective_recognition	mention_only	yes	no
Shivhei-Harav_0011	Shivhei-Harav	supernatural	miracle	supernatural:miracle	mention_only	yes	no
Shivhei-Harav_0011	Shivhei-Harav	supernatural	perception	supernatural:perception	mention_only	yes	no
Shivhei-Harav_0011	Shivhei-Harav	supernatural	prognostication	supernatural:prognostication	mention_only	yes	no
Shivhei-Harav_0011	Shivhei-Harav	times	death	times:death	mention_only	yes	no
Shivhei-Harav_0011	Shivhei-Harav	times	historical_event	times:historical_event	mention_only	yes	no
Shivhei-Harav_0011	Shivhei-Harav	times	holidays	times:holidays	mention_only	yes	no
Shivhei-Harav_0012	Shivhei-Harav	ethics-and-emotions	lying	ethics-and-emotions:lying	major	yes	yes
Shivhei-Harav_0012	Shivhei-Harav	practice	study	practice:study	major	yes	yes
Shivhei-Harav_0012	Shivhei-Harav	practice	tvilah	practice:tvilah	major	yes	yes
Shivhei-Harav_0012	Shivhei-Harav	social	conflict	social:conflict	major	yes	yes
Shivhei-Harav_0012	Shivhei-Harav	social	inter_hasidic_inheritance_of_leadership	social:inter_hasidic_inheritance_of_leadership	major	yes	yes
Shivhei-Harav_0012	Shivhei-Harav	social	marriage	social:marriage	major	yes	yes
Shivhei-Harav_0012	Shivhei-Harav	social	retrospective_recognition	social:retrospective_recognition	major	yes	yes
Shivhei-Harav_0012	Shivhei-Harav	supernatural	perception	supernatural:perception	major	yes	yes
Shivhei-Harav_0012	Shivhei-Harav	times	death	times:death	major	yes	yes
Shivhei-Harav_0013	Shivhei-Harav	ethics-and-emotions	lust	ethics-and-emotions:lust	minor	yes	yes
Shivhei-Harav_0013	Shivhei-Harav	ethics-and-emotions	lying	ethics-and-emotions:lying	minor	yes	yes
Shivhei-Harav_0013	Shivhei-Harav	knowledge	esoteric	knowledge:esoteric	minor	yes	yes
Shivhei-Harav_0013	Shivhei-Harav	practice	study	practice:study	minor	yes	yes
Shivhei-Harav_0013	Shivhei-Harav	social	inter_hasidic	social:inter_hasidic	minor	yes	yes
Shivhei-Harav_0013	Shivhei-Harav	social	inter_hasidic_master_disciple_relationship	social:inter_hasidic_master_disciple_relationship	minor	yes	yes
Shivhei-Harav_0013	Shivhei-Harav	social	retrospective_recognition	social:retrospective_recognition	minor	yes	yes
Shivhei-Harav_0013	Shivhei-Harav	supernatural	perception	supernatural:perception	minor	yes	yes
Shivhei-Harav_0014	Shivhei-Harav	characters-and-roles	preacher	characters-and-roles:preacher	none	no	no
Shivhei-Harav_0014	Shivhei-Harav	ethics-and-emotions	awe	ethics-and-emotions:awe	none	no	no
Shivhei-Harav_0014	Shivhei-Harav	ethics-and-emotions	humility	ethics-and-emotions:humility	none	no	no
Shivhei-Harav_0014	Shivhei-Harav	experience	enthusiasm	experience:enthusiasm	none	no	no
Shivhei-Harav_0014	Shivhei-Harav	folkloristics	story_type_rapprochement	folkloristics:story_type_rapprochement	none	no	no
Shivhei-Harav_0014	Shivhei-Harav	folkloristics	story_type_virtues	folkloristics:story_type_virtues	none	no	no
Shivhei-Harav_0014	Shivhei-Harav	kabbalah		kabbalah	none	no	no
Shivhei-Harav_0014	Shivhei-Harav	knowledge	esoteric	knowledge:esoteric	none	no	no
Shivhei-Harav_0014	Shivhei-Harav	practice	clothing	practice:clothing	none	no	no
Shivhei-Harav_0014	Shivhei-Harav	practice	prayer	practice:prayer	none	no	no
Shivhei-Harav_0014	Shivhei-Harav	practice	recitation_of_psalms	practice:recitation_of_psalms	none	no	no
Shivhei-Harav_0014	Shivhei-Harav	practice	study	practice:study	none	no	no
Shivhei-Harav_0014	Shivhei-Harav	practice	tefillin	practice:tefillin	none	no	no
Shivhei-Harav_0014	Shivhei-Harav	practice	tvilah	practice:tvilah	none	no	no
Shivhei-Harav_0014	Shivhei-Harav	social	conflict	social:conflict	none	no	no
Shivhei-Harav_0014	Shivhei-Harav	social	inter_hasidic	social:inter_hasidic	none	no	no
Shivhei-Harav_0014	Shivhei-Harav	social	inter_hasidic_master_disciple_relationship	social:inter_hasidic_master_disciple_relationship	none	no	no
Shivhei-Harav_0014	Shivhei-Harav	social	relations_with_non_hasidim	social:relations_with_non_hasidim	none	no	no
Shivhei-Harav_0014	Shivhei-Harav	social	retrospective_recognition	social:retrospective_recognition	none	no	no
Shivhei-Harav_0014	Shivhei-Harav	times	death	times:death	none	no	no
Shivhei-Harav_0015	Shivhei-Harav	practice	storytelling	practice:storytelling	none	no	no
Shivhei-Harav_0015	Shivhei-Harav	social	conflict	social:conflict	none	no	no
Shivhei-Harav_0015	Shivhei-Harav	social	inter_hasidic	social:inter_hasidic	none	no	no
Shivhei-Harav_0015	Shivhei-Harav	social	inter_hasidic_inheritance_of_leadership	social:inter_hasidic_inheritance_of_leadership	none	no	no
Shivhei-Harav_0015	Shivhei-Harav	social	inter_hasidic_master_disciple_relationship	social:inter_hasidic_master_disciple_relationship	none	no	no
Shivhei-Harav_0015	Shivhei-Harav	social	relations_with_non_hasidim	social:relations_with_non_hasidim	none	no	no
Shivhei-Harav_0015	Shivhei-Harav	supernatural	perception	supernatural:perception	none	no	no
Shivhei-Harav_0015	Shivhei-Harav	times	death	times:death	none	no	no
Shivhei-Harav_0015	Shivhei-Harav	times	shabbat	times:shabbat	none	no	no
Shivhei-Harav_0016	Shivhei-Harav	practice	clothing	practice:clothing	catalyst	yes	yes
Shivhei-Harav_0016	Shivhei-Harav	practice	protection	practice:protection	catalyst	yes	yes
Shivhei-Harav_0016	Shivhei-Harav	practice	sermon	practice:sermon	catalyst	yes	yes
Shivhei-Harav_0016	Shivhei-Harav	practice	storytelling	practice:storytelling	catalyst	yes	yes
Shivhei-Harav_0016	Shivhei-Harav	social	converts_and_conversion	social:converts_and_conversion	catalyst	yes	yes
Shivhei-Harav_0016	Shivhei-Harav	social	inter_hasidic_master_disciple_relationship	social:inter_hasidic_master_disciple_relationship	catalyst	yes	yes
Shivhei-Harav_0016	Shivhei-Harav	supernatural	magic	supernatural:magic	catalyst	yes	yes
Shivhei-Harav_0016	Shivhei-Harav	supernatural	perception	supernatural:perception	catalyst	yes	yes
Shivhei-Harav_0017	Shivhei-Harav	characters-and-roles	the_family_of_the_tsaddik	characters-and-roles:the_family_of_the_tsaddik	catalyst	yes	yes
Shivhei-Harav_0017	Shivhei-Harav	ethics-and-emotions	charity	ethics-and-emotions:charity	catalyst	yes	yes
Shivhei-Harav_0017	Shivhei-Harav	ethics-and-emotions	fear	ethics-and-emotions:fear	catalyst	yes	yes
Shivhei-Harav_0017	Shivhei-Harav	ethics-and-emotions	punishment	ethics-and-emotions:punishment	catalyst	yes	yes
Shivhei-Harav_0017	Shivhei-Harav	ethics-and-emotions	sadness	ethics-and-emotions:sadness	catalyst	yes	yes
Shivhei-Harav_0017	Shivhei-Harav	practice	business_advice	practice:business_advice	catalyst	yes	yes
Shivhei-Harav_0017	Shivhei-Harav	practice	healing	practice:healing	catalyst	yes	yes
Shivhei-Harav_0017	Shivhei-Harav	practice	pilgrimage_to_the_graves_of_tsaddikim	practice:pilgrimage_to_the_graves_of_tsaddikim	catalyst	yes	yes
Shivhei-Harav_0017	Shivhei-Harav	practice	reception_of_hasidim	practice:reception_of_hasidim	catalyst	yes	yes
Shivhei-Harav_0017	Shivhei-Harav	practice	tefillin	practice:tefillin	catalyst	yes	yes
Shivhei-Harav_0017	Shivhei-Harav	practice	tvilah	practice:tvilah	catalyst	yes	yes
Shivhei-Harav_0017	Shivhei-Harav	social	disobedience	social:disobedience	catalyst	yes	yes
Shivhei-Harav_0017	Shivhei-Harav	social	inter_hasidic	social:inter_hasidic	catalyst	yes	yes
Shivhei-Harav_0017	Shivhei-Harav	social	inter_hasidic_conflict_between_tsaddikim	social:inter_hasidic_conflict_between_tsaddikim	catalyst	yes	yes
Shivhei-Harav_0017	Shivhei-Harav	social	inter_hasidic_master_disciple_relationship	social:inter_hasidic_master_disciple_relationship	catalyst	yes	yes
Shivhei-Harav_0017	Shivhei-Harav	social	relations_with_non_hasidim	social:relations_with_non_hasidim	catalyst	yes	yes
Shivhei-Harav_0017	Shivhei-Harav	spaces	the_land_of_israel	spaces:the_land_of_israel	catalyst	yes	yes
Shivhei-Harav_0017	Shivhei-Harav	supernatural	perception	supernatural:perception	catalyst	yes	yes
Shivhei-Harav_0018	Shivhei-Harav	characters-and-roles	the_family_of_the_tsaddik	characters-and-roles:the_family_of_the_tsaddik	none	no	no
Shivhei-Harav_0018	Shivhei-Harav	ethics-and-emotions	joy	ethics-and-emotions:joy	none	no	no
Shivhei-Harav_0018	Shivhei-Harav	ethics-and-emotions	sadness	ethics-and-emotions:sadness	none	no	no
Shivhei-Harav_0018	Shivhei-Harav	experience	devekut	experience:devekut	none	no	no
Shivhei-Harav_0018	Shivhei-Harav	practice	devekut	practice:devekut	none	no	no
Shivhei-Harav_0018	Shivhei-Harav	practice	prayer	practice:prayer	none	no	no
Shivhei-Harav_0018	Shivhei-Harav	practice	study	practice:study	none	no	no
Shivhei-Harav_0018	Shivhei-Harav	practice	tefillin	practice:tefillin	none	no	no
Shivhei-Harav_0018	Shivhei-Harav	social	inter_hasidic	social:inter_hasidic	none	no	no
Shivhei-Harav_0018	Shivhei-Harav	social	inter_hasidic_master_disciple_relationship	social:inter_hasidic_master_disciple_relationship	none	no	no
Shivhei-Harav_0018	Shivhei-Harav	social	relations_with_non_jews	social:relations_with_non_jews	none	no	no
Shivhei-Harav_0018	Shivhei-Harav	social	relations_with_the_authorities	social:relations_with_the_authorities	none	no	no
Shivhei-Harav_0018	Shivhei-Harav	supernatural	light_or_fire_as_a_sign_of_righteousness	supernatural:light_or_fire_as_a_sign_of_righteousness	none	no	no
Shivhei-Harav_0018	Shivhei-Harav	supernatural	magic	supernatural:magic	none	no	no
Shivhei-Harav_0018	Shivhei-Harav	supernatural	prognostication	supernatural:prognostication	none	no	no
Shivhei-Harav_0018	Shivhei-Harav	times	death	times:death	none	no	no
Shivhei-Harav_0018	Shivhei-Harav	times	historical_event	times:historical_event	none	no	no
Shivhei-Harav_0018	Shivhei-Harav	times	holidays	times:holidays	none	no	no
Shivhei-Harav_0018	Shivhei-Harav	times	shabbat	times:shabbat	none	no	no
Shivhei-Harav_0019	Shivhei-Harav	characters-and-roles	demons	characters-and-roles:demons	mention_only	yes	no
Shivhei-Harav_0019	Shivhei-Harav	characters-and-roles	the_family_of_the_tsaddik	characters-and-roles:the_family_of_the_tsaddik	mention_only	yes	no
Shivhei-Harav_0019	Shivhei-Harav	ethics-and-emotions	fear	ethics-and-emotions:fear	mention_only	yes	no
Shivhei-Harav_0019	Shivhei-Harav	ethics-and-emotions	sadness	ethics-and-emotions:sadness	mention_only	yes	no
Shivhei-Harav_0019	Shivhei-Harav	experience	dream	experience:dream	mention_only	yes	no
Shivhei-Harav_0019	Shivhei-Harav	experience	enthusiasm	experience:enthusiasm	mention_only	yes	no
Shivhei-Harav_0019	Shivhei-Harav	kabbalah		kabbalah	mention_only	yes	no
Shivhei-Harav_0019	Shivhei-Harav	practice	dance	practice:dance	mention_only	yes	no
Shivhei-Harav_0019	Shivhei-Harav	practice	healing	practice:healing	mention_only	yes	no
Shivhei-Harav_0019	Shivhei-Harav	practice	pilgrimage_to_the_graves_of_tsaddikim	practice:pilgrimage_to_the_graves_of_tsaddikim	mention_only	yes	no
Shivhei-Harav_0019	Shivhei-Harav	practice	prayer	practice:prayer	mention_only	yes	no
Shivhei-Harav_0019	Shivhei-Harav	practice	reception_of_hasidim	practice:reception_of_hasidim	mention_only	yes	no
Shivhei-Harav_0019	Shivhei-Harav	practice	sermon	practice:sermon	mention_only	yes	no
Shivhei-Harav_0019	Shivhei-Harav	practice	smoking	practice:smoking	mention_only	yes	no
Shivhei-Harav_0019	Shivhei-Harav	practice	storytelling	practice:storytelling	mention_only	yes	no
Shivhei-Harav_0019	Shivhei-Harav	practice	study	practice:study	mention_only	yes	no
Shivhei-Harav_0019	Shivhei-Harav	practice	tefillin	practice:tefillin	mention_only	yes	no
Shivhei-Harav_0019	Shivhei-Harav	practice	travel_to_the_tsaddik	practice:travel_to_the_tsaddik	mention_only	yes	no
Shivhei-Harav_0019	Shivhei-Harav	social	inter_hasidic_inheritance_of_leadership	social:inter_hasidic_inheritance_of_leadership	mention_only	yes	no
Shivhei-Harav_0019	Shivhei-Harav	social	inter_hasidic_master_disciple_relationship	social:inter_hasidic_master_disciple_relationship	mention_only	yes	no
Shivhei-Harav_0019	Shivhei-Harav	social	marriage	social:marriage	mention_only	yes	no
Shivhei-Harav_0019	Shivhei-Harav	social	relations_with_non_hasidim	social:relations_with_non_hasidim	mention_only	yes	no
Shivhei-Harav_0019	Shivhei-Harav	supernatural	light_or_fire_as_a_sign_of_righteousness	supernatural:light_or_fire_as_a_sign_of_righteousness	mention_only	yes	no
Shivhei-Harav_0019	Shivhei-Harav	supernatural	perception	supernatural:perception	mention_only	yes	no
Shivhei-Harav_0019	Shivhei-Harav	times	death	times:death	mention_only	yes	no
Sipurei-Zadikim_0001	Sipurei-Zadikim	characters-and-roles	hidden_righteous	characters-and-roles:hidden_righteous	none	no	no
Sipurei-Zadikim_0001	Sipurei-Zadikim	characters-and-roles	preacher	characters-and-roles:preacher	none	no	no
Sipurei-Zadikim_0001	Sipurei-Zadikim	ethics-and-emotions	charity	ethics-and-emotions:charity	none	no	no
Sipurei-Zadikim_0001	Sipurei-Zadikim	ethics-and-emotions	prohibitions	ethics-and-emotions:prohibitions	none	no	no
Sipurei-Zadikim_0001	Sipurei-Zadikim	ethics-and-emotions	virtues	ethics-and-emotions:virtues	none	no	no
Sipurei-Zadikim_0001	Sipurei-Zadikim	folkloristics	story_type_virtues	folkloristics:story_type_virtues	none	no	no
Sipurei-Zadikim_0001	Sipurei-Zadikim	knowledge	esoteric	knowledge:esoteric	none	no	no
Sipurei-Zadikim_0001	Sipurei-Zadikim	practice	healing_of_the_soul	practice:healing_of_the_soul	none	no	no
Sipurei-Zadikim_0001	Sipurei-Zadikim	practice	recitation_of_psalms	practice:recitation_of_psalms	none	no	no
Sipurei-Zadikim_0001	Sipurei-Zadikim	practice	tvilah	practice:tvilah	none	no	no
Sipurei-Zadikim_0001	Sipurei-Zadikim	social	relations_with_non_jews	social:relations_with_non_jews	none	no	no
Sipurei-Zadikim_0001	Sipurei-Zadikim	social	relations_with_the_authorities	social:relations_with_the_authorities	none	no	no
Sipurei-Zadikim_0001	Sipurei-Zadikim	social	retrospective_recognition	social:retrospective_recognition	none	no	no
Sipurei-Zadikim_0001	Sipurei-Zadikim	supernatural	communicating_with_the_invisible	supernatural:communicating_with_the_invisible	none	no	no
Sipurei-Zadikim_0001	Sipurei-Zadikim	supernatural	contraction_of_the_road	supernatural:contraction_of_the_road	none	no	no
Sipurei-Zadikim_0001	Sipurei-Zadikim	supernatural	magic	supernatural:magic	none	no	no
Sipurei-Zadikim_0001	Sipurei-Zadikim	supernatural	perception	supernatural:perception	none	no	no
Sipurei-Zadikim_0001	Sipurei-Zadikim	times	death	times:death	none	no	no
Sipurei-Zadikim_0001	Sipurei-Zadikim	times	shabbat	times:shabbat	none	no	no
Sipurei-Zadikim_0002	Sipurei-Zadikim	ethics-and-emotions	fear	ethics-and-emotions:fear	mention_only	yes	no
Sipurei-Zadikim_0002	Sipurei-Zadikim	ethics-and-emotions	lying	ethics-and-emotions:lying	mention_only	yes	no
Sipurei-Zadikim_0002	Sipurei-Zadikim	ethics-and-emotions	punishment	ethics-and-emotions:punishment	mention_only	yes	no
Sipurei-Zadikim_0002	Sipurei-Zadikim	folkloristics	story_type_prognostication	folkloristics:story_type_prognostication	mention_only	yes	no
Sipurei-Zadikim_0002	Sipurei-Zadikim	folkloristics	story_type_protection	folkloristics:story_type_protection	mention_only	yes	no
Sipurei-Zadikim_0002	Sipurei-Zadikim	practice	protection	practice:protection	mention_only	yes	no
Sipurei-Zadikim_0002	Sipurei-Zadikim	social	disobedience	social:disobedience	mention_only	yes	no
Sipurei-Zadikim_0002	Sipurei-Zadikim	social	relations_with_non_jews	social:relations_with_non_jews	mention_only	yes	no
Sipurei-Zadikim_0002	Sipurei-Zadikim	social	relations_with_the_authorities	social:relations_with_the_authorities	mention_only	yes	no
Sipurei-Zadikim_0002	Sipurei-Zadikim	social	retrospective_recognition	social:retrospective_recognition	mention_only	yes	no
Sipurei-Zadikim_0002	Sipurei-Zadikim	supernatural	prognostication	supernatural:prognostication	mention_only	yes	no
Sipurei-Zadikim_0003	Sipurei-Zadikim	social	retrospective_recognition	social:retrospective_recognition	none	no	no
Sipurei-Zadikim_0003	Sipurei-Zadikim	supernatural	magic	supernatural:magic	none	no	no
Sipurei-Zadikim_0003	Sipurei-Zadikim	supernatural	perception	supernatural:perception	none	no	no
Sipurei-Zadikim_0004	Sipurei-Zadikim	ethics-and-emotions	lying	ethics-and-emotions:lying	major	yes	yes
Sipurei-Zadikim_0004	Sipurei-Zadikim	experience	dream	experience:dream	major	yes	yes
Sipurei-Zadikim_0004	Sipurei-Zadikim	experience	revelation	experience:revelation	major	yes	yes
Sipurei-Zadikim_0004	Sipurei-Zadikim	folkloristics	story_type_prognostication	folkloristics:story_type_prognostication	major	yes	yes
Sipurei-Zadikim_0004	Sipurei-Zadikim	folkloristics	story_type_virtues	folkloristics:story_type_virtues	major	yes	yes
Sipurei-Zadikim_0004	Sipurei-Zadikim	practice	releasing_agunot	practice:releasing_agunot	major	yes	yes
Sipurei-Zadikim_0004	Sipurei-Zadikim	practice	study	practice:study	major	yes	yes
Sipurei-Zadikim_0004	Sipurei-Zadikim	social	inter_hasidic_master_disciple_relationship	social:inter_hasidic_master_disciple_relationship	major	yes	yes
Sipurei-Zadikim_0004	Sipurei-Zadikim	social	marital_relationship	social:marital_relationship	major	yes	yes
Sipurei-Zadikim_0004	Sipurei-Zadikim	social	marriage	social:marriage	major	yes	yes
Sipurei-Zadikim_0004	Sipurei-Zadikim	social	relations_with_non_hasidim	social:relations_with_non_hasidim	major	yes	yes
Sipurei-Zadikim_0004	Sipurei-Zadikim	social	retrospective_recognition	social:retrospective_recognition	major	yes	yes
Sipurei-Zadikim_0004	Sipurei-Zadikim	supernatural	communicating_with_the_invisible	supernatural:communicating_with_the_invisible	major	yes	yes
Sipurei-Zadikim_0004	Sipurei-Zadikim	supernatural	perception	supernatural:perception	major	yes	yes
Sipurei-Zadikim_0004	Sipurei-Zadikim	supernatural	prognostication	supernatural:prognostication	major	yes	yes
Sipurei-Zadikim_0004	Sipurei-Zadikim	times	death	times:death	major	yes	yes
Sipurei-Zadikim_0005	Sipurei-Zadikim	characters-and-roles	hidden_righteous	characters-and-roles:hidden_righteous	none	no	no
Sipurei-Zadikim_0005	Sipurei-Zadikim	ethics-and-emotions	charity	ethics-and-emotions:charity	none	no	no
Sipurei-Zadikim_0005	Sipurei-Zadikim	ethics-and-emotions	punishment	ethics-and-emotions:punishment	none	no	no
Sipurei-Zadikim_0005	Sipurei-Zadikim	practice	solitude	practice:solitude	none	no	no
Sipurei-Zadikim_0005	Sipurei-Zadikim	practice	study	practice:study	none	no	no
Sipurei-Zadikim_0005	Sipurei-Zadikim	practice	travel_to_the_tsaddik	practice:travel_to_the_tsaddik	none	no	no
Sipurei-Zadikim_0005	Sipurei-Zadikim	social	inter_hasidic	social:inter_hasidic	none	no	no
Sipurei-Zadikim_0005	Sipurei-Zadikim	social	inter_hasidic_master_disciple_relationship	social:inter_hasidic_master_disciple_relationship	none	no	no
Sipurei-Zadikim_0005	Sipurei-Zadikim	social	marital_relationship	social:marital_relationship	none	no	no
Sipurei-Zadikim_0005	Sipurei-Zadikim	social	relations_with_non_hasidim	social:relations_with_non_hasidim	none	no	no
Sipurei-Zadikim_0005	Sipurei-Zadikim	supernatural	perception	supernatural:perception	none	no	no
Sipurei-Zadikim_0005	Sipurei-Zadikim	times	death	times:death	none	no	no
Sipurei-Zadikim_0006	Sipurei-Zadikim	characters-and-roles	the_family_of_the_tsaddik	characters-and-roles:the_family_of_the_tsaddik	none	no	no
Sipurei-Zadikim_0006	Sipurei-Zadikim	ethics-and-emotions	anger	ethics-and-emotions:anger	none	no	no
Sipurei-Zadikim_0006	Sipurei-Zadikim	ethics-and-emotions	pride	ethics-and-emotions:pride	none	no	no
Sipurei-Zadikim_0006	Sipurei-Zadikim	ethics-and-emotions	prohibitions	ethics-and-emotions:prohibitions	none	no	no
Sipurei-Zadikim_0006	Sipurei-Zadikim	ethics-and-emotions	punishment	ethics-and-emotions:punishment	none	no	no
Sipurei-Zadikim_0006	Sipurei-Zadikim	ethics-and-emotions	sadness	ethics-and-emotions:sadness	none	no	no
Sipurei-Zadikim_0006	Sipurei-Zadikim	ethics-and-emotions	shame	ethics-and-emotions:shame	none	no	no
Sipurei-Zadikim_0006	Sipurei-Zadikim	practice	prayer	practice:prayer	none	no	no
Sipurei-Zadikim_0006	Sipurei-Zadikim	social	conflict	social:conflict	none	no	no
Sipurei-Zadikim_0006	Sipurei-Zadikim	social	disobedience	social:disobedience	none	no	no
Sipurei-Zadikim_0006	Sipurei-Zadikim	social	inter_hasidic	social:inter_hasidic	none	no	no
Sipurei-Zadikim_0006	Sipurei-Zadikim	social	inter_hasidic_master_disciple_relationship	social:inter_hasidic_master_disciple_relationship	none	no	no
Sipurei-Zadikim_0006	Sipurei-Zadikim	spaces	institutions_hassidic_court	spaces:institutions_hassidic_court	none	no	no
Sipurei-Zadikim_0006	Sipurei-Zadikim	times	holidays	times:holidays	none	no	no
Sipurei-Zadikim_0007	Sipurei-Zadikim	characters-and-roles	hidden_righteous	characters-and-roles:hidden_righteous	mention_only	yes	no
Sipurei-Zadikim_0007	Sipurei-Zadikim	characters-and-roles	ritual_slaughterer	characters-and-roles:ritual_slaughterer	mention_only	yes	no
Sipurei-Zadikim_0007	Sipurei-Zadikim	ethics-and-emotions	anger	ethics-and-emotions:anger	mention_only	yes	no
Sipurei-Zadikim_0007	Sipurei-Zadikim	folkloristics	story_type_advent	folkloristics:story_type_advent	mention_only	yes	no
Sipurei-Zadikim_0007	Sipurei-Zadikim	practice	pidyon_nefesh	practice:pidyon_nefesh	mention_only	yes	no
Sipurei-Zadikim_0007	Sipurei-Zadikim	practice	releasing_agunot	practice:releasing_agunot	mention_only	yes	no
Sipurei-Zadikim_0007	Sipurei-Zadikim	practice	study	practice:study	mention_only	yes	no
Sipurei-Zadikim_0007	Sipurei-Zadikim	practice	travel_to_the_tsaddik	practice:travel_to_the_tsaddik	mention_only	yes	no
Sipurei-Zadikim_0007	Sipurei-Zadikim	social	conflict	social:conflict	mention_only	yes	no
Sipurei-Zadikim_0007	Sipurei-Zadikim	social	inter_hasidic	social:inter_hasidic	mention_only	yes	no
Sipurei-Zadikim_0007	Sipurei-Zadikim	social	inter_hasidic_master_disciple_relationship	social:inter_hasidic_master_disciple_relationship	mention_only	yes	no
Sipurei-Zadikim_0007	Sipurei-Zadikim	social	relations_with_non_hasidim	social:relations_with_non_hasidim	mention_only	yes	no
Sipurei-Zadikim_0007	Sipurei-Zadikim	supernatural	magic	supernatural:magic	mention_only	yes	no
Sipurei-Zadikim_0007	Sipurei-Zadikim	supernatural	perception	supernatural:perception	mention_only	yes	no
Sipurei-Zadikim_0007	Sipurei-Zadikim	times	birth	times:birth	mention_only	yes	no
Sipurei-Zadikim_0008	Sipurei-Zadikim	ethics-and-emotions	awe	ethics-and-emotions:awe	none	no	no
Sipurei-Zadikim_0008	Sipurei-Zadikim	ethics-and-emotions	charity	ethics-and-emotions:charity	none	no	no
Sipurei-Zadikim_0008	Sipurei-Zadikim	ethics-and-emotions	humility	ethics-and-emotions:humility	none	no	no
Sipurei-Zadikim_0008	Sipurei-Zadikim	ethics-and-emotions	virtues	ethics-and-emotions:virtues	none	no	no
Sipurei-Zadikim_0008	Sipurei-Zadikim	experience	enthusiasm	experience:enthusiasm	none	no	no
Sipurei-Zadikim_0008	Sipurei-Zadikim	folkloristics	story_type_virtues	folkloristics:story_type_virtues	none	no	no
Sipurei-Zadikim_0008	Sipurei-Zadikim	kabbalah	kabbalistic_terms_yihudim	kabbalah:kabbalistic_terms_yihudim	none	no	no
Sipurei-Zadikim_0008	Sipurei-Zadikim	practice	dance	practice:dance	none	no	no
Sipurei-Zadikim_0008	Sipurei-Zadikim	practice	meditation	practice:meditation	none	no	no
Sipurei-Zadikim_0008	Sipurei-Zadikim	practice	prayer	practice:prayer	none	no	no
Sipurei-Zadikim_0008	Sipurei-Zadikim	supernatural	perception	supernatural:perception	none	no	no
Sipurei-Zadikim_0008	Sipurei-Zadikim	times	holidays	times:holidays	none	no	no
Sipurei-Zadikim_0009	Sipurei-Zadikim	ethics-and-emotions	awe	ethics-and-emotions:awe	none	no	no
Sipurei-Zadikim_0009	Sipurei-Zadikim	experience	devekut	experience:devekut	none	no	no
Sipurei-Zadikim_0009	Sipurei-Zadikim	folkloristics	story_type_virtues	folkloristics:story_type_virtues	none	no	no
Sipurei-Zadikim_0009	Sipurei-Zadikim	practice	dance	practice:dance	none	no	no
Sipurei-Zadikim_0009	Sipurei-Zadikim	practice	devekut	practice:devekut	none	no	no
Sipurei-Zadikim_0009	Sipurei-Zadikim	practice	travel_to_the_tsaddik	practice:travel_to_the_tsaddik	none	no	no
Sipurei-Zadikim_0009	Sipurei-Zadikim	social	inter_hasidic	social:inter_hasidic	none	no	no
Sipurei-Zadikim_0009	Sipurei-Zadikim	social	retrospective_recognition	social:retrospective_recognition	none	no	no
Sipurei-Zadikim_0009	Sipurei-Zadikim	supernatural	perception	supernatural:perception	none	no	no
Sipurei-Zadikim_0010	Sipurei-Zadikim	characters-and-roles	agunah	characters-and-roles:agunah	catalyst	yes	yes
Sipurei-Zadikim_0010	Sipurei-Zadikim	ethics-and-emotions	anger	ethics-and-emotions:anger	catalyst	yes	yes
Sipurei-Zadikim_0010	Sipurei-Zadikim	ethics-and-emotions	punishment	ethics-and-emotions:punishment	catalyst	yes	yes
Sipurei-Zadikim_0010	Sipurei-Zadikim	ethics-and-emotions	sadness	ethics-and-emotions:sadness	catalyst	yes	yes
Sipurei-Zadikim_0010	Sipurei-Zadikim	folkloristics	story_type_prognostication	folkloristics:story_type_prognostication	catalyst	yes	yes
Sipurei-Zadikim_0010	Sipurei-Zadikim	practice	releasing_agunot	practice:releasing_agunot	catalyst	yes	yes
Sipurei-Zadikim_0010	Sipurei-Zadikim	social	disobedience	social:disobedience	catalyst	yes	yes
Sipurei-Zadikim_0010	Sipurei-Zadikim	social	retrospective_recognition	social:retrospective_recognition	catalyst	yes	yes
Sipurei-Zadikim_0010	Sipurei-Zadikim	supernatural	miracle	supernatural:miracle	catalyst	yes	yes
Sipurei-Zadikim_0010	Sipurei-Zadikim	supernatural	perception	supernatural:perception	catalyst	yes	yes
Sipurei-Zadikim_0010	Sipurei-Zadikim	supernatural	prognostication	supernatural:prognostication	catalyst	yes	yes
Sipurei-Zadikim_0011	Sipurei-Zadikim	characters-and-roles	hidden_righteous	characters-and-roles:hidden_righteous	minor	yes	yes
Sipurei-Zadikim_0011	Sipurei-Zadikim	characters-and-roles	preacher	characters-and-roles:preacher	minor	yes	yes
Sipurei-Zadikim_0011	Sipurei-Zadikim	characters-and-roles	the_family_of_the_tsaddik	characters-and-roles:the_family_of_the_tsaddik	minor	yes	yes
Sipurei-Zadikim_0011	Sipurei-Zadikim	ethics-and-emotions	anger	ethics-and-emotions:anger	minor	yes	yes
Sipurei-Zadikim_0011	Sipurei-Zadikim	ethics-and-emotions	fear	ethics-and-emotions:fear	minor	yes	yes
Sipurei-Zadikim_0011	Sipurei-Zadikim	ethics-and-emotions	joy	ethics-and-emotions:joy	minor	yes	yes
Sipurei-Zadikim_0011	Sipurei-Zadikim	experience	enthusiasm	experience:enthusiasm	minor	yes	yes
Sipurei-Zadikim_0011	Sipurei-Zadikim	experience	revelation	experience:revelation	minor	yes	yes
Sipurei-Zadikim_0011	Sipurei-Zadikim	experience	visions	experience:visions	minor	yes	yes
Sipurei-Zadikim_0011	Sipurei-Zadikim	folkloristics	story_type_advent	folkloristics:story_type_advent	minor	yes	yes
Sipurei-Zadikim_0011	Sipurei-Zadikim	folkloristics	story_type_rapprochement	folkloristics:story_type_rapprochement	minor	yes	yes
Sipurei-Zadikim_0011	Sipurei-Zadikim	folkloristics	story_type_virtues	folkloristics:story_type_virtues	minor	yes	yes
Sipurei-Zadikim_0011	Sipurei-Zadikim	practice	prayer	practice:prayer	minor	yes	yes
Sipurei-Zadikim_0011	Sipurei-Zadikim	practice	recitation_of_psalms	practice:recitation_of_psalms	minor	yes	yes
Sipurei-Zadikim_0011	Sipurei-Zadikim	practice	study	practice:study	minor	yes	yes
Sipurei-Zadikim_0011	Sipurei-Zadikim	practice	tvilah	practice:tvilah	minor	yes	yes
Sipurei-Zadikim_0011	Sipurei-Zadikim	social	conflict	social:conflict	minor	yes	yes
Sipurei-Zadikim_0011	Sipurei-Zadikim	social	inter_hasidic	social:inter_hasidic	minor	yes	yes
Sipurei-Zadikim_0011	Sipurei-Zadikim	social	inter_hasidic_master_disciple_relationship	social:inter_hasidic_master_disciple_relationship	minor	yes	yes
Sipurei-Zadikim_0011	Sipurei-Zadikim	social	relations_with_non_hasidim	social:relations_with_non_hasidim	minor	yes	yes
Sipurei-Zadikim_0011	Sipurei-Zadikim	social	retrospective_recognition	social:retrospective_recognition	minor	yes	yes
Sipurei-Zadikim_0011	Sipurei-Zadikim	supernatural	communicating_with_the_invisible	supernatural:communicating_with_the_invisible	minor	yes	yes
Sipurei-Zadikim_0011	Sipurei-Zadikim	supernatural	magic	supernatural:magic	minor	yes	yes
Sipurei-Zadikim_0011	Sipurei-Zadikim	supernatural	perception	supernatural:perception	minor	yes	yes
Sipurei-Zadikim_0011	Sipurei-Zadikim	times	birth	times:birth	minor	yes	yes
Sipurei-Zadikim_0011	Sipurei-Zadikim	times	inauguration	times:inauguration	minor	yes	yes
Sipurei-Zadikim_0012	Sipurei-Zadikim	characters-and-roles	the_family_of_the_tsaddik	characters-and-roles:the_family_of_the_tsaddik	none	no	no
Sipurei-Zadikim_0012	Sipurei-Zadikim	ethics-and-emotions	repentance	ethics-and-emotions:repentance	none	no	no
Sipurei-Zadikim_0012	Sipurei-Zadikim	folkloristics	story_type_death_of_the_tsaddik	folkloristics:story_type_death_of_the_tsaddik	none	no	no
Sipurei-Zadikim_0012	Sipurei-Zadikim	practice	pilgrimage_to_the_graves_of_tsaddikim	practice:pilgrimage_to_the_graves_of_tsaddikim	none	no	no
Sipurei-Zadikim_0012	Sipurei-Zadikim	practice	recitation_of_psalms	practice:recitation_of_psalms	none	no	no
Sipurei-Zadikim_0012	Sipurei-Zadikim	times	death	times:death	none	no	no
Sipurei-Zadikim_0013	Sipurei-Zadikim	characters-and-roles	hidden_righteous	characters-and-roles:hidden_righteous	none	no	no
Sipurei-Zadikim_0013	Sipurei-Zadikim	ethics-and-emotions	awe	ethics-and-emotions:awe	none	no	no
Sipurei-Zadikim_0013	Sipurei-Zadikim	ethics-and-emotions	fear	ethics-and-emotions:fear	none	no	no
Sipurei-Zadikim_0013	Sipurei-Zadikim	experience	revelation	experience:revelation	none	no	no
Sipurei-Zadikim_0013	Sipurei-Zadikim	folkloristics	story_type_prognostication	folkloristics:story_type_prognostication	none	no	no
Sipurei-Zadikim_0013	Sipurei-Zadikim	folkloristics	story_type_virtues	folkloristics:story_type_virtues	none	no	no
Sipurei-Zadikim_0013	Sipurei-Zadikim	social	inter_hasidic_inheritance_of_leadership	social:inter_hasidic_inheritance_of_leadership	none	no	no
Sipurei-Zadikim_0013	Sipurei-Zadikim	social	retrospective_recognition	social:retrospective_recognition	none	no	no
Sipurei-Zadikim_0013	Sipurei-Zadikim	supernatural	communicating_with_the_invisible	supernatural:communicating_with_the_invisible	none	no	no
Sipurei-Zadikim_0013	Sipurei-Zadikim	supernatural	perception	supernatural:perception	none	no	no
Sipurei-Zadikim_0013	Sipurei-Zadikim	supernatural	prognostication	supernatural:prognostication	none	no	no
Sipurei-Zadikim_0013	Sipurei-Zadikim	times	death	times:death	none	no	no
Sipurei-Zadikim_0013	Sipurei-Zadikim	times	inauguration	times:inauguration	none	no	no
Sipurei-Zadikim_0013	Sipurei-Zadikim	times	shabbat	times:shabbat	none	no	no
